# Blender 4.3.2
# www.blender.org
mtllib Ikan Betutu - 2.mtl
o Betutu
v 0.210816 0.341570 4.374635
v 0.201633 0.023765 4.508309
v 0.071432 0.352470 -2.558709
v 0.064856 -0.529469 -2.508910
v 0.089287 0.264772 -2.076617
v 0.107270 0.237099 -1.725519
v 0.146032 0.266538 -1.370605
v 0.244939 0.378677 -0.853406
v 0.328380 0.460691 -0.472685
v 0.401799 0.515281 -0.197851
v 0.610857 0.606773 0.564925
v 0.661379 0.610814 0.798889
v 0.703178 0.606084 1.055129
v 0.749569 0.583453 1.645745
v 0.748791 0.564928 2.011892
v 0.716322 0.525349 2.502462
v 0.651544 0.479905 2.883127
v 0.549795 0.416419 3.316240
v 0.348004 0.387622 3.826652
v 0.307956 0.349711 4.174026
v 0.319339 -0.261417 4.177234
v 0.364066 -0.450374 3.704633
v 0.409651 -0.512950 3.325369
v 0.459199 -0.572937 2.897763
v 0.490176 -0.636915 2.518637
v 0.506684 -0.718598 1.995905
v 0.498489 -0.761144 1.641071
v 0.483729 -0.772054 1.126472
v 0.462472 -0.761125 0.830937
v 0.434325 -0.744069 0.587989
v 0.306872 -0.661596 -0.181428
v 0.248987 -0.627072 -0.491892
v 0.182490 -0.580901 -0.889891
v 0.130761 -0.557334 -1.390453
v 0.104642 -0.560363 -1.734932
v 0.084900 -0.542075 -2.070779
v 0.205013 0.216683 4.513247
v 0.196949 0.131766 4.527477
v 0.072860 -0.380453 -2.503281
v 0.081519 -0.173374 -2.486414
v 0.080115 0.186373 -2.518525
v 0.418493 -0.139827 4.190703
v 0.458905 -0.028900 4.198428
v 0.433587 0.225426 4.186645
v 0.513406 -0.294625 3.707529
v 0.607882 -0.095577 3.713011
v 0.593274 0.213885 3.703990
v 0.600212 -0.358304 3.328574
v 0.719417 -0.113268 3.331187
v 0.710471 0.266807 3.317512
v 0.697582 -0.404255 2.901146
v 0.830950 -0.123547 2.897874
v 0.821321 0.318757 2.886632
v 0.764822 -0.451249 2.517460
v 0.904544 -0.136370 2.513032
v 0.892417 0.347317 2.506162
v 0.880965 -0.402333 2.197852
v 0.943322 -0.193811 2.128253
v 0.928977 0.370587 2.013059
v 0.801465 -0.537822 1.646705
v 0.945578 -0.168974 1.649555
v 0.929934 0.380380 1.645379
v 0.759727 -0.550665 1.091704
v 0.899845 -0.170076 1.058299
v 0.878056 0.397217 1.041528
v 0.716009 -0.541905 0.825363
v 0.853534 -0.160620 0.817555
v 0.834763 0.402023 0.803481
v 0.669799 -0.525852 0.612339
v 0.805560 -0.149361 0.618968
v 0.783640 0.398731 0.596234
v 0.453885 -0.472937 -0.217169
v 0.558731 -0.153898 -0.239741
v 0.544046 0.336675 -0.218636
v 0.375949 -0.454004 -0.496948
v 0.475029 -0.170980 -0.496415
v 0.463120 0.287237 -0.478932
v 0.275316 -0.431308 -0.883093
v 0.362560 -0.184996 -0.869210
v 0.352623 0.225152 -0.857206
v 0.177621 -0.414772 -1.389895
v 0.233892 -0.199081 -1.384429
v 0.222433 0.146029 -1.373698
v 0.140617 -0.412768 -1.731269
v 0.178215 -0.214763 -1.729954
v 0.165683 0.114275 -1.725673
v 0.112330 -0.395459 -2.049037
v 0.142328 -0.205441 -2.043526
v 0.131854 0.132688 -2.058452
v 0.262188 0.343551 4.301067
v 0.273884 -0.118550 4.374315
v 0.354457 0.248241 4.305401
v 0.366771 0.083471 4.356433
v 0.340034 -0.010843 4.369112
v 0.074083 -0.536516 -2.362577
v 0.080492 0.317967 -2.382520
v 0.105749 0.163021 -2.333002
v 0.112157 -0.183937 -2.309317
v 0.093917 -0.382868 -2.322157
v -0.000000 0.311444 4.528235
v 0.119681 -0.002170 -2.313660
v 0.365186 0.178613 4.342373
v 0.158720 -0.026733 -2.047649
v 0.197941 -0.042187 -1.727772
v 0.258290 -0.019216 -1.379716
v 0.393329 0.030065 -0.862144
v 0.508214 0.070888 -0.488212
v 0.591431 0.109488 -0.234270
v 0.838973 0.142543 0.612228
v 0.886243 0.140732 0.810085
v 0.930195 0.133608 1.043383
v 0.979382 0.125279 1.647928
v 0.970990 -0.052689 2.138233
v 0.940073 0.121738 2.509607
v 0.867727 0.111802 2.892080
v 0.756080 0.088421 3.324689
v 0.639712 0.067659 3.709016
v 0.475573 0.101458 4.196008
v 0.086030 0.013534 -2.491506
v 0.211754 0.262455 4.480410
v -0.000000 0.605385 -2.743790
v 0.024676 -1.061075 -0.255995
v 0.000000 -0.844339 0.540185
v -0.000000 0.562788 3.312689
v -0.000000 0.645883 2.879825
v -0.000000 0.383906 -2.114778
v -0.000000 0.474098 -2.480579
v 0.000000 -0.707322 -1.701152
v -0.000000 0.497191 3.704194
v -0.000000 0.357539 -1.731047
v 0.000000 -0.628358 -2.407019
v 0.000000 -0.618736 -2.108654
v 0.000000 -1.066561 -0.206779
v -0.000000 0.472530 4.182980
v -0.000000 0.397479 -1.338829
v 0.000000 -0.635514 -1.361766
v 0.000000 -0.322743 4.186280
v 0.000000 -0.174903 4.385488
v -0.000000 0.585118 -1.815458
v 0.000000 -0.634999 -1.744372
v 0.000000 -0.544915 3.705633
v 0.019732 0.616633 -1.692297
v 0.000000 -0.609345 3.328785
v 0.034929 0.908294 -0.829469
v -0.000000 0.435035 4.298529
v 0.000000 -0.669917 2.905239
v -0.000000 0.014137 4.544392
v 0.000000 -0.747185 2.453053
v 0.000000 -0.815729 1.996575
v -0.000000 0.388264 4.397921
v -0.000000 0.272774 4.572145
v -0.000000 0.789226 1.645329
v 0.000000 -0.878661 1.170960
v -0.000000 0.177912 4.591173
v -0.000000 0.762046 2.012024
v 0.000000 -0.861506 0.832052
v 0.000000 -0.689182 -2.574959
v -0.000000 0.703000 2.500372
v 0.055671 0.018403 -2.575230
v 0.100173 0.298032 4.518864
v 0.052878 0.224938 -2.621259
v 0.202838 -0.815912 0.561150
v 0.051451 -0.175495 -2.565882
v 0.340838 0.596451 2.881046
v 0.041515 0.438796 -2.456880
v 0.044332 -0.596634 -2.091396
v 0.144179 -0.159823 4.380726
v 0.110702 0.020629 4.533198
v 0.119904 0.370419 4.388347
v 0.038612 -0.632818 -2.572544
v 0.040048 0.527786 -2.711690
v 0.165008 -0.733597 -0.149768
v 0.285298 0.520633 3.314215
v 0.043922 0.350818 -2.102500
v 0.134182 -0.689403 -0.485103
v 0.271955 0.427792 3.825071
v 0.051728 0.321397 -1.728666
v 0.039657 -0.604528 -2.393003
v 0.098219 -0.634921 -0.891360
v 0.153220 0.435704 4.177468
v 0.072675 0.350234 -1.369542
v 0.068936 -0.609596 -1.391711
v 0.165088 -0.306848 4.180745
v 0.125522 0.473322 -0.849458
v 0.054353 -0.613630 -1.739875
v 0.182562 -0.515463 3.705023
v 0.172025 0.572515 -0.458550
v 0.191142 -0.578750 3.326953
v 0.214674 0.649543 -0.148381
v 0.134744 0.411035 4.292169
v 0.190833 -0.643046 2.901332
v 0.329205 0.753346 0.518755
v 0.176903 -0.711462 2.521624
v 0.357804 0.761532 0.795502
v 0.088469 -0.812314 1.994369
v 0.379669 0.758286 1.092568
v 0.084266 -0.854356 1.677101
v 0.093657 0.260004 4.560239
v 0.394147 0.730615 1.646245
v 0.191563 -0.852506 1.152503
v 0.091534 0.170484 4.576622
v 0.393734 0.706419 2.011237
v 0.209542 -0.833417 0.832115
v 0.045153 -0.398953 -2.578293
v 0.376144 0.651037 2.501163
v 0.492926 0.562623 0.111832
v 0.529426 0.579134 0.244633
v 0.383871 -0.706908 0.236252
v 0.359115 -0.691128 0.089926
v 0.689006 0.384179 0.244450
v 0.646974 0.372344 0.102516
v 0.702040 -0.145543 0.242617
v 0.658030 -0.147031 0.091897
v 0.577843 -0.498776 0.242215
v 0.537160 -0.489102 0.089378
v 0.737050 0.138528 0.243299
v 0.693377 0.131489 0.096098
v -0.000000 0.771305 0.115019
v -0.000000 0.793064 0.242033
v 0.000000 -0.810931 0.224340
v 0.000000 -0.800895 0.083427
v 0.186684 -0.779733 0.229133
v 0.178440 -0.764737 0.093070
v 0.256128 0.708301 0.120581
v 0.275454 0.728539 0.237951
v 0.740603 0.592539 1.420935
v 0.492855 -0.772770 1.428542
v 0.919959 0.385697 1.418856
v 0.936545 -0.173115 1.425612
v 0.792279 -0.548218 1.428267
v 0.969766 0.126187 1.421225
v 0.000000 -0.872120 1.492312
v 0.391145 0.744971 1.425855
v 0.161524 -0.855355 1.430791
v 0.031476 1.037790 1.218389
v -0.000000 0.813841 1.414932
v 0.043041 1.112714 0.781261
v 0.039569 1.079480 1.039609
v 0.390409 0.751164 1.271974
v 0.725733 0.599127 1.245255
v 0.171345 -0.857115 1.311239
v 0.000000 -0.880186 1.321753
v 0.954469 0.128769 1.234022
v 0.780882 -0.550398 1.269891
v 0.923699 -0.172658 1.243976
v 0.902985 0.391214 1.235646
v 0.489993 -0.775394 1.294597
v 0.195205 -0.797902 0.380907
v 0.000000 -0.828263 0.361113
v 0.786159 0.144409 0.423686
v 0.626977 -0.510712 0.431880
v 0.752764 -0.145906 0.430018
v 0.734060 0.395269 0.414164
v 0.412536 -0.724541 0.409023
v 0.301933 0.740944 0.353522
v 0.567771 0.593741 0.392402
v 0.092577 0.801212 0.323590
v 0.105457 0.815695 1.309032
v 0.116295 0.821929 0.797113
v 0.114475 0.819623 1.149906
v 0.108562 0.811219 0.473652
v 0.062731 0.623717 -0.444136
v 0.050427 0.513092 -0.849415
v 0.072133 0.723449 -0.083916
v 0.035943 0.423564 -1.187789
v 0.176961 0.301153 -1.187752
v 0.146124 -0.559963 -1.214499
v 0.263525 0.172358 -1.191166
v 0.274163 -0.192471 -1.202303
v 0.206154 -0.417940 -1.211777
v 0.301099 -0.002101 -1.196846
v 0.062359 -0.768287 -0.128945
v 0.079791 -0.611146 -1.215598
v 0.091020 0.385784 -1.185538
v 0.336733 -0.678807 -0.031780
v 0.596505 0.359683 -0.056005
v 0.610020 -0.148359 -0.070415
v 0.499264 -0.483008 -0.055987
v 0.642621 0.126559 -0.068269
v 0.059587 -0.717053 -0.482007
v 0.175839 -0.751266 -0.008558
v 0.449745 0.540332 -0.035729
v 0.239543 0.683736 0.002590
v 0.072645 0.757672 0.043578
v 0.047838 -0.658119 -0.893585
v 0.056294 -0.787871 0.008603
v 0.035975 -0.633110 -1.218235
v 0.737412 0.546250 2.273314
v 0.499504 -0.677789 2.273889
v 0.916000 0.359627 2.276008
v 0.928671 -0.150820 2.302086
v 0.879797 -0.394500 2.216050
v 0.970722 -0.047266 2.152013
v -0.000000 0.733001 2.272459
v 0.059677 -0.817166 1.994531
v 0.082440 -0.780444 2.237892
v 0.387588 0.679597 2.272262
v 0.065021 -0.782903 2.238775
v 0.068636 -0.856924 1.678681
v 0.000000 -0.353990 -4.370918
v 0.000000 -0.167678 -4.322236
v 0.007720 0.410674 -4.188873
v -0.000000 0.427664 -4.188252
v 0.008136 -0.562369 -4.243713
v 0.000000 -0.541083 -4.297175
v 0.000000 -0.686326 -4.244216
v -0.000000 0.129610 -4.327904
v 0.009897 -0.166395 -4.261403
v 0.009521 0.141975 -4.274839
v 0.009198 -0.364644 -4.297451
v 0.007249 -0.688732 -4.220530
v 0.039771 0.297968 -2.998533
v 0.032568 0.300126 -3.370962
v 0.025306 0.252242 -3.684765
v 0.017893 0.198863 -4.017316
v 0.019784 -0.152632 -3.973097
v 0.027604 -0.110621 -3.632432
v 0.034874 -0.062252 -3.287674
v 0.042077 -0.014791 -2.938297
v 0.010439 0.545666 -4.060053
v 0.015627 0.652099 -3.749852
v 0.021653 0.743498 -3.491020
v 0.027656 0.684138 -3.080678
v -0.000000 0.619544 -4.071791
v -0.000000 0.742888 -3.769473
v -0.000000 0.846769 -3.523344
v -0.000000 0.774556 -3.100966
v 0.037878 -0.246295 -2.910709
v 0.030675 -0.330249 -3.269864
v 0.023405 -0.377751 -3.626187
v 0.016285 -0.401111 -3.962846
v 0.008092 -0.824629 -4.059183
v 0.010820 -0.943978 -3.827906
v 0.019907 -0.928528 -3.376451
v 0.026869 -0.789015 -2.887424
v 0.000000 -0.855278 -2.882039
v 0.000000 -0.992251 -3.388096
v 0.000000 -0.999469 -3.858504
v 0.000000 -0.858630 -4.076074
v 0.010774 -0.653600 -3.993212
v 0.016265 -0.684877 -3.696758
v 0.024292 -0.645156 -3.314259
v 0.031736 -0.508052 -2.898258
v 0.014174 1.315481 0.357025
v -0.000000 1.320205 0.356358
v 0.020826 1.317148 0.749073
v 0.019429 1.349243 0.514254
v -0.000000 1.365629 0.741001
v 0.019747 1.328214 0.917576
v -0.000000 1.389095 0.521833
v -0.000000 1.388228 0.890343
v -0.000000 1.215989 1.140478
v 0.018495 1.209700 1.119140
v 0.037519 1.166231 0.481058
v -0.000000 1.229037 0.197521
v -0.000000 1.025813 1.279680
v 0.018288 1.218064 0.246395
v 0.047933 0.847197 1.306747
v 0.067217 0.858959 0.795431
v -0.000000 0.847903 1.372568
v 0.048824 0.850482 0.305260
v 0.060828 0.852381 1.149920
v 0.063344 0.851365 0.465633
v -0.000000 0.849774 0.256026
v 0.021058 0.932146 -1.386928
v -0.000000 0.951980 -1.405093
v 0.025472 1.118358 -1.071476
v -0.000000 1.143992 -1.096756
v 0.027613 1.184928 -0.697979
v -0.000000 1.203878 -0.719119
v -0.000000 0.759475 -1.863693
v -0.000000 1.256417 -0.537887
v 0.015081 0.766831 -1.793944
v 0.027395 1.237037 -0.536520
v 0.029633 0.770308 -1.219179
v 0.034280 1.038289 -0.241453
v -0.000000 1.046000 -0.191455
v 0.037498 1.004043 -0.460101
v 0.025235 0.455850 -1.246206
v 0.036237 0.549204 -0.889836
v 0.039783 0.798044 0.021920
v 0.041533 0.662000 -0.483174
v -0.000000 0.807035 0.065092
v 0.044102 0.764893 -0.111991
v -0.000000 0.436751 -1.351682
v 0.021750 -1.232465 -0.687711
v 0.000000 -1.271851 -0.728348
v 0.024381 -1.192746 -0.960747
v 0.000000 -1.235232 -0.997523
v 0.018669 -1.042472 -1.341160
v 0.000000 -1.076096 -1.372334
v 0.000000 -0.818512 -1.757788
v 0.018022 -1.206696 -0.461646
v 0.000000 -1.220533 -0.455894
v 0.013629 -0.834000 -1.699816
v 0.028768 -0.881805 -1.172450
v 0.019619 -0.738283 -1.601500
v 0.035623 -0.993198 -0.765789
v 0.032465 -1.042110 -0.463731
v 0.000000 -0.651847 -1.397825
v 0.031520 -0.848100 -0.039660
v 0.036981 -0.704611 -0.949798
v 0.043836 -0.774321 -0.537053
v 0.000000 -0.858210 0.008319
v 0.026463 -0.656516 -1.300191
v 0.040678 -0.826483 -0.191712
v 0.141714 -0.760442 2.279618
v 0.166038 -0.797831 1.994945
v 0.140436 -0.847819 1.630263
v 0.057228 -0.858772 1.649147
v 0.045049 -0.815810 1.996011
v 0.054847 -0.775456 2.272485
v 0.122880 -1.084779 1.843104
v 0.096912 -1.088545 1.841023
v 0.119803 -1.158182 2.018048
v 0.109197 -0.975131 1.564937
v 0.095425 -0.977711 1.565001
v 0.104282 -1.160388 2.017652
v 0.153885 -1.223049 1.670044
v 0.127917 -1.226692 1.667563
v 0.150968 -1.319560 1.805632
v 0.139562 -1.098439 1.422434
v 0.125790 -1.101077 1.422254
v 0.135447 -1.321773 1.805018
v 0.186904 -1.311620 1.486244
v 0.160936 -1.315264 1.483762
v 0.183433 -1.367021 1.627377
v 0.174796 -1.260631 1.314137
v 0.161025 -1.263269 1.313957
v 0.167912 -1.369234 1.626763
v 0.210801 -1.403509 1.306492
v 0.193489 -1.405938 1.304838
v 0.205552 -1.424384 1.463898
v 0.204293 -1.372412 1.214010
v 0.193491 -1.374373 1.213669
v 0.193584 -1.426062 1.463268
v 0.094017 -0.869235 1.967234
v 0.088236 -0.878649 1.658391
v 0.073444 -0.862090 2.196880
v 0.088965 -0.859909 2.196397
v 0.074464 -0.880996 1.659440
v 0.068050 -0.873496 1.966766
v 0.057093 0.957403 0.789687
v 0.051925 0.934331 1.108417
v 0.051898 0.973048 0.472046
v -0.000000 1.024730 0.223308
v 0.041041 0.921468 1.273851
v -0.000000 0.918634 1.338064
v 0.033512 1.014781 0.270683
v 0.032401 1.014224 -0.956205
v -0.000000 0.651961 -1.898339
v 0.017625 0.685508 -1.779897
v 0.027105 0.855719 -1.312825
v 0.032173 1.157866 -0.403577
v -0.000000 1.171113 -0.367451
v 0.034970 1.102796 -0.592744
v 0.038398 0.779875 -0.648257
v -0.000000 0.529520 -1.595216
v 0.022623 0.552385 -1.477255
v 0.033102 0.664094 -1.049426
v 0.037170 0.909258 -0.096809
v -0.000000 0.917021 -0.048702
v 0.040967 0.877850 -0.277494
v 0.047936 0.013175 -2.655723
v 0.032539 0.581008 -2.816131
v -0.000000 0.662596 -2.843857
v 0.031752 -0.671755 -2.646468
v 0.037595 -0.421030 -2.642959
v 0.045630 0.248781 -2.706682
v 0.043737 -0.188649 -2.640778
v 0.000000 -0.732789 -2.645908
v 0.380850 0.364125 3.896398
v 0.324222 0.381786 3.964863
v 0.335454 -0.334765 4.026399
v 0.346297 -0.391839 3.889683
v 0.485232 0.215486 4.045316
v 0.531822 0.208470 3.898656
v 0.507694 -0.062800 4.051499
v 0.550746 -0.078774 3.905663
v 0.450804 -0.200107 4.040608
v 0.476043 -0.244813 3.897579
v 0.530374 0.081418 4.051510
v 0.577834 0.071451 3.903821
v 0.000000 -0.406409 4.032948
v 0.000000 -0.476038 3.892958
v -0.000000 0.483211 3.897766
v -0.000000 0.481444 4.043728
v 0.218389 0.446874 3.893319
v 0.248191 0.421958 3.963282
v 0.172263 -0.386628 4.028552
v 0.176829 -0.451128 3.890760
v 0.434570 0.360945 3.726813
v 0.227552 0.456313 3.726349
v 0.417069 0.334508 3.896195
v 0.349549 0.353099 4.029800
v 0.169464 0.458870 3.895184
v 0.179646 0.442782 4.032398
v 0.248258 0.449113 3.895727
v 0.311948 0.408266 3.814292
v 0.373729 0.370256 3.855791
v 0.359605 0.366880 3.936937
v 0.236317 0.442832 3.852974
v 0.222200 0.439457 3.934120
v 0.284050 0.401453 3.975620
v 0.362701 0.388651 3.898195
v 0.313228 0.410685 3.809959
v 0.266930 0.432923 3.817818
v 0.378191 0.371167 3.853755
v 0.377499 0.362835 3.896592
v 0.362082 0.368030 3.938811
v 0.326836 0.381864 3.972365
v 0.232860 0.446952 3.851091
v 0.214537 0.450399 3.893545
v 0.218060 0.443590 3.936351
v 0.239649 0.427346 3.971432
v 0.282329 0.404184 3.980250
v 0.357171 0.386916 3.819226
v 0.311700 0.408187 3.815522
v 0.270754 0.428595 3.824128
v 0.371702 0.371215 3.856249
v 0.375428 0.363885 3.896625
v 0.357810 0.367870 3.936528
v 0.325220 0.381122 3.965785
v 0.238279 0.441698 3.853405
v 0.220601 0.445679 3.893306
v 0.224398 0.438356 3.933684
v 0.246464 0.422722 3.964193
v 0.284518 0.401395 3.974412
v 0.349521 0.386996 3.825719
v 0.275971 0.436906 3.896668
v 0.376472 0.374019 3.897721
v 0.228364 0.452265 3.894528
v 0.337172 0.404574 3.897988
v 0.289511 0.409892 3.972254
v 0.359590 0.377838 3.935981
v 0.232008 0.445246 3.933246
v 0.306861 0.420935 3.897520
v 0.315518 0.416411 3.819998
v 0.372900 0.381045 3.859004
v 0.245307 0.448451 3.856269
v 0.277544 0.435141 3.829129
v 0.327442 0.391157 3.963123
v 0.254794 0.429544 3.961606
v 0.350212 0.396757 3.830646
v 0.295506 0.416371 3.955787
v 0.349656 0.391603 3.927758
v 0.251074 0.443689 3.925645
v 0.315602 0.421408 3.838138
v 0.359940 0.394081 3.868279
v 0.261349 0.446166 3.866165
v 0.286259 0.435881 3.845193
v 0.324815 0.401895 3.948731
v 0.268680 0.431556 3.947559
v 0.342409 0.406222 3.846366
v 0.303824 0.420424 3.915267
v 0.300698 0.419329 3.931882
v 0.329669 0.406080 3.916882
v 0.276951 0.433934 3.915752
v 0.309908 0.421594 3.879937
v 0.312509 0.422201 3.862808
v 0.336223 0.407585 3.878945
v 0.283500 0.435438 3.877815
v 0.294362 0.431487 3.863582
v 0.318658 0.409814 3.930984
v 0.282918 0.428699 3.930234
v 0.330110 0.412603 3.864331
v 0.221789 0.447207 3.893535
v 0.348672 0.389405 3.827013
v 0.312545 0.409871 3.815924
v 0.273002 0.429375 3.825433
v 0.239432 0.443235 3.853695
v 0.285463 0.403082 3.974474
v 0.324962 0.383574 3.964965
v 0.358439 0.369704 3.936701
v 0.376019 0.365726 3.896860
v 0.372298 0.373044 3.856543
v 0.225584 0.439898 3.933853
v 0.249312 0.423547 3.963385
v 0.271214 0.428158 3.824497
v 0.311835 0.408116 3.814775
v 0.372912 0.370516 3.855968
v 0.376665 0.363131 3.896601
v 0.358880 0.367152 3.936771
v 0.324810 0.381265 3.965416
v 0.219248 0.446282 3.893310
v 0.237078 0.442265 3.853140
v 0.247131 0.422301 3.963829
v 0.223054 0.438902 3.933944
v 0.284220 0.401311 3.975139
v 0.348906 0.387124 3.826084
v 0.270215 0.429824 3.823695
v 0.312081 0.409160 3.813727
v 0.374686 0.370669 3.855584
v 0.378477 0.363205 3.896581
v 0.360455 0.367277 3.937132
v 0.325700 0.381671 3.966216
v 0.217381 0.448285 3.893329
v 0.235426 0.444215 3.852779
v 0.245681 0.423934 3.964620
v 0.221200 0.440824 3.934327
v 0.283850 0.402337 3.976184
v 0.350241 0.387563 3.825291
v 0.312266 0.410546 3.812938
v 0.379842 0.363861 3.896566
v 0.326370 0.382577 3.966819
v 0.234182 0.446284 3.852507
v 0.219803 0.442871 3.934616
v 0.283572 0.403710 3.976972
v 0.351247 0.388493 3.824694
v 0.269463 0.431679 3.823091
v 0.376022 0.371384 3.855294
v 0.361642 0.367971 3.937403
v 0.215975 0.450393 3.893344
v 0.244588 0.425763 3.965216
v 0.814104 -0.509201 2.023885
v 0.946576 -0.168826 1.983099
v 0.800161 -0.482678 2.276324
v 0.967069 0.109748 2.269486
v 0.980652 0.108547 2.026277
v 0.938793 -0.174022 2.209625
v 0.871640 -0.423407 2.173329
v 0.944291 -0.198342 2.157779
v 0.867270 -0.410568 2.230701
v 0.969774 -0.015309 2.174139
v 0.972930 -0.022871 2.121768
v 0.944776 -0.182348 2.180477
v 1.220950 -0.212000 1.977295
v 1.206808 -0.226602 1.967966
v 1.195519 -0.495141 1.955656
v 1.206272 -0.490248 1.962878
v 1.211142 -0.041317 1.987522
v 1.202010 -0.044946 1.981383
v 1.357884 -0.215885 1.670692
v 1.342766 -0.241323 1.663948
v 1.397696 -0.605447 1.638100
v 1.412967 -0.594329 1.642209
v 1.263945 0.006858 1.706668
v 1.251982 -0.001378 1.703177
v 1.390917 -0.227032 0.989892
v 1.382849 -0.245886 0.984799
v 1.499852 -0.551301 1.094553
v 1.509619 -0.540657 1.097926
v 1.274610 -0.023479 1.153507
v 1.267263 -0.031891 1.150775
v 1.003612 -0.189948 2.144070
v 1.025360 -0.051996 2.124556
v 1.023365 -0.056068 2.115823
v 0.999541 -0.203893 2.129518
v 0.946218 -0.414576 2.156609
v 0.947895 -0.408740 2.168973
v 1.505063 -0.607731 1.324606
v 1.389796 -0.216842 1.326032
v 1.264526 0.013741 1.392951
v 1.253282 0.004249 1.389794
v 1.376420 -0.245124 1.318998
v 1.490191 -0.620571 1.320620
v 0.107967 0.307675 4.465816
v -0.000000 0.321973 4.474005
v 0.210476 0.302761 4.414033
v 0.113123 0.326173 4.431471
v 0.206532 0.282601 4.445365
v -0.000000 0.342162 4.439250
v 0.261285 0.273093 4.395401
v 0.258163 0.261128 4.409115
v 0.245260 0.293124 4.394677
v 0.109689 0.256920 4.365957
v -0.000000 0.271453 4.373952
v 0.208143 0.241421 4.335271
v 0.112103 0.265029 4.349551
v 0.204852 0.234089 4.349791
v -0.000000 0.280731 4.356628
v 0.241197 0.226517 4.324887
v 0.237909 0.222340 4.331804
v 0.238032 0.232624 4.324162
v 0.109689 0.299097 4.437850
v 0.204852 0.276266 4.421683
v 0.237909 0.264518 4.403697
v 0.241196 0.268694 4.396780
v 0.112103 0.307206 4.421444
v -0.000000 0.322908 4.428521
v 0.238032 0.274801 4.396055
v 0.208143 0.283598 4.407164
v -0.000000 0.313630 4.445846
v -0.210816 0.341570 4.374635
v -0.201633 0.023765 4.508309
v -0.071432 0.352470 -2.558709
v -0.064856 -0.529469 -2.508910
v -0.089287 0.264772 -2.076616
v -0.107270 0.237099 -1.725519
v -0.146032 0.266538 -1.370605
v -0.244939 0.378677 -0.853406
v -0.328380 0.460691 -0.472685
v -0.401799 0.515281 -0.197851
v -0.610858 0.606773 0.564925
v -0.661379 0.610814 0.798889
v -0.703178 0.606084 1.055129
v -0.749569 0.583453 1.645745
v -0.748791 0.564928 2.011892
v -0.716323 0.525348 2.502462
v -0.651544 0.479905 2.883127
v -0.549795 0.416419 3.316240
v -0.348005 0.387622 3.826652
v -0.307956 0.349711 4.174026
v -0.319339 -0.261417 4.177234
v -0.364066 -0.450374 3.704633
v -0.409651 -0.512951 3.325368
v -0.459199 -0.572937 2.897763
v -0.490176 -0.636915 2.518637
v -0.506684 -0.718598 1.995905
v -0.498488 -0.761144 1.641071
v -0.483729 -0.772054 1.126472
v -0.462472 -0.761126 0.830937
v -0.434325 -0.744069 0.587989
v -0.306872 -0.661596 -0.181428
v -0.248987 -0.627072 -0.491892
v -0.182490 -0.580902 -0.889891
v -0.130761 -0.557334 -1.390452
v -0.104642 -0.560363 -1.734932
v -0.084900 -0.542075 -2.070778
v -0.205013 0.216683 4.513247
v -0.196949 0.131766 4.527476
v -0.072860 -0.380453 -2.503281
v -0.081519 -0.173374 -2.486414
v -0.080115 0.186373 -2.518525
v -0.418493 -0.139827 4.190703
v -0.458905 -0.028900 4.198428
v -0.433587 0.225426 4.186645
v -0.513406 -0.294625 3.707528
v -0.607882 -0.095577 3.713012
v -0.593274 0.213885 3.703990
v -0.600212 -0.358304 3.328574
v -0.719417 -0.113268 3.331186
v -0.710471 0.266806 3.317512
v -0.697582 -0.404256 2.901146
v -0.830950 -0.123547 2.897875
v -0.821321 0.318757 2.886632
v -0.764822 -0.451249 2.517460
v -0.904544 -0.136371 2.513031
v -0.892417 0.347316 2.506162
v -0.880965 -0.402334 2.197852
v -0.943322 -0.193811 2.128253
v -0.928977 0.370587 2.013059
v -0.801465 -0.537822 1.646705
v -0.945578 -0.168975 1.649555
v -0.929934 0.380380 1.645379
v -0.759727 -0.550665 1.091704
v -0.899845 -0.170077 1.058299
v -0.878056 0.397216 1.041528
v -0.716008 -0.541905 0.825363
v -0.853534 -0.160620 0.817555
v -0.834763 0.402022 0.803481
v -0.669799 -0.525852 0.612339
v -0.805560 -0.149361 0.618968
v -0.783641 0.398731 0.596234
v -0.453885 -0.472938 -0.217169
v -0.558731 -0.153898 -0.239741
v -0.544046 0.336675 -0.218636
v -0.375949 -0.454004 -0.496948
v -0.475029 -0.170980 -0.496415
v -0.463120 0.287236 -0.478932
v -0.275316 -0.431309 -0.883093
v -0.362560 -0.184996 -0.869210
v -0.352623 0.225152 -0.857207
v -0.177621 -0.414772 -1.389895
v -0.233892 -0.199081 -1.384429
v -0.222433 0.146029 -1.373698
v -0.140617 -0.412768 -1.731268
v -0.178215 -0.214763 -1.729954
v -0.165683 0.114275 -1.725672
v -0.112330 -0.395459 -2.049037
v -0.142328 -0.205441 -2.043526
v -0.131854 0.132687 -2.058452
v -0.262189 0.343551 4.301067
v -0.273884 -0.118550 4.374315
v -0.354457 0.248241 4.305401
v -0.366771 0.083471 4.356432
v -0.340034 -0.010844 4.369112
v -0.074083 -0.536516 -2.362576
v -0.080492 0.317967 -2.382520
v -0.105749 0.163021 -2.333001
v -0.112157 -0.183937 -2.309317
v -0.093917 -0.382868 -2.322157
v -0.119681 -0.002170 -2.313660
v -0.365186 0.178613 4.342373
v -0.158720 -0.026733 -2.047649
v -0.197941 -0.042187 -1.727772
v -0.258290 -0.019216 -1.379716
v -0.393329 0.030065 -0.862144
v -0.508214 0.070887 -0.488211
v -0.591431 0.109488 -0.234270
v -0.838973 0.142542 0.612228
v -0.886243 0.140732 0.810085
v -0.930196 0.133608 1.043383
v -0.979382 0.125279 1.647928
v -0.970990 -0.052690 2.138233
v -0.940073 0.121738 2.509607
v -0.867727 0.111802 2.892080
v -0.756080 0.088421 3.324689
v -0.639712 0.067658 3.709016
v -0.475573 0.101458 4.196008
v -0.086030 0.013534 -2.491506
v -0.211754 0.262455 4.480410
v -0.024676 -1.061075 -0.255995
v -0.019732 0.616633 -1.692297
v -0.034930 0.908294 -0.829469
v -0.055671 0.018403 -2.575230
v -0.100173 0.298032 4.518864
v -0.052878 0.224938 -2.621260
v -0.202838 -0.815912 0.561150
v -0.051451 -0.175495 -2.565882
v -0.340839 0.596451 2.881046
v -0.041515 0.438796 -2.456880
v -0.044332 -0.596635 -2.091396
v -0.144179 -0.159823 4.380726
v -0.110702 0.020629 4.533198
v -0.119904 0.370419 4.388347
v -0.038611 -0.632818 -2.572544
v -0.040048 0.527786 -2.711691
v -0.165007 -0.733597 -0.149768
v -0.285298 0.520633 3.314215
v -0.043922 0.350818 -2.102500
v -0.134181 -0.689403 -0.485103
v -0.271955 0.427792 3.825071
v -0.051728 0.321397 -1.728666
v -0.039657 -0.604528 -2.393003
v -0.098218 -0.634921 -0.891360
v -0.153220 0.435704 4.177468
v -0.072675 0.350234 -1.369543
v -0.068935 -0.609596 -1.391711
v -0.165088 -0.306848 4.180745
v -0.125522 0.473322 -0.849458
v -0.054353 -0.613630 -1.739875
v -0.182562 -0.515463 3.705022
v -0.172025 0.572515 -0.458550
v -0.191142 -0.578750 3.326953
v -0.214674 0.649543 -0.148380
v -0.134745 0.411035 4.292169
v -0.190833 -0.643046 2.901332
v -0.329205 0.753345 0.518755
v -0.176903 -0.711462 2.521624
v -0.357804 0.761532 0.795502
v -0.088468 -0.812315 1.994369
v -0.379669 0.758286 1.092568
v -0.084266 -0.854356 1.677101
v -0.093657 0.260004 4.560239
v -0.394147 0.730614 1.646245
v -0.191563 -0.852506 1.152503
v -0.091534 0.170484 4.576622
v -0.393734 0.706419 2.011237
v -0.209541 -0.833417 0.832115
v -0.045153 -0.398953 -2.578293
v -0.376145 0.651036 2.501162
v -0.492926 0.562623 0.111831
v -0.529426 0.579134 0.244633
v -0.383870 -0.706909 0.236252
v -0.359115 -0.691128 0.089926
v -0.689007 0.384179 0.244450
v -0.646974 0.372343 0.102516
v -0.702040 -0.145543 0.242616
v -0.658030 -0.147032 0.091897
v -0.577843 -0.498776 0.242215
v -0.537160 -0.489102 0.089378
v -0.737050 0.138528 0.243299
v -0.693377 0.131488 0.096098
v -0.186684 -0.779733 0.229133
v -0.178440 -0.764737 0.093070
v -0.256128 0.708301 0.120581
v -0.275454 0.728539 0.237951
v -0.740603 0.592538 1.420935
v -0.492855 -0.772770 1.428542
v -0.919959 0.385696 1.418856
v -0.936545 -0.173116 1.425612
v -0.792279 -0.548218 1.428267
v -0.969766 0.126187 1.421225
v -0.391146 0.744970 1.425855
v -0.161524 -0.855355 1.430791
v -0.031476 1.037790 1.218389
v -0.043042 1.112714 0.781261
v -0.039570 1.079480 1.039609
v -0.390409 0.751164 1.271973
v -0.725733 0.599127 1.245255
v -0.171344 -0.857115 1.311239
v -0.954469 0.128769 1.234022
v -0.780882 -0.550398 1.269891
v -0.923699 -0.172658 1.243976
v -0.902985 0.391214 1.235646
v -0.489992 -0.775395 1.294596
v -0.195205 -0.797903 0.380907
v -0.786159 0.144409 0.423686
v -0.626977 -0.510713 0.431880
v -0.752764 -0.145906 0.430018
v -0.734061 0.395269 0.414164
v -0.412536 -0.724541 0.409023
v -0.301933 0.740944 0.353522
v -0.567771 0.593741 0.392402
v -0.092577 0.801212 0.323590
v -0.105458 0.815695 1.309032
v -0.116296 0.821929 0.797113
v -0.114476 0.819623 1.149906
v -0.108563 0.811220 0.473652
v -0.062731 0.623717 -0.444136
v -0.050427 0.513092 -0.849415
v -0.072133 0.723449 -0.083916
v -0.035943 0.423564 -1.187789
v -0.176961 0.301153 -1.187752
v -0.146124 -0.559963 -1.214499
v -0.263525 0.172358 -1.191166
v -0.274162 -0.192471 -1.202303
v -0.206154 -0.417940 -1.211776
v -0.301099 -0.002101 -1.196846
v -0.062359 -0.768287 -0.128945
v -0.079790 -0.611146 -1.215598
v -0.091020 0.385784 -1.185538
v -0.336733 -0.678807 -0.031780
v -0.596505 0.359683 -0.056005
v -0.610020 -0.148359 -0.070415
v -0.499264 -0.483008 -0.055987
v -0.642621 0.126559 -0.068269
v -0.059587 -0.717053 -0.482007
v -0.175838 -0.751266 -0.008558
v -0.449745 0.540332 -0.035729
v -0.239544 0.683736 0.002590
v -0.072646 0.757672 0.043578
v -0.047837 -0.658119 -0.893585
v -0.056293 -0.787871 0.008603
v -0.035975 -0.633110 -1.218235
v -0.737413 0.546249 2.273314
v -0.499504 -0.677789 2.273889
v -0.916000 0.359626 2.276008
v -0.928671 -0.150820 2.302086
v -0.879797 -0.394501 2.216050
v -0.970722 -0.047266 2.152013
v -0.059677 -0.817166 1.994531
v -0.082439 -0.780444 2.237892
v -0.387589 0.679597 2.272262
v -0.065020 -0.782902 2.238775
v -0.068636 -0.856924 1.678681
v -0.007720 0.410674 -4.188873
v -0.008136 -0.562369 -4.243713
v -0.009897 -0.166395 -4.261403
v -0.009521 0.141975 -4.274840
v -0.009198 -0.364644 -4.297451
v -0.007248 -0.688732 -4.220530
v -0.039771 0.297968 -2.998533
v -0.032568 0.300126 -3.370962
v -0.025306 0.252242 -3.684765
v -0.017894 0.198863 -4.017316
v -0.019784 -0.152632 -3.973097
v -0.027604 -0.110621 -3.632432
v -0.034874 -0.062252 -3.287674
v -0.042077 -0.014791 -2.938296
v -0.010439 0.545666 -4.060053
v -0.015627 0.652099 -3.749852
v -0.021654 0.743498 -3.491020
v -0.027657 0.684138 -3.080678
v -0.037878 -0.246295 -2.910709
v -0.030675 -0.330249 -3.269864
v -0.023405 -0.377751 -3.626187
v -0.016284 -0.401111 -3.962846
v -0.008092 -0.824629 -4.059183
v -0.010820 -0.943978 -3.827906
v -0.019907 -0.928528 -3.376451
v -0.026869 -0.789015 -2.887424
v -0.010774 -0.653600 -3.993212
v -0.016265 -0.684877 -3.696757
v -0.024292 -0.645156 -3.314259
v -0.031735 -0.508052 -2.898258
v -0.014174 1.315480 0.357025
v -0.020826 1.317148 0.749073
v -0.019429 1.349243 0.514254
v -0.019748 1.328214 0.917576
v -0.018496 1.209700 1.119140
v -0.037519 1.166231 0.481058
v -0.018288 1.218064 0.246395
v -0.047933 0.847197 1.306747
v -0.067217 0.858959 0.795431
v -0.048824 0.850482 0.305260
v -0.060828 0.852381 1.149920
v -0.063345 0.851365 0.465633
v -0.021059 0.932146 -1.386928
v -0.025472 1.118358 -1.071476
v -0.027613 1.184928 -0.697979
v -0.015081 0.766831 -1.793944
v -0.027395 1.237037 -0.536520
v -0.029634 0.770308 -1.219179
v -0.034280 1.038289 -0.241453
v -0.037499 1.004043 -0.460101
v -0.025235 0.455850 -1.246206
v -0.036237 0.549204 -0.889836
v -0.039783 0.798044 0.021921
v -0.041533 0.662000 -0.483175
v -0.044102 0.764893 -0.111991
v -0.021749 -1.232465 -0.687711
v -0.024381 -1.192746 -0.960747
v -0.018669 -1.042472 -1.341160
v -0.018021 -1.206696 -0.461646
v -0.013629 -0.834000 -1.699816
v -0.028768 -0.881805 -1.172450
v -0.019619 -0.738283 -1.601500
v -0.035622 -0.993198 -0.765789
v -0.032464 -1.042110 -0.463731
v -0.031520 -0.848100 -0.039660
v -0.036981 -0.704611 -0.949799
v -0.043835 -0.774321 -0.537053
v -0.026463 -0.656516 -1.300191
v -0.040677 -0.826483 -0.191712
v -0.141713 -0.760442 2.279618
v -0.166038 -0.797831 1.994945
v -0.140436 -0.847819 1.630263
v -0.057227 -0.858772 1.649147
v -0.045049 -0.815810 1.996011
v -0.054847 -0.775456 2.272485
v -0.122880 -1.084779 1.843104
v -0.096912 -1.088545 1.841023
v -0.119802 -1.158182 2.018048
v -0.109196 -0.975131 1.564937
v -0.095425 -0.977711 1.565001
v -0.104282 -1.160388 2.017652
v -0.153884 -1.223049 1.670044
v -0.127917 -1.226692 1.667563
v -0.150967 -1.319560 1.805632
v -0.139561 -1.098439 1.422434
v -0.125790 -1.101077 1.422254
v -0.135446 -1.321773 1.805018
v -0.186903 -1.311620 1.486244
v -0.160936 -1.315264 1.483762
v -0.183432 -1.367021 1.627377
v -0.174795 -1.260631 1.314137
v -0.161024 -1.263269 1.313957
v -0.167912 -1.369234 1.626763
v -0.210801 -1.403509 1.306492
v -0.193489 -1.405939 1.304838
v -0.205551 -1.424384 1.463898
v -0.204292 -1.372412 1.214010
v -0.193491 -1.374374 1.213669
v -0.193584 -1.426062 1.463268
v -0.094017 -0.869235 1.967234
v -0.088235 -0.878649 1.658391
v -0.073444 -0.862090 2.196880
v -0.088964 -0.859909 2.196397
v -0.074464 -0.880996 1.659440
v -0.068049 -0.873496 1.966766
v -0.057093 0.957403 0.789687
v -0.051926 0.934331 1.108417
v -0.051898 0.973048 0.472045
v -0.041041 0.921468 1.273851
v -0.033512 1.014781 0.270683
v -0.032401 1.014225 -0.956204
v -0.017625 0.685508 -1.779897
v -0.027105 0.855719 -1.312825
v -0.032173 1.157866 -0.403577
v -0.034970 1.102796 -0.592744
v -0.038398 0.779875 -0.648257
v -0.022623 0.552385 -1.477255
v -0.033102 0.664094 -1.049426
v -0.037171 0.909258 -0.096809
v -0.040968 0.877850 -0.277495
v -0.047936 0.013175 -2.655723
v -0.032539 0.581009 -2.816131
v -0.031752 -0.671755 -2.646468
v -0.037595 -0.421030 -2.642959
v -0.045630 0.248781 -2.706683
v -0.043737 -0.188649 -2.640778
v -0.380850 0.364125 3.896399
v -0.324222 0.381786 3.964863
v -0.335454 -0.334765 4.026399
v -0.346297 -0.391839 3.889683
v -0.485232 0.215486 4.045316
v -0.531822 0.208470 3.898656
v -0.507694 -0.062800 4.051499
v -0.550746 -0.078775 3.905663
v -0.450804 -0.200107 4.040608
v -0.476043 -0.244813 3.897579
v -0.530374 0.081418 4.051510
v -0.577834 0.071450 3.903821
v -0.218389 0.446874 3.893319
v -0.248191 0.421958 3.963282
v -0.172262 -0.386628 4.028552
v -0.176829 -0.451128 3.890760
v -0.434570 0.360945 3.726813
v -0.227552 0.456313 3.726349
v -0.417069 0.334508 3.896195
v -0.349549 0.353099 4.029800
v -0.169464 0.458870 3.895184
v -0.179646 0.442782 4.032398
v -0.248258 0.449113 3.895728
v -0.311948 0.408266 3.814293
v -0.373729 0.370256 3.855791
v -0.359605 0.366879 3.936937
v -0.236318 0.442832 3.852974
v -0.222200 0.439457 3.934120
v -0.284050 0.401453 3.975620
v -0.362701 0.388651 3.898195
v -0.313229 0.410685 3.809958
v -0.266930 0.432923 3.817818
v -0.378191 0.371167 3.853754
v -0.377500 0.362835 3.896592
v -0.362082 0.368029 3.938811
v -0.326836 0.381864 3.972365
v -0.232860 0.446952 3.851091
v -0.214537 0.450399 3.893545
v -0.218060 0.443590 3.936351
v -0.239649 0.427346 3.971432
v -0.282329 0.404184 3.980249
v -0.357172 0.386916 3.819226
v -0.311700 0.408187 3.815522
v -0.270754 0.428595 3.824128
v -0.371702 0.371215 3.856249
v -0.375428 0.363885 3.896625
v -0.357810 0.367870 3.936528
v -0.325220 0.381122 3.965785
v -0.238279 0.441698 3.853405
v -0.220601 0.445679 3.893306
v -0.224398 0.438356 3.933684
v -0.246464 0.422722 3.964193
v -0.284518 0.401395 3.974412
v -0.349521 0.386996 3.825719
v -0.275972 0.436906 3.896668
v -0.376473 0.374018 3.897721
v -0.228364 0.452265 3.894528
v -0.337172 0.404573 3.897988
v -0.289511 0.409892 3.972255
v -0.359590 0.377838 3.935980
v -0.232009 0.445246 3.933246
v -0.306861 0.420935 3.897520
v -0.315518 0.416411 3.819998
v -0.372900 0.381045 3.859004
v -0.245307 0.448451 3.856269
v -0.277545 0.435141 3.829128
v -0.327443 0.391157 3.963123
v -0.254795 0.429544 3.961606
v -0.350212 0.396757 3.830646
v -0.295506 0.416371 3.955787
v -0.349656 0.391603 3.927758
v -0.251074 0.443689 3.925645
v -0.315602 0.421408 3.838138
v -0.359940 0.394081 3.868279
v -0.261350 0.446165 3.866165
v -0.286259 0.435880 3.845194
v -0.324816 0.401894 3.948731
v -0.268681 0.431556 3.947559
v -0.342409 0.406222 3.846366
v -0.303824 0.420424 3.915267
v -0.300698 0.419329 3.931882
v -0.329670 0.406080 3.916882
v -0.276951 0.433934 3.915752
v -0.309908 0.421594 3.879937
v -0.312509 0.422201 3.862808
v -0.336223 0.407585 3.878945
v -0.283500 0.435438 3.877815
v -0.294362 0.431487 3.863582
v -0.318658 0.409814 3.930984
v -0.282918 0.428699 3.930235
v -0.330110 0.412603 3.864331
v -0.221789 0.447207 3.893535
v -0.348673 0.389405 3.827013
v -0.312545 0.409871 3.815924
v -0.273002 0.429375 3.825433
v -0.239432 0.443235 3.853695
v -0.285463 0.403082 3.974474
v -0.324962 0.383573 3.964965
v -0.358439 0.369704 3.936701
v -0.376019 0.365726 3.896860
v -0.372299 0.373043 3.856543
v -0.225584 0.439897 3.933853
v -0.249312 0.423546 3.963385
v -0.271214 0.428158 3.824497
v -0.311835 0.408116 3.814775
v -0.372912 0.370516 3.855968
v -0.376666 0.363131 3.896601
v -0.358881 0.367152 3.936772
v -0.324810 0.381265 3.965416
v -0.219248 0.446282 3.893310
v -0.237078 0.442265 3.853140
v -0.247132 0.422301 3.963829
v -0.223054 0.438902 3.933944
v -0.284220 0.401311 3.975139
v -0.348906 0.387124 3.826084
v -0.270215 0.429824 3.823695
v -0.312081 0.409160 3.813727
v -0.374686 0.370669 3.855584
v -0.378477 0.363205 3.896581
v -0.360455 0.367277 3.937131
v -0.325700 0.381671 3.966216
v -0.217382 0.448285 3.893329
v -0.235426 0.444215 3.852779
v -0.245681 0.423934 3.964620
v -0.221200 0.440824 3.934327
v -0.283850 0.402337 3.976184
v -0.350241 0.387563 3.825291
v -0.312266 0.410546 3.812938
v -0.379842 0.363861 3.896566
v -0.326370 0.382577 3.966819
v -0.234182 0.446284 3.852507
v -0.219803 0.442871 3.934616
v -0.283572 0.403710 3.976973
v -0.351247 0.388492 3.824694
v -0.269463 0.431678 3.823091
v -0.376022 0.371383 3.855294
v -0.361642 0.367971 3.937403
v -0.215975 0.450393 3.893344
v -0.244588 0.425763 3.965216
v -0.814103 -0.509202 2.023885
v -0.946576 -0.168826 1.983099
v -0.800161 -0.482678 2.276324
v -0.967069 0.109747 2.269486
v -0.980652 0.108547 2.026277
v -0.938792 -0.174023 2.209625
v -0.871640 -0.423408 2.173329
v -0.944290 -0.198343 2.157779
v -0.867269 -0.410568 2.230701
v -0.969774 -0.015310 2.174140
v -0.972930 -0.022872 2.121768
v -0.944776 -0.182348 2.180477
v -1.220950 -0.212001 1.977295
v -1.206808 -0.226603 1.967966
v -1.195518 -0.495141 1.955656
v -1.206271 -0.490249 1.962878
v -1.211142 -0.041317 1.987521
v -1.202010 -0.044947 1.981383
v -1.357884 -0.215885 1.670692
v -1.342766 -0.241324 1.663948
v -1.397696 -0.605448 1.638100
v -1.412966 -0.594329 1.642209
v -1.263946 0.006858 1.706668
v -1.251982 -0.001378 1.703177
v -1.390917 -0.227033 0.989892
v -1.382849 -0.245887 0.984799
v -1.499852 -0.551301 1.094553
v -1.509618 -0.540658 1.097926
v -1.274611 -0.023480 1.153507
v -1.267263 -0.031891 1.150775
v -1.003612 -0.189948 2.144070
v -1.025360 -0.051997 2.124556
v -1.023365 -0.056069 2.115823
v -0.999541 -0.203893 2.129518
v -0.946218 -0.414576 2.156609
v -0.947895 -0.408740 2.168973
v -1.505062 -0.607732 1.324606
v -1.389796 -0.216843 1.326032
v -1.264526 0.013740 1.392951
v -1.253283 0.004248 1.389794
v -1.376420 -0.245124 1.318998
v -1.490190 -0.620571 1.320620
v -0.107968 0.307675 4.465816
v -0.210476 0.302761 4.414033
v -0.113124 0.326172 4.431471
v -0.206532 0.282601 4.445365
v -0.261285 0.273093 4.395401
v -0.258163 0.261128 4.409114
v -0.245260 0.293124 4.394677
v -0.109689 0.256920 4.365957
v -0.208143 0.241421 4.335270
v -0.112104 0.265029 4.349551
v -0.204852 0.234089 4.349791
v -0.241197 0.226517 4.324887
v -0.237909 0.222340 4.331803
v -0.238032 0.232623 4.324162
v -0.109689 0.299097 4.437850
v -0.204852 0.276266 4.421683
v -0.237909 0.264518 4.403697
v -0.241197 0.268694 4.396780
v -0.112104 0.307206 4.421444
v -0.238032 0.274801 4.396055
v -0.208143 0.283598 4.407164
v 0.229169 0.346924 4.346882
v 0.200226 0.073867 4.522273
v 0.069289 -0.534798 -2.458685
v 0.075960 0.281519 -2.542571
v 0.084665 0.290893 -2.238621
v 0.095560 0.244187 -1.907561
v 0.126511 0.248302 -1.531416
v 0.206445 0.335568 -1.041523
v 0.286563 0.421840 -0.656475
v 0.367939 0.492310 -0.318290
v 0.588342 0.600919 0.473072
v 0.635929 0.610119 0.674373
v 0.684491 0.609147 0.931341
v 0.750679 0.574962 1.825469
v 0.730244 0.537615 2.376563
v 0.689767 0.505826 2.676863
v 0.604205 0.449521 3.098246
v 0.491455 0.383756 3.531169
v 0.328580 0.349858 4.107194
v 0.301683 -0.197744 4.274318
v 0.352584 -0.420559 3.815284
v 0.384219 -0.481791 3.533456
v 0.435662 -0.542434 3.110582
v 0.477856 -0.606309 2.693631
v 0.504163 -0.696930 2.148777
v 0.503711 -0.742154 1.813559
v 0.488144 -0.774669 1.224862
v 0.474937 -0.767492 0.985057
v 0.447979 -0.753186 0.697785
v 0.324313 -0.671659 -0.093261
v 0.281172 -0.646958 -0.317216
v 0.213995 -0.602894 -0.688878
v 0.138366 -0.556807 -1.298982
v 0.118503 -0.560576 -1.547020
v 0.093283 -0.552024 -1.909077
v 0.378554 0.289603 4.179319
v 0.529537 0.289052 3.706581
v 0.645665 0.346429 3.316497
v 0.755381 0.405333 2.884627
v 0.825439 0.442967 2.504131
v 0.860949 0.474587 2.012584
v 0.861832 0.488903 1.645278
v 0.810908 0.508554 1.046081
v 0.766968 0.513270 0.801061
v 0.714081 0.509662 0.582660
v 0.482976 0.432049 -0.210199
v 0.403761 0.380966 -0.476075
v 0.304425 0.308716 -0.855248
v 0.186241 0.212057 -1.371773
v 0.137405 0.180577 -1.725199
v 0.111232 0.203418 -2.066280
v 0.209925 0.243532 4.498449
v 0.199235 0.179863 4.523611
v 0.068659 -0.470876 -2.510370
v 0.077266 -0.277590 -2.493429
v 0.083944 0.098115 -2.501473
v 0.377421 -0.204892 4.182993
v 0.443313 -0.083746 4.196051
v 0.464982 0.163874 4.192289
v 0.444584 -0.383322 3.705442
v 0.568118 -0.194296 3.710821
v 0.628579 0.140594 3.705824
v 0.511915 -0.450221 3.326483
v 0.670032 -0.238125 3.330695
v 0.745428 0.179715 3.320489
v 0.588902 -0.505492 2.899426
v 0.777930 -0.267658 2.900370
v 0.856544 0.219005 2.889197
v 0.642243 -0.563271 2.518193
v 0.850774 -0.297920 2.515465
v 0.928177 0.238259 2.507999
v 0.674408 -0.635160 2.000712
v 0.896593 -0.338488 1.988055
v 0.965885 0.250593 2.014320
v 0.667953 -0.672393 1.643711
v 0.891599 -0.356947 1.648754
v 0.966553 0.257004 1.646436
v 0.633779 -0.685718 1.110049
v 0.847095 -0.364734 1.073444
v 0.915585 0.269838 1.040888
v 0.597374 -0.676890 0.828654
v 0.800754 -0.355432 0.821530
v 0.872414 0.275528 0.806563
v 0.558422 -0.660128 0.601411
v 0.752234 -0.341051 0.617964
v 0.823631 0.273943 0.605722
v 0.382504 -0.587190 -0.199556
v 0.514135 -0.317589 -0.231570
v 0.579268 0.227367 -0.226715
v 0.313166 -0.558135 -0.494861
v 0.431842 -0.316142 -0.497643
v 0.497142 0.182126 -0.483150
v 0.228280 -0.521344 -0.887581
v 0.322738 -0.311728 -0.876106
v 0.382371 0.130429 -0.859585
v 0.154195 -0.499317 -1.390538
v 0.206183 -0.308177 -1.387463
v 0.247631 0.066458 -1.376652
v 0.123425 -0.498072 -1.732836
v 0.159471 -0.314059 -1.730506
v 0.187636 0.038657 -1.726599
v 0.099307 -0.479204 -2.059006
v 0.127112 -0.301469 -2.044290
v 0.149570 0.055557 -2.052256
v 0.145825 0.118041 -1.901034
v 0.157714 -0.213401 -1.895884
v 0.124655 -0.405018 -1.898341
v 0.194498 0.127432 -1.534126
v 0.206677 -0.207892 -1.543298
v 0.159968 -0.415129 -1.546194
v 0.241441 0.158737 -1.279357
v 0.252449 -0.194570 -1.290502
v 0.190220 -0.415318 -1.297830
v 0.409053 0.256619 -0.660125
v 0.419626 -0.178867 -0.674432
v 0.325209 -0.442239 -0.684427
v 0.508340 0.314860 -0.331831
v 0.521896 -0.161748 -0.352257
v 0.419559 -0.464517 -0.339440
v 0.571831 0.350794 -0.132209
v 0.586420 -0.149832 -0.150442
v 0.479153 -0.478938 -0.128284
v 0.809412 0.400849 0.694623
v 0.829642 -0.154430 0.712816
v 0.692230 -0.534261 0.709918
v 0.858360 0.400398 0.923832
v 0.878277 -0.166162 0.939113
v 0.739772 -0.547554 0.961564
v 0.892331 0.394117 1.143434
v 0.914374 -0.171927 1.156680
v 0.772758 -0.551191 1.190672
v 0.931139 0.375968 1.825761
v 0.947029 -0.166085 1.821118
v 0.805036 -0.523929 1.821283
v 0.923270 0.364979 2.161098
v 1.105163 -0.201257 2.081206
v 0.786231 -0.535913 2.163627
v 0.863185 0.335878 2.680663
v 0.874122 -0.129728 2.689926
v 0.736822 -0.428724 2.694633
v 0.769685 0.295313 3.100962
v 0.778285 -0.118772 3.114127
v 0.650552 -0.382465 3.114486
v 0.647687 0.236516 3.528672
v 0.659094 -0.105021 3.540373
v 0.551906 -0.327009 3.535991
v 0.556975 0.206516 3.819325
v 0.574032 -0.086865 3.826892
v 0.490178 -0.267804 3.820188
v 0.398643 0.235296 4.248491
v 0.422638 0.018025 4.274504
v 0.388613 -0.083578 4.277239
v 0.093429 0.173486 -2.437172
v 0.097261 -0.176716 -2.411029
v 0.084675 -0.379200 -2.426852
v 0.286299 0.349159 4.235245
v 0.236005 -0.035687 4.458883
v 0.303064 0.262324 4.357776
v 0.286904 0.156600 4.443248
v 0.269983 0.068400 4.458519
v 0.356357 0.039128 4.363915
v 0.373066 0.208244 4.315350
v 0.317025 0.295030 4.298566
v 0.314517 -0.068624 4.372084
v 0.078902 -0.537569 -2.227219
v 0.076096 0.341389 -2.494012
v 0.118644 0.149054 -2.204437
v 0.127284 -0.194465 -2.183640
v 0.102579 -0.388157 -2.192828
v 0.103321 -0.284318 -2.312235
v 0.114798 0.081732 -2.320713
v 0.094658 0.242261 -2.352776
v 0.085056 -0.469642 -2.341077
v 0.228686 -0.032779 -1.539268
v 0.451978 0.049988 -0.666482
v 0.862972 0.141941 0.706671
v 0.944488 0.130748 1.142987
v 0.910251 0.118416 2.685083
v 0.693684 0.075779 3.534917
v 0.102475 0.007089 -2.415237
v 0.139316 -0.013802 -2.188467
v 0.013866 0.167518 -4.167778
v 0.118344 -0.089988 -2.310002
v 0.193158 -0.125160 -1.728994
v 0.386641 -0.072475 -0.864872
v 0.154838 -0.113608 -2.044754
v 0.372388 0.127980 4.347588
v -0.000000 0.318912 4.498718
v 0.069001 0.017077 -2.543298
v 0.151688 0.285901 4.508643
v 0.285175 0.221734 4.422394
v 0.433698 0.129421 4.264305
v 0.603366 0.067239 3.824088
v 0.815496 0.101280 3.107635
v 0.975232 0.136200 2.159195
v 0.980886 0.122842 1.827080
v 0.909745 0.137489 0.927461
v 0.618709 0.120664 -0.147181
v 0.555071 0.091877 -0.344943
v 0.278237 -0.010464 -1.285450
v 0.176162 -0.038560 -1.897068
v 0.932870 0.001150 2.511144
v 0.973203 -0.025174 1.987393
v 0.833462 0.007904 0.616769
v 0.925853 -0.007283 1.048664
v 0.584513 -0.013623 -0.239743
v 0.500680 -0.043649 -0.492998
v 0.252804 -0.104869 -1.382062
v 0.209704 0.275325 4.460961
v 0.084904 -0.076081 -2.486086
v 0.632118 -0.009164 3.712031
v 0.859771 0.001050 2.895006
v 0.065089 0.206212 -2.579978
v 0.314486 -0.790117 0.574851
v 0.064714 -0.173557 -2.536150
v 0.507491 0.544347 2.881993
v 0.062160 0.386642 -2.421624
v 0.747607 -0.006116 3.328805
v 0.066027 -0.577382 -2.081020
v 0.214457 -0.146181 4.377246
v 0.880635 0.001311 0.813744
v 0.163849 0.024469 4.523256
v 0.176235 0.354678 4.380212
v 0.054514 -0.570675 -2.537956
v 0.019481 0.595069 -2.739638
v 0.000000 -0.640898 -1.333184
v 0.142649 0.551399 3.313147
v 0.021778 0.375060 -2.111469
v 0.471210 0.034794 4.198207
v 0.035796 -0.803172 0.002315
v 0.112832 0.486775 3.706702
v 0.025656 0.347523 -1.730322
v 0.019962 -0.621655 -2.402930
v 0.000000 -1.157629 -0.329470
v 0.076170 0.462194 4.181235
v 0.038324 0.377700 -1.367075
v 0.036595 -0.625167 -1.389469
v 0.082547 -0.317776 4.184550
v 0.973133 -0.011340 1.649146
v 0.030675 1.071602 -1.020244
v 0.027177 -0.628321 -1.742872
v 0.090825 -0.535729 3.705443
v 0.027020 0.433551 -1.199350
v 0.092454 -0.599977 3.328212
v -0.000000 0.697083 -1.925275
v 0.067278 0.428528 4.296474
v 0.087421 -0.662228 2.904018
v 0.077677 -0.728999 2.516470
v 0.025268 -0.815807 1.996382
v 0.068362 0.798228 0.279356
v 0.039109 -0.863641 1.590734
v 0.046828 0.268783 4.568424
v 0.197073 0.773682 1.645714
v 0.086037 -0.871429 1.164972
v 0.045767 0.175591 4.586625
v 0.196867 0.747416 2.011685
v 0.101093 -0.852949 0.832087
v 0.049862 0.017799 -2.599610
v 0.188072 0.688905 2.500650
v -0.000000 0.678720 2.674143
v 0.000000 -0.852496 0.670679
v 0.000000 -0.658185 -2.509875
v -0.000000 0.719668 2.375082
v 0.000000 -0.871261 1.013682
v -0.000000 0.102970 4.580373
v -0.000000 0.776709 1.825422
v -0.000000 0.234040 4.586330
v 0.000000 -0.881006 1.265995
v -0.000000 0.412453 4.352866
v -0.000000 0.297290 4.552923
v 0.870267 -0.365391 1.255817
v 0.000000 -0.704161 2.694742
v 0.000000 -0.081546 4.476631
v 0.113241 0.817590 0.616845
v 0.000000 -0.639176 3.116567
v -0.000000 0.456460 4.242734
v 0.038546 0.524245 -0.857701
v 0.000000 -0.577952 3.535028
v 0.000000 -0.627608 -1.933069
v 0.044337 0.773997 0.044912
v 0.000000 -0.510758 3.817046
v 0.000000 -0.635700 -1.547271
v 0.036575 0.847086 -0.744506
v 0.000000 -0.257095 4.283690
v 0.104707 -0.753649 -0.136449
v -0.000000 0.544501 -2.635133
v -0.000000 0.370715 -1.529055
v -0.000000 0.479667 4.115742
v 0.039752 -0.669208 -0.903845
v 0.000000 -0.616281 -2.269883
v -0.000000 0.362390 -1.925884
v -0.000000 0.524373 3.526677
v 0.016228 -0.785959 -1.694168
v -0.000000 0.420059 -2.302497
v -0.000000 0.605465 3.094557
v 0.034133 0.556951 -2.767144
v 0.089533 -0.705281 -0.482293
v -0.000000 0.636267 -2.796861
v 0.012897 -0.385510 -4.149032
v 0.050086 0.307281 4.525335
v 0.033291 -0.648984 -2.607198
v 0.099203 -0.835620 0.547026
v 0.000000 -0.769356 -4.169651
v 0.170419 0.632381 2.880206
v 0.020689 0.466505 -2.475699
v 0.022166 -0.611829 -2.102879
v 0.072090 -0.170191 4.384000
v 0.055351 0.016166 4.540894
v 0.059955 0.383074 4.395127
v 0.019699 -0.680671 -2.574481
v 0.059247 0.423172 -2.622803
v 0.233493 -0.706373 -0.164862
v 0.425346 0.474974 3.315422
v 0.066612 0.313980 -2.089716
v 0.188338 -0.666958 -0.488519
v 0.339865 0.416952 3.701319
v 0.078692 0.284139 -1.726838
v 0.058431 -0.578902 -2.379858
v 0.137934 -0.615488 -0.890971
v 0.231339 0.398379 4.174048
v 0.108112 0.312823 -1.369781
v 0.101490 -0.590443 -1.390905
v 0.246268 -0.292229 4.177193
v 0.182778 0.433638 -0.851386
v 0.081022 -0.594952 -1.737204
v 0.275081 -0.490668 3.704631
v 0.248406 0.524729 -0.466791
v 0.299484 -0.552349 3.325725
v 0.308897 0.588693 -0.177717
v 0.201337 0.384522 4.289653
v 0.319930 -0.615626 2.898688
v 0.475249 0.690221 0.543344
v 0.323554 -0.683444 2.519876
v 0.516629 0.696079 0.796704
v 0.317943 -0.770604 1.994910
v 0.550563 0.691923 1.069672
v 0.310133 -0.815002 1.638887
v 0.142698 0.247405 4.547668
v 0.586380 0.665390 1.646204
v 0.329154 -0.823032 1.139966
v 0.139036 0.161466 4.562294
v 0.585766 0.643675 2.011340
v 0.330769 -0.807474 0.831927
v 0.057889 -0.388895 -2.551317
v 0.559721 0.595381 2.501613
v 0.048832 0.381220 -2.674867
v 0.172579 -0.744517 -0.061662
v 0.055131 0.109391 -2.589406
v 0.315000 0.559576 3.095931
v 0.042629 0.387446 -2.284731
v 0.151703 -0.714868 -0.296808
v 0.253906 0.484315 3.530085
v 0.046220 0.327790 -1.919266
v 0.041461 -0.594055 -2.252832
v 0.115035 -0.660410 -0.688851
v 0.164099 0.440446 4.110659
v 0.061758 0.332644 -1.531107
v 0.040343 0.499633 -2.605160
v 0.074504 -0.608330 -1.300095
v 0.156851 -0.241364 4.279015
v 0.105924 0.424149 -1.038382
v 0.061736 -0.613363 -1.548746
v 0.179259 -0.483357 3.815871
v 0.148174 0.524029 -0.650939
v 0.048524 -0.605964 -1.921604
v 0.187097 -0.547314 3.534173
v 0.195037 0.615932 -0.285121
v 0.143610 0.425752 4.237014
v 0.192712 -0.610021 3.113377
v 0.315435 0.747121 0.424390
v 0.127457 -0.069508 4.469141
v 0.185169 -0.678633 2.696969
v 0.343740 0.758620 0.645423
v 0.162772 -0.776747 2.148749
v 0.369957 0.761075 0.953167
v 0.162669 -0.822487 1.812278
v 0.096703 0.284058 4.542479
v 0.126574 0.392567 4.344692
v 0.180418 -0.856444 1.249365
v 0.090974 0.222815 4.572720
v 0.394753 0.719403 1.825438
v 0.098181 0.102166 4.566623
v 0.202855 -0.843857 1.001877
v 0.043700 -0.524479 -2.583451
v 0.383710 0.667046 2.375446
v 0.038729 -0.627648 -2.498588
v 0.208112 -0.824284 0.682954
v 0.047916 -0.282155 -2.570570
v 0.361681 0.627484 2.675195
v 0.054295 -0.075157 -2.567667
v 0.104411 0.305076 4.490090
v 0.471791 0.551630 0.038829
v 0.511638 0.571564 0.178624
v 0.398648 -0.715483 0.321408
v 0.370786 -0.698613 0.159116
v 0.710789 0.390435 0.325992
v 0.668573 0.378124 0.173071
v 0.726480 -0.145490 0.332877
v 0.679964 -0.146196 0.165509
v 0.602360 -0.504446 0.335234
v 0.556446 -0.493489 0.162194
v 0.760571 0.142291 0.329707
v 0.715578 0.134619 0.168909
v -0.000000 0.783806 0.089827
v -0.000000 0.775446 0.178895
v 0.000000 -0.819588 0.291423
v 0.000000 -0.803445 0.155654
v 0.191246 -0.788562 0.303632
v 0.181968 -0.771906 0.157495
v 0.248082 0.696168 0.061159
v 0.264926 0.719399 0.180035
v 0.380058 0.643291 0.116464
v 0.408831 0.662264 0.241846
v 0.283679 -0.752680 0.232671
v 0.267510 -0.737090 0.091288
v 0.092562 -0.801262 0.225847
v 0.091813 -0.786583 0.093831
v 0.131814 0.750439 0.123016
v 0.725005 0.265768 0.243807
v 0.681994 0.256380 0.098923
v 0.651146 -0.326019 0.242815
v 0.607556 -0.322118 0.090342
v 0.729898 0.006440 0.242805
v 0.685941 0.001614 0.093802
v 0.623930 0.487469 0.245154
v 0.583462 0.473333 0.106987
v 0.485298 -0.625826 0.239769
v 0.451572 -0.611981 0.089247
v 0.733749 0.595797 1.332392
v 0.391155 0.748428 1.346759
v 0.313739 -0.826005 1.429373
v 0.579507 0.677542 1.423153
v 0.200385 0.789188 1.427443
v 0.067158 -0.870567 1.437986
v 0.956688 0.260239 1.419560
v 0.882609 -0.364483 1.427322
v 0.963845 -0.012747 1.423416
v 0.852009 0.495885 1.419392
v 0.658918 -0.683978 1.428420
v 0.032442 1.223139 0.765268
v 0.116079 0.822036 0.988775
v 0.056438 0.829448 1.313325
v -0.000000 0.799044 1.515874
v 0.030213 1.210307 0.975405
v 0.028851 1.270033 0.497658
v -0.000000 1.282786 0.263794
v 0.050918 1.024963 0.787976
v 0.746033 0.588931 1.516497
v 0.392456 0.739169 1.517623
v 0.494908 -0.770029 1.516097
v 0.926037 0.383348 1.515725
v 0.941795 -0.171725 1.522442
v 0.797294 -0.545378 1.520687
v 0.975528 0.125737 1.519078
v 0.000000 -0.845855 1.750505
v 0.157543 -0.853052 1.513400
v 0.224265 0.792893 1.292545
v 0.142203 0.770112 0.235215
v -0.000000 0.830752 1.383051
v 0.650238 -0.686790 1.283242
v 0.178711 0.780118 0.336471
v 0.949922 -0.011261 1.236937
v 0.940260 0.264357 1.233873
v 0.319428 -0.827826 1.303520
v 0.835397 0.502094 1.239020
v 0.071006 -0.874196 1.318412
v 0.716282 0.602615 1.156837
v 0.165216 -0.856623 1.366787
v 0.930678 -0.173206 1.333607
v 0.912148 0.388339 1.327099
v 0.095795 -0.818910 0.367406
v 0.772269 0.274229 0.419793
v 0.525846 -0.641553 0.422703
v 0.198636 -0.807128 0.463622
v 0.779887 0.009793 0.426807
v 0.702715 -0.332134 0.433134
v 0.000000 -0.878432 1.375904
v 0.962715 0.127219 1.327046
v 0.439570 0.676453 0.373659
v 0.491353 -0.774481 1.358502
v 0.786984 -0.549503 1.347037
v 0.386620 0.754620 1.193950
v 0.000000 -0.836426 0.440295
v 0.568825 0.684492 1.255888
v 0.758415 0.397436 0.503818
v 0.779627 -0.146811 0.525666
v 0.648844 -0.517875 0.522606
v 0.812905 0.143915 0.518387
v 0.423473 -0.734272 0.495154
v 0.288198 0.735238 0.293994
v 0.300997 -0.770983 0.395016
v 0.666734 0.500848 0.405644
v 0.224093 0.798425 1.123790
v 0.199127 0.791041 0.493279
v 0.112659 0.817092 1.248571
v 0.548108 0.586427 0.316093
v 0.082935 0.815857 1.362584
v 0.103304 0.805511 0.381482
v 0.215549 0.800904 0.796072
v 0.107009 0.604455 -0.449442
v 0.079919 0.498510 -0.848270
v 0.130817 0.694567 -0.112165
v 0.043956 0.461710 -1.039266
v 0.024086 0.406282 -1.273129
v 0.067761 0.679340 -0.242874
v 0.075292 0.746927 0.001564
v 0.056780 0.567663 -0.648945
v 0.159918 0.281303 -1.276176
v 0.159968 -0.567084 -1.074388
v 0.301656 0.195411 -1.045292
v 0.311779 -0.189510 -1.056443
v 0.234498 -0.423157 -1.069087
v 0.340520 0.011833 -1.050289
v 0.047219 -0.730655 -0.491367
v 0.086907 -0.619020 -1.075790
v 0.081274 0.364650 -1.274658
v 0.131650 0.349192 -1.186493
v 0.112710 -0.592818 -1.215144
v 0.061372 -0.780556 -0.039546
v 0.290276 0.088207 -1.193983
v 0.241472 -0.307383 -1.207215
v 0.295210 -0.092729 -1.199181
v 0.223371 0.242976 -1.189178
v 0.175715 -0.502931 -1.213855
v 0.057905 0.409689 -1.185430
v 0.347952 -0.684838 0.027041
v 0.622182 0.366441 0.024021
v 0.634214 -0.147662 0.011764
v 0.518272 -0.485964 0.016305
v 0.668192 0.129402 0.014852
v 0.027999 -1.153524 -0.597207
v 0.176991 -0.757813 0.039265
v 0.427781 0.529716 -0.109297
v 0.229069 0.670295 -0.059358
v 0.141818 0.729739 0.026246
v 0.347126 0.618394 -0.018888
v 0.254049 -0.724002 -0.019956
v 0.067415 -0.648371 -0.891716
v 0.631006 0.248235 -0.062970
v 0.563676 -0.320132 -0.065118
v 0.635908 -0.001548 -0.071157
v 0.535026 0.455550 -0.047522
v 0.421000 -0.602134 -0.044282
v 0.057003 0.765733 0.079297
v 0.042356 -0.795336 0.046470
v 0.024211 -0.632965 -1.298629
v 0.042651 -0.640763 -1.078113
v 0.062032 -0.746276 -0.284342
v 0.054114 -0.685439 -0.690192
v 0.105892 -0.772178 0.002210
v 0.053215 -0.624117 -1.215848
v 0.743787 0.555165 2.159115
v 0.496012 -0.659494 2.386953
v 0.907883 0.354443 2.379860
v 0.920784 -0.142587 2.386683
v 0.781324 -0.467286 2.386718
v 0.956238 0.121642 2.382013
v -0.000000 0.747103 2.158899
v 0.000000 -0.785152 2.218441
v 0.165793 -0.736868 2.391450
v 0.391031 0.692764 2.158150
v 0.576662 0.620605 2.272518
v 0.313442 -0.728701 2.275337
v 0.193794 0.718769 2.272350
v 0.952528 0.244716 2.276138
v 0.878752 -0.312837 2.303088
v 0.956045 -0.015544 2.296437
v 0.848434 0.459700 2.274666
v 0.663016 -0.599836 2.274508
v 0.078692 -0.862782 1.589018
v 0.046177 -0.792666 2.162124
v 0.039127 -0.765938 2.335367
v 0.078059 -0.766140 2.311587
v 0.048100 -0.840555 1.803818
v 0.000000 -0.268016 -4.349540
v 0.004635 0.424641 -4.187804
v 0.004678 -0.543540 -4.289922
v 0.000000 -0.449150 -4.341694
v 0.000000 -0.615468 -4.275257
v 0.000000 -0.030015 -4.331100
v -0.000000 0.287838 -4.265106
v 0.004898 -0.167548 -4.313851
v 0.004851 0.131179 -4.320326
v 0.004811 -0.355256 -4.361014
v 0.004561 -0.686462 -4.239783
v 0.008812 0.302932 -4.232407
v 0.009857 -0.023544 -4.272353
v 0.007877 -0.638403 -4.231761
v 0.008600 -0.465444 -4.275659
v 0.009662 -0.272575 -4.280879
v 0.039498 -0.406502 -2.598043
v 0.043130 0.273631 -2.828458
v 0.036194 0.307354 -3.187932
v 0.028934 0.279104 -3.531041
v 0.021665 0.226392 -3.850097
v 0.014996 -0.162598 -4.138018
v 0.023900 -0.134050 -3.802598
v 0.031239 -0.086634 -3.461121
v 0.038500 -0.037350 -3.112146
v 0.008927 0.476611 -4.145748
v 0.012754 0.600338 -3.910501
v 0.018628 0.708777 -3.626769
v 0.024676 0.730618 -3.292521
v -0.000000 0.537309 -4.141678
v -0.000000 0.682709 -3.927978
v -0.000000 0.808149 -3.653994
v -0.000000 0.829221 -3.319490
v 0.041237 -0.211305 -2.753697
v 0.034301 -0.289835 -3.086720
v 0.027040 -0.357719 -3.451942
v 0.019789 -0.395715 -3.790852
v 0.007872 -0.745734 -4.157548
v 0.008700 -0.896275 -3.960212
v 0.015061 -0.955713 -3.626514
v 0.023769 -0.866035 -3.114581
v 0.000000 -0.784047 -2.728752
v 0.000000 -0.931834 -3.115097
v 0.000000 -1.016793 -3.650551
v 0.000000 -0.941427 -3.986438
v 0.009687 -0.606721 -4.135060
v 0.012976 -0.678732 -3.850240
v 0.020203 -0.677412 -3.517387
v 0.028129 -0.580672 -3.098316
v 0.015165 0.761625 -3.097848
v 0.011714 0.832052 -3.517754
v 0.008252 0.729945 -3.765477
v 0.005402 0.609626 -4.069448
v 0.034322 -0.368221 -2.903702
v 0.027089 -0.481160 -3.285766
v 0.019724 -0.526583 -3.649474
v 0.013272 -0.528968 -3.971741
v 0.035530 0.508382 -3.042892
v 0.028477 0.542212 -3.435274
v 0.021381 0.473904 -3.720004
v 0.014737 0.394912 -4.041485
v 0.015685 -0.845229 -2.883549
v 0.011573 -0.982490 -3.387125
v 0.006008 -0.991345 -3.854554
v 0.004673 -0.853589 -4.073574
v 0.040665 -0.133008 -2.921516
v 0.033461 -0.196998 -3.270522
v 0.026192 -0.246254 -3.621869
v 0.018607 -0.282374 -3.963188
v 0.030804 -0.663328 -2.892669
v 0.023061 -0.806502 -3.348787
v 0.013766 -0.834296 -3.766241
v 0.009583 -0.756204 -4.027545
v 0.041828 0.123373 -2.963225
v 0.034624 0.097583 -3.320724
v 0.027355 0.053451 -3.654268
v 0.019580 0.009611 -3.992657
v 0.008513 1.319192 0.356655
v 0.020579 1.332460 0.634668
v 0.010070 1.358716 0.741997
v 0.020387 1.329590 0.832578
v 0.009756 1.383424 0.521102
v 0.009679 1.380085 0.893402
v -0.000000 1.385897 0.812672
v -0.000000 1.322107 1.012750
v -0.000000 1.377278 0.634462
v -0.000000 1.363377 0.435965
v 0.019241 1.273878 1.031030
v 0.010752 1.214856 1.134896
v 0.017165 1.336869 0.419214
v 0.056875 0.817303 0.314362
v 0.024472 1.130421 1.171078
v 0.046496 0.991126 1.081728
v 0.045053 1.063701 0.474025
v -0.000000 1.136279 0.194407
v -0.000000 1.111726 1.227521
v 0.015602 1.281106 0.299543
v 0.028740 1.195791 0.344364
v 0.008747 1.227532 0.204566
v 0.037502 1.057652 1.141578
v 0.041627 1.095884 0.918524
v 0.042119 1.136871 0.631758
v 0.018001 1.027973 1.264524
v 0.044910 0.879207 1.292748
v 0.075283 0.836477 0.797069
v -0.000000 0.878444 1.357948
v 0.042245 0.918758 0.292051
v 0.069233 0.833173 1.157910
v 0.071096 0.826006 0.465527
v -0.000000 0.814328 0.259473
v 0.027382 0.847409 1.352356
v 0.066306 0.855737 0.613192
v 0.064615 0.856967 0.988226
v 0.057273 0.848817 1.248334
v 0.027650 0.850168 0.268720
v 0.059232 0.850125 0.366459
v 0.011937 0.948404 -1.402127
v 0.014474 1.139846 -1.093377
v 0.015705 1.200920 -0.716546
v -0.000000 1.181839 -0.903645
v -0.000000 1.060677 -1.240081
v -0.000000 0.846791 -1.651698
v -0.000000 1.238141 -0.608850
v 0.018016 0.831517 -1.624930
v 0.009037 0.760050 -1.849952
v 0.026555 1.159243 -0.879979
v 0.028692 1.218560 -0.588534
v 0.023621 1.037037 -1.218466
v 0.017226 1.252612 -0.538145
v 0.048142 0.740414 -0.080205
v 0.018605 0.648377 -1.744617
v -0.000000 0.561087 -1.721800
v 0.028281 0.813694 -1.272113
v 0.033153 1.098964 -0.320877
v -0.000000 1.108919 -0.276337
v 0.036146 1.055538 -0.530612
v 0.032709 0.845143 -1.011845
v 0.020121 1.044074 -0.201190
v 0.010753 0.588664 -1.795035
v 0.036229 0.962912 -0.637973
v 0.038595 1.027251 -0.326355
v 0.025707 0.685082 -1.473557
v 0.024107 0.501692 -1.347756
v 0.034883 0.600788 -0.958637
v 0.038654 0.846083 -0.029364
v 0.044718 0.636954 -0.450143
v -0.000000 0.854544 0.015939
v 0.042748 0.813685 -0.183480
v -0.000000 0.414468 -1.305864
v 0.032173 0.495674 -1.088280
v 0.045061 0.788348 -0.021423
v 0.042832 0.719358 -0.277584
v 0.013917 0.439237 -1.329531
v 0.023285 0.804324 0.052065
v 0.039312 0.604943 -0.687829
v 0.011957 -1.266141 -0.723579
v 0.013470 -1.228898 -0.992955
v 0.010186 -1.071211 -1.368195
v 0.000000 -1.174602 -1.167821
v 0.000000 -1.265710 -0.857639
v 0.000000 -0.942244 -1.595184
v 0.019953 -1.224672 -0.557221
v 0.000000 -1.257497 -0.592032
v 0.010879 -1.217750 -0.457455
v 0.008034 -0.820994 -1.747016
v 0.015764 -0.921762 -1.562961
v 0.023760 -1.223401 -0.818248
v 0.022159 -1.134834 -1.133671
v 0.000000 -0.746238 -1.787881
v 0.021170 -1.154810 -0.374679
v 0.000000 -0.953642 -0.085279
v 0.024379 -0.975359 -1.274523
v 0.023398 -0.692198 -1.444488
v 0.031091 -1.109190 -0.881065
v 0.036999 -0.921455 -0.312998
v 0.024935 -0.803145 -1.410845
v 0.029968 -1.053866 -0.342764
v 0.034877 -1.023466 -0.604194
v 0.013983 -1.065197 -0.215536
v 0.032955 -0.946643 -0.953888
v 0.010871 -0.711096 -1.686204
v 0.000000 -0.675569 -1.544014
v 0.028455 -0.945096 -0.133828
v 0.033302 -0.782238 -1.050610
v 0.040157 -0.870125 -0.638395
v 0.000000 -0.814233 0.052431
v 0.028831 -0.640010 -1.233069
v 0.044802 -0.782956 -0.137282
v 0.014807 -0.651300 -1.378087
v 0.041168 -0.739457 -0.742047
v 0.017919 -0.855034 -0.004748
v 0.043090 -0.804288 -0.345387
v 0.038010 -0.839793 -0.095288
v 0.032976 -0.675189 -1.147612
v 0.106722 -0.970516 1.916122
v 0.087092 -0.792850 2.141703
v 0.087874 -0.835333 1.819143
v 0.076910 -0.862166 1.626774
v 0.060253 -0.797037 2.142199
v 0.073780 -0.777105 2.271282
v 0.062600 -0.839616 1.820249
v 0.089855 -0.775584 2.245155
v 0.100091 -0.808594 1.995054
v 0.091323 -0.852699 1.670754
v 0.065625 -0.856609 1.674036
v 0.055540 -0.815763 1.995590
v 0.062136 -0.779700 2.245995
v 0.120179 -1.265906 1.908199
v 0.123733 -1.130493 1.954019
v 0.117372 -1.025183 1.693410
v 0.100901 -0.958004 1.518340
v 0.099615 -1.133871 1.952525
v 0.112092 -1.168298 2.039153
v 0.094785 -1.028888 1.692320
v 0.084449 -0.859313 1.674281
v 0.087169 -1.003705 2.120896
v 0.082926 -0.794772 2.229762
v 0.070445 -0.861641 1.675594
v 0.062166 -0.827102 1.989481
v 0.142615 -1.180558 1.367705
v 0.154878 -1.281233 1.759220
v 0.148057 -1.154025 1.538816
v 0.131146 -1.079525 1.379878
v 0.130760 -1.284537 1.757375
v 0.143257 -1.333570 1.820306
v 0.125470 -1.157700 1.537351
v 0.135699 -1.263694 1.908785
v 0.123703 -1.032641 1.492617
v 0.109932 -1.035271 1.492468
v 0.138498 -1.167477 1.758739
v 0.112531 -1.171136 1.756307
v 0.183245 -1.402655 1.534727
v 0.187413 -1.342915 1.570503
v 0.182184 -1.281677 1.390324
v 0.166796 -1.254386 1.286959
v 0.163294 -1.346219 1.568658
v 0.175723 -1.376490 1.646936
v 0.159596 -1.285352 1.388860
v 0.144131 -1.270832 1.578429
v 0.151508 -1.347800 1.714441
v 0.170098 -1.267189 1.580910
v 0.156386 -1.177920 1.367884
v 0.167028 -1.345587 1.715054
v 0.206383 -1.419519 1.277477
v 0.209719 -1.419182 1.393798
v 0.209362 -1.388335 1.239491
v 0.201206 -1.379480 1.197282
v 0.193593 -1.421386 1.392535
v 0.201310 -1.433274 1.463294
v 0.194226 -1.390779 1.238473
v 0.198166 -1.400533 1.535348
v 0.193617 -1.331471 1.251261
v 0.180341 -1.333992 1.251048
v 0.202586 -1.361979 1.385647
v 0.177700 -1.365470 1.383269
v 0.088487 -0.822668 1.989547
v 0.096861 -0.920440 1.621903
v 0.067168 -0.796982 2.230471
v 0.102689 -1.001512 2.120856
v 0.083090 -0.922905 1.622456
v 0.080754 -0.974528 1.914841
v 0.069024 -0.867435 2.106849
v 0.069873 -0.878332 1.797905
v 0.093142 -0.863756 2.106925
v 0.081422 -0.880995 1.608780
v 0.092461 -0.874507 1.797486
v 0.081254 -0.859349 2.227162
v 0.062776 0.900607 0.792366
v 0.056923 0.887472 1.131693
v 0.058358 0.900666 0.468903
v -0.000000 0.922925 0.245010
v 0.036838 0.970321 1.250829
v -0.000000 0.964526 1.313669
v 0.024715 1.122708 0.244520
v 0.023453 0.919248 1.319708
v 0.056098 0.963290 0.621637
v 0.054988 0.946557 0.961287
v 0.048993 0.926031 1.208498
v 0.017999 1.023622 0.232207
v 0.044648 0.993966 0.352031
v 0.033577 0.961458 -0.896007
v -0.000000 0.614889 -1.865613
v 0.016545 0.727444 -1.810824
v 0.025489 0.898325 -1.353895
v 0.030703 1.211246 -0.482911
v -0.000000 1.228331 -0.457870
v 0.033190 1.149184 -0.652768
v 0.030180 0.943669 -1.122566
v 0.018909 1.168734 -0.373864
v 0.009542 0.655572 -1.880013
v 0.033700 1.064934 -0.768322
v 0.036119 1.134725 -0.471923
v 0.023232 0.760015 -1.561454
v 0.040179 0.713213 -0.554355
v -0.000000 0.481438 -1.459127
v 0.021104 0.588382 -1.599588
v 0.031279 0.721260 -1.141705
v 0.035652 0.974660 -0.167492
v -0.000000 0.981873 -0.116962
v 0.039145 0.943670 -0.373647
v 0.029104 0.601319 -1.282319
v 0.041991 0.900137 -0.163242
v 0.039697 0.834740 -0.449895
v 0.012415 0.532244 -1.573374
v 0.021783 0.914761 -0.060378
v 0.036177 0.723533 -0.841992
v 0.045436 0.002356 -2.775979
v 0.030456 0.627341 -2.917530
v -0.000000 0.711960 -2.939603
v 0.029669 -0.720049 -2.733099
v 0.035095 -0.453612 -2.742802
v 0.047495 0.235661 -2.649757
v 0.045660 -0.178628 -2.588486
v 0.000000 -0.707847 -2.608125
v 0.047687 0.115549 -2.672498
v 0.036542 -0.559076 -2.645252
v 0.046524 -0.086013 -2.645756
v 0.018492 -0.723117 -2.646302
v 0.041267 0.425987 -2.763283
v 0.040181 -0.297515 -2.640628
v 0.017973 0.650620 -2.839907
v 0.432765 0.337455 3.828104
v 0.394319 0.337263 3.960575
v 0.329374 -0.304193 4.096521
v 0.340876 -0.363302 3.958041
v 0.461305 0.219359 4.117979
v 0.508527 0.211978 3.971986
v 0.485451 -0.052572 4.124555
v 0.529220 -0.070787 3.978581
v 0.437301 -0.175807 4.113007
v 0.463424 -0.222460 3.969094
v 0.505727 0.087660 4.124955
v 0.554104 0.076434 3.977666
v 0.000000 -0.369840 4.104611
v 0.000000 -0.441223 3.962953
v -0.000000 0.485621 3.819473
v -0.000000 0.482327 3.970619
v 0.182946 0.459262 3.827074
v 0.164701 0.455610 3.961180
v 0.169653 -0.352468 4.099249
v 0.174546 -0.418878 3.959656
v 0.257252 -0.369018 4.025811
v 0.264320 -0.429705 3.889389
v 0.223736 0.449982 3.893954
v 0.262693 0.402403 4.045022
v 0.095122 0.474353 3.896856
v 0.086968 0.470812 4.041815
v 0.086134 -0.400227 4.031575
v 0.088416 -0.468253 3.892271
v 0.519184 0.148886 4.049046
v 0.566589 0.139776 3.901144
v 0.484653 -0.130839 4.047394
v 0.519659 -0.160655 3.902489
v 0.524403 0.009351 4.052613
v 0.571100 -0.001180 3.905791
v 0.426423 0.284624 4.039958
v 0.473782 0.278813 3.896987
v 0.400896 -0.273519 4.032362
v 0.417799 -0.326563 3.892764
v 0.296637 0.419198 3.809034
v 0.383118 0.366855 3.867958
v 0.350520 0.372142 3.953400
v 0.223056 0.449724 3.865138
v 0.223650 0.438329 3.951592
v 0.298390 0.395491 3.981353
v 0.259116 0.436476 3.799572
v 0.374576 0.381009 3.800564
v 0.386692 0.360221 3.896133
v 0.329766 0.377035 3.987550
v 0.206947 0.450605 3.894048
v 0.225572 0.430613 3.988071
v 0.347983 0.388028 3.826809
v 0.330698 0.401544 3.809623
v 0.373040 0.376084 3.838747
v 0.371428 0.365071 3.924754
v 0.243617 0.442709 3.836544
v 0.213263 0.447614 3.922227
v 0.264984 0.413032 3.980865
v 0.314042 0.412831 3.816728
v 0.272265 0.428023 3.825229
v 0.241292 0.446030 3.854311
v 0.284739 0.401718 3.974308
v 0.326398 0.386664 3.965029
v 0.357754 0.368321 3.936521
v 0.375339 0.364343 3.896672
v 0.373499 0.376186 3.857146
v 0.291161 0.418881 3.816587
v 0.378383 0.365178 3.875515
v 0.343919 0.372943 3.953369
v 0.224838 0.446277 3.872359
v 0.232131 0.431991 3.951091
v 0.304829 0.390837 3.973326
v 0.331823 0.397407 3.817404
v 0.363829 0.377726 3.838821
v 0.371061 0.363433 3.917552
v 0.252031 0.436772 3.836543
v 0.217518 0.444532 3.914396
v 0.264174 0.412313 3.972509
v 0.270525 0.429074 3.823944
v 0.312451 0.410852 3.812333
v 0.374136 0.370387 3.855703
v 0.380264 0.364036 3.896542
v 0.359967 0.367004 3.937020
v 0.326573 0.382684 3.967643
v 0.217960 0.447430 3.893323
v 0.233739 0.446801 3.852242
v 0.246131 0.423194 3.964375
v 0.219267 0.443393 3.934935
v 0.283323 0.404068 3.977623
v 0.352205 0.388497 3.823881
v 0.291682 0.418409 3.817735
v 0.376293 0.366202 3.875756
v 0.342433 0.373819 3.952702
v 0.226965 0.445090 3.872557
v 0.234180 0.431014 3.950418
v 0.304523 0.391172 3.972200
v 0.330864 0.397714 3.818542
v 0.361973 0.378562 3.839516
v 0.369081 0.364475 3.917375
v 0.253703 0.435755 3.837232
v 0.219758 0.443363 3.914176
v 0.265353 0.411868 3.971393
v 0.271590 0.427935 3.824796
v 0.311899 0.408135 3.814502
v 0.372257 0.370856 3.856113
v 0.377138 0.362897 3.896596
v 0.358299 0.367502 3.936639
v 0.325042 0.381118 3.965625
v 0.219948 0.445933 3.893304
v 0.236647 0.442521 3.853046
v 0.247676 0.422090 3.963536
v 0.222571 0.439151 3.934044
v 0.284123 0.401326 3.975411
v 0.349254 0.386986 3.825877
v 0.236818 0.452043 3.895147
v 0.347650 0.401553 3.837041
v 0.316093 0.419430 3.827355
v 0.281552 0.436466 3.835660
v 0.252230 0.448574 3.860347
v 0.292437 0.413500 3.965847
v 0.326939 0.396459 3.957541
v 0.356181 0.384345 3.932852
v 0.371536 0.380870 3.898051
v 0.368287 0.387262 3.862835
v 0.296397 0.426175 3.822111
v 0.377300 0.376241 3.877707
v 0.344865 0.383535 3.951478
v 0.234465 0.451701 3.874631
v 0.241383 0.438212 3.949284
v 0.308618 0.400127 3.970141
v 0.333825 0.406406 3.822885
v 0.363580 0.388085 3.842967
v 0.370389 0.374585 3.917618
v 0.260080 0.442759 3.840773
v 0.227559 0.450045 3.914542
v 0.271202 0.419897 3.969367
v 0.227512 0.442708 3.934072
v 0.251122 0.426439 3.963458
v 0.335515 0.410148 3.856925
v 0.314187 0.422188 3.850834
v 0.290972 0.433676 3.855995
v 0.271794 0.441534 3.872738
v 0.321519 0.406710 3.938362
v 0.340666 0.398875 3.921634
v 0.350926 0.396578 3.898147
v 0.348834 0.400834 3.874389
v 0.276987 0.430240 3.937432
v 0.298351 0.418230 3.943537
v 0.300827 0.428952 3.839772
v 0.363341 0.390369 3.882730
v 0.338278 0.396005 3.939733
v 0.252972 0.448677 3.880353
v 0.258317 0.438254 3.938038
v 0.310270 0.408825 3.954154
v 0.329748 0.413677 3.840369
v 0.352739 0.399521 3.855887
v 0.358001 0.389089 3.913570
v 0.272765 0.441767 3.854191
v 0.247635 0.447397 3.911193
v 0.281358 0.424102 3.953556
v 0.240133 0.445658 3.930364
v 0.260859 0.431375 3.956160
v 0.322313 0.412709 3.897793
v 0.291253 0.429118 3.897124
v 0.302413 0.420008 3.922994
v 0.305295 0.420694 3.906704
v 0.317142 0.413276 3.915362
v 0.290387 0.427412 3.914788
v 0.308451 0.421240 3.888431
v 0.311155 0.421944 3.872021
v 0.323196 0.414522 3.880246
v 0.296439 0.428658 3.879673
v 0.302408 0.427421 3.863259
v 0.337790 0.405539 3.888146
v 0.323643 0.408162 3.924747
v 0.278768 0.436720 3.886875
v 0.280209 0.431111 3.923826
v 0.310749 0.414064 3.931388
v 0.322350 0.416888 3.863675
v 0.332932 0.410372 3.870822
v 0.334388 0.404776 3.907805
v 0.289491 0.433320 3.869901
v 0.275368 0.435958 3.906534
v 0.290812 0.424598 3.930972
v 0.261498 0.443823 3.896219
v 0.263632 0.439576 3.919982
v 0.221034 0.445862 3.893348
v 0.349990 0.392466 3.827762
v 0.311834 0.408507 3.815716
v 0.274695 0.432238 3.826189
v 0.238682 0.441890 3.853500
v 0.287094 0.406076 3.974491
v 0.324264 0.382196 3.964794
v 0.359708 0.372863 3.936906
v 0.377201 0.368905 3.897263
v 0.371618 0.371661 3.856348
v 0.224830 0.438551 3.933673
v 0.248566 0.422194 3.963214
v 0.266397 0.413501 3.971467
v 0.235346 0.432573 3.950554
v 0.362593 0.380374 3.839843
v 0.292634 0.420038 3.818125
v 0.376881 0.368041 3.876019
v 0.369684 0.366316 3.917580
v 0.305360 0.392914 3.972273
v 0.343105 0.375636 3.952839
v 0.254816 0.437308 3.837559
v 0.331609 0.399452 3.818931
v 0.228142 0.446619 3.872816
v 0.220951 0.444895 3.914376
v 0.270953 0.428340 3.824288
v 0.311748 0.408124 3.815166
v 0.373375 0.370303 3.855868
v 0.375996 0.363500 3.896610
v 0.359291 0.366932 3.936865
v 0.324484 0.381511 3.965120
v 0.218762 0.446551 3.893315
v 0.237697 0.441936 3.853276
v 0.246753 0.422474 3.964036
v 0.223749 0.438584 3.933802
v 0.284362 0.401326 3.974751
v 0.348414 0.387358 3.826380
v 0.264625 0.412018 3.972064
v 0.218389 0.443951 3.914305
v 0.252677 0.436251 3.836812
v 0.370263 0.363725 3.917478
v 0.363080 0.377937 3.839092
v 0.331429 0.397409 3.817850
v 0.304693 0.390850 3.972877
v 0.232926 0.431485 3.950821
v 0.225664 0.445689 3.872433
v 0.343316 0.373170 3.953101
v 0.377542 0.365464 3.875606
v 0.291352 0.418575 3.817037
v 0.269819 0.430800 3.823378
v 0.312005 0.408602 3.814052
v 0.375389 0.371045 3.855431
v 0.377916 0.362948 3.896587
v 0.361080 0.367642 3.937274
v 0.325424 0.381311 3.965969
v 0.216641 0.449394 3.893337
v 0.235938 0.443376 3.852891
v 0.245106 0.424897 3.964934
v 0.221774 0.439994 3.934208
v 0.283965 0.401785 3.975860
v 0.349827 0.387193 3.825537
v 0.263644 0.413375 3.973031
v 0.216498 0.445930 3.914502
v 0.251274 0.438100 3.836229
v 0.371996 0.363806 3.917640
v 0.364707 0.378195 3.838503
v 0.332286 0.398122 3.816881
v 0.304988 0.391539 3.973852
v 0.231198 0.433300 3.951407
v 0.223869 0.447684 3.872271
v 0.344626 0.373393 3.953682
v 0.379369 0.365560 3.875409
v 0.290938 0.419957 3.816060
v 0.312178 0.409889 3.813312
v 0.379195 0.363550 3.896573
v 0.326052 0.382148 3.966533
v 0.234771 0.445304 3.852636
v 0.220464 0.441901 3.934479
v 0.283703 0.403060 3.976599
v 0.350770 0.388052 3.824976
v 0.268983 0.432236 3.822301
v 0.376612 0.371508 3.855005
v 0.361934 0.368136 3.937666
v 0.215490 0.450851 3.893372
v 0.243734 0.426358 3.966122
v 0.262906 0.414998 3.973759
v 0.215073 0.448021 3.914650
v 0.250217 0.440093 3.835789
v 0.373302 0.364467 3.917761
v 0.365933 0.378988 3.838060
v 0.332932 0.399258 3.816151
v 0.305211 0.392658 3.974587
v 0.229897 0.435267 3.951850
v 0.222517 0.449787 3.872149
v 0.345612 0.374162 3.954121
v 0.380746 0.366233 3.875259
v 0.290625 0.421598 3.815323
v 0.906667 -0.320884 2.146485
v 0.856649 -0.455360 2.207581
v 0.973830 0.002221 2.145411
v 0.964726 -0.089784 2.117587
v 0.901367 -0.301332 2.227013
v 0.960489 -0.074850 2.193739
v 0.945012 -0.180974 2.081200
v 0.859486 -0.447555 2.125389
v 0.851378 -0.432113 2.240506
v 0.970725 0.030010 2.207743
v 0.977816 0.024354 2.098861
v 0.934452 -0.162791 2.245243
v 0.911693 -0.310247 2.177406
v 0.868867 -0.433013 2.213315
v 0.972913 -0.032308 2.142213
v 0.963322 -0.108840 2.143788
v 0.911165 -0.296185 2.201583
v 0.963582 -0.096887 2.164100
v 0.942611 -0.198513 2.150135
v 0.876576 -0.409735 2.193628
v 0.874340 -0.399467 2.223398
v 0.969105 -0.038219 2.158232
v 0.970226 -0.045178 2.132999
v 0.941530 -0.180009 2.190203
v 1.306576 -0.216016 1.834238
v 1.201163 -0.372479 1.960261
v 1.197933 -0.538565 1.957186
v 1.204466 -0.021567 1.986148
v 1.205139 -0.113428 1.975217
v 1.215721 -0.361081 1.969940
v 1.218278 -0.103134 1.983948
v 0.980958 -0.050731 2.145571
v 1.112952 -0.054685 2.067202
v 0.954695 -0.199004 2.154681
v 1.059294 -0.445981 2.076748
v 0.893543 -0.395294 2.205258
v 1.518037 -0.584318 1.191489
v 1.376704 -0.438825 1.647490
v 1.411714 -0.662578 1.636601
v 1.242242 0.030445 1.711085
v 1.293415 -0.091052 1.685002
v 1.394674 -0.417372 1.653823
v 1.308491 -0.072122 1.690794
v 1.254659 -0.017335 1.859670
v 1.243402 -0.023110 1.855060
v 1.290875 -0.235836 1.826699
v 1.311228 -0.555553 1.804059
v 1.325100 -0.547794 1.809268
v 1.387083 -0.237486 0.934752
v 1.455599 -0.425539 1.021442
v 1.513982 -0.569011 1.092853
v 1.262497 -0.017089 1.152245
v 1.310074 -0.104734 1.056096
v 1.465787 -0.409254 1.026151
v 1.318209 -0.090343 1.060250
v 1.381859 -0.215696 1.503567
v 1.265701 0.000401 1.254947
v 1.253247 0.007469 1.543873
v 1.379975 -0.247273 1.130881
v 1.455836 -0.625391 1.473717
v 0.956223 -0.184334 2.171257
v 1.118415 -0.051315 2.074829
v 0.980615 -0.055323 2.135776
v 1.095891 -0.214448 2.069151
v 0.893919 -0.401929 2.191206
v 1.065296 -0.441277 2.086707
v 0.971772 -0.319029 2.142793
v 1.026194 -0.036192 2.118168
v 0.975030 -0.307390 2.158814
v 0.937292 -0.447461 2.167160
v 1.019620 -0.102527 2.132730
v 1.016084 -0.112622 2.119885
v 1.471235 -0.612767 1.477544
v 1.392050 -0.220170 1.137975
v 1.265058 0.016804 1.546976
v 1.255567 -0.008942 1.251770
v 1.367630 -0.243622 1.496872
v 1.504490 -0.596809 1.187446
v 1.514320 -0.678786 1.326075
v 1.305854 -0.089286 1.352345
v 1.319465 -0.068068 1.358080
v 1.441532 -0.449059 1.312445
v 1.458318 -0.424912 1.318906
v 1.239790 0.037832 1.405149
v 0.213664 0.322313 4.394816
v 0.115501 0.345893 4.416814
v -0.000000 0.362546 4.425873
v 0.056579 0.337389 4.437048
v 0.053979 0.317645 4.471589
v 0.264076 0.263621 4.399582
v 0.239322 0.269100 4.426689
v 0.160788 0.295796 4.457939
v 0.167662 0.313134 4.423776
v 0.233780 0.297669 4.402914
v 0.254260 0.284267 4.392968
v 0.301459 0.232197 4.385070
v 0.258522 0.312314 4.357055
v 0.056073 0.276044 4.354633
v 0.054839 0.267080 4.371625
v 0.240971 0.223229 4.327191
v 0.228273 0.226096 4.340042
v 0.162732 0.245050 4.358582
v 0.166085 0.252143 4.342704
v 0.230050 0.235596 4.328511
v 0.240629 0.229794 4.323425
v 0.109474 0.306934 4.452876
v 0.204852 0.258195 4.390881
v 0.240441 0.270859 4.415905
v 0.241196 0.250623 4.365977
v 0.112231 0.316342 4.434228
v -0.000000 0.304837 4.397717
v 0.238032 0.256729 4.365252
v 0.208434 0.292758 4.419553
v -0.000000 0.321437 4.460896
v 0.109689 0.281026 4.407046
v 0.205062 0.283823 4.436175
v 0.237909 0.246446 4.372893
v 0.243708 0.276009 4.408139
v 0.112103 0.289135 4.390640
v -0.000000 0.332080 4.441393
v 0.238936 0.283856 4.407414
v 0.208143 0.265526 4.376360
v -0.000000 0.295558 4.415041
v 0.230050 0.277773 4.400404
v 0.054839 0.309257 4.443518
v 0.228273 0.268274 4.411934
v 0.166085 0.294320 4.414598
v 0.240629 0.271971 4.395318
v 0.056073 0.318222 4.426526
v 0.240971 0.265406 4.399084
v 0.162732 0.287227 4.430474
v -0.229170 0.346924 4.346883
v -0.200226 0.073867 4.522273
v -0.069289 -0.534798 -2.458685
v -0.075960 0.281519 -2.542571
v -0.084665 0.290893 -2.238621
v -0.095561 0.244187 -1.907560
v -0.126512 0.248302 -1.531416
v -0.206446 0.335568 -1.041523
v -0.286563 0.421840 -0.656475
v -0.367940 0.492310 -0.318290
v -0.588343 0.600919 0.473072
v -0.635929 0.610119 0.674373
v -0.684491 0.609146 0.931341
v -0.750679 0.574962 1.825469
v -0.730244 0.537614 2.376563
v -0.689767 0.505825 2.676863
v -0.604205 0.449521 3.098245
v -0.491455 0.383755 3.531168
v -0.328580 0.349858 4.107194
v -0.301683 -0.197744 4.274318
v -0.352584 -0.420559 3.815284
v -0.384219 -0.481791 3.533455
v -0.435662 -0.542434 3.110581
v -0.477856 -0.606309 2.693631
v -0.504163 -0.696931 2.148777
v -0.503711 -0.742155 1.813559
v -0.488144 -0.774670 1.224862
v -0.474936 -0.767492 0.985057
v -0.447979 -0.753186 0.697785
v -0.324313 -0.671660 -0.093261
v -0.281172 -0.646958 -0.317216
v -0.213995 -0.602894 -0.688878
v -0.138366 -0.556807 -1.298982
v -0.118503 -0.560576 -1.547020
v -0.093283 -0.552024 -1.909077
v -0.378554 0.289603 4.179319
v -0.529537 0.289052 3.706581
v -0.645665 0.346429 3.316497
v -0.755381 0.405333 2.884627
v -0.825439 0.442967 2.504132
v -0.860949 0.474586 2.012584
v -0.861832 0.488903 1.645278
v -0.810908 0.508554 1.046081
v -0.766968 0.513270 0.801061
v -0.714081 0.509662 0.582660
v -0.482976 0.432049 -0.210200
v -0.403761 0.380965 -0.476076
v -0.304425 0.308716 -0.855248
v -0.186241 0.212056 -1.371773
v -0.137405 0.180577 -1.725199
v -0.111232 0.203418 -2.066280
v -0.209926 0.243532 4.498449
v -0.199235 0.179863 4.523611
v -0.068659 -0.470876 -2.510370
v -0.077266 -0.277590 -2.493428
v -0.083944 0.098115 -2.501472
v -0.377421 -0.204892 4.182993
v -0.443313 -0.083747 4.196051
v -0.464982 0.163874 4.192289
v -0.444584 -0.383322 3.705442
v -0.568118 -0.194296 3.710822
v -0.628580 0.140594 3.705824
v -0.511915 -0.450221 3.326483
v -0.670031 -0.238125 3.330695
v -0.745428 0.179715 3.320489
v -0.588902 -0.505492 2.899426
v -0.777930 -0.267658 2.900370
v -0.856544 0.219004 2.889197
v -0.642243 -0.563271 2.518193
v -0.850774 -0.297921 2.515465
v -0.928178 0.238259 2.508000
v -0.674408 -0.635160 2.000712
v -0.896593 -0.338488 1.988054
v -0.965885 0.250593 2.014320
v -0.667953 -0.672393 1.643711
v -0.891599 -0.356948 1.648754
v -0.966553 0.257004 1.646436
v -0.633778 -0.685718 1.110049
v -0.847095 -0.364734 1.073444
v -0.915585 0.269838 1.040888
v -0.597373 -0.676890 0.828654
v -0.800754 -0.355432 0.821530
v -0.872414 0.275528 0.806563
v -0.558422 -0.660129 0.601411
v -0.752234 -0.341051 0.617964
v -0.823631 0.273943 0.605722
v -0.382503 -0.587190 -0.199556
v -0.514135 -0.317589 -0.231570
v -0.579268 0.227367 -0.226715
v -0.313166 -0.558135 -0.494861
v -0.431841 -0.316142 -0.497643
v -0.497142 0.182126 -0.483150
v -0.228279 -0.521344 -0.887581
v -0.322738 -0.311728 -0.876106
v -0.382371 0.130429 -0.859585
v -0.154194 -0.499317 -1.390537
v -0.206183 -0.308177 -1.387463
v -0.247631 0.066458 -1.376652
v -0.123424 -0.498072 -1.732836
v -0.159471 -0.314059 -1.730506
v -0.187636 0.038657 -1.726599
v -0.099307 -0.479205 -2.059006
v -0.127112 -0.301469 -2.044290
v -0.149570 0.055557 -2.052256
v -0.145825 0.118041 -1.901033
v -0.157714 -0.213401 -1.895884
v -0.124655 -0.405018 -1.898341
v -0.194498 0.127432 -1.534126
v -0.206677 -0.207892 -1.543298
v -0.159967 -0.415129 -1.546194
v -0.241441 0.158737 -1.279356
v -0.252449 -0.194570 -1.290502
v -0.190219 -0.415318 -1.297830
v -0.409053 0.256619 -0.660125
v -0.419626 -0.178867 -0.674432
v -0.325209 -0.442240 -0.684427
v -0.508340 0.314859 -0.331831
v -0.521896 -0.161749 -0.352257
v -0.419558 -0.464517 -0.339440
v -0.571831 0.350794 -0.132209
v -0.586420 -0.149833 -0.150442
v -0.479153 -0.478938 -0.128284
v -0.809412 0.400848 0.694623
v -0.829642 -0.154430 0.712816
v -0.692230 -0.534261 0.709918
v -0.858360 0.400397 0.923832
v -0.878277 -0.166162 0.939113
v -0.739772 -0.547555 0.961564
v -0.892331 0.394117 1.143434
v -0.914374 -0.171928 1.156680
v -0.772758 -0.551191 1.190672
v -0.931139 0.375967 1.825761
v -0.947029 -0.166086 1.821118
v -0.805035 -0.523929 1.821283
v -0.923270 0.364979 2.161098
v -1.105162 -0.201258 2.081206
v -0.786231 -0.535913 2.163627
v -0.863185 0.335877 2.680663
v -0.874122 -0.129729 2.689926
v -0.736822 -0.428725 2.694633
v -0.769686 0.295313 3.100962
v -0.778285 -0.118772 3.114127
v -0.650551 -0.382465 3.114486
v -0.647687 0.236515 3.528673
v -0.659094 -0.105021 3.540373
v -0.551906 -0.327009 3.535991
v -0.556975 0.206516 3.819325
v -0.574032 -0.086865 3.826892
v -0.490178 -0.267804 3.820187
v -0.398644 0.235296 4.248491
v -0.422638 0.018025 4.274504
v -0.388613 -0.083578 4.277239
v -0.093429 0.173486 -2.437172
v -0.097261 -0.176716 -2.411029
v -0.084675 -0.379200 -2.426852
v -0.286299 0.349159 4.235245
v -0.236005 -0.035688 4.458883
v -0.303064 0.262324 4.357776
v -0.286904 0.156600 4.443248
v -0.269983 0.068399 4.458519
v -0.356357 0.039128 4.363915
v -0.373066 0.208244 4.315351
v -0.317025 0.295030 4.298566
v -0.314517 -0.068624 4.372085
v -0.078902 -0.537569 -2.227219
v -0.076096 0.341389 -2.494012
v -0.118644 0.149054 -2.204437
v -0.127284 -0.194465 -2.183640
v -0.102579 -0.388157 -2.192828
v -0.103321 -0.284318 -2.312236
v -0.114798 0.081732 -2.320714
v -0.094658 0.242261 -2.352776
v -0.085056 -0.469642 -2.341077
v -0.228686 -0.032779 -1.539268
v -0.451978 0.049988 -0.666482
v -0.862972 0.141940 0.706671
v -0.944488 0.130748 1.142987
v -0.910251 0.118416 2.685083
v -0.693684 0.075779 3.534917
v -0.102475 0.007089 -2.415237
v -0.139316 -0.013802 -2.188467
v -0.013866 0.167518 -4.167777
v -0.118344 -0.089988 -2.310002
v -0.193158 -0.125160 -1.728994
v -0.386641 -0.072475 -0.864872
v -0.154838 -0.113608 -2.044754
v -0.372388 0.127980 4.347589
v -0.069001 0.017077 -2.543298
v -0.151688 0.285901 4.508643
v -0.285175 0.221734 4.422394
v -0.433698 0.129421 4.264305
v -0.603366 0.067239 3.824087
v -0.815496 0.101280 3.107635
v -0.975232 0.136200 2.159195
v -0.980886 0.122842 1.827080
v -0.909745 0.137488 0.927461
v -0.618709 0.120663 -0.147181
v -0.555071 0.091876 -0.344943
v -0.278237 -0.010464 -1.285450
v -0.176162 -0.038560 -1.897068
v -0.932870 0.001150 2.511144
v -0.973203 -0.025174 1.987393
v -0.833462 0.007903 0.616769
v -0.925853 -0.007283 1.048664
v -0.584513 -0.013623 -0.239743
v -0.500681 -0.043649 -0.492998
v -0.252804 -0.104869 -1.382062
v -0.209704 0.275324 4.460961
v -0.084904 -0.076081 -2.486086
v -0.632118 -0.009164 3.712031
v -0.859771 0.001050 2.895006
v -0.065089 0.206212 -2.579978
v -0.314486 -0.790117 0.574851
v -0.064714 -0.173557 -2.536150
v -0.507491 0.544347 2.881993
v -0.062160 0.386642 -2.421624
v -0.747607 -0.006116 3.328805
v -0.066027 -0.577383 -2.081020
v -0.214457 -0.146181 4.377246
v -0.880635 0.001310 0.813744
v -0.163849 0.024469 4.523256
v -0.176235 0.354678 4.380212
v -0.054514 -0.570675 -2.537956
v -0.019481 0.595069 -2.739639
v -0.142649 0.551399 3.313147
v -0.021778 0.375060 -2.111469
v -0.471210 0.034794 4.198207
v -0.035795 -0.803171 0.002315
v -0.112832 0.486775 3.706702
v -0.025656 0.347523 -1.730322
v -0.019962 -0.621655 -2.402930
v -0.076170 0.462194 4.181235
v -0.038325 0.377700 -1.367075
v -0.036594 -0.625167 -1.389469
v -0.082547 -0.317776 4.184550
v -0.973133 -0.011340 1.649146
v -0.030675 1.071602 -1.020244
v -0.027177 -0.628321 -1.742871
v -0.090825 -0.535729 3.705443
v -0.027020 0.433551 -1.199351
v -0.092454 -0.599977 3.328213
v -0.067278 0.428528 4.296474
v -0.087420 -0.662228 2.904018
v -0.077677 -0.728999 2.516469
v -0.025268 -0.815807 1.996382
v -0.068362 0.798228 0.279356
v -0.039109 -0.863641 1.590734
v -0.046829 0.268783 4.568424
v -0.197074 0.773682 1.645714
v -0.086037 -0.871429 1.164972
v -0.045767 0.175590 4.586625
v -0.196867 0.747416 2.011685
v -0.101093 -0.852949 0.832087
v -0.049862 0.017799 -2.599610
v -0.188072 0.688904 2.500650
v -0.870267 -0.365391 1.255817
v -0.113241 0.817590 0.616845
v -0.038546 0.524245 -0.857700
v -0.044337 0.773997 0.044912
v -0.036576 0.847086 -0.744506
v -0.104707 -0.753649 -0.136449
v -0.039752 -0.669208 -0.903845
v -0.016227 -0.785959 -1.694168
v -0.034133 0.556951 -2.767143
v -0.089532 -0.705281 -0.482293
v -0.012897 -0.385510 -4.149032
v -0.050086 0.307281 4.525335
v -0.033291 -0.648984 -2.607198
v -0.099203 -0.835620 0.547026
v -0.170419 0.632381 2.880206
v -0.020689 0.466505 -2.475699
v -0.022166 -0.611829 -2.102880
v -0.072090 -0.170191 4.384000
v -0.055351 0.016165 4.540894
v -0.059955 0.383074 4.395127
v -0.019699 -0.680671 -2.574481
v -0.059247 0.423172 -2.622803
v -0.233493 -0.706374 -0.164862
v -0.425347 0.474973 3.315423
v -0.066612 0.313980 -2.089716
v -0.188338 -0.666958 -0.488519
v -0.339865 0.416952 3.701319
v -0.078692 0.284139 -1.726838
v -0.058431 -0.578902 -2.379858
v -0.137934 -0.615488 -0.890971
v -0.231339 0.398379 4.174049
v -0.108112 0.312823 -1.369781
v -0.101490 -0.590443 -1.390905
v -0.246268 -0.292229 4.177192
v -0.182779 0.433638 -0.851386
v -0.081022 -0.594952 -1.737204
v -0.275081 -0.490668 3.704630
v -0.248406 0.524729 -0.466791
v -0.299484 -0.552349 3.325725
v -0.308898 0.588693 -0.177717
v -0.201337 0.384522 4.289653
v -0.319930 -0.615626 2.898688
v -0.475249 0.690220 0.543344
v -0.323554 -0.683445 2.519876
v -0.516629 0.696079 0.796704
v -0.317943 -0.770605 1.994910
v -0.550563 0.691922 1.069672
v -0.310132 -0.815002 1.638887
v -0.142698 0.247405 4.547668
v -0.586380 0.665390 1.646204
v -0.329154 -0.823032 1.139966
v -0.139036 0.161466 4.562294
v -0.585766 0.643675 2.011340
v -0.330768 -0.807474 0.831927
v -0.057888 -0.388895 -2.551317
v -0.559721 0.595381 2.501614
v -0.048833 0.381220 -2.674867
v -0.172579 -0.744517 -0.061662
v -0.055131 0.109391 -2.589406
v -0.315000 0.559576 3.095931
v -0.042629 0.387446 -2.284730
v -0.151703 -0.714868 -0.296808
v -0.253906 0.484315 3.530085
v -0.046220 0.327790 -1.919266
v -0.041460 -0.594055 -2.252832
v -0.115035 -0.660410 -0.688851
v -0.164099 0.440446 4.110659
v -0.061758 0.332644 -1.531107
v -0.040343 0.499633 -2.605160
v -0.074504 -0.608330 -1.300095
v -0.156851 -0.241364 4.279015
v -0.105924 0.424149 -1.038382
v -0.061735 -0.613363 -1.548746
v -0.179258 -0.483357 3.815871
v -0.148175 0.524029 -0.650940
v -0.048524 -0.605964 -1.921604
v -0.187097 -0.547314 3.534173
v -0.195037 0.615931 -0.285121
v -0.143610 0.425752 4.237014
v -0.192711 -0.610021 3.113377
v -0.315435 0.747121 0.424390
v -0.127457 -0.069508 4.469141
v -0.185169 -0.678633 2.696969
v -0.343740 0.758620 0.645423
v -0.162771 -0.776747 2.148749
v -0.369957 0.761075 0.953167
v -0.162669 -0.822487 1.812278
v -0.096703 0.284058 4.542479
v -0.126574 0.392567 4.344693
v -0.180418 -0.856444 1.249365
v -0.090975 0.222815 4.572720
v -0.394753 0.719402 1.825438
v -0.098181 0.102166 4.566623
v -0.202855 -0.843857 1.001877
v -0.043700 -0.524479 -2.583450
v -0.383710 0.667046 2.375446
v -0.038729 -0.627648 -2.498588
v -0.208112 -0.824284 0.682954
v -0.047916 -0.282155 -2.570570
v -0.361682 0.627483 2.675195
v -0.054295 -0.075157 -2.567667
v -0.104411 0.305076 4.490090
v -0.471791 0.551630 0.038829
v -0.511638 0.571564 0.178624
v -0.398647 -0.715483 0.321408
v -0.370786 -0.698613 0.159116
v -0.710789 0.390434 0.325992
v -0.668573 0.378124 0.173071
v -0.726480 -0.145490 0.332877
v -0.679964 -0.146196 0.165509
v -0.602359 -0.504446 0.335234
v -0.556446 -0.493489 0.162194
v -0.760571 0.142291 0.329707
v -0.715578 0.134619 0.168909
v -0.191246 -0.788563 0.303632
v -0.181968 -0.771906 0.157495
v -0.248082 0.696168 0.061159
v -0.264926 0.719398 0.180035
v -0.380058 0.643291 0.116464
v -0.408831 0.662264 0.241846
v -0.283678 -0.752680 0.232671
v -0.267510 -0.737091 0.091288
v -0.092562 -0.801262 0.225847
v -0.091813 -0.786583 0.093831
v -0.131814 0.750439 0.123016
v -0.725005 0.265768 0.243807
v -0.681994 0.256380 0.098923
v -0.651146 -0.326020 0.242815
v -0.607556 -0.322118 0.090342
v -0.729897 0.006440 0.242805
v -0.685941 0.001614 0.093802
v -0.623930 0.487469 0.245154
v -0.583462 0.473333 0.106987
v -0.485298 -0.625826 0.239769
v -0.451571 -0.611981 0.089247
v -0.733749 0.595796 1.332392
v -0.391155 0.748428 1.346759
v -0.313738 -0.826005 1.429373
v -0.579508 0.677542 1.423153
v -0.200386 0.789188 1.427443
v -0.067158 -0.870567 1.437986
v -0.956688 0.260239 1.419560
v -0.882609 -0.364483 1.427322
v -0.963845 -0.012748 1.423416
v -0.852009 0.495885 1.419392
v -0.658918 -0.683978 1.428420
v -0.032442 1.223139 0.765268
v -0.116080 0.822036 0.988775
v -0.056438 0.829448 1.313325
v -0.030213 1.210307 0.975405
v -0.028851 1.270033 0.497658
v -0.050918 1.024963 0.787976
v -0.746033 0.588931 1.516497
v -0.392457 0.739169 1.517623
v -0.494908 -0.770029 1.516097
v -0.926037 0.383347 1.515725
v -0.941795 -0.171726 1.522442
v -0.797293 -0.545378 1.520687
v -0.975527 0.125737 1.519078
v -0.157543 -0.853052 1.513400
v -0.224265 0.792893 1.292545
v -0.142203 0.770112 0.235215
v -0.650237 -0.686790 1.283242
v -0.178711 0.780118 0.336471
v -0.949922 -0.011261 1.236937
v -0.940260 0.264357 1.233873
v -0.319427 -0.827826 1.303520
v -0.835397 0.502093 1.239020
v -0.071006 -0.874196 1.318412
v -0.716282 0.602615 1.156837
v -0.165216 -0.856623 1.366787
v -0.930678 -0.173207 1.333607
v -0.912149 0.388338 1.327099
v -0.095794 -0.818910 0.367406
v -0.772269 0.274228 0.419793
v -0.525846 -0.641553 0.422703
v -0.198636 -0.807128 0.463622
v -0.779887 0.009792 0.426807
v -0.702715 -0.332134 0.433134
v -0.962715 0.127218 1.327046
v -0.439571 0.676453 0.373659
v -0.491353 -0.774481 1.358502
v -0.786984 -0.549504 1.347037
v -0.386621 0.754620 1.193950
v -0.568825 0.684491 1.255888
v -0.758415 0.397436 0.503818
v -0.779627 -0.146811 0.525666
v -0.648843 -0.517875 0.522606
v -0.812905 0.143915 0.518387
v -0.423473 -0.734272 0.495154
v -0.288198 0.735238 0.293994
v -0.300996 -0.770984 0.395016
v -0.666734 0.500848 0.405644
v -0.224093 0.798425 1.123790
v -0.199128 0.791041 0.493279
v -0.112660 0.817092 1.248571
v -0.548108 0.586427 0.316093
v -0.082935 0.815857 1.362584
v -0.103304 0.805511 0.381482
v -0.215550 0.800904 0.796072
v -0.107009 0.604455 -0.449442
v -0.079919 0.498510 -0.848270
v -0.130817 0.694567 -0.112165
v -0.043956 0.461710 -1.039266
v -0.024087 0.406282 -1.273129
v -0.067762 0.679340 -0.242874
v -0.075292 0.746927 0.001564
v -0.056780 0.567663 -0.648945
v -0.159918 0.281303 -1.276176
v -0.159968 -0.567084 -1.074388
v -0.301656 0.195411 -1.045292
v -0.311779 -0.189510 -1.056443
v -0.234498 -0.423157 -1.069087
v -0.340520 0.011833 -1.050288
v -0.047219 -0.730655 -0.491367
v -0.086906 -0.619020 -1.075789
v -0.081274 0.364650 -1.274658
v -0.131650 0.349192 -1.186493
v -0.112710 -0.592818 -1.215144
v -0.061372 -0.780556 -0.039546
v -0.290276 0.088207 -1.193984
v -0.241472 -0.307383 -1.207215
v -0.295210 -0.092729 -1.199181
v -0.223371 0.242976 -1.189178
v -0.175715 -0.502931 -1.213855
v -0.057906 0.409689 -1.185430
v -0.347952 -0.684838 0.027041
v -0.622182 0.366441 0.024021
v -0.634214 -0.147663 0.011764
v -0.518272 -0.485964 0.016305
v -0.668192 0.129401 0.014852
v -0.027998 -1.153524 -0.597207
v -0.176991 -0.757813 0.039265
v -0.427781 0.529716 -0.109297
v -0.229069 0.670295 -0.059358
v -0.141818 0.729739 0.026246
v -0.347126 0.618394 -0.018888
v -0.254049 -0.724002 -0.019956
v -0.067414 -0.648371 -0.891715
v -0.631006 0.248235 -0.062970
v -0.563676 -0.320132 -0.065118
v -0.635908 -0.001549 -0.071157
v -0.535027 0.455550 -0.047522
v -0.421000 -0.602134 -0.044282
v -0.057003 0.765733 0.079297
v -0.042356 -0.795336 0.046470
v -0.024211 -0.632965 -1.298629
v -0.042651 -0.640763 -1.078113
v -0.062032 -0.746276 -0.284342
v -0.054113 -0.685439 -0.690192
v -0.105892 -0.772178 0.002210
v -0.053214 -0.624117 -1.215848
v -0.743787 0.555165 2.159115
v -0.496012 -0.659494 2.386953
v -0.907883 0.354443 2.379860
v -0.920784 -0.142587 2.386683
v -0.781324 -0.467286 2.386718
v -0.956238 0.121642 2.382013
v -0.165793 -0.736868 2.391450
v -0.391032 0.692763 2.158150
v -0.576662 0.620604 2.272518
v -0.313442 -0.728701 2.275337
v -0.193794 0.718769 2.272350
v -0.952528 0.244715 2.276138
v -0.878752 -0.312837 2.303088
v -0.956045 -0.015545 2.296437
v -0.848434 0.459700 2.274666
v -0.663015 -0.599836 2.274508
v -0.078691 -0.862782 1.589018
v -0.046177 -0.792666 2.162124
v -0.039127 -0.765938 2.335367
v -0.078058 -0.766140 2.311587
v -0.048099 -0.840555 1.803818
v -0.004635 0.424641 -4.187804
v -0.004678 -0.543540 -4.289922
v -0.004898 -0.167548 -4.313851
v -0.004851 0.131179 -4.320326
v -0.004811 -0.355256 -4.361013
v -0.004561 -0.686462 -4.239782
v -0.008812 0.302932 -4.232407
v -0.009857 -0.023544 -4.272353
v -0.007877 -0.638403 -4.231761
v -0.008600 -0.465444 -4.275660
v -0.009662 -0.272575 -4.280879
v -0.039498 -0.406502 -2.598043
v -0.043130 0.273631 -2.828458
v -0.036194 0.307354 -3.187932
v -0.028934 0.279104 -3.531041
v -0.021665 0.226392 -3.850098
v -0.014996 -0.162598 -4.138018
v -0.023900 -0.134050 -3.802597
v -0.031239 -0.086634 -3.461122
v -0.038500 -0.037350 -3.112146
v -0.008927 0.476611 -4.145748
v -0.012754 0.600338 -3.910501
v -0.018628 0.708777 -3.626770
v -0.024676 0.730618 -3.292521
v -0.041237 -0.211305 -2.753698
v -0.034301 -0.289835 -3.086720
v -0.027040 -0.357719 -3.451942
v -0.019788 -0.395715 -3.790853
v -0.007872 -0.745734 -4.157547
v -0.008699 -0.896275 -3.960212
v -0.015060 -0.955713 -3.626515
v -0.023768 -0.866035 -3.114581
v -0.009687 -0.606721 -4.135060
v -0.012975 -0.678732 -3.850240
v -0.020203 -0.677412 -3.517387
v -0.028128 -0.580672 -3.098315
v -0.015166 0.761625 -3.097848
v -0.011714 0.832052 -3.517754
v -0.008252 0.729945 -3.765476
v -0.005403 0.609627 -4.069447
v -0.034322 -0.368221 -2.903703
v -0.027088 -0.481160 -3.285765
v -0.019724 -0.526583 -3.649474
v -0.013272 -0.528968 -3.971741
v -0.035530 0.508382 -3.042892
v -0.028477 0.542212 -3.435274
v -0.021381 0.473904 -3.720005
v -0.014737 0.394912 -4.041486
v -0.015684 -0.845229 -2.883549
v -0.011573 -0.982490 -3.387125
v -0.006007 -0.991345 -3.854554
v -0.004672 -0.853589 -4.073574
v -0.040665 -0.133008 -2.921515
v -0.033461 -0.196998 -3.270522
v -0.026192 -0.246254 -3.621869
v -0.018607 -0.282374 -3.963188
v -0.030804 -0.663328 -2.892670
v -0.023061 -0.806502 -3.348787
v -0.013766 -0.834296 -3.766241
v -0.009583 -0.756204 -4.027546
v -0.041828 0.123373 -2.963225
v -0.034624 0.097583 -3.320724
v -0.027355 0.053451 -3.654268
v -0.019580 0.009611 -3.992657
v -0.008513 1.319193 0.356655
v -0.020580 1.332460 0.634668
v -0.010070 1.358716 0.741997
v -0.020387 1.329590 0.832578
v -0.009757 1.383424 0.521102
v -0.009680 1.380085 0.893402
v -0.019242 1.273878 1.031030
v -0.010753 1.214856 1.134896
v -0.017166 1.336869 0.419214
v -0.056876 0.817303 0.314362
v -0.024472 1.130421 1.171078
v -0.046496 0.991126 1.081728
v -0.045053 1.063701 0.474025
v -0.015602 1.281106 0.299543
v -0.028740 1.195791 0.344364
v -0.008748 1.227532 0.204566
v -0.037502 1.057652 1.141578
v -0.041628 1.095884 0.918524
v -0.042119 1.136871 0.631758
v -0.018001 1.027973 1.264524
v -0.044910 0.879207 1.292748
v -0.075284 0.836477 0.797069
v -0.042246 0.918758 0.292051
v -0.069233 0.833173 1.157910
v -0.071096 0.826006 0.465527
v -0.027382 0.847409 1.352356
v -0.066306 0.855737 0.613192
v -0.064615 0.856967 0.988226
v -0.057273 0.848817 1.248334
v -0.027650 0.850168 0.268720
v -0.059233 0.850125 0.366459
v -0.011937 0.948404 -1.402127
v -0.014475 1.139846 -1.093377
v -0.015706 1.200919 -0.716546
v -0.018017 0.831517 -1.624930
v -0.009038 0.760051 -1.849952
v -0.026555 1.159243 -0.879978
v -0.028692 1.218560 -0.588534
v -0.023622 1.037037 -1.218466
v -0.017226 1.252612 -0.538145
v -0.048142 0.740414 -0.080205
v -0.018605 0.648377 -1.744617
v -0.028281 0.813694 -1.272113
v -0.033153 1.098964 -0.320876
v -0.036147 1.055538 -0.530612
v -0.032709 0.845143 -1.011845
v -0.020121 1.044075 -0.201190
v -0.010753 0.588664 -1.795034
v -0.036229 0.962912 -0.637973
v -0.038595 1.027251 -0.326355
v -0.025708 0.685082 -1.473557
v -0.024107 0.501692 -1.347756
v -0.034883 0.600788 -0.958637
v -0.038655 0.846083 -0.029364
v -0.044718 0.636954 -0.450143
v -0.042748 0.813685 -0.183480
v -0.032174 0.495674 -1.088280
v -0.045061 0.788348 -0.021423
v -0.042833 0.719358 -0.277584
v -0.013918 0.439237 -1.329531
v -0.023285 0.804324 0.052065
v -0.039313 0.604943 -0.687829
v -0.011957 -1.266141 -0.723579
v -0.013470 -1.228898 -0.992955
v -0.010185 -1.071211 -1.368195
v -0.019953 -1.224672 -0.557221
v -0.010878 -1.217749 -0.457455
v -0.008034 -0.820994 -1.747016
v -0.015763 -0.921762 -1.562961
v -0.023760 -1.223401 -0.818248
v -0.022158 -1.134834 -1.133671
v -0.021169 -1.154810 -0.374679
v -0.024379 -0.975359 -1.274523
v -0.023397 -0.692198 -1.444488
v -0.031091 -1.109190 -0.881065
v -0.036999 -0.921455 -0.312998
v -0.024934 -0.803145 -1.410845
v -0.029968 -1.053866 -0.342764
v -0.034877 -1.023466 -0.604193
v -0.013983 -1.065197 -0.215536
v -0.032955 -0.946643 -0.953888
v -0.010871 -0.711096 -1.686204
v -0.028455 -0.945096 -0.133828
v -0.033302 -0.782238 -1.050610
v -0.040157 -0.870125 -0.638395
v -0.028830 -0.640010 -1.233069
v -0.044802 -0.782956 -0.137282
v -0.014806 -0.651300 -1.378087
v -0.041168 -0.739457 -0.742047
v -0.017918 -0.855034 -0.004748
v -0.043090 -0.804288 -0.345387
v -0.038010 -0.839793 -0.095288
v -0.032976 -0.675189 -1.147612
v -0.106722 -0.970516 1.916122
v -0.087092 -0.792850 2.141703
v -0.087874 -0.835333 1.819144
v -0.076909 -0.862166 1.626774
v -0.060252 -0.797037 2.142199
v -0.073780 -0.777105 2.271282
v -0.062600 -0.839616 1.820249
v -0.089855 -0.775584 2.245155
v -0.100091 -0.808594 1.995054
v -0.091323 -0.852699 1.670754
v -0.065625 -0.856609 1.674036
v -0.055540 -0.815763 1.995590
v -0.062136 -0.779700 2.245995
v -0.120178 -1.265906 1.908199
v -0.123733 -1.130493 1.954018
v -0.117372 -1.025183 1.693411
v -0.100901 -0.958004 1.518340
v -0.099615 -1.133871 1.952525
v -0.112092 -1.168298 2.039153
v -0.094785 -1.028888 1.692320
v -0.084448 -0.859313 1.674281
v -0.087168 -1.003705 2.120896
v -0.082926 -0.794772 2.229762
v -0.070445 -0.861641 1.675594
v -0.062166 -0.827102 1.989481
v -0.142614 -1.180558 1.367705
v -0.154878 -1.281233 1.759220
v -0.148057 -1.154025 1.538816
v -0.131146 -1.079525 1.379878
v -0.130759 -1.284537 1.757375
v -0.143257 -1.333570 1.820306
v -0.125469 -1.157700 1.537351
v -0.135699 -1.263694 1.908785
v -0.123703 -1.032641 1.492617
v -0.109931 -1.035271 1.492468
v -0.138498 -1.167477 1.758739
v -0.112530 -1.171136 1.756307
v -0.183245 -1.402655 1.534727
v -0.187412 -1.342915 1.570503
v -0.182183 -1.281677 1.390324
v -0.166795 -1.254386 1.286959
v -0.163294 -1.346219 1.568658
v -0.175722 -1.376490 1.646936
v -0.159596 -1.285352 1.388860
v -0.144130 -1.270832 1.578429
v -0.151507 -1.347800 1.714441
v -0.170098 -1.267189 1.580910
v -0.156385 -1.177920 1.367884
v -0.167028 -1.345587 1.715054
v -0.206382 -1.419519 1.277477
v -0.209719 -1.419182 1.393798
v -0.209362 -1.388335 1.239491
v -0.201206 -1.379480 1.197282
v -0.193593 -1.421386 1.392535
v -0.201309 -1.433274 1.463294
v -0.194225 -1.390779 1.238473
v -0.198166 -1.400533 1.535348
v -0.193617 -1.331471 1.251261
v -0.180341 -1.333992 1.251048
v -0.202585 -1.361979 1.385647
v -0.177700 -1.365470 1.383269
v -0.088487 -0.822668 1.989547
v -0.096861 -0.920440 1.621903
v -0.067168 -0.796982 2.230471
v -0.102689 -1.001512 2.120856
v -0.083090 -0.922905 1.622456
v -0.080754 -0.974528 1.914841
v -0.069024 -0.867435 2.106848
v -0.069873 -0.878331 1.797905
v -0.093142 -0.863756 2.106925
v -0.081422 -0.880995 1.608781
v -0.092460 -0.874507 1.797486
v -0.081254 -0.859349 2.227162
v -0.062777 0.900607 0.792366
v -0.056924 0.887472 1.131693
v -0.058359 0.900666 0.468903
v -0.036838 0.970321 1.250829
v -0.024716 1.122707 0.244520
v -0.023454 0.919248 1.319708
v -0.056098 0.963290 0.621637
v -0.054989 0.946557 0.961287
v -0.048994 0.926031 1.208498
v -0.017999 1.023622 0.232207
v -0.044649 0.993966 0.352031
v -0.033577 0.961458 -0.896007
v -0.016546 0.727444 -1.810824
v -0.025489 0.898325 -1.353895
v -0.030703 1.211246 -0.482911
v -0.033191 1.149184 -0.652768
v -0.030181 0.943669 -1.122566
v -0.018910 1.168735 -0.373865
v -0.009542 0.655572 -1.880013
v -0.033701 1.064934 -0.768322
v -0.036120 1.134725 -0.471923
v -0.023232 0.760015 -1.561454
v -0.040179 0.713213 -0.554355
v -0.021104 0.588382 -1.599587
v -0.031280 0.721260 -1.141706
v -0.035652 0.974660 -0.167492
v -0.039145 0.943670 -0.373647
v -0.029104 0.601319 -1.282319
v -0.041992 0.900137 -0.163242
v -0.039698 0.834740 -0.449895
v -0.012415 0.532244 -1.573374
v -0.021783 0.914761 -0.060378
v -0.036178 0.723533 -0.841992
v -0.045436 0.002356 -2.775979
v -0.030456 0.627341 -2.917530
v -0.029668 -0.720049 -2.733099
v -0.035095 -0.453612 -2.742802
v -0.047495 0.235661 -2.649757
v -0.045660 -0.178628 -2.588485
v -0.047687 0.115549 -2.672498
v -0.036541 -0.559076 -2.645252
v -0.046524 -0.086013 -2.645756
v -0.018492 -0.723117 -2.646302
v -0.041268 0.425987 -2.763283
v -0.040181 -0.297515 -2.640628
v -0.017973 0.650620 -2.839907
v -0.432765 0.337455 3.828104
v -0.394319 0.337263 3.960575
v -0.329374 -0.304194 4.096522
v -0.340876 -0.363302 3.958041
v -0.461305 0.219359 4.117979
v -0.508527 0.211978 3.971986
v -0.485451 -0.052572 4.124555
v -0.529220 -0.070787 3.978581
v -0.437301 -0.175807 4.113007
v -0.463424 -0.222460 3.969094
v -0.505727 0.087660 4.124955
v -0.554104 0.076434 3.977666
v -0.182946 0.459262 3.827074
v -0.164701 0.455610 3.961180
v -0.169653 -0.352468 4.099249
v -0.174546 -0.418878 3.959656
v -0.257252 -0.369018 4.025810
v -0.264319 -0.429705 3.889389
v -0.223736 0.449982 3.893954
v -0.262693 0.402403 4.045022
v -0.095123 0.474353 3.896856
v -0.086969 0.470812 4.041816
v -0.086134 -0.400227 4.031575
v -0.088416 -0.468253 3.892272
v -0.519184 0.148885 4.049046
v -0.566589 0.139776 3.901144
v -0.484653 -0.130839 4.047394
v -0.519659 -0.160655 3.902488
v -0.524404 0.009351 4.052613
v -0.571100 -0.001180 3.905791
v -0.426423 0.284624 4.039958
v -0.473782 0.278813 3.896987
v -0.400896 -0.273520 4.032362
v -0.417799 -0.326563 3.892764
v -0.296637 0.419198 3.809034
v -0.383118 0.366855 3.867958
v -0.350520 0.372142 3.953399
v -0.223056 0.449724 3.865138
v -0.223650 0.438329 3.951592
v -0.298390 0.395491 3.981353
v -0.259116 0.436476 3.799573
v -0.374576 0.381009 3.800564
v -0.386692 0.360221 3.896133
v -0.329766 0.377035 3.987550
v -0.206947 0.450605 3.894048
v -0.225572 0.430612 3.988071
v -0.347983 0.388028 3.826809
v -0.330698 0.401544 3.809623
v -0.373040 0.376084 3.838747
v -0.371428 0.365071 3.924754
v -0.243617 0.442709 3.836543
v -0.213263 0.447614 3.922228
v -0.264984 0.413032 3.980864
v -0.314042 0.412831 3.816728
v -0.272265 0.428023 3.825229
v -0.241292 0.446030 3.854311
v -0.284739 0.401718 3.974308
v -0.326398 0.386664 3.965029
v -0.357754 0.368321 3.936521
v -0.375339 0.364342 3.896672
v -0.373499 0.376186 3.857146
v -0.291161 0.418881 3.816587
v -0.378383 0.365178 3.875515
v -0.343919 0.372943 3.953368
v -0.224838 0.446277 3.872358
v -0.232131 0.431990 3.951091
v -0.304829 0.390837 3.973326
v -0.331823 0.397407 3.817404
v -0.363829 0.377725 3.838821
v -0.371061 0.363433 3.917552
v -0.252031 0.436772 3.836543
v -0.217519 0.444532 3.914396
v -0.264174 0.412312 3.972509
v -0.270525 0.429073 3.823944
v -0.312451 0.410852 3.812333
v -0.374136 0.370387 3.855703
v -0.380264 0.364036 3.896542
v -0.359967 0.367004 3.937020
v -0.326574 0.382684 3.967643
v -0.217960 0.447430 3.893323
v -0.233739 0.446801 3.852242
v -0.246131 0.423193 3.964375
v -0.219267 0.443393 3.934935
v -0.283323 0.404068 3.977623
v -0.352206 0.388497 3.823881
v -0.291682 0.418409 3.817735
v -0.376293 0.366202 3.875755
v -0.342433 0.373819 3.952702
v -0.226966 0.445090 3.872557
v -0.234181 0.431014 3.950418
v -0.304523 0.391172 3.972200
v -0.330864 0.397714 3.818542
v -0.361973 0.378562 3.839516
v -0.369081 0.364475 3.917375
v -0.253703 0.435755 3.837232
v -0.219759 0.443363 3.914177
v -0.265354 0.411868 3.971393
v -0.271590 0.427935 3.824796
v -0.311899 0.408135 3.814502
v -0.372257 0.370856 3.856113
v -0.377138 0.362897 3.896596
v -0.358299 0.367502 3.936639
v -0.325042 0.381118 3.965625
v -0.219948 0.445933 3.893304
v -0.236647 0.442520 3.853046
v -0.247677 0.422090 3.963536
v -0.222571 0.439151 3.934043
v -0.284123 0.401326 3.975411
v -0.349254 0.386986 3.825877
v -0.236819 0.452043 3.895147
v -0.347650 0.401553 3.837041
v -0.316093 0.419430 3.827355
v -0.281553 0.436466 3.835660
v -0.252230 0.448573 3.860347
v -0.292437 0.413500 3.965846
v -0.326939 0.396459 3.957541
v -0.356181 0.384344 3.932852
v -0.371537 0.380870 3.898052
v -0.368287 0.387262 3.862835
v -0.296397 0.426174 3.822111
v -0.377300 0.376241 3.877707
v -0.344865 0.383535 3.951478
v -0.234465 0.451701 3.874631
v -0.241383 0.438212 3.949284
v -0.308618 0.400127 3.970141
v -0.333826 0.406406 3.822885
v -0.363580 0.388085 3.842967
v -0.370390 0.374584 3.917619
v -0.260080 0.442759 3.840773
v -0.227559 0.450045 3.914542
v -0.271202 0.419897 3.969367
v -0.227512 0.442708 3.934072
v -0.251122 0.426439 3.963458
v -0.335516 0.410148 3.856925
v -0.314187 0.422188 3.850834
v -0.290972 0.433676 3.855994
v -0.271794 0.441534 3.872738
v -0.321519 0.406710 3.938362
v -0.340667 0.398875 3.921633
v -0.350926 0.396578 3.898147
v -0.348835 0.400834 3.874389
v -0.276988 0.430240 3.937432
v -0.298351 0.418230 3.943537
v -0.300827 0.428952 3.839772
v -0.363341 0.390369 3.882730
v -0.338278 0.396005 3.939733
v -0.252972 0.448677 3.880353
v -0.258318 0.438253 3.938038
v -0.310270 0.408825 3.954154
v -0.329748 0.413677 3.840369
v -0.352739 0.399520 3.855887
v -0.358001 0.389089 3.913570
v -0.272765 0.441767 3.854192
v -0.247636 0.447397 3.911193
v -0.281359 0.424102 3.953556
v -0.240133 0.445658 3.930364
v -0.260859 0.431375 3.956160
v -0.322313 0.412709 3.897794
v -0.291253 0.429118 3.897124
v -0.302413 0.420008 3.922994
v -0.305296 0.420694 3.906704
v -0.317142 0.413276 3.915362
v -0.290387 0.427412 3.914788
v -0.308451 0.421240 3.888431
v -0.311155 0.421943 3.872021
v -0.323196 0.414522 3.880247
v -0.296439 0.428658 3.879673
v -0.302408 0.427421 3.863259
v -0.337790 0.405539 3.888146
v -0.323643 0.408162 3.924747
v -0.278768 0.436720 3.886875
v -0.280209 0.431111 3.923826
v -0.310749 0.414064 3.931388
v -0.322350 0.416888 3.863675
v -0.332932 0.410371 3.870822
v -0.334388 0.404776 3.907805
v -0.289491 0.433319 3.869901
v -0.275369 0.435957 3.906534
v -0.290812 0.424598 3.930972
v -0.261498 0.443823 3.896219
v -0.263632 0.439576 3.919982
v -0.221035 0.445862 3.893348
v -0.349990 0.392466 3.827762
v -0.311834 0.408507 3.815716
v -0.274695 0.432238 3.826189
v -0.238682 0.441890 3.853500
v -0.287094 0.406076 3.974491
v -0.324264 0.382196 3.964794
v -0.359708 0.372863 3.936906
v -0.377201 0.368905 3.897263
v -0.371618 0.371661 3.856348
v -0.224830 0.438551 3.933673
v -0.248566 0.422194 3.963214
v -0.266398 0.413501 3.971468
v -0.235346 0.432573 3.950555
v -0.362593 0.380374 3.839843
v -0.292634 0.420038 3.818125
v -0.376881 0.368040 3.876019
v -0.369684 0.366315 3.917580
v -0.305360 0.392913 3.972273
v -0.343105 0.375636 3.952839
v -0.254816 0.437308 3.837559
v -0.331609 0.399452 3.818931
v -0.228142 0.446619 3.872816
v -0.220951 0.444895 3.914376
v -0.270953 0.428340 3.824288
v -0.311748 0.408124 3.815166
v -0.373375 0.370303 3.855868
v -0.375996 0.363500 3.896610
v -0.359291 0.366932 3.936865
v -0.324484 0.381511 3.965120
v -0.218762 0.446551 3.893315
v -0.237698 0.441936 3.853276
v -0.246754 0.422474 3.964036
v -0.223749 0.438584 3.933802
v -0.284362 0.401326 3.974751
v -0.348414 0.387358 3.826380
v -0.264625 0.412018 3.972064
v -0.218389 0.443951 3.914305
v -0.252677 0.436251 3.836812
v -0.370263 0.363725 3.917478
v -0.363080 0.377937 3.839092
v -0.331429 0.397409 3.817850
v -0.304693 0.390850 3.972877
v -0.232926 0.431485 3.950821
v -0.225664 0.445689 3.872433
v -0.343316 0.373170 3.953101
v -0.377542 0.365464 3.875606
v -0.291352 0.418575 3.817036
v -0.269820 0.430800 3.823378
v -0.312005 0.408602 3.814052
v -0.375389 0.371045 3.855431
v -0.377916 0.362948 3.896587
v -0.361080 0.367642 3.937274
v -0.325424 0.381311 3.965969
v -0.216641 0.449394 3.893337
v -0.235938 0.443376 3.852891
v -0.245106 0.424896 3.964934
v -0.221774 0.439994 3.934208
v -0.283965 0.401785 3.975860
v -0.349828 0.387193 3.825537
v -0.263645 0.413375 3.973031
v -0.216498 0.445930 3.914502
v -0.251274 0.438100 3.836229
v -0.371996 0.363806 3.917639
v -0.364708 0.378195 3.838504
v -0.332286 0.398122 3.816880
v -0.304988 0.391539 3.973852
v -0.231199 0.433300 3.951407
v -0.223869 0.447684 3.872271
v -0.344626 0.373393 3.953682
v -0.379370 0.365560 3.875409
v -0.290938 0.419957 3.816060
v -0.312179 0.409889 3.813312
v -0.379196 0.363550 3.896573
v -0.326053 0.382148 3.966534
v -0.234771 0.445304 3.852636
v -0.220465 0.441901 3.934479
v -0.283704 0.403059 3.976599
v -0.350771 0.388052 3.824976
v -0.268983 0.432236 3.822301
v -0.376613 0.371508 3.855005
v -0.361934 0.368135 3.937667
v -0.215491 0.450851 3.893372
v -0.243734 0.426358 3.966123
v -0.262906 0.414998 3.973759
v -0.215073 0.448021 3.914650
v -0.250217 0.440093 3.835790
v -0.373302 0.364467 3.917761
v -0.365934 0.378988 3.838060
v -0.332932 0.399258 3.816151
v -0.305211 0.392658 3.974587
v -0.229897 0.435267 3.951849
v -0.222517 0.449787 3.872149
v -0.345612 0.374162 3.954120
v -0.380746 0.366233 3.875259
v -0.290626 0.421598 3.815323
v -0.906667 -0.320884 2.146485
v -0.856649 -0.455361 2.207581
v -0.973830 0.002221 2.145411
v -0.964726 -0.089785 2.117587
v -0.901367 -0.301332 2.227013
v -0.960489 -0.074850 2.193739
v -0.945012 -0.180974 2.081200
v -0.859486 -0.447555 2.125389
v -0.851378 -0.432114 2.240506
v -0.970725 0.030010 2.207743
v -0.977816 0.024354 2.098861
v -0.934452 -0.162792 2.245243
v -0.911693 -0.310247 2.177406
v -0.868867 -0.433013 2.213315
v -0.972913 -0.032308 2.142213
v -0.963322 -0.108840 2.143788
v -0.911165 -0.296185 2.201583
v -0.963582 -0.096887 2.164100
v -0.942611 -0.198513 2.150135
v -0.876576 -0.409736 2.193628
v -0.874339 -0.399467 2.223398
v -0.969105 -0.038219 2.158232
v -0.970226 -0.045178 2.132999
v -0.941530 -0.180009 2.190203
v -1.306576 -0.216017 1.834238
v -1.201163 -0.372480 1.960261
v -1.197933 -0.538565 1.957186
v -1.204466 -0.021568 1.986149
v -1.205139 -0.113428 1.975217
v -1.215721 -0.361081 1.969940
v -1.218278 -0.103135 1.983948
v -0.980958 -0.050731 2.145571
v -1.112952 -0.054686 2.067202
v -0.954695 -0.199005 2.154681
v -1.059294 -0.445982 2.076748
v -0.893543 -0.395294 2.205258
v -1.518036 -0.584318 1.191489
v -1.376704 -0.438825 1.647489
v -1.411714 -0.662578 1.636601
v -1.242242 0.030444 1.711085
v -1.293415 -0.091053 1.685002
v -1.394674 -0.417373 1.653823
v -1.308491 -0.072122 1.690794
v -1.254659 -0.017335 1.859670
v -1.243402 -0.023111 1.855060
v -1.290875 -0.235836 1.826699
v -1.311228 -0.555553 1.804059
v -1.325100 -0.547794 1.809268
v -1.387083 -0.237486 0.934752
v -1.455599 -0.425539 1.021442
v -1.513981 -0.569011 1.092853
v -1.262497 -0.017090 1.152245
v -1.310074 -0.104735 1.056096
v -1.465786 -0.409255 1.026151
v -1.318209 -0.090344 1.060250
v -1.381859 -0.215696 1.503567
v -1.265700 0.000400 1.254947
v -1.253247 0.007469 1.543873
v -1.379975 -0.247273 1.130881
v -1.455836 -0.625391 1.473717
v -0.956223 -0.184334 2.171257
v -1.118415 -0.051315 2.074829
v -0.980615 -0.055323 2.135776
v -1.095891 -0.214448 2.069151
v -0.893919 -0.401929 2.191206
v -1.065296 -0.441277 2.086707
v -0.971772 -0.319029 2.142793
v -1.026194 -0.036192 2.118168
v -0.975030 -0.307390 2.158814
v -0.937292 -0.447461 2.167160
v -1.019620 -0.102527 2.132730
v -1.016084 -0.112623 2.119885
v -1.471235 -0.612767 1.477544
v -1.392050 -0.220170 1.137975
v -1.265059 0.016803 1.546976
v -1.255567 -0.008942 1.251770
v -1.367630 -0.243622 1.496872
v -1.504490 -0.596810 1.187446
v -1.514320 -0.678786 1.326075
v -1.305854 -0.089286 1.352345
v -1.319465 -0.068069 1.358080
v -1.441531 -0.449059 1.312445
v -1.458318 -0.424913 1.318906
v -1.239789 0.037831 1.405149
v -0.213665 0.322313 4.394816
v -0.115501 0.345893 4.416814
v -0.056579 0.337389 4.437047
v -0.053980 0.317645 4.471589
v -0.264076 0.263620 4.399582
v -0.239322 0.269100 4.426689
v -0.160788 0.295796 4.457939
v -0.167662 0.313134 4.423776
v -0.233780 0.297669 4.402914
v -0.254260 0.284267 4.392968
v -0.301459 0.232196 4.385070
v -0.258522 0.312314 4.357055
v -0.056073 0.276044 4.354633
v -0.054839 0.267080 4.371625
v -0.240971 0.223229 4.327191
v -0.228273 0.226096 4.340042
v -0.162733 0.245050 4.358582
v -0.166085 0.252143 4.342704
v -0.230050 0.235596 4.328511
v -0.240629 0.229794 4.323425
v -0.109474 0.306934 4.452876
v -0.204852 0.258195 4.390880
v -0.240441 0.270859 4.415904
v -0.241197 0.250623 4.365977
v -0.112231 0.316342 4.434228
v -0.238032 0.256729 4.365252
v -0.208434 0.292758 4.419553
v -0.109689 0.281026 4.407046
v -0.205062 0.283823 4.436174
v -0.237909 0.246446 4.372893
v -0.243708 0.276009 4.408139
v -0.112104 0.289135 4.390640
v -0.238936 0.283856 4.407414
v -0.208143 0.265526 4.376360
v -0.230050 0.277773 4.400404
v -0.054839 0.309257 4.443518
v -0.228274 0.268274 4.411934
v -0.166085 0.294320 4.414597
v -0.240630 0.271971 4.395318
v -0.056073 0.318222 4.426526
v -0.240971 0.265406 4.399084
v -0.162733 0.287227 4.430475
v 0.078064 -0.465863 -2.441507
v 0.353363 -0.144591 4.275528
v 0.427486 -0.353549 3.816999
v 0.474162 -0.417149 3.534138
v 0.551639 -0.478299 3.112260
v 0.619984 -0.535656 2.694268
v 0.668503 -0.619318 2.151696
v 0.672671 -0.654961 1.816911
v 0.644102 -0.686993 1.208897
v 0.617383 -0.682419 0.973977
v 0.577012 -0.669194 0.704548
v 0.404375 -0.596013 -0.111090
v 0.351833 -0.574582 -0.328593
v 0.269503 -0.538901 -0.687470
v 0.164045 -0.499749 -1.298940
v 0.139684 -0.500313 -1.546696
v 0.109753 -0.489260 -1.903080
v 0.121316 0.185932 -1.903692
v 0.171644 -0.123210 -1.896162
v 0.141024 -0.309827 -1.896230
v 0.161962 0.193157 -1.532407
v 0.223553 -0.116467 -1.541454
v 0.183566 -0.312144 -1.544981
v 0.203143 0.226061 -1.277406
v 0.272539 -0.098047 -1.287801
v 0.222041 -0.306635 -1.294442
v 0.354700 0.346261 -0.658256
v 0.444742 -0.058902 -0.670144
v 0.377601 -0.314248 -0.679632
v 0.447199 0.410189 -0.326193
v 0.547740 -0.027395 -0.350520
v 0.477910 -0.316980 -0.348072
v 0.510805 0.445932 -0.122859
v 0.612048 -0.005424 -0.151411
v 0.541244 -0.318788 -0.142223
v 0.740489 0.512403 0.685633
v 0.857345 0.005128 0.710608
v 0.776224 -0.348081 0.712690
v 0.791147 0.511625 0.926141
v 0.904730 -0.003230 0.932045
v 0.825716 -0.361259 0.949372
v 0.825001 0.505312 1.148047
v 0.940306 -0.009796 1.147349
v 0.861294 -0.365666 1.172093
v 0.863029 0.482405 1.825539
v 0.974492 -0.012307 1.823099
v 0.893609 -0.348182 1.820569
v 0.855445 0.466845 2.160219
v 1.107354 -0.115381 2.067062
v 1.115745 -0.106059 2.078031
v 0.796681 0.427223 2.678546
v 0.902705 0.002035 2.687339
v 0.820572 -0.283229 2.692835
v 0.704321 0.377967 3.099286
v 0.807147 -0.002172 3.111338
v 0.726379 -0.253932 3.115235
v 0.583258 0.313783 3.529121
v 0.685546 -0.008912 3.538663
v 0.614164 -0.216694 3.538823
v 0.496913 0.278786 3.820073
v 0.596239 -0.006127 3.826512
v 0.538844 -0.176041 3.824191
v 0.349985 0.293582 4.240532
v 0.431557 0.072837 4.270125
v 0.409815 -0.031291 4.277003
v 0.086430 0.257327 -2.458776
v 0.101503 -0.081252 -2.410919
v 0.091248 -0.279251 -2.416383
v 0.278919 0.116785 4.452950
v 0.291348 0.190744 4.431173
v 0.238962 0.319417 4.375091
v 0.259425 0.012114 4.459413
v 0.114954 -0.292254 -2.185097
v 0.136752 -0.101508 -2.184932
v 0.102718 0.223888 -2.218894
v 0.091564 -0.473436 -2.208982
v 0.132165 0.069631 -2.194640
v 0.099243 0.090869 -2.423460
v 0.425422 0.181702 4.256315
v 0.592114 0.136462 3.821266
v 0.682841 0.156959 3.531067
v 0.804685 0.201439 3.103910
v 0.898682 0.230962 2.682870
v 0.960052 0.249346 2.161139
v 0.967825 0.254126 1.826499
v 0.929845 0.266827 1.141813
v 0.895693 0.273350 0.924522
v 0.848367 0.274988 0.701470
v 0.606681 0.240605 -0.140361
v 0.543400 0.206973 -0.338208
v 0.441074 0.156127 -0.662990
v 0.267484 0.077278 -1.282361
v 0.218197 0.050122 -1.536622
v 0.166102 0.042409 -1.898780
v 0.014874 -0.009731 -4.153590
v 0.180841 0.664743 2.674497
v 0.009089 -0.691603 -4.144000
v 0.101586 -0.843806 0.674710
v 0.019747 -0.651215 -2.507452
v 0.191855 0.705508 2.375200
v 0.014290 -0.280613 -4.141915
v 0.095012 -0.863262 1.009843
v 0.049091 0.102719 4.576076
v 0.197376 0.761552 1.825428
v 0.045487 0.230532 4.582077
v 0.077642 -0.874461 1.260640
v 0.063275 0.406930 4.350371
v 0.663265 -0.681021 1.518225
v 0.048351 0.293159 4.549663
v 0.027670 -0.843643 1.773250
v 0.220682 0.800928 0.972432
v 0.057761 0.357591 4.423284
v 0.207904 0.797021 0.629223
v 0.081850 -0.696656 2.697836
v 0.063729 -0.077784 4.474290
v 0.161657 0.775881 0.284942
v 0.091037 -0.630488 3.115570
v 0.071526 0.447993 4.240870
v 0.119884 0.654844 -0.260945
v 0.092074 -0.568446 3.534762
v 0.024262 -0.620844 -1.929212
v 0.093226 0.551545 -0.648635
v 0.089573 -0.502198 3.816679
v 0.031053 -0.628525 -1.549026
v 0.048156 0.390242 -1.274371
v 0.078427 -0.252179 4.282228
v 0.099717 -0.779247 0.044979
v 0.020088 0.536335 -2.630195
v 0.030958 0.359599 -1.530947
v 0.081511 0.468638 4.114125
v 0.078141 -0.674794 -0.688721
v 0.020747 -0.609429 -2.264329
v 0.022879 0.352868 -1.923992
v 0.126923 0.513577 3.527705
v 0.098647 -0.732986 -0.288388
v 0.021197 0.412000 -2.298194
v 0.157500 0.592986 3.094962
v 0.004636 -0.766076 -4.167383
v 0.011920 0.345003 -4.159866
v 0.061847 0.330054 -2.616163
v 0.246096 -0.716919 -0.076873
v 0.067834 0.104574 -2.555512
v 0.469276 0.510700 3.097112
v 0.064221 0.346368 -2.262729
v 0.213559 -0.689757 -0.306578
v 0.378798 0.440938 3.529287
v 0.070413 0.291422 -1.913202
v 0.061638 -0.574028 -2.241169
v 0.161433 -0.639816 -0.689152
v 0.247083 0.400826 4.108479
v 0.093160 0.294968 -1.530980
v 0.060090 0.426598 -2.550214
v 0.107331 -0.589589 -1.299458
v 0.233768 -0.227062 4.275797
v 0.153678 0.386578 -1.039850
v 0.091854 -0.594412 -1.547729
v 0.268315 -0.460083 3.815136
v 0.215044 0.481151 -0.653890
v 0.072316 -0.587047 -1.914960
v 0.286321 -0.521550 3.533603
v 0.280872 0.561359 -0.304877
v 0.216122 0.393247 4.234065
v 0.311305 -0.583057 3.111233
v 0.456552 0.683741 0.449946
v 0.188840 -0.058759 4.463451
v 0.324105 -0.650915 2.694714
v 0.495871 0.694502 0.660873
v 0.316139 -0.748495 2.148866
v 0.170929 0.332289 4.407853
v 0.535378 0.694910 0.939616
v 0.315007 -0.794971 1.812055
v 0.147120 0.271532 4.531083
v 0.187026 0.372197 4.339890
v 0.324242 -0.826756 1.237737
v 0.138622 0.211132 4.558926
v 0.587276 0.655356 1.825447
v 0.147629 0.098336 4.553381
v 0.332182 -0.816075 0.993880
v 0.055652 -0.495375 -2.555112
v 0.570918 0.609846 2.375772
v 0.055850 -0.587382 -2.479926
v 0.323548 -0.798892 0.690735
v 0.061120 -0.279181 -2.542514
v 0.538323 0.573281 2.675869
v 0.067712 -0.074528 -2.536700
v 0.363931 0.631002 0.049243
v 0.394689 0.653702 0.179925
v 0.292762 -0.761563 0.312540
v 0.275141 -0.744500 0.158164
v 0.094332 -0.809975 0.295274
v 0.090711 -0.793484 0.156674
v 0.021748 0.799687 -1.598308
v 0.133092 0.760461 0.179409
v 0.747729 0.270911 0.328169
v 0.703998 0.260699 0.170751
v 0.676409 -0.328858 0.335325
v 0.628728 -0.323744 0.163858
v 0.753820 0.008625 0.331022
v 0.708146 0.003835 0.167188
v 0.644747 0.494436 0.322561
v 0.604246 0.480676 0.176016
v 0.505860 -0.633408 0.329886
v 0.467416 -0.618453 0.160530
v 0.583575 0.672605 1.517274
v 0.574675 0.681176 1.338264
v 0.226262 0.795333 1.223881
v 0.311410 -0.823620 1.515119
v 0.962667 0.258750 1.517007
v 0.887775 -0.362235 1.522250
v 0.969319 -0.012246 1.521166
v 0.857990 0.493015 1.515736
v 0.844348 0.498886 1.328893
v 0.190247 0.785151 0.400094
v 0.066818 -0.873011 1.371349
v 0.957457 -0.012327 1.329306
v 0.654793 -0.685676 1.353281
v 0.876946 -0.365174 1.339989
v 0.196571 0.782792 1.517058
v 0.214695 0.791588 1.356796
v 0.949120 0.262123 1.326429
v 0.689617 0.505867 0.490989
v 0.807133 0.009523 0.522679
v 0.316087 -0.827303 1.362857
v 0.561301 0.688202 1.171396
v 0.797948 0.274440 0.512503
v 0.097227 -0.827442 0.447813
v 0.727959 -0.335912 0.526733
v 0.423707 0.669514 0.305546
v 0.307502 -0.780682 0.479542
v 0.014049 1.114058 1.215844
v 0.031844 1.244845 0.634050
v 0.031534 1.219787 0.873902
v 0.028841 1.172133 1.083210
v 0.542433 -0.650643 0.510861
v 0.118790 0.327867 -1.275184
v 0.034343 1.183620 -0.539654
v 0.031947 1.117320 -0.830956
v 0.138706 0.717299 -0.024957
v 0.009044 0.700099 -1.907979
v 0.122017 -0.600413 -1.075350
v 0.009003 -0.751036 -1.774609
v 0.329599 0.106561 -1.047783
v 0.275553 -0.309275 -1.062778
v 0.334307 -0.084144 -1.052647
v 0.258330 0.271980 -1.043261
v 0.196589 -0.509580 -1.072723
v 0.068221 0.448032 -1.037634
v 0.329955 0.606004 -0.088349
v 0.260723 -0.730401 0.033066
v 0.028479 -1.056141 -1.060244
v 0.656807 0.252777 0.018778
v 0.585744 -0.321097 0.013073
v 0.661106 0.000220 0.012427
v 0.559742 0.464718 0.030543
v 0.436332 -0.606936 0.021215
v 0.138567 0.740213 0.072853
v 0.059752 -0.631806 -1.076040
v 0.012074 -1.156585 -0.336055
v 0.030361 -1.139705 -0.731580
v 0.107372 -0.765252 -0.047801
v 0.045282 -0.622705 -1.299936
v 0.581762 0.631800 2.158338
v 0.318625 -0.708291 2.388455
v 0.195516 0.732761 2.158568
v 0.943932 0.242220 2.381072
v 0.867430 -0.308329 2.387888
v 0.948883 -0.002167 2.384924
v 0.840575 0.452773 2.378108
v 0.655015 -0.582957 2.386442
v 0.079063 -0.751841 2.388887
v 0.026691 -0.788472 2.194209
v 0.074487 -0.866393 1.519307
v 0.004869 -0.268591 -4.340209
v 0.004736 -0.451046 -4.332790
v 0.004637 -0.617925 -4.269262
v 0.004893 -0.029198 -4.322893
v 0.004755 0.289221 -4.260320
v 0.011102 -0.498531 -4.141869
v 0.004824 0.529543 -4.141310
v 0.016775 0.699705 -2.936407
v 0.013451 0.815191 -3.315060
v 0.009975 0.793924 -3.648883
v 0.006622 0.671262 -3.924609
v 0.037681 -0.324009 -2.747667
v 0.030742 -0.427348 -3.089662
v 0.023397 -0.511582 -3.474668
v 0.016207 -0.535730 -3.809909
v 0.038819 0.464591 -2.875469
v 0.032028 0.538331 -3.244291
v 0.024920 0.515031 -3.582507
v 0.017915 0.435793 -3.882653
v 0.017294 -0.774171 -2.729915
v 0.013888 -0.921800 -3.115795
v 0.008582 -1.007627 -3.647702
v 0.004873 -0.934817 -3.982863
v 0.044024 -0.105183 -2.762670
v 0.037088 -0.165528 -3.093706
v 0.029827 -0.223006 -3.448064
v 0.022517 -0.268721 -3.790246
v 0.034093 -0.600129 -2.737735
v 0.027216 -0.740711 -3.107962
v 0.018196 -0.836959 -3.576041
v 0.010928 -0.806185 -3.908610
v 0.045187 0.121515 -2.795880
v 0.038251 0.114639 -3.143033
v 0.030989 0.076302 -3.489184
v 0.023658 0.030997 -3.822818
v 0.009911 1.378085 0.815016
v 0.009318 1.359642 0.434335
v 0.009667 1.315855 1.013827
v 0.010004 1.370863 0.634600
v 0.007930 1.282226 0.268518
v 0.023029 1.280132 0.380013
v 0.036143 1.094960 0.339759
v 0.012485 1.134586 0.202395
v 0.043943 0.978608 1.181677
v 0.049117 1.007561 0.945536
v 0.049889 1.041655 0.627184
v 0.021057 0.965852 1.296565
v 0.034386 0.830074 1.360084
v 0.074110 0.832252 0.612203
v 0.072885 0.836089 0.993686
v 0.065776 0.830568 1.255975
v 0.033859 0.815174 0.275795
v 0.067280 0.820852 0.371501
v 0.016559 1.235029 -0.606723
v 0.010268 0.844189 -1.646148
v 0.015097 1.178263 -0.900600
v 0.013410 1.056644 -1.237011
v 0.018238 1.225414 -0.461973
v 0.028500 0.995295 -1.175897
v 0.034355 0.787866 -0.932656
v 0.020909 0.979854 -0.127797
v 0.011542 0.564228 -1.700513
v 0.037875 0.901748 -0.549805
v 0.040207 0.965554 -0.246464
v 0.027319 0.647287 -1.389084
v 0.034171 0.472040 -1.049073
v 0.049364 0.764072 0.005680
v 0.046484 0.694628 -0.243813
v 0.015312 0.417259 -1.280914
v 0.027303 0.780661 0.074829
v 0.042031 0.579631 -0.656777
v 0.008611 -0.939610 -1.589808
v 0.011065 -1.252787 -0.588475
v 0.013113 -1.259470 -0.852880
v 0.012192 -1.168734 -1.163498
v 0.025664 -1.156440 -0.469567
v 0.020740 -0.871436 -1.510564
v 0.029375 -0.731233 -1.270907
v 0.034408 -0.935702 -0.204534
v 0.039412 -0.900200 -0.460696
v 0.016156 -0.951298 -0.096250
v 0.037490 -0.830204 -0.835993
v 0.013044 -0.677080 -1.526584
v 0.016534 -0.639268 -1.309722
v 0.044201 -0.698115 -0.699579
v 0.021336 -0.810430 0.036730
v 0.046872 -0.760495 -0.293503
v 0.042315 -0.795587 -0.046467
v 0.035571 -0.649523 -1.090710
v 0.094979 -1.006083 2.147290
v 0.103126 -0.943478 1.755794
v 0.098166 -0.788424 2.144714
v 0.098798 -0.832393 1.817329
v 0.077249 -0.861558 1.620667
v 0.056262 -0.794721 2.146771
v 0.074428 -0.773070 2.279475
v 0.058581 -0.838956 1.818023
v 0.115199 -1.011661 1.447095
v 0.127989 -1.277131 1.925437
v 0.089283 -0.913007 1.573789
v 0.106739 -0.990134 2.042769
v 0.080538 -0.947242 1.755453
v 0.082621 -0.993662 2.041979
v 0.146840 -1.316539 1.664097
v 0.141989 -1.220438 1.464789
v 0.139595 -1.226544 1.856632
v 0.109847 -1.097305 1.615851
v 0.115477 -1.229857 1.854831
v 0.132435 -1.093626 1.617270
v 0.186721 -1.329587 1.231086
v 0.190923 -1.408345 1.556340
v 0.164576 -1.216763 1.466254
v 0.159318 -1.357741 1.731169
v 0.148085 -1.165169 1.332174
v 0.170958 -1.313235 1.665941
v 0.206433 -1.404853 1.214310
v 0.205465 -1.433505 1.367640
v 0.202314 -1.383506 1.470924
v 0.177840 -1.347075 1.304482
v 0.179189 -1.386672 1.469148
v 0.199506 -1.343554 1.305895
v 0.062753 -0.809448 2.135398
v 0.064900 -0.846645 1.816434
v 0.087211 -0.805645 2.135119
v 0.077857 -0.866145 1.624052
v 0.087824 -0.842739 1.815626
v 0.075097 -0.791855 2.262508
v 0.025659 0.878424 1.338536
v 0.061833 0.900026 0.616706
v 0.060393 0.895305 0.976011
v 0.053641 0.881963 1.231127
v 0.023511 0.922648 0.255577
v 0.052935 0.909028 0.361283
v 0.031356 0.894936 -1.071359
v 0.019473 1.106841 -0.284540
v 0.010105 0.618581 -1.846267
v 0.034876 1.015059 -0.707143
v 0.037271 1.082773 -0.400723
v 0.024383 0.721745 -1.525169
v 0.030847 0.544469 -1.172854
v 0.043735 0.836635 -0.082682
v 0.041478 0.769234 -0.351998
v 0.013269 0.483968 -1.437047
v 0.022636 0.852027 0.003495
v 0.037958 0.657118 -0.754101
v 0.049576 0.112075 -2.614917
v 0.038365 -0.539752 -2.604072
v 0.048454 -0.077448 -2.591292
v 0.019148 -0.698413 -2.608124
v 0.043130 0.405326 -2.710365
v 0.042107 -0.286022 -2.591663
v 0.018667 0.624606 -2.792603
v 0.253228 -0.336661 4.095891
v 0.260786 -0.399361 3.957600
v 0.222902 0.447681 3.914692
v 0.230057 0.449397 3.873337
v 0.101606 0.476533 3.820196
v 0.090378 0.472955 3.968827
v 0.084830 -0.364411 4.102936
v 0.087275 -0.434240 3.961923
v 0.494632 0.154175 4.122415
v 0.542886 0.144331 3.975095
v 0.466359 -0.113771 4.120315
v 0.502156 -0.145747 3.974941
v 0.500243 0.016480 4.125871
v 0.547752 0.004085 3.979203
v 0.403211 0.286713 4.111771
v 0.450984 0.281228 3.968156
v 0.391623 -0.245050 4.103540
v 0.409348 -0.300041 3.962563
v 0.319063 0.409901 3.789467
v 0.390263 0.366170 3.845336
v 0.365701 0.364271 3.946322
v 0.224564 0.448308 3.843270
v 0.207636 0.445101 3.945314
v 0.276051 0.403984 3.998190
v 0.333011 0.402464 3.819720
v 0.256599 0.440132 3.838255
v 0.344450 0.378766 3.952963
v 0.306892 0.395958 3.972301
v 0.370898 0.369492 3.917880
v 0.378058 0.371208 3.876525
v 0.291255 0.421681 3.814374
v 0.381359 0.366441 3.874362
v 0.346396 0.374092 3.954174
v 0.222258 0.450243 3.871293
v 0.228857 0.436055 3.951965
v 0.304459 0.393225 3.975596
v 0.332851 0.399759 3.815176
v 0.367066 0.378816 3.837999
v 0.373380 0.364676 3.918615
v 0.249202 0.440835 3.835740
v 0.214522 0.448437 3.915583
v 0.262946 0.415134 3.974808
v 0.291244 0.418683 3.816782
v 0.378018 0.365236 3.875555
v 0.343658 0.372975 3.953252
v 0.225196 0.445956 3.872391
v 0.232475 0.431706 3.950974
v 0.304770 0.390777 3.973131
v 0.331652 0.397342 3.817597
v 0.363504 0.377752 3.838938
v 0.370715 0.363494 3.917520
v 0.252311 0.436480 3.836659
v 0.217896 0.444214 3.914356
v 0.264369 0.412119 3.972316
v 0.236086 0.450023 3.913352
v 0.242368 0.451530 3.877049
v 0.332745 0.410329 3.829981
v 0.265667 0.443396 3.846252
v 0.342787 0.389526 3.946948
v 0.309817 0.404618 3.963924
v 0.366003 0.381385 3.916150
v 0.372290 0.382892 3.879847
v 0.294230 0.422947 3.818918
v 0.363841 0.383480 3.840528
v 0.237226 0.435420 3.950690
v 0.268123 0.416443 3.971499
v 0.265216 0.443489 3.884008
v 0.325517 0.416007 3.852507
v 0.280671 0.438141 3.863186
v 0.331810 0.402264 3.931179
v 0.310138 0.412184 3.942338
v 0.347219 0.396916 3.910360
v 0.351460 0.397926 3.885866
v 0.287013 0.424404 3.941859
v 0.298701 0.428311 3.829277
v 0.359809 0.393665 3.848248
v 0.248660 0.439260 3.944953
v 0.275783 0.422601 3.963220
v 0.293386 0.429150 3.888083
v 0.291264 0.425832 3.922463
v 0.313524 0.414070 3.922935
v 0.320199 0.412723 3.906902
v 0.290246 0.428548 3.906257
v 0.323340 0.413325 3.888727
v 0.322200 0.416043 3.872434
v 0.299936 0.427804 3.871962
v 0.260978 0.442479 3.908503
v 0.302384 0.428225 3.852028
v 0.343306 0.405053 3.864514
v 0.269185 0.435354 3.929851
v 0.265661 0.412144 3.971299
v 0.234594 0.431224 3.950378
v 0.361909 0.378994 3.839644
v 0.291909 0.418681 3.817918
v 0.376201 0.366657 3.875828
v 0.369003 0.364932 3.917396
v 0.304649 0.391542 3.972105
v 0.342415 0.374255 3.952663
v 0.254071 0.435960 3.837359
v 0.330910 0.398081 3.818724
v 0.227389 0.445275 3.872624
v 0.220196 0.443550 3.914193
v 0.264994 0.411909 3.971705
v 0.219098 0.443610 3.914233
v 0.253204 0.435959 3.837030
v 0.369622 0.364092 3.917419
v 0.362479 0.378238 3.839312
v 0.331114 0.397541 3.818212
v 0.304587 0.390991 3.972515
v 0.233574 0.431206 3.950604
v 0.226337 0.445343 3.872494
v 0.342834 0.373483 3.952885
v 0.376866 0.365825 3.875681
v 0.291511 0.418458 3.817401
v 0.263948 0.412720 3.972731
v 0.217084 0.445083 3.914441
v 0.251708 0.437293 3.836410
v 0.371459 0.363547 3.917590
v 0.364203 0.377881 3.838686
v 0.332020 0.397667 3.817181
v 0.304897 0.391092 3.973550
v 0.231734 0.432503 3.951226
v 0.224425 0.446832 3.872321
v 0.344220 0.373090 3.953502
v 0.378803 0.365296 3.875470
v 0.291066 0.419295 3.816362
v 0.263256 0.414229 3.973414
v 0.215748 0.447031 3.914581
v 0.250717 0.439149 3.835997
v 0.372683 0.364154 3.917704
v 0.365353 0.378612 3.838270
v 0.332626 0.398720 3.816497
v 0.305105 0.392128 3.974239
v 0.230513 0.434335 3.951640
v 0.223158 0.448791 3.872207
v 0.345145 0.373798 3.953913
v 0.380094 0.365914 3.875330
v 0.290773 0.420821 3.815672
v 0.902878 -0.327684 2.093167
v 0.839867 -0.482752 2.187219
v 0.976949 0.053394 2.152984
v 0.969176 -0.058525 2.078528
v 0.892041 -0.307111 2.253787
v 0.959246 -0.046120 2.233888
v 0.908708 -0.314824 2.170419
v 0.863515 -0.440291 2.214954
v 0.971854 -0.022953 2.142622
v 0.962389 -0.104707 2.136238
v 0.906633 -0.297783 2.211257
v 0.961290 -0.090562 2.173105
v 1.265622 -0.102852 1.842177
v 1.280731 -0.088432 1.849073
v 1.055406 -0.483042 2.082829
v 1.085283 -0.330087 2.085210
v 1.116803 -0.033819 2.070511
v 1.076420 -0.340577 2.072202
v 1.242267 0.022775 1.277290
v 1.466608 -0.416518 1.152353
v 1.319567 -0.606538 1.803247
v 1.321626 -0.393149 1.820182
v 1.240064 0.004631 1.861554
v 1.304230 -0.409304 1.812762
v 1.313246 -0.099349 1.015731
v 1.462298 -0.417252 0.981748
v 1.451306 -0.439705 1.145823
v 1.319198 -0.077459 1.189050
v 1.306922 -0.097854 1.183290
v 1.529673 -0.648929 1.204105
v 0.923328 -0.310110 2.172823
v 0.982765 -0.035646 2.137978
v 0.923883 -0.297552 2.191074
v 0.882652 -0.433068 2.204170
v 0.974254 -0.099735 2.156115
v 0.973071 -0.110505 2.141590
v 1.475514 -0.684873 1.472973
v 1.303742 -0.086330 1.521388
v 1.318177 -0.065398 1.526913
v 1.419692 -0.450718 1.480940
v 1.437267 -0.426908 1.487098
v 1.240474 0.041025 1.553236
v 0.052203 0.314672 4.496108
v 0.312424 0.239629 4.365525
v 0.156735 0.293153 4.481168
v 0.261904 0.250033 4.423726
v 0.282399 0.289948 4.353315
v 0.162732 0.269156 4.399672
v 0.240971 0.247334 4.368281
v 0.056073 0.300150 4.395722
v 0.240629 0.253900 4.364514
v 0.166085 0.276249 4.383794
v 0.228273 0.250202 4.381131
v 0.054839 0.291185 4.412715
v 0.230050 0.259702 4.369600
v 0.230516 0.287025 4.412249
v 0.054732 0.317070 4.458558
v 0.229654 0.275142 4.425310
v 0.166282 0.303437 4.427275
v 0.242333 0.280273 4.406555
v 0.056136 0.327382 4.439372
v 0.243859 0.271947 4.410677
v 0.162489 0.295063 4.445438
v -0.078063 -0.465863 -2.441507
v -0.353363 -0.144591 4.275529
v -0.427486 -0.353550 3.816999
v -0.474162 -0.417149 3.534137
v -0.551639 -0.478299 3.112259
v -0.619984 -0.535656 2.694268
v -0.668502 -0.619318 2.151696
v -0.672671 -0.654961 1.816911
v -0.644102 -0.686993 1.208897
v -0.617383 -0.682419 0.973977
v -0.577012 -0.669194 0.704548
v -0.404375 -0.596013 -0.111090
v -0.351833 -0.574582 -0.328593
v -0.269503 -0.538902 -0.687470
v -0.164045 -0.499749 -1.298940
v -0.139683 -0.500313 -1.546696
v -0.109753 -0.489260 -1.903080
v -0.121316 0.185932 -1.903692
v -0.171644 -0.123210 -1.896162
v -0.141024 -0.309827 -1.896230
v -0.161963 0.193157 -1.532407
v -0.223553 -0.116467 -1.541454
v -0.183566 -0.312144 -1.544981
v -0.203143 0.226061 -1.277406
v -0.272539 -0.098047 -1.287802
v -0.222041 -0.306635 -1.294441
v -0.354700 0.346261 -0.658256
v -0.444742 -0.058903 -0.670144
v -0.377601 -0.314248 -0.679632
v -0.447199 0.410189 -0.326193
v -0.547740 -0.027396 -0.350520
v -0.477910 -0.316980 -0.348072
v -0.510805 0.445932 -0.122859
v -0.612048 -0.005424 -0.151411
v -0.541244 -0.318788 -0.142223
v -0.740489 0.512403 0.685633
v -0.857345 0.005128 0.710608
v -0.776223 -0.348082 0.712690
v -0.791147 0.511625 0.926141
v -0.904730 -0.003231 0.932045
v -0.825715 -0.361259 0.949373
v -0.825001 0.505311 1.148047
v -0.940306 -0.009797 1.147349
v -0.861294 -0.365667 1.172093
v -0.863029 0.482405 1.825539
v -0.974492 -0.012307 1.823099
v -0.893609 -0.348182 1.820569
v -0.855446 0.466845 2.160218
v -1.107354 -0.115382 2.067063
v -1.115745 -0.106059 2.078030
v -0.796681 0.427222 2.678545
v -0.902705 0.002034 2.687339
v -0.820572 -0.283229 2.692835
v -0.704321 0.377967 3.099287
v -0.807147 -0.002173 3.111338
v -0.726378 -0.253932 3.115235
v -0.583258 0.313783 3.529121
v -0.685546 -0.008912 3.538663
v -0.614164 -0.216694 3.538823
v -0.496913 0.278786 3.820073
v -0.596239 -0.006127 3.826512
v -0.538844 -0.176041 3.824191
v -0.349986 0.293582 4.240532
v -0.431557 0.072837 4.270125
v -0.409815 -0.031291 4.277003
v -0.086430 0.257327 -2.458776
v -0.101503 -0.081252 -2.410919
v -0.091248 -0.279251 -2.416383
v -0.278919 0.116785 4.452950
v -0.291348 0.190744 4.431172
v -0.238962 0.319416 4.375091
v -0.259425 0.012114 4.459413
v -0.114954 -0.292254 -2.185097
v -0.136752 -0.101508 -2.184932
v -0.102718 0.223888 -2.218894
v -0.091564 -0.473436 -2.208982
v -0.132165 0.069631 -2.194639
v -0.099243 0.090869 -2.423460
v -0.425422 0.181702 4.256316
v -0.592115 0.136462 3.821266
v -0.682841 0.156958 3.531067
v -0.804685 0.201438 3.103910
v -0.898682 0.230962 2.682870
v -0.960052 0.249346 2.161139
v -0.967825 0.254126 1.826499
v -0.929845 0.266827 1.141813
v -0.895693 0.273350 0.924522
v -0.848367 0.274987 0.701470
v -0.606681 0.240604 -0.140361
v -0.543400 0.206973 -0.338208
v -0.441074 0.156127 -0.662990
v -0.267484 0.077278 -1.282361
v -0.218197 0.050122 -1.536622
v -0.166102 0.042409 -1.898780
v -0.014874 -0.009731 -4.153591
v -0.180841 0.664743 2.674497
v -0.009089 -0.691603 -4.143999
v -0.101585 -0.843806 0.674710
v -0.019747 -0.651215 -2.507452
v -0.191855 0.705508 2.375200
v -0.014290 -0.280613 -4.141916
v -0.095012 -0.863262 1.009843
v -0.049091 0.102719 4.576076
v -0.197377 0.761552 1.825428
v -0.045487 0.230532 4.582077
v -0.077642 -0.874461 1.260640
v -0.063276 0.406930 4.350371
v -0.663265 -0.681021 1.518225
v -0.048352 0.293159 4.549663
v -0.027670 -0.843643 1.773250
v -0.220683 0.800928 0.972432
v -0.057761 0.357591 4.423284
v -0.207905 0.797021 0.629223
v -0.081850 -0.696656 2.697836
v -0.063728 -0.077784 4.474291
v -0.161657 0.775880 0.284942
v -0.091036 -0.630488 3.115570
v -0.071526 0.447993 4.240870
v -0.119884 0.654844 -0.260945
v -0.092074 -0.568445 3.534761
v -0.024262 -0.620844 -1.929212
v -0.093226 0.551545 -0.648635
v -0.089573 -0.502198 3.816679
v -0.031053 -0.628525 -1.549026
v -0.048156 0.390242 -1.274371
v -0.078427 -0.252179 4.282228
v -0.099717 -0.779247 0.044979
v -0.020088 0.536335 -2.630195
v -0.030958 0.359599 -1.530947
v -0.081511 0.468638 4.114125
v -0.078141 -0.674794 -0.688721
v -0.020747 -0.609429 -2.264328
v -0.022879 0.352868 -1.923992
v -0.126923 0.513577 3.527705
v -0.098647 -0.732986 -0.288388
v -0.021197 0.412000 -2.298194
v -0.157500 0.592986 3.094962
v -0.004636 -0.766076 -4.167383
v -0.011921 0.345003 -4.159866
v -0.061848 0.330054 -2.616163
v -0.246096 -0.716920 -0.076873
v -0.067834 0.104574 -2.555512
v -0.469276 0.510699 3.097112
v -0.064222 0.346368 -2.262729
v -0.213558 -0.689758 -0.306578
v -0.378798 0.440938 3.529287
v -0.070413 0.291422 -1.913202
v -0.061638 -0.574028 -2.241169
v -0.161433 -0.639816 -0.689152
v -0.247083 0.400826 4.108479
v -0.093160 0.294968 -1.530980
v -0.060090 0.426598 -2.550214
v -0.107331 -0.589589 -1.299459
v -0.233767 -0.227062 4.275797
v -0.153678 0.386578 -1.039850
v -0.091854 -0.594412 -1.547729
v -0.268315 -0.460083 3.815136
v -0.215044 0.481151 -0.653890
v -0.072316 -0.587047 -1.914960
v -0.286321 -0.521550 3.533603
v -0.280872 0.561359 -0.304877
v -0.216122 0.393247 4.234065
v -0.311304 -0.583057 3.111233
v -0.456553 0.683741 0.449946
v -0.188840 -0.058759 4.463451
v -0.324105 -0.650915 2.694715
v -0.495871 0.694502 0.660873
v -0.316139 -0.748495 2.148866
v -0.170929 0.332289 4.407853
v -0.535379 0.694910 0.939616
v -0.315007 -0.794971 1.812055
v -0.147120 0.271532 4.531083
v -0.187026 0.372197 4.339890
v -0.324241 -0.826756 1.237737
v -0.138622 0.211132 4.558926
v -0.587276 0.655356 1.825447
v -0.147629 0.098335 4.553381
v -0.332181 -0.816075 0.993880
v -0.055652 -0.495375 -2.555112
v -0.570918 0.609845 2.375772
v -0.055850 -0.587382 -2.479926
v -0.323548 -0.798892 0.690735
v -0.061120 -0.279181 -2.542514
v -0.538323 0.573280 2.675869
v -0.067712 -0.074528 -2.536699
v -0.363932 0.631002 0.049243
v -0.394689 0.653702 0.179925
v -0.292762 -0.761563 0.312540
v -0.275141 -0.744500 0.158164
v -0.094332 -0.809975 0.295274
v -0.090711 -0.793484 0.156674
v -0.021749 0.799687 -1.598308
v -0.133092 0.760461 0.179409
v -0.747729 0.270910 0.328169
v -0.703999 0.260699 0.170751
v -0.676409 -0.328858 0.335325
v -0.628728 -0.323744 0.163858
v -0.753820 0.008625 0.331022
v -0.708146 0.003835 0.167188
v -0.644747 0.494436 0.322561
v -0.604246 0.480676 0.176016
v -0.505860 -0.633408 0.329886
v -0.467416 -0.618453 0.160530
v -0.583575 0.672604 1.517274
v -0.574675 0.681176 1.338264
v -0.226262 0.795333 1.223881
v -0.311410 -0.823620 1.515119
v -0.962667 0.258750 1.517007
v -0.887775 -0.362236 1.522250
v -0.969319 -0.012247 1.521166
v -0.857990 0.493015 1.515736
v -0.844349 0.498886 1.328893
v -0.190248 0.785151 0.400094
v -0.066817 -0.873011 1.371349
v -0.957457 -0.012328 1.329306
v -0.654793 -0.685677 1.353281
v -0.876946 -0.365174 1.339989
v -0.196572 0.782792 1.517058
v -0.214695 0.791588 1.356795
v -0.949120 0.262123 1.326429
v -0.689618 0.505867 0.490989
v -0.807133 0.009523 0.522679
v -0.316086 -0.827304 1.362857
v -0.561301 0.688202 1.171396
v -0.797948 0.274439 0.512503
v -0.097227 -0.827442 0.447813
v -0.727958 -0.335912 0.526733
v -0.423707 0.669514 0.305546
v -0.307502 -0.780682 0.479542
v -0.014050 1.114058 1.215844
v -0.031844 1.244845 0.634050
v -0.031534 1.219787 0.873902
v -0.028841 1.172133 1.083210
v -0.542433 -0.650643 0.510861
v -0.118790 0.327867 -1.275184
v -0.034343 1.183620 -0.539654
v -0.031948 1.117320 -0.830955
v -0.138706 0.717299 -0.024957
v -0.009044 0.700099 -1.907979
v -0.122017 -0.600413 -1.075350
v -0.009003 -0.751036 -1.774608
v -0.329599 0.106561 -1.047783
v -0.275553 -0.309275 -1.062778
v -0.334307 -0.084144 -1.052648
v -0.258330 0.271980 -1.043261
v -0.196589 -0.509580 -1.072723
v -0.068221 0.448032 -1.037634
v -0.329956 0.606004 -0.088349
v -0.260723 -0.730401 0.033066
v -0.028479 -1.056141 -1.060243
v -0.656808 0.252776 0.018778
v -0.585744 -0.321097 0.013073
v -0.661106 0.000220 0.012427
v -0.559742 0.464718 0.030543
v -0.436331 -0.606936 0.021215
v -0.138568 0.740213 0.072853
v -0.059752 -0.631806 -1.076040
v -0.012073 -1.156584 -0.336055
v -0.030360 -1.139705 -0.731580
v -0.107372 -0.765252 -0.047801
v -0.045282 -0.622705 -1.299936
v -0.581763 0.631799 2.158338
v -0.318625 -0.708291 2.388455
v -0.195516 0.732761 2.158568
v -0.943932 0.242219 2.381072
v -0.867430 -0.308330 2.387888
v -0.948883 -0.002167 2.384924
v -0.840575 0.452773 2.378108
v -0.655015 -0.582957 2.386442
v -0.079063 -0.751841 2.388887
v -0.026691 -0.788472 2.194209
v -0.074486 -0.866393 1.519307
v -0.004869 -0.268591 -4.340209
v -0.004736 -0.451046 -4.332790
v -0.004636 -0.617925 -4.269262
v -0.004893 -0.029198 -4.322893
v -0.004755 0.289221 -4.260320
v -0.011101 -0.498531 -4.141869
v -0.004824 0.529543 -4.141310
v -0.016775 0.699704 -2.936407
v -0.013452 0.815191 -3.315060
v -0.009975 0.793924 -3.648882
v -0.006622 0.671262 -3.924608
v -0.037681 -0.324009 -2.747667
v -0.030741 -0.427348 -3.089662
v -0.023397 -0.511582 -3.474669
v -0.016207 -0.535730 -3.809909
v -0.038819 0.464591 -2.875469
v -0.032028 0.538331 -3.244290
v -0.024921 0.515031 -3.582507
v -0.017915 0.435793 -3.882653
v -0.017294 -0.774171 -2.729915
v -0.013888 -0.921800 -3.115795
v -0.008582 -1.007627 -3.647703
v -0.004872 -0.934817 -3.982863
v -0.044024 -0.105183 -2.762670
v -0.037088 -0.165528 -3.093706
v -0.029826 -0.223006 -3.448064
v -0.022517 -0.268721 -3.790247
v -0.034093 -0.600129 -2.737735
v -0.027216 -0.740711 -3.107962
v -0.018196 -0.836960 -3.576040
v -0.010927 -0.806185 -3.908609
v -0.045187 0.121515 -2.795880
v -0.038251 0.114639 -3.143034
v -0.030989 0.076302 -3.489183
v -0.023658 0.030997 -3.822817
v -0.009911 1.378085 0.815016
v -0.009319 1.359642 0.434335
v -0.009668 1.315855 1.013827
v -0.010005 1.370863 0.634600
v -0.007931 1.282226 0.268518
v -0.023030 1.280132 0.380013
v -0.036144 1.094960 0.339759
v -0.012485 1.134586 0.202395
v -0.043944 0.978608 1.181677
v -0.049117 1.007561 0.945536
v -0.049890 1.041655 0.627184
v -0.021058 0.965852 1.296565
v -0.034386 0.830074 1.360084
v -0.074110 0.832252 0.612203
v -0.072885 0.836089 0.993686
v -0.065776 0.830568 1.255975
v -0.033859 0.815174 0.275795
v -0.067281 0.820853 0.371501
v -0.016559 1.235029 -0.606723
v -0.010269 0.844189 -1.646148
v -0.015097 1.178263 -0.900600
v -0.013411 1.056644 -1.237011
v -0.018239 1.225414 -0.461973
v -0.028501 0.995295 -1.175897
v -0.034355 0.787866 -0.932656
v -0.020910 0.979854 -0.127797
v -0.011542 0.564228 -1.700513
v -0.037875 0.901748 -0.549805
v -0.040207 0.965554 -0.246464
v -0.027319 0.647287 -1.389084
v -0.034171 0.472040 -1.049073
v -0.049365 0.764071 0.005680
v -0.046484 0.694628 -0.243813
v -0.015312 0.417259 -1.280914
v -0.027303 0.780661 0.074829
v -0.042032 0.579631 -0.656777
v -0.008611 -0.939610 -1.589808
v -0.011065 -1.252787 -0.588475
v -0.013113 -1.259470 -0.852880
v -0.012192 -1.168734 -1.163498
v -0.025664 -1.156440 -0.469567
v -0.020739 -0.871436 -1.510564
v -0.029374 -0.731233 -1.270907
v -0.034408 -0.935701 -0.204534
v -0.039411 -0.900200 -0.460696
v -0.016156 -0.951298 -0.096250
v -0.037490 -0.830204 -0.835993
v -0.013044 -0.677080 -1.526584
v -0.016533 -0.639268 -1.309722
v -0.044201 -0.698115 -0.699579
v -0.021336 -0.810430 0.036730
v -0.046872 -0.760495 -0.293503
v -0.042315 -0.795587 -0.046467
v -0.035571 -0.649524 -1.090710
v -0.094979 -1.006083 2.147290
v -0.103125 -0.943478 1.755794
v -0.098166 -0.788424 2.144714
v -0.098798 -0.832393 1.817329
v -0.077249 -0.861558 1.620667
v -0.056262 -0.794721 2.146772
v -0.074427 -0.773070 2.279475
v -0.058581 -0.838956 1.818023
v -0.115199 -1.011660 1.447095
v -0.127988 -1.277131 1.925437
v -0.089282 -0.913007 1.573789
v -0.106739 -0.990134 2.042769
v -0.080538 -0.947242 1.755453
v -0.082621 -0.993662 2.041979
v -0.146839 -1.316539 1.664097
v -0.141988 -1.220438 1.464789
v -0.139594 -1.226544 1.856632
v -0.109847 -1.097305 1.615851
v -0.115476 -1.229857 1.854831
v -0.132434 -1.093626 1.617270
v -0.186720 -1.329587 1.231086
v -0.190923 -1.408345 1.556340
v -0.164576 -1.216763 1.466254
v -0.159318 -1.357741 1.731169
v -0.148085 -1.165169 1.332174
v -0.170958 -1.313235 1.665941
v -0.206433 -1.404853 1.214310
v -0.205464 -1.433505 1.367640
v -0.202313 -1.383506 1.470924
v -0.177839 -1.347075 1.304482
v -0.179188 -1.386672 1.469148
v -0.199505 -1.343554 1.305896
v -0.062752 -0.809448 2.135398
v -0.064900 -0.846645 1.816434
v -0.087211 -0.805645 2.135119
v -0.077857 -0.866145 1.624052
v -0.087823 -0.842739 1.815626
v -0.075097 -0.791855 2.262508
v -0.025659 0.878424 1.338536
v -0.061833 0.900026 0.616706
v -0.060393 0.895305 0.976011
v -0.053642 0.881963 1.231127
v -0.023512 0.922648 0.255577
v -0.052935 0.909028 0.361283
v -0.031357 0.894936 -1.071359
v -0.019473 1.106841 -0.284540
v -0.010105 0.618581 -1.846267
v -0.034877 1.015059 -0.707143
v -0.037271 1.082773 -0.400723
v -0.024383 0.721745 -1.525170
v -0.030848 0.544469 -1.172854
v -0.043735 0.836635 -0.082682
v -0.041479 0.769234 -0.351998
v -0.013269 0.483968 -1.437047
v -0.022636 0.852027 0.003495
v -0.037958 0.657118 -0.754100
v -0.049576 0.112075 -2.614917
v -0.038365 -0.539752 -2.604072
v -0.048454 -0.077448 -2.591292
v -0.019148 -0.698413 -2.608124
v -0.043130 0.405326 -2.710365
v -0.042107 -0.286022 -2.591663
v -0.018667 0.624606 -2.792603
v -0.253228 -0.336662 4.095891
v -0.260786 -0.399361 3.957600
v -0.222902 0.447681 3.914691
v -0.230058 0.449397 3.873337
v -0.101606 0.476533 3.820195
v -0.090378 0.472955 3.968827
v -0.084830 -0.364411 4.102936
v -0.087275 -0.434240 3.961923
v -0.494632 0.154175 4.122415
v -0.542886 0.144331 3.975095
v -0.466358 -0.113772 4.120315
v -0.502156 -0.145747 3.974941
v -0.500243 0.016480 4.125871
v -0.547752 0.004085 3.979202
v -0.403211 0.286713 4.111771
v -0.450985 0.281227 3.968156
v -0.391623 -0.245050 4.103540
v -0.409348 -0.300041 3.962563
v -0.319063 0.409901 3.789467
v -0.390263 0.366169 3.845336
v -0.365701 0.364271 3.946322
v -0.224564 0.448308 3.843270
v -0.207636 0.445101 3.945314
v -0.276051 0.403983 3.998190
v -0.333011 0.402464 3.819720
v -0.256599 0.440132 3.838255
v -0.344450 0.378766 3.952963
v -0.306892 0.395957 3.972301
v -0.370898 0.369492 3.917880
v -0.378059 0.371208 3.876525
v -0.291255 0.421681 3.814374
v -0.381360 0.366441 3.874362
v -0.346396 0.374092 3.954174
v -0.222258 0.450243 3.871293
v -0.228857 0.436055 3.951965
v -0.304460 0.393225 3.975596
v -0.332851 0.399759 3.815176
v -0.367067 0.378816 3.837999
v -0.373380 0.364676 3.918615
v -0.249202 0.440835 3.835740
v -0.214522 0.448437 3.915583
v -0.262946 0.415133 3.974808
v -0.291244 0.418683 3.816782
v -0.378018 0.365236 3.875555
v -0.343658 0.372975 3.953252
v -0.225196 0.445956 3.872391
v -0.232476 0.431705 3.950974
v -0.304770 0.390777 3.973131
v -0.331652 0.397342 3.817597
v -0.363504 0.377751 3.838938
v -0.370715 0.363494 3.917520
v -0.252311 0.436480 3.836660
v -0.217896 0.444214 3.914356
v -0.264369 0.412119 3.972316
v -0.236086 0.450023 3.913351
v -0.242368 0.451529 3.877048
v -0.332745 0.410329 3.829981
v -0.265667 0.443396 3.846252
v -0.342787 0.389526 3.946948
v -0.309817 0.404618 3.963924
v -0.366004 0.381385 3.916150
v -0.372290 0.382892 3.879847
v -0.294230 0.422947 3.818918
v -0.363842 0.383480 3.840528
v -0.237226 0.435420 3.950690
v -0.268123 0.416443 3.971499
v -0.265216 0.443488 3.884009
v -0.325517 0.416007 3.852506
v -0.280671 0.438140 3.863186
v -0.331810 0.402264 3.931179
v -0.310138 0.412184 3.942338
v -0.347219 0.396915 3.910360
v -0.351460 0.397926 3.885866
v -0.287013 0.424404 3.941859
v -0.298701 0.428311 3.829277
v -0.359809 0.393665 3.848248
v -0.248660 0.439260 3.944953
v -0.275784 0.422601 3.963220
v -0.293386 0.429150 3.888083
v -0.291265 0.425832 3.922463
v -0.313524 0.414070 3.922935
v -0.320199 0.412723 3.906902
v -0.290246 0.428548 3.906257
v -0.323340 0.413325 3.888728
v -0.322200 0.416043 3.872434
v -0.299936 0.427804 3.871962
v -0.260978 0.442479 3.908502
v -0.302384 0.428225 3.852028
v -0.343306 0.405053 3.864514
v -0.269185 0.435353 3.929851
v -0.265661 0.412143 3.971300
v -0.234594 0.431224 3.950379
v -0.361910 0.378994 3.839644
v -0.291909 0.418680 3.817918
v -0.376202 0.366657 3.875828
v -0.369003 0.364932 3.917396
v -0.304649 0.391542 3.972106
v -0.342415 0.374255 3.952663
v -0.254071 0.435960 3.837359
v -0.330910 0.398081 3.818723
v -0.227389 0.445275 3.872625
v -0.220196 0.443550 3.914193
v -0.264995 0.411909 3.971705
v -0.219098 0.443610 3.914233
v -0.253204 0.435959 3.837030
v -0.369623 0.364092 3.917419
v -0.362479 0.378238 3.839312
v -0.331114 0.397541 3.818212
v -0.304588 0.390991 3.972515
v -0.233574 0.431206 3.950604
v -0.226337 0.445342 3.872494
v -0.342834 0.373483 3.952886
v -0.376866 0.365825 3.875681
v -0.291511 0.418457 3.817401
v -0.263948 0.412720 3.972731
v -0.217084 0.445083 3.914441
v -0.251709 0.437293 3.836410
v -0.371459 0.363547 3.917590
v -0.364203 0.377881 3.838686
v -0.332020 0.397667 3.817181
v -0.304897 0.391091 3.973550
v -0.231734 0.432503 3.951226
v -0.224425 0.446831 3.872321
v -0.344220 0.373090 3.953502
v -0.378803 0.365296 3.875469
v -0.291066 0.419295 3.816362
v -0.263256 0.414229 3.973414
v -0.215748 0.447031 3.914580
v -0.250718 0.439149 3.835997
v -0.372683 0.364154 3.917703
v -0.365353 0.378612 3.838270
v -0.332626 0.398720 3.816497
v -0.305105 0.392128 3.974239
v -0.230514 0.434335 3.951640
v -0.223158 0.448791 3.872206
v -0.345145 0.373798 3.953913
v -0.380094 0.365914 3.875330
v -0.290773 0.420821 3.815672
v -0.902878 -0.327684 2.093167
v -0.839867 -0.482752 2.187220
v -0.976949 0.053394 2.152984
v -0.969176 -0.058525 2.078528
v -0.892041 -0.307112 2.253787
v -0.959246 -0.046120 2.233888
v -0.908707 -0.314824 2.170419
v -0.863515 -0.440291 2.214954
v -0.971854 -0.022953 2.142622
v -0.962389 -0.104707 2.136238
v -0.906633 -0.297783 2.211257
v -0.961290 -0.090563 2.173105
v -1.265622 -0.102852 1.842177
v -1.280731 -0.088433 1.849073
v -1.055406 -0.483042 2.082829
v -1.085282 -0.330087 2.085210
v -1.116803 -0.033819 2.070511
v -1.076420 -0.340577 2.072202
v -1.242267 0.022775 1.277290
v -1.466607 -0.416518 1.152353
v -1.319567 -0.606538 1.803247
v -1.321626 -0.393149 1.820181
v -1.240064 0.004630 1.861554
v -1.304230 -0.409304 1.812762
v -1.313246 -0.099349 1.015731
v -1.462298 -0.417253 0.981748
v -1.451305 -0.439705 1.145823
v -1.319198 -0.077460 1.189050
v -1.306922 -0.097855 1.183290
v -1.529673 -0.648930 1.204105
v -0.923328 -0.310110 2.172823
v -0.982765 -0.035646 2.137978
v -0.923882 -0.297553 2.191074
v -0.882652 -0.433068 2.204170
v -0.974254 -0.099736 2.156115
v -0.973071 -0.110505 2.141590
v -1.475514 -0.684874 1.472973
v -1.303742 -0.086330 1.521388
v -1.318177 -0.065399 1.526913
v -1.419692 -0.450718 1.480940
v -1.437267 -0.426909 1.487098
v -1.240474 0.041024 1.553236
v -0.052203 0.314672 4.496108
v -0.312424 0.239629 4.365525
v -0.156735 0.293153 4.481168
v -0.261904 0.250032 4.423726
v -0.282399 0.289948 4.353314
v -0.162733 0.269156 4.399671
v -0.240971 0.247334 4.368280
v -0.056073 0.300150 4.395722
v -0.240629 0.253899 4.364514
v -0.166085 0.276249 4.383794
v -0.228274 0.250202 4.381131
v -0.054839 0.291185 4.412714
v -0.230050 0.259702 4.369600
v -0.230517 0.287025 4.412249
v -0.054732 0.317070 4.458558
v -0.229655 0.275142 4.425310
v -0.166282 0.303437 4.427275
v -0.242333 0.280273 4.406555
v -0.056136 0.327382 4.439372
v -0.243860 0.271947 4.410677
v -0.162490 0.295063 4.445438
vn 0.4344 0.7322 0.5246
vn 0.4537 -0.3427 0.8226
vn 0.9916 0.0818 -0.1004
vn 0.9803 -0.1165 -0.1595
vn 0.9255 0.3784 0.0192
vn 0.8651 0.4954 -0.0788
vn 0.7786 0.5995 -0.1855
vn 0.6779 0.6751 -0.2910
vn 0.6358 0.7104 -0.3017
vn 0.6069 0.7340 -0.3048
vn 0.6135 0.7696 -0.1772
vn 0.5948 0.7965 -0.1086
vn 0.5810 0.8120 -0.0559
vn 0.5505 0.8343 0.0286
vn 0.5340 0.8432 0.0623
vn 0.5023 0.8510 0.1535
vn 0.4872 0.8476 0.2102
vn 0.4949 0.8308 0.2547
vn 0.6593 0.6556 -0.3681
vn 0.5770 0.7924 0.1977
vn 0.4696 -0.7268 0.5012
vn 0.5039 -0.8278 0.2466
vn 0.4273 -0.8855 0.1825
vn 0.3735 -0.9103 0.1784
vn 0.3508 -0.9192 0.1789
vn 0.3540 -0.9274 0.1210
vn 0.3690 -0.9266 0.0733
vn 0.4046 -0.9131 -0.0497
vn 0.4317 -0.8976 -0.0894
vn 0.4678 -0.8725 -0.1408
vn 0.5751 -0.7931 -0.2005
vn 0.6253 -0.7532 -0.2040
vn 0.7035 -0.6912 -0.1652
vn 0.8509 -0.5215 -0.0636
vn 0.8993 -0.4314 -0.0721
vn 0.9390 -0.3388 -0.0588
vn 0.6286 0.2010 0.7513
vn 0.5874 -0.0194 0.8090
vn 0.9739 -0.0255 -0.2255
vn 0.9652 -0.0308 -0.2597
vn 0.9796 0.0004 -0.2009
vn 0.7648 -0.4464 0.4646
vn 0.8657 -0.2105 0.4542
vn 0.7782 0.5487 0.3053
vn 0.7966 -0.5355 0.2804
vn 0.9064 -0.3083 0.2889
vn 0.8031 0.5162 0.2978
vn 0.7709 -0.5851 0.2516
vn 0.9170 -0.2973 0.2661
vn 0.8193 0.4894 0.2987
vn 0.7624 -0.6085 0.2201
vn 0.9364 -0.2744 0.2190
vn 0.8531 0.4662 0.2342
vn 0.7718 -0.6092 0.1822
vn 0.9545 -0.2545 0.1556
vn 0.8820 0.4448 0.1558
vn 0.3360 -0.4226 -0.8417
vn 0.9696 -0.2430 -0.0295
vn 0.9046 0.4248 0.0370
vn 0.8116 -0.5838 0.0194
vn 0.9743 -0.2247 -0.0136
vn 0.9111 0.4120 -0.0063
vn 0.8162 -0.5645 -0.1234
vn 0.9626 -0.2174 -0.1618
vn 0.9069 0.4015 -0.1279
vn 0.8233 -0.5378 -0.1815
vn 0.9529 -0.2141 -0.2148
vn 0.8983 0.3961 -0.1901
vn 0.8308 -0.5061 -0.2317
vn 0.9418 -0.2140 -0.2594
vn 0.8880 0.3899 -0.2439
vn 0.8492 -0.4556 -0.2670
vn 0.9331 -0.2189 -0.2852
vn 0.8400 0.4225 -0.3405
vn 0.8622 -0.4344 -0.2606
vn 0.9315 -0.2273 -0.2839
vn 0.8508 0.4095 -0.3294
vn 0.8915 -0.3927 -0.2259
vn 0.9377 -0.2340 -0.2569
vn 0.8688 0.3917 -0.3030
vn 0.9589 -0.2569 -0.1204
vn 0.9634 -0.2122 -0.1640
vn 0.8973 0.3861 -0.2140
vn 0.9756 -0.1936 -0.1031
vn 0.9758 -0.1754 -0.1303
vn 0.9343 0.3325 -0.1285
vn 0.9859 -0.1456 -0.0821
vn 0.9835 -0.1410 -0.1131
vn 0.9682 0.2429 -0.0605
vn 0.5698 0.7494 0.3373
vn 0.4752 -0.5668 0.6730
vn 0.7017 0.5346 0.4710
vn 0.7697 -0.0285 0.6377
vn 0.7239 -0.2260 0.6518
vn 0.9692 -0.2432 -0.0398
vn 0.9727 0.2319 0.0114
vn 0.9893 0.1124 -0.0936
vn 0.9877 -0.0773 -0.1359
vn 0.9928 -0.0874 -0.0823
vn -0.0000 0.9247 0.3808
vn 0.9880 0.0122 -0.1538
vn 0.7649 0.2642 0.5875
vn 0.9925 0.0278 -0.1188
vn 0.9890 0.0335 -0.1441
vn 0.9796 0.0353 -0.1977
vn 0.9590 0.0283 -0.2820
vn 0.9504 0.0295 -0.3095
vn 0.9497 0.0380 -0.3110
vn 0.9660 0.0249 -0.2575
vn 0.9777 0.0262 -0.2083
vn 0.9871 0.0325 -0.1569
vn 0.9995 0.0258 -0.0184
vn 0.5120 -0.0329 -0.8584
vn 0.9888 0.0231 0.1474
vn 0.9752 0.0223 0.2203
vn 0.9604 0.0259 0.2774
vn 0.9530 0.0353 0.3008
vn 0.8980 0.0684 0.4347
vn 0.9660 -0.0164 -0.2580
vn 0.6048 0.6093 0.5128
vn -0.0000 0.8728 0.4880
vn 0.9692 -0.2015 0.1414
vn -0.0000 -0.9973 -0.0731
vn -0.0000 0.9827 0.1852
vn -0.0000 0.9852 0.1716
vn -0.0000 0.9875 0.1578
vn -0.0000 0.9307 0.3657
vn -0.0000 0.9333 -0.3591
vn -0.0000 0.9919 0.1267
vn -0.0000 0.9998 -0.0219
vn -0.0000 -0.9805 0.1967
vn -0.0000 -0.9995 -0.0321
vn -0.0000 -0.7595 0.6506
vn -0.0000 0.9839 0.1786
vn -0.0000 0.9708 -0.2398
vn -0.0000 -0.9984 -0.0566
vn -0.0000 -0.8487 0.5289
vn -0.0000 -0.7394 0.6733
vn -0.0000 -0.8935 -0.4491
vn -0.0000 -0.9997 -0.0237
vn -0.0000 -0.9708 0.2401
vn 0.9965 -0.0730 -0.0414
vn -0.0000 -0.9894 0.1455
vn 0.9999 0.0100 -0.0126
vn -0.0000 0.9311 0.3647
vn -0.0000 -0.9882 0.1534
vn -0.0000 -0.4782 0.8782
vn -0.0000 -0.9842 0.1773
vn -0.0000 -0.9916 0.1297
vn -0.0000 0.8154 0.5790
vn -0.0000 0.4838 0.8752
vn -0.0000 0.9975 0.0706
vn -0.0000 -0.9994 -0.0355
vn -0.0000 -0.0247 0.9997
vn -0.0000 0.9960 0.0888
vn -0.0000 -0.9985 -0.0555
vn -0.0000 -0.8932 0.4497
vn -0.0000 0.9907 0.1361
vn 0.9508 -0.0390 -0.3074
vn 0.2528 0.8800 0.4020
vn 0.9659 -0.0541 -0.2533
vn 0.2158 -0.9725 -0.0875
vn 0.9436 -0.0239 -0.3302
vn 0.2471 0.9519 0.1810
vn 0.8176 0.5478 0.1773
vn 0.6255 -0.7791 -0.0422
vn 0.1553 -0.7203 0.6761
vn 0.1764 -0.4511 0.8749
vn 0.2634 0.7845 0.5614
vn 0.9649 -0.2595 -0.0414
vn 0.9746 0.2233 0.0176
vn 0.3103 -0.9393 -0.1464
vn 0.2565 0.9453 0.2014
vn 0.7850 0.6131 0.0892
vn 0.3473 -0.9239 -0.1607
vn 0.1801 0.8848 -0.4298
vn 0.7565 0.6528 -0.0395
vn 0.7414 -0.6669 0.0746
vn 0.4143 -0.9014 -0.1260
vn 0.3728 0.9125 0.1682
vn 0.6721 0.7251 -0.1504
vn 0.4747 -0.8801 -0.0101
vn 0.1565 -0.8377 0.5232
vn 0.5045 0.8210 -0.2673
vn 0.5310 -0.8466 -0.0360
vn 0.2294 -0.9453 0.2318
vn 0.4426 0.8546 -0.2717
vn 0.2219 -0.9639 0.1475
vn 0.4144 0.8687 -0.2713
vn 0.3132 0.8934 0.3220
vn 0.1963 -0.9680 0.1565
vn 0.3524 0.9307 -0.0981
vn 0.1766 -0.9687 0.1742
vn 0.3244 0.9452 -0.0368
vn 0.8058 -0.5865 0.0816
vn 0.3081 0.9513 0.0039
vn 0.8297 -0.5577 0.0238
vn 0.2770 0.4217 0.8634
vn 0.2677 0.9617 0.0588
vn 0.1891 -0.9815 -0.0313
vn 0.2418 -0.0207 0.9701
vn 0.2570 0.9630 0.0808
vn 0.1945 -0.9792 -0.0575
vn 0.9398 0.0002 -0.3417
vn 0.2425 0.9596 0.1427
vn 0.6104 0.7423 -0.2763
vn 0.6169 0.7486 -0.2430
vn 0.5197 -0.8357 -0.1774
vn 0.5419 -0.8212 -0.1790
vn 0.8739 0.4008 -0.2750
vn 0.8634 0.4049 -0.3011
vn 0.9401 -0.2177 -0.2622
vn 0.9359 -0.2186 -0.2763
vn 0.8435 -0.4756 -0.2498
vn 0.8493 -0.4674 -0.2453
vn 0.9624 0.0207 -0.2707
vn 0.9553 0.0220 -0.2948
vn -0.0000 0.9956 0.0940
vn -0.0000 0.8863 -0.4631
vn -0.0000 -0.9928 -0.1195
vn -0.0000 -0.9972 0.0746
vn 0.2492 -0.9601 -0.1271
vn 0.2663 -0.9559 -0.1238
vn 0.3810 0.8982 -0.2195
vn 0.3697 0.9055 -0.2083
vn 0.5646 0.8253 -0.0051
vn 0.3802 -0.9248 0.0164
vn 0.9123 0.4057 -0.0559
vn 0.9738 -0.2203 -0.0564
vn 0.8152 -0.5782 -0.0338
vn 0.9975 0.0269 -0.0660
vn -0.0000 -0.9982 0.0592
vn 0.2822 0.9580 0.0512
vn 0.1760 -0.9839 0.0326
vn 0.9598 0.1798 0.2157
vn -0.0000 0.9736 0.2281
vn 0.9958 0.0907 0.0131
vn 0.9950 0.0935 0.0354
vn 0.3002 0.9534 0.0292
vn 0.5733 0.8190 -0.0242
vn 0.1827 -0.9829 0.0210
vn -0.0000 -0.9997 0.0229
vn 0.9946 0.0339 -0.0979
vn 0.8172 -0.5725 -0.0667
vn 0.9717 -0.2178 -0.0917
vn 0.9107 0.4044 -0.0844
vn 0.3906 -0.9205 -0.0070
vn 0.2396 -0.9630 -0.1235
vn -0.0000 -0.9934 -0.1150
vn 0.9635 0.0228 -0.2668
vn 0.8409 -0.4854 -0.2393
vn 0.9412 -0.2137 -0.2615
vn 0.8818 0.3970 -0.2546
vn 0.4994 -0.8503 -0.1660
vn 0.3780 0.9107 -0.1667
vn 0.6187 0.7533 -0.2229
vn 0.3365 0.9252 -0.1753
vn 0.2314 0.9706 0.0665
vn 0.2701 0.9627 -0.0140
vn 0.2452 0.9692 0.0239
vn 0.3053 0.9501 -0.0642
vn 0.4962 0.8336 -0.2426
vn 0.5944 0.7708 -0.2291
vn 0.4347 0.8648 -0.2514
vn 0.6813 0.6972 -0.2230
vn 0.7192 0.6342 -0.2838
vn 0.7960 -0.5957 -0.1078
vn 0.8753 0.3909 -0.2847
vn 0.9463 -0.2264 -0.2308
vn 0.9310 -0.3144 -0.1857
vn 0.9654 0.0332 -0.2585
vn 0.4954 -0.8609 -0.1164
vn 0.4601 -0.8854 -0.0667
vn 0.5992 0.7589 -0.2548
vn 0.5513 -0.8112 -0.1951
vn 0.8514 0.4191 -0.3153
vn 0.9376 -0.2146 -0.2735
vn 0.8506 -0.4616 -0.2518
vn 0.9550 0.0312 -0.2951
vn 0.5785 -0.8051 -0.1309
vn 0.2868 -0.9479 -0.1387
vn 0.6046 0.7425 -0.2883
vn 0.4123 0.8766 -0.2483
vn 0.3991 0.9068 -0.1359
vn 0.6589 -0.7446 -0.1069
vn 0.4354 -0.8984 -0.0573
vn 0.6366 -0.7675 -0.0755
vn 0.5179 0.8493 0.1020
vn 0.3441 -0.9254 0.1589
vn 0.8964 0.4348 0.0857
vn 0.9607 -0.2392 0.1405
vn 0.7466 -0.2043 0.6331
vn 0.8282 0.1021 0.5510
vn -0.0000 0.9920 0.1261
vn -0.7210 -0.6874 0.0880
vn 0.7926 -0.5723 0.2103
vn 0.2468 0.9616 0.1203
vn -0.7472 -0.6262 0.2227
vn -0.6901 -0.7231 0.0301
vn -0.0000 -0.0090 -1.0000
vn -0.0000 0.1047 -0.9945
vn 0.9824 0.0828 -0.1675
vn 0.0001 0.4256 -0.9049
vn 0.9985 -0.0177 -0.0518
vn -0.0000 -0.3780 -0.9258
vn -0.0000 -0.5085 -0.8611
vn -0.0000 0.1730 -0.9849
vn 0.9980 0.0014 -0.0632
vn 0.9962 0.0182 -0.0851
vn 0.9986 -0.0078 -0.0529
vn 0.9943 -0.0645 -0.0848
vn 0.9998 0.0123 -0.0178
vn 0.9997 0.0086 -0.0218
vn 0.9996 0.0097 -0.0246
vn 0.9996 0.0092 -0.0266
vn 0.9997 -0.0059 -0.0253
vn 0.9998 -0.0068 -0.0206
vn 0.9998 -0.0077 -0.0196
vn 0.9998 -0.0082 -0.0194
vn 0.9973 0.0528 -0.0502
vn 0.9977 0.0534 -0.0408
vn 0.9971 0.0728 -0.0218
vn 0.9937 0.1100 0.0194
vn -0.0000 0.8246 -0.5657
vn -0.0000 0.9002 -0.4354
vn -0.0000 0.9927 -0.1204
vn -0.0000 0.9579 0.2870
vn 0.9995 -0.0275 -0.0142
vn 0.9996 -0.0221 -0.0155
vn 0.9996 -0.0212 -0.0191
vn 0.9996 -0.0198 -0.0199
vn 0.9977 -0.0504 -0.0453
vn 0.9980 -0.0562 -0.0272
vn 0.9958 -0.0917 0.0013
vn 0.9927 -0.1162 0.0324
vn -0.0000 -0.9324 0.3615
vn -0.0000 -0.9890 0.1478
vn -0.0000 -0.9651 -0.2620
vn -0.0000 -0.7336 -0.6796
vn 0.9998 -0.0118 -0.0146
vn 0.9997 -0.0105 -0.0217
vn 0.9998 -0.0093 -0.0169
vn 0.9998 -0.0125 -0.0155
vn 0.9042 0.3829 -0.1890
vn -0.0000 0.9043 -0.4268
vn 0.9848 0.1736 0.0010
vn 0.9755 0.2186 -0.0234
vn -0.0000 0.9976 -0.0696
vn 0.9809 0.1835 0.0644
vn -0.0000 0.9969 -0.0790
vn -0.0000 0.9841 0.1777
vn -0.0000 0.6968 0.7172
vn 0.9444 0.2477 0.2164
vn 0.9961 0.0830 -0.0300
vn -0.0000 0.4141 -0.9102
vn -0.0000 0.4967 0.8679
vn 0.9784 0.1231 -0.1660
vn 0.8917 0.3592 0.2753
vn 0.9745 0.2242 0.0028
vn -0.0000 0.5095 0.8605
vn 0.9366 0.0780 -0.3415
vn 0.9625 0.2690 0.0363
vn 0.9797 0.1972 -0.0364
vn -0.0000 -0.1297 -0.9915
vn 0.9739 0.1949 -0.1161
vn -0.0000 0.8823 -0.4707
vn 0.9674 0.2380 -0.0869
vn -0.0000 0.9318 -0.3630
vn 0.9534 0.2915 -0.0776
vn -0.0000 0.9791 -0.2035
vn -0.0000 0.7761 -0.6306
vn -0.0000 0.9990 0.0440
vn 0.9758 0.1939 -0.1012
vn 0.9262 0.3768 0.0157
vn 0.9998 0.0067 -0.0177
vn 0.9622 0.2206 0.1595
vn -0.0000 0.7755 0.6314
vn 0.9999 0.0119 -0.0103
vn 0.9930 -0.0961 -0.0685
vn 0.9994 0.0244 -0.0249
vn 0.9201 0.3232 0.2214
vn 0.9987 0.0458 -0.0219
vn -0.0000 0.7256 0.6881
vn 0.9979 0.0594 -0.0258
vn -0.0000 -0.9175 -0.3978
vn 0.9781 -0.2074 0.0183
vn -0.0000 -0.9999 0.0115
vn 0.9879 -0.1492 -0.0434
vn -0.0000 -0.9596 -0.2812
vn 0.9896 -0.1232 -0.0748
vn -0.0000 -0.8786 -0.4776
vn -0.0000 -0.5308 -0.8475
vn 0.9452 -0.3066 0.1120
vn -0.0000 -0.9338 0.3577
vn 0.9864 -0.1206 -0.1116
vn 0.9995 -0.0186 -0.0237
vn 0.9955 0.0807 -0.0496
vn 0.9996 -0.0277 -0.0105
vn 0.9984 -0.0546 0.0130
vn -0.0000 0.9857 -0.1683
vn 0.9524 -0.2404 0.1874
vn 0.9992 -0.0301 -0.0250
vn 0.9989 -0.0450 -0.0122
vn -0.0000 -0.7036 0.7106
vn 0.9690 0.2344 -0.0778
vn 0.9970 -0.0766 0.0097
vn 0.1779 -0.9707 0.1612
vn 0.1695 -0.9765 0.1331
vn 0.1843 -0.9788 0.0893
vn -0.0395 -0.9954 0.0878
vn -0.0020 -0.9912 0.1323
vn 0.0456 -0.9844 0.1701
vn 0.9905 0.1339 0.0321
vn -0.9906 -0.1330 -0.0333
vn 0.9803 -0.0396 0.1937
vn 0.9669 0.2541 -0.0247
vn -0.9885 -0.1106 -0.1036
vn -0.9640 -0.2340 0.1262
vn 0.9809 0.1799 0.0736
vn -0.9808 -0.1798 -0.0758
vn 0.9749 -0.1060 0.1956
vn 0.9692 0.2448 -0.0290
vn -0.9852 -0.1167 -0.1252
vn -0.9234 -0.3839 -0.0018
vn 0.9740 0.2201 0.0530
vn -0.9729 -0.2235 -0.0594
vn 0.9803 -0.0574 0.1890
vn 0.9483 0.3032 -0.0935
vn -0.9798 -0.1307 -0.1513
vn -0.8762 -0.4820 0.0001
vn 0.9997 -0.0217 -0.0075
vn -0.9025 -0.4221 -0.0855
vn 0.9770 -0.1848 0.1065
vn 0.9388 0.2831 -0.1964
vn -0.9444 -0.1868 -0.2706
vn -0.8379 -0.5456 0.0134
vn 0.9923 0.1238 -0.0037
vn 0.9607 0.2636 -0.0876
vn -0.9704 -0.1806 0.1606
vn 0.9887 0.0166 0.1490
vn -0.9891 -0.1207 -0.0848
vn -0.9920 -0.1264 0.0008
vn 0.9954 0.0950 0.0082
vn 0.9927 0.1155 0.0344
vn 0.9958 0.0847 -0.0336
vn -0.0000 -0.2259 -0.9742
vn 0.9488 0.1969 0.2470
vn -0.0000 0.4563 0.8898
vn 0.9669 0.0194 -0.2544
vn 0.9998 0.0120 -0.0138
vn -0.0000 -0.5733 -0.8194
vn 0.9986 -0.0170 -0.0493
vn 0.9997 0.0115 -0.0207
vn 0.9602 0.2373 0.1473
vn -0.0000 0.8329 0.5534
vn 0.9998 0.0147 -0.0120
vn 0.9999 0.0103 -0.0119
vn -0.0000 -0.9645 -0.2639
vn 0.9937 -0.1014 -0.0480
vn 0.9999 0.0028 -0.0170
vn 0.9549 0.2267 0.1916
vn -0.0000 0.7202 0.6938
vn 0.9999 0.0121 -0.0108
vn 0.9996 -0.0093 -0.0266
vn 0.9875 0.1494 0.0507
vn -0.0000 0.8857 0.4642
vn 0.9872 -0.1478 0.0596
vn 0.9995 -0.0137 -0.0293
vn 0.9996 0.0129 -0.0242
vn 0.9993 -0.0303 -0.0237
vn -0.0000 -0.8472 0.5312
vn 0.2737 0.9572 0.0946
vn 0.5676 0.5144 0.6428
vn 0.5002 -0.7796 0.3769
vn 0.5108 -0.7812 0.3588
vn 0.8022 0.5491 0.2345
vn 0.8093 0.5369 0.2380
vn 0.9126 -0.2708 0.3063
vn 0.9073 -0.2959 0.2988
vn 0.8083 -0.5009 0.3095
vn 0.8056 -0.5106 0.3004
vn 0.9503 0.0467 0.3077
vn 0.9522 0.0431 0.3024
vn -0.0000 -0.8944 0.4473
vn -0.0000 -0.9039 0.4278
vn -0.0000 0.9997 0.0262
vn -0.0000 0.9996 0.0278
vn 0.7242 0.6721 0.1544
vn 0.1052 0.8118 0.5744
vn 0.1765 -0.8866 0.4275
vn 0.2019 -0.8911 0.4065
vn 0.5437 0.8112 0.2153
vn 0.2925 0.9467 0.1346
vn 0.6519 0.7348 0.1871
vn 0.5797 0.7900 0.1995
vn 0.2229 0.9733 0.0551
vn 0.3494 0.9306 0.1092
vn 0.2996 0.9497 0.0906
vn 0.3166 0.6435 0.6969
vn -0.0284 0.9423 0.3335
vn -0.0250 0.9596 -0.2804
vn 0.6799 0.6433 0.3520
vn 0.7155 0.6965 -0.0537
vn 0.3839 0.7316 -0.5634
vn 0.6102 0.7800 0.1387
vn 0.4588 0.8840 0.0894
vn 0.3767 0.9261 -0.0207
vn 0.4093 0.9008 0.1452
vn -0.0644 0.9976 0.0262
vn 0.4670 0.8757 0.1227
vn 0.4776 0.8638 0.1607
vn 0.2453 0.9673 -0.0648
vn -0.1612 0.9869 0.0084
vn 0.3265 0.9276 0.1816
vn 0.4091 0.8951 0.1772
vn 0.4573 0.8754 0.1565
vn 0.4368 0.8887 0.1393
vn 0.4085 0.7499 -0.5203
vn 0.5562 0.6123 0.5619
vn 0.7900 0.6046 -0.1017
vn 0.8112 0.5621 0.1610
vn 0.7438 0.5232 0.4160
vn 0.1110 0.8400 -0.5311
vn 0.0614 0.9771 -0.2039
vn 0.0164 0.9987 0.0474
vn 0.0244 0.9504 0.3101
vn 0.6290 0.7106 -0.3154
vn 0.3084 0.6144 0.7262
vn 0.0914 0.7988 0.5947
vn 0.4358 0.8934 0.1095
vn 0.9232 0.3427 0.1738
vn -0.2298 0.9732 0.0012
vn 0.4884 0.8646 0.1179
vn 0.2864 0.5728 0.7681
vn 0.7911 0.3452 0.5049
vn -0.1827 0.9061 0.3816
vn 0.4627 0.8800 0.1077
vn 0.3856 0.7061 -0.5939
vn 0.8820 0.4252 -0.2033
vn -0.1142 0.9359 -0.3331
vn 0.1065 0.8366 -0.5374
vn 0.5603 0.4278 0.7093
vn 0.0160 0.7502 0.6610
vn 0.6718 0.5609 -0.4838
vn 0.4402 0.8439 0.3066
vn 0.5805 0.7805 0.2318
vn 0.3128 0.9301 0.1922
vn 0.4664 0.8813 -0.0763
vn 0.5970 0.8013 0.0376
vn 0.3276 0.9448 -0.0022
vn 0.3878 0.9196 -0.0629
vn 0.5184 0.8034 0.2929
vn 0.3648 0.8905 0.2719
vn 0.5435 0.8384 -0.0417
vn 0.4618 0.8788 0.1202
vn 0.4581 0.8735 0.1645
vn 0.4892 0.8612 0.1381
vn 0.4317 0.8927 0.1294
vn 0.4622 0.8795 0.1136
vn 0.4643 0.8823 0.0776
vn 0.4873 0.8669 0.1046
vn 0.4388 0.8933 0.0975
vn 0.4455 0.8922 0.0739
vn 0.4796 0.8617 0.1655
vn 0.4368 0.8853 0.1595
vn 0.4834 0.8719 0.0786
vn -0.8328 0.5407 -0.1188
vn 0.5255 -0.0784 -0.8472
vn 0.1040 0.1546 -0.9825
vn -0.2951 0.3508 -0.8887
vn -0.6280 0.4922 -0.6028
vn -0.0439 -0.0403 0.9982
vn 0.3553 -0.2379 0.9040
vn 0.6933 -0.3704 0.6182
vn 0.9032 -0.4068 0.1367
vn 0.8488 -0.2978 -0.4369
vn -0.7767 0.4336 0.4568
vn -0.4592 0.2036 0.8647
vn 0.4646 0.8760 0.1294
vn 0.4613 0.8776 0.1305
vn 0.4556 0.8818 0.1216
vn 0.4594 0.8806 0.1164
vn 0.4678 0.8755 0.1211
vn 0.4712 0.8709 0.1400
vn 0.4642 0.8779 0.1177
vn 0.4669 0.8756 0.1235
vn 0.4498 0.8827 0.1360
vn 0.4555 0.8822 0.1197
vn 0.4585 0.8753 0.1536
vn 0.4573 0.8800 0.1284
vn 0.5564 0.4555 0.6949
vn 0.2244 0.4645 0.8567
vn -0.3478 0.8362 0.4241
vn -0.4265 0.9038 -0.0370
vn -0.3511 0.8035 -0.4807
vn -0.1150 0.6153 -0.7798
vn 0.8191 0.5492 0.1655
vn 0.7442 0.5080 0.4336
vn 0.6648 0.5610 -0.4932
vn 0.8089 0.5734 -0.1298
vn 0.2904 0.5256 -0.7996
vn -0.1219 0.6334 0.7642
vn 0.3470 0.6657 0.6607
vn -0.3967 0.9172 -0.0376
vn 0.0945 0.8314 -0.5475
vn 0.6843 0.6446 0.3410
vn 0.7330 0.6783 -0.0512
vn 0.4174 0.7478 -0.5163
vn 0.0961 0.7988 0.5939
vn 0.5634 0.6588 0.4985
vn -0.1480 0.9184 0.3669
vn -0.2189 0.8967 -0.3847
vn 0.7512 0.6410 0.1571
vn 0.6349 0.7291 -0.2555
vn 0.7876 -0.6161 0.0028
vn 0.9729 -0.2310 -0.0109
vn 0.7315 -0.6363 0.2451
vn 0.9954 0.0229 0.0934
vn 0.9995 0.0287 0.0130
vn 0.9549 -0.2164 0.2035
vn 0.9206 -0.3902 -0.0136
vn 0.4551 -0.2527 -0.8538
vn 0.8086 -0.3663 0.4605
vn 0.9900 -0.0974 0.1017
vn 0.9947 -0.0991 0.0290
vn 0.7993 -0.0967 0.5931
vn 0.7731 -0.0129 0.6341
vn -0.7771 0.0206 -0.6290
vn -0.7395 -0.0149 -0.6730
vn 0.7026 -0.1302 0.6996
vn 0.7948 0.2215 0.5650
vn -0.8432 0.0528 -0.5351
vn 0.9501 0.2211 0.2200
vn -0.9527 -0.2097 -0.2200
vn -0.9196 -0.1628 -0.3576
vn 0.9200 0.0116 0.3917
vn 0.8247 0.5570 0.0980
vn -0.9441 -0.3220 -0.0702
vn 0.8903 0.4434 -0.1038
vn -0.9077 -0.4055 -0.1081
vn -0.8717 -0.4438 -0.2079
vn 0.9667 0.2510 -0.0494
vn 0.6762 0.7199 -0.1563
vn -0.9063 -0.4188 -0.0569
vn 0.5114 -0.0040 0.8593
vn 0.4471 0.2008 0.8717
vn -0.4536 0.0889 -0.8868
vn -0.5091 0.0165 -0.8606
vn -0.5676 -0.0347 -0.8226
vn 0.5342 -0.1242 0.8362
vn 0.9695 0.1830 0.1633
vn 0.9296 0.3672 0.0302
vn 0.7558 0.6538 -0.0357
vn -0.8992 -0.4373 0.0160
vn -0.9343 -0.3544 -0.0371
vn -0.9244 -0.3360 -0.1803
vn 0.2081 0.9766 0.0547
vn -0.0000 0.9990 0.0445
vn 0.3844 0.5099 0.7696
vn 0.1991 0.4188 0.8860
vn 0.4171 0.8857 0.2039
vn -0.0000 0.3984 0.9172
vn 0.6127 0.4970 0.6145
vn 0.6098 0.6658 0.4300
vn 0.6287 0.5183 0.5798
vn 0.1153 0.8568 -0.5026
vn -0.0000 0.8625 -0.5060
vn -0.0956 -0.8586 0.5037
vn -0.1326 -0.8549 0.5015
vn 0.0966 0.8585 -0.5036
vn -0.0000 -0.8625 0.5060
vn -0.9988 -0.0428 0.0251
vn -0.5736 0.7065 -0.4145
vn -0.4590 -0.7663 0.4496
vn 0.1196 0.8691 -0.4800
vn 0.1116 0.8697 -0.4809
vn -0.3699 0.8317 -0.4141
vn -0.9928 -0.0266 0.1166
vn -0.1218 -0.8318 0.5415
vn -0.0000 -0.8381 0.5456
vn -0.3016 -0.7803 0.5479
vn -0.0773 -0.8292 0.5535
vn -0.0000 0.8760 -0.4824
vn -0.4344 0.7322 0.5246
vn -0.4537 -0.3427 0.8226
vn -0.9916 0.0818 -0.1004
vn -0.9803 -0.1165 -0.1595
vn -0.9255 0.3784 0.0192
vn -0.8651 0.4954 -0.0788
vn -0.7786 0.5995 -0.1855
vn -0.6779 0.6751 -0.2910
vn -0.6358 0.7104 -0.3017
vn -0.6069 0.7340 -0.3048
vn -0.6135 0.7696 -0.1772
vn -0.5948 0.7965 -0.1086
vn -0.5810 0.8120 -0.0559
vn -0.5505 0.8343 0.0286
vn -0.5340 0.8432 0.0623
vn -0.5023 0.8510 0.1535
vn -0.4872 0.8476 0.2102
vn -0.4949 0.8308 0.2547
vn -0.6594 0.6556 -0.3680
vn -0.5770 0.7924 0.1977
vn -0.4696 -0.7268 0.5012
vn -0.5039 -0.8278 0.2466
vn -0.4273 -0.8855 0.1825
vn -0.3735 -0.9103 0.1784
vn -0.3508 -0.9192 0.1789
vn -0.3540 -0.9274 0.1210
vn -0.3690 -0.9266 0.0733
vn -0.4046 -0.9131 -0.0497
vn -0.4317 -0.8976 -0.0894
vn -0.4678 -0.8725 -0.1408
vn -0.5751 -0.7931 -0.2005
vn -0.6253 -0.7532 -0.2040
vn -0.7035 -0.6912 -0.1652
vn -0.8509 -0.5215 -0.0636
vn -0.8993 -0.4314 -0.0721
vn -0.9390 -0.3388 -0.0588
vn -0.6286 0.2010 0.7513
vn -0.5874 -0.0194 0.8090
vn -0.9739 -0.0255 -0.2255
vn -0.9652 -0.0308 -0.2597
vn -0.9796 0.0004 -0.2009
vn -0.7648 -0.4464 0.4646
vn -0.8657 -0.2105 0.4542
vn -0.7782 0.5487 0.3053
vn -0.7966 -0.5355 0.2804
vn -0.9064 -0.3083 0.2889
vn -0.8031 0.5162 0.2978
vn -0.7709 -0.5851 0.2516
vn -0.9170 -0.2973 0.2661
vn -0.8193 0.4894 0.2987
vn -0.7624 -0.6085 0.2201
vn -0.9364 -0.2744 0.2190
vn -0.8531 0.4662 0.2342
vn -0.7718 -0.6092 0.1822
vn -0.9545 -0.2545 0.1556
vn -0.8820 0.4448 0.1558
vn -0.3360 -0.4226 -0.8417
vn -0.9696 -0.2430 -0.0295
vn -0.9046 0.4248 0.0370
vn -0.8116 -0.5838 0.0194
vn -0.9743 -0.2247 -0.0136
vn -0.9111 0.4120 -0.0063
vn -0.8162 -0.5645 -0.1234
vn -0.9626 -0.2174 -0.1618
vn -0.9069 0.4015 -0.1279
vn -0.8233 -0.5378 -0.1815
vn -0.9529 -0.2141 -0.2148
vn -0.8983 0.3961 -0.1901
vn -0.8308 -0.5061 -0.2317
vn -0.9418 -0.2140 -0.2594
vn -0.8880 0.3899 -0.2439
vn -0.8492 -0.4556 -0.2670
vn -0.9331 -0.2189 -0.2852
vn -0.8400 0.4225 -0.3405
vn -0.8622 -0.4344 -0.2606
vn -0.9315 -0.2273 -0.2839
vn -0.8508 0.4095 -0.3294
vn -0.8915 -0.3927 -0.2259
vn -0.9377 -0.2340 -0.2569
vn -0.8688 0.3917 -0.3030
vn -0.9589 -0.2569 -0.1204
vn -0.9634 -0.2122 -0.1640
vn -0.8973 0.3861 -0.2140
vn -0.9756 -0.1936 -0.1031
vn -0.9758 -0.1754 -0.1303
vn -0.9343 0.3325 -0.1285
vn -0.9859 -0.1456 -0.0821
vn -0.9835 -0.1410 -0.1131
vn -0.9682 0.2429 -0.0605
vn -0.5698 0.7494 0.3373
vn -0.4752 -0.5668 0.6730
vn -0.7017 0.5346 0.4710
vn -0.7697 -0.0285 0.6377
vn -0.7239 -0.2260 0.6518
vn -0.9692 -0.2432 -0.0398
vn -0.9727 0.2319 0.0114
vn -0.9893 0.1124 -0.0936
vn -0.9877 -0.0773 -0.1359
vn -0.9928 -0.0874 -0.0823
vn -0.9880 0.0122 -0.1538
vn -0.7649 0.2642 0.5875
vn -0.9925 0.0278 -0.1188
vn -0.9890 0.0335 -0.1441
vn -0.9796 0.0353 -0.1977
vn -0.9590 0.0283 -0.2820
vn -0.9504 0.0295 -0.3095
vn -0.9497 0.0380 -0.3110
vn -0.9660 0.0249 -0.2575
vn -0.9777 0.0262 -0.2083
vn -0.9871 0.0325 -0.1569
vn -0.9995 0.0258 -0.0184
vn -0.5120 -0.0329 -0.8584
vn -0.9888 0.0231 0.1474
vn -0.9752 0.0223 0.2203
vn -0.9604 0.0259 0.2774
vn -0.9530 0.0353 0.3008
vn -0.8980 0.0684 0.4347
vn -0.9660 -0.0164 -0.2580
vn -0.6048 0.6093 0.5128
vn -0.9692 -0.2015 0.1414
vn -0.9965 -0.0730 -0.0414
vn -0.9999 0.0100 -0.0126
vn -0.9508 -0.0390 -0.3074
vn -0.2528 0.8800 0.4020
vn -0.9659 -0.0541 -0.2533
vn -0.2158 -0.9725 -0.0875
vn -0.9436 -0.0239 -0.3302
vn -0.2471 0.9519 0.1810
vn -0.8176 0.5478 0.1773
vn -0.6255 -0.7791 -0.0422
vn -0.1553 -0.7203 0.6761
vn -0.1764 -0.4511 0.8749
vn -0.2634 0.7845 0.5614
vn -0.9649 -0.2595 -0.0414
vn -0.9746 0.2233 0.0176
vn -0.3103 -0.9393 -0.1464
vn -0.2565 0.9453 0.2014
vn -0.7850 0.6131 0.0892
vn -0.3473 -0.9239 -0.1607
vn -0.1801 0.8847 -0.4299
vn -0.7565 0.6528 -0.0395
vn -0.7414 -0.6669 0.0746
vn -0.4143 -0.9014 -0.1260
vn -0.3728 0.9125 0.1682
vn -0.6721 0.7251 -0.1504
vn -0.4747 -0.8801 -0.0101
vn -0.1565 -0.8377 0.5232
vn -0.5045 0.8210 -0.2673
vn -0.5310 -0.8466 -0.0360
vn -0.2294 -0.9453 0.2318
vn -0.4426 0.8546 -0.2717
vn -0.2219 -0.9639 0.1475
vn -0.4144 0.8687 -0.2713
vn -0.3132 0.8934 0.3220
vn -0.1963 -0.9680 0.1565
vn -0.3524 0.9307 -0.0981
vn -0.1766 -0.9687 0.1742
vn -0.3244 0.9452 -0.0368
vn -0.8058 -0.5865 0.0816
vn -0.3081 0.9513 0.0039
vn -0.8297 -0.5577 0.0238
vn -0.2770 0.4217 0.8634
vn -0.2677 0.9617 0.0588
vn -0.1891 -0.9815 -0.0313
vn -0.2418 -0.0207 0.9701
vn -0.2570 0.9630 0.0808
vn -0.1945 -0.9792 -0.0575
vn -0.9398 0.0002 -0.3417
vn -0.2425 0.9596 0.1427
vn -0.6104 0.7423 -0.2763
vn -0.6169 0.7486 -0.2430
vn -0.5197 -0.8357 -0.1774
vn -0.5419 -0.8212 -0.1790
vn -0.8739 0.4008 -0.2750
vn -0.8634 0.4049 -0.3011
vn -0.9401 -0.2177 -0.2622
vn -0.9359 -0.2186 -0.2763
vn -0.8435 -0.4756 -0.2498
vn -0.8493 -0.4674 -0.2453
vn -0.9624 0.0207 -0.2707
vn -0.9553 0.0220 -0.2948
vn -0.2492 -0.9601 -0.1271
vn -0.2663 -0.9559 -0.1238
vn -0.3810 0.8982 -0.2195
vn -0.3697 0.9055 -0.2083
vn -0.5646 0.8253 -0.0051
vn -0.3802 -0.9248 0.0164
vn -0.9123 0.4057 -0.0559
vn -0.9738 -0.2203 -0.0564
vn -0.8152 -0.5782 -0.0338
vn -0.9975 0.0269 -0.0660
vn -0.2822 0.9580 0.0512
vn -0.1760 -0.9839 0.0326
vn -0.9598 0.1798 0.2157
vn -0.9958 0.0907 0.0131
vn -0.9950 0.0935 0.0354
vn -0.3002 0.9534 0.0292
vn -0.5733 0.8190 -0.0242
vn -0.1827 -0.9829 0.0210
vn -0.9946 0.0339 -0.0979
vn -0.8172 -0.5725 -0.0667
vn -0.9717 -0.2178 -0.0917
vn -0.9107 0.4044 -0.0844
vn -0.3906 -0.9205 -0.0070
vn -0.2396 -0.9630 -0.1235
vn -0.9635 0.0228 -0.2668
vn -0.8409 -0.4854 -0.2393
vn -0.9412 -0.2137 -0.2615
vn -0.8818 0.3970 -0.2546
vn -0.4994 -0.8503 -0.1660
vn -0.3780 0.9107 -0.1667
vn -0.6187 0.7533 -0.2229
vn -0.3365 0.9252 -0.1753
vn -0.2314 0.9706 0.0665
vn -0.2701 0.9627 -0.0140
vn -0.2452 0.9692 0.0239
vn -0.3053 0.9501 -0.0642
vn -0.4962 0.8336 -0.2426
vn -0.5944 0.7708 -0.2291
vn -0.4347 0.8648 -0.2514
vn -0.6813 0.6972 -0.2230
vn -0.7192 0.6342 -0.2838
vn -0.7960 -0.5957 -0.1078
vn -0.8753 0.3909 -0.2847
vn -0.9463 -0.2264 -0.2308
vn -0.9310 -0.3144 -0.1857
vn -0.9654 0.0332 -0.2585
vn -0.4954 -0.8609 -0.1164
vn -0.4601 -0.8854 -0.0667
vn -0.5992 0.7589 -0.2548
vn -0.5513 -0.8112 -0.1951
vn -0.8514 0.4191 -0.3153
vn -0.9376 -0.2146 -0.2735
vn -0.8506 -0.4616 -0.2518
vn -0.9550 0.0312 -0.2951
vn -0.5785 -0.8051 -0.1309
vn -0.2868 -0.9479 -0.1387
vn -0.6046 0.7425 -0.2883
vn -0.4123 0.8766 -0.2483
vn -0.3991 0.9068 -0.1359
vn -0.6589 -0.7446 -0.1069
vn -0.4354 -0.8984 -0.0573
vn -0.6366 -0.7675 -0.0755
vn -0.5179 0.8493 0.1020
vn -0.3441 -0.9254 0.1589
vn -0.8964 0.4348 0.0857
vn -0.9607 -0.2392 0.1405
vn -0.7466 -0.2043 0.6331
vn -0.8282 0.1021 0.5510
vn 0.7210 -0.6874 0.0880
vn -0.7926 -0.5723 0.2103
vn -0.2468 0.9616 0.1203
vn 0.7472 -0.6262 0.2227
vn 0.6901 -0.7231 0.0301
vn -0.9824 0.0828 -0.1675
vn -0.9985 -0.0177 -0.0518
vn -0.9980 0.0014 -0.0632
vn -0.9962 0.0182 -0.0851
vn -0.9986 -0.0078 -0.0529
vn -0.9943 -0.0645 -0.0848
vn -0.9998 0.0123 -0.0178
vn -0.9997 0.0086 -0.0218
vn -0.9996 0.0097 -0.0246
vn -0.9996 0.0092 -0.0266
vn -0.9997 -0.0059 -0.0253
vn -0.9998 -0.0068 -0.0206
vn -0.9998 -0.0077 -0.0196
vn -0.9998 -0.0082 -0.0194
vn -0.9973 0.0528 -0.0502
vn -0.9977 0.0534 -0.0408
vn -0.9971 0.0728 -0.0218
vn -0.9937 0.1100 0.0194
vn -0.9995 -0.0275 -0.0142
vn -0.9996 -0.0221 -0.0155
vn -0.9996 -0.0212 -0.0191
vn -0.9996 -0.0198 -0.0199
vn -0.9977 -0.0504 -0.0453
vn -0.9980 -0.0562 -0.0272
vn -0.9958 -0.0917 0.0013
vn -0.9927 -0.1162 0.0324
vn -0.9998 -0.0118 -0.0146
vn -0.9997 -0.0105 -0.0217
vn -0.9998 -0.0093 -0.0169
vn -0.9998 -0.0125 -0.0155
vn -0.9042 0.3829 -0.1890
vn -0.9848 0.1736 0.0010
vn -0.9755 0.2186 -0.0234
vn -0.9809 0.1835 0.0644
vn -0.9444 0.2477 0.2164
vn -0.9961 0.0830 -0.0300
vn -0.9784 0.1231 -0.1660
vn -0.8917 0.3592 0.2753
vn -0.9745 0.2242 0.0028
vn -0.9366 0.0780 -0.3415
vn -0.9625 0.2690 0.0363
vn -0.9797 0.1972 -0.0364
vn -0.9739 0.1949 -0.1161
vn -0.9674 0.2380 -0.0869
vn -0.9534 0.2915 -0.0776
vn -0.9758 0.1939 -0.1012
vn -0.9262 0.3768 0.0157
vn -0.9998 0.0067 -0.0177
vn -0.9622 0.2206 0.1595
vn -0.9999 0.0119 -0.0103
vn -0.9930 -0.0961 -0.0685
vn -0.9994 0.0244 -0.0249
vn -0.9201 0.3232 0.2214
vn -0.9987 0.0458 -0.0219
vn -0.9979 0.0594 -0.0258
vn -0.9781 -0.2074 0.0183
vn -0.9879 -0.1492 -0.0434
vn -0.9896 -0.1232 -0.0748
vn -0.9452 -0.3066 0.1120
vn -0.9864 -0.1206 -0.1116
vn -0.9995 -0.0186 -0.0237
vn -0.9955 0.0807 -0.0496
vn -0.9996 -0.0277 -0.0105
vn -0.9984 -0.0546 0.0130
vn -0.9524 -0.2404 0.1874
vn -0.9992 -0.0301 -0.0250
vn -0.9989 -0.0450 -0.0122
vn -0.9690 0.2344 -0.0778
vn -0.9970 -0.0766 0.0097
vn -0.1779 -0.9707 0.1612
vn -0.1695 -0.9765 0.1331
vn -0.1843 -0.9788 0.0893
vn 0.0395 -0.9954 0.0878
vn 0.0020 -0.9912 0.1323
vn -0.0456 -0.9844 0.1701
vn -0.9905 0.1339 0.0321
vn 0.9906 -0.1330 -0.0333
vn -0.9803 -0.0396 0.1937
vn -0.9669 0.2541 -0.0247
vn 0.9885 -0.1106 -0.1036
vn 0.9640 -0.2340 0.1262
vn -0.9809 0.1799 0.0736
vn 0.9808 -0.1798 -0.0758
vn -0.9749 -0.1060 0.1956
vn -0.9692 0.2448 -0.0290
vn 0.9852 -0.1167 -0.1252
vn 0.9234 -0.3839 -0.0018
vn -0.9740 0.2201 0.0530
vn 0.9729 -0.2235 -0.0594
vn -0.9803 -0.0574 0.1890
vn -0.9483 0.3032 -0.0935
vn 0.9798 -0.1307 -0.1513
vn 0.8762 -0.4820 0.0001
vn -0.9997 -0.0217 -0.0075
vn 0.9025 -0.4221 -0.0855
vn -0.9770 -0.1848 0.1065
vn -0.9388 0.2831 -0.1964
vn 0.9444 -0.1868 -0.2706
vn 0.8379 -0.5457 0.0134
vn -0.9923 0.1238 -0.0037
vn -0.9607 0.2636 -0.0876
vn 0.9704 -0.1806 0.1606
vn -0.9887 0.0166 0.1490
vn 0.9891 -0.1207 -0.0848
vn 0.9920 -0.1264 0.0008
vn -0.9954 0.0950 0.0082
vn -0.9927 0.1155 0.0344
vn -0.9958 0.0847 -0.0336
vn -0.9488 0.1969 0.2470
vn -0.9669 0.0194 -0.2544
vn -0.9998 0.0120 -0.0138
vn -0.9986 -0.0170 -0.0493
vn -0.9997 0.0115 -0.0207
vn -0.9602 0.2373 0.1473
vn -0.9998 0.0147 -0.0120
vn -0.9999 0.0103 -0.0119
vn -0.9937 -0.1014 -0.0480
vn -0.9999 0.0028 -0.0170
vn -0.9549 0.2267 0.1916
vn -0.9999 0.0121 -0.0108
vn -0.9996 -0.0093 -0.0266
vn -0.9875 0.1494 0.0507
vn -0.9872 -0.1478 0.0596
vn -0.9995 -0.0137 -0.0293
vn -0.9996 0.0129 -0.0242
vn -0.9993 -0.0303 -0.0237
vn -0.2737 0.9572 0.0946
vn -0.5675 0.5144 0.6429
vn -0.5001 -0.7796 0.3769
vn -0.5108 -0.7812 0.3588
vn -0.8022 0.5491 0.2345
vn -0.8093 0.5369 0.2380
vn -0.9126 -0.2708 0.3063
vn -0.9073 -0.2959 0.2988
vn -0.8083 -0.5009 0.3095
vn -0.8056 -0.5106 0.3004
vn -0.9503 0.0467 0.3077
vn -0.9522 0.0431 0.3024
vn -0.7242 0.6721 0.1544
vn -0.1052 0.8118 0.5744
vn -0.1765 -0.8866 0.4275
vn -0.2019 -0.8911 0.4065
vn -0.5437 0.8112 0.2153
vn -0.2925 0.9467 0.1346
vn -0.6519 0.7348 0.1871
vn -0.5797 0.7900 0.1995
vn -0.2229 0.9733 0.0551
vn -0.3494 0.9306 0.1092
vn -0.2996 0.9497 0.0906
vn -0.3165 0.6434 0.6970
vn 0.0284 0.9423 0.3335
vn 0.0248 0.9596 -0.2803
vn -0.6799 0.6434 0.3520
vn -0.7155 0.6965 -0.0537
vn -0.3841 0.7316 -0.5633
vn -0.6102 0.7800 0.1387
vn -0.4588 0.8840 0.0894
vn -0.3767 0.9261 -0.0207
vn -0.4093 0.9007 0.1452
vn 0.0644 0.9976 0.0263
vn -0.4670 0.8757 0.1227
vn -0.4776 0.8638 0.1607
vn -0.2453 0.9673 -0.0648
vn 0.1612 0.9869 0.0084
vn -0.3265 0.9276 0.1816
vn -0.4091 0.8951 0.1772
vn -0.4574 0.8754 0.1565
vn -0.4368 0.8887 0.1393
vn -0.4085 0.7499 -0.5203
vn -0.5562 0.6123 0.5619
vn -0.7899 0.6047 -0.1017
vn -0.8112 0.5621 0.1611
vn -0.7438 0.5232 0.4160
vn -0.1112 0.8400 -0.5311
vn -0.0614 0.9771 -0.2039
vn -0.0164 0.9987 0.0473
vn -0.0243 0.9504 0.3101
vn -0.6290 0.7105 -0.3154
vn -0.3082 0.6143 0.7264
vn -0.0916 0.7988 0.5946
vn -0.4358 0.8934 0.1095
vn -0.9232 0.3427 0.1738
vn 0.2298 0.9732 0.0012
vn -0.4884 0.8646 0.1179
vn -0.2864 0.5728 0.7681
vn -0.7911 0.3452 0.5049
vn 0.1827 0.9061 0.3816
vn -0.4627 0.8800 0.1077
vn -0.3856 0.7061 -0.5938
vn -0.8820 0.4252 -0.2034
vn 0.1142 0.9359 -0.3331
vn -0.1065 0.8366 -0.5374
vn -0.5603 0.4278 0.7093
vn -0.0160 0.7502 0.6610
vn -0.6718 0.5609 -0.4838
vn -0.4402 0.8439 0.3066
vn -0.5805 0.7805 0.2318
vn -0.3128 0.9301 0.1922
vn -0.4664 0.8813 -0.0763
vn -0.5970 0.8013 0.0376
vn -0.3276 0.9448 -0.0022
vn -0.3878 0.9196 -0.0629
vn -0.5184 0.8034 0.2929
vn -0.3648 0.8905 0.2719
vn -0.5435 0.8384 -0.0417
vn -0.4618 0.8788 0.1202
vn -0.4581 0.8735 0.1645
vn -0.4892 0.8612 0.1381
vn -0.4317 0.8927 0.1294
vn -0.4622 0.8795 0.1136
vn -0.4643 0.8823 0.0776
vn -0.4873 0.8669 0.1046
vn -0.4388 0.8933 0.0975
vn -0.4455 0.8922 0.0739
vn -0.4796 0.8617 0.1655
vn -0.4368 0.8853 0.1595
vn -0.4834 0.8719 0.0786
vn 0.8328 0.5407 -0.1188
vn -0.5255 -0.0785 -0.8472
vn -0.1039 0.1546 -0.9825
vn 0.2951 0.3508 -0.8887
vn 0.6280 0.4922 -0.6028
vn 0.0439 -0.0403 0.9982
vn -0.3553 -0.2378 0.9040
vn -0.6933 -0.3703 0.6182
vn -0.9032 -0.4069 0.1367
vn -0.8488 -0.2978 -0.4369
vn 0.7767 0.4336 0.4568
vn 0.4592 0.2036 0.8647
vn -0.4646 0.8760 0.1294
vn -0.4615 0.8775 0.1305
vn -0.4557 0.8818 0.1216
vn -0.4594 0.8806 0.1164
vn -0.4679 0.8755 0.1211
vn -0.4713 0.8708 0.1400
vn -0.4642 0.8779 0.1177
vn -0.4670 0.8756 0.1235
vn -0.4497 0.8828 0.1359
vn -0.4555 0.8822 0.1197
vn -0.4583 0.8754 0.1537
vn -0.4573 0.8800 0.1285
vn -0.5564 0.4556 0.6949
vn -0.2245 0.4646 0.8566
vn 0.3478 0.8362 0.4241
vn 0.4265 0.9037 -0.0370
vn 0.3512 0.8036 -0.4806
vn 0.1149 0.6154 -0.7798
vn -0.8191 0.5492 0.1655
vn -0.7442 0.5080 0.4336
vn -0.6648 0.5611 -0.4932
vn -0.8089 0.5734 -0.1298
vn -0.2903 0.5256 -0.7996
vn 0.1221 0.6333 0.7642
vn -0.3470 0.6657 0.6607
vn 0.3968 0.9172 -0.0376
vn -0.0944 0.8314 -0.5476
vn -0.6843 0.6446 0.3410
vn -0.7330 0.6783 -0.0512
vn -0.4174 0.7478 -0.5163
vn -0.0961 0.7988 0.5939
vn -0.5634 0.6588 0.4985
vn 0.1481 0.9184 0.3669
vn 0.2189 0.8967 -0.3847
vn -0.7512 0.6411 0.1571
vn -0.6349 0.7291 -0.2556
vn -0.7876 -0.6161 0.0028
vn -0.9729 -0.2310 -0.0109
vn -0.7315 -0.6363 0.2451
vn -0.9954 0.0229 0.0934
vn -0.9995 0.0287 0.0130
vn -0.9549 -0.2164 0.2035
vn -0.9206 -0.3902 -0.0136
vn -0.4551 -0.2527 -0.8538
vn -0.8086 -0.3663 0.4605
vn -0.9900 -0.0974 0.1017
vn -0.9947 -0.0991 0.0290
vn -0.7993 -0.0967 0.5931
vn -0.7731 -0.0129 0.6341
vn 0.7771 0.0206 -0.6290
vn 0.7395 -0.0149 -0.6730
vn -0.7026 -0.1302 0.6996
vn -0.7948 0.2215 0.5650
vn 0.8432 0.0528 -0.5351
vn -0.9501 0.2211 0.2200
vn 0.9527 -0.2097 -0.2200
vn 0.9196 -0.1628 -0.3576
vn -0.9200 0.0116 0.3917
vn -0.8247 0.5570 0.0980
vn 0.9441 -0.3220 -0.0702
vn -0.8903 0.4434 -0.1038
vn 0.9077 -0.4055 -0.1081
vn 0.8717 -0.4438 -0.2079
vn -0.9667 0.2510 -0.0494
vn -0.6762 0.7199 -0.1563
vn 0.9063 -0.4188 -0.0569
vn -0.5114 -0.0040 0.8593
vn -0.4471 0.2008 0.8717
vn 0.4536 0.0889 -0.8868
vn 0.5091 0.0165 -0.8606
vn 0.5676 -0.0347 -0.8226
vn -0.5342 -0.1242 0.8362
vn -0.9695 0.1830 0.1633
vn -0.9296 0.3672 0.0302
vn -0.7558 0.6539 -0.0357
vn 0.8992 -0.4373 0.0160
vn 0.9343 -0.3544 -0.0371
vn 0.9244 -0.3360 -0.1803
vn -0.2081 0.9766 0.0547
vn -0.3844 0.5099 0.7696
vn -0.1991 0.4188 0.8860
vn -0.4171 0.8857 0.2039
vn -0.6127 0.4970 0.6145
vn -0.6098 0.6658 0.4300
vn -0.6286 0.5183 0.5798
vn -0.1153 0.8568 -0.5026
vn 0.0956 -0.8586 0.5037
vn 0.1326 -0.8549 0.5015
vn -0.0966 0.8585 -0.5037
vn 0.9988 -0.0428 0.0251
vn 0.5736 0.7066 -0.4145
vn 0.4590 -0.7663 0.4496
vn -0.1196 0.8691 -0.4800
vn -0.1116 0.8697 -0.4809
vn 0.3699 0.8317 -0.4141
vn 0.9928 -0.0266 0.1166
vn 0.1218 -0.8318 0.5415
vn 0.3016 -0.7803 0.5479
vn 0.0773 -0.8292 0.5535
vn 0.5200 0.7515 0.4060
vn 0.5401 -0.1553 0.8271
vn 0.9813 -0.1782 -0.0722
vn 0.9873 0.0179 -0.1580
vn 0.9505 0.3098 0.0236
vn 0.8994 0.4368 -0.0148
vn 0.8205 0.5544 -0.1396
vn 0.6990 0.6534 -0.2906
vn 0.6567 0.6946 -0.2937
vn 0.6176 0.7233 -0.3088
vn 0.6180 0.7587 -0.2061
vn 0.6047 0.7834 -0.1434
vn 0.5866 0.8060 -0.0788
vn 0.5422 0.8391 0.0431
vn 0.5109 0.8508 0.1229
vn 0.4936 0.8504 0.1821
vn 0.4861 0.8413 0.2366
vn 0.5148 0.8180 0.2566
vn 0.5776 0.7964 0.1791
vn 0.4657 -0.6624 0.5868
vn 0.5141 -0.7987 0.3127
vn 0.4698 -0.8590 0.2036
vn 0.3948 -0.9020 0.1744
vn 0.3590 -0.9150 0.1840
vn 0.3460 -0.9272 0.1437
vn 0.3625 -0.9265 0.1007
vn 0.3968 -0.9174 -0.0301
vn 0.4161 -0.9069 -0.0661
vn 0.4495 -0.8854 -0.1182
vn 0.5586 -0.8041 -0.2033
vn 0.5981 -0.7761 -0.1997
vn 0.6593 -0.7257 -0.1965
vn 0.8272 -0.5553 -0.0857
vn 0.8749 -0.4803 -0.0618
vn 0.9212 -0.3818 -0.0746
vn 0.6744 0.6975 0.2421
vn 0.6806 0.6808 0.2707
vn 0.6596 0.6952 0.2858
vn 0.6777 0.6990 0.2281
vn 0.7089 0.6874 0.1579
vn 0.7408 0.6699 0.0498
vn 0.7545 0.6562 0.0094
vn 0.7658 0.6358 -0.0962
vn 0.7659 0.6235 -0.1568
vn 0.7671 0.6035 -0.2176
vn 0.7207 0.6099 -0.3294
vn 0.7427 0.5882 -0.3199
vn 0.7741 0.5573 -0.3002
vn 0.8265 0.5244 -0.2046
vn 0.8967 0.4298 -0.1056
vn 0.9524 0.3041 -0.0208
vn 0.6388 0.3930 0.6615
vn 0.6072 0.0730 0.7912
vn 0.9782 -0.0489 -0.2019
vn 0.9693 -0.0245 -0.2446
vn 0.9720 -0.0017 -0.2348
vn 0.6630 -0.5781 0.4757
vn 0.8272 -0.3241 0.4590
vn 0.8692 0.3147 0.3813
vn 0.6831 -0.6801 0.2661
vn 0.8634 -0.4157 0.2857
vn 0.9087 0.2856 0.3045
vn 0.6115 -0.7600 0.2203
vn 0.8671 -0.4224 0.2641
vn 0.9243 0.2472 0.2908
vn 0.5654 -0.7999 0.2011
vn 0.8828 -0.4132 0.2235
vn 0.9483 0.2208 0.2279
vn 0.5532 -0.8123 0.1845
vn 0.9025 -0.3964 0.1684
vn 0.9665 0.2080 0.1501
vn 0.5554 -0.8279 0.0785
vn 0.9335 -0.3576 -0.0258
vn 0.9790 0.2025 0.0251
vn 0.5914 -0.8049 0.0491
vn 0.9318 -0.3629 -0.0028
vn 0.9813 0.1917 -0.0150
vn 0.6151 -0.7840 -0.0833
vn 0.9240 -0.3516 -0.1505
vn 0.9705 0.1917 -0.1462
vn 0.6393 -0.7571 -0.1343
vn 0.9185 -0.3364 -0.2080
vn 0.9610 0.1873 -0.2035
vn 0.6680 -0.7200 -0.1880
vn 0.9116 -0.3232 -0.2540
vn 0.9486 0.1881 -0.2543
vn 0.7364 -0.6330 -0.2389
vn 0.9062 -0.3171 -0.2795
vn 0.9194 0.2143 -0.3298
vn 0.7724 -0.5900 -0.2350
vn 0.9073 -0.3177 -0.2754
vn 0.9235 0.2064 -0.3234
vn 0.8323 -0.5184 -0.1965
vn 0.9186 -0.3097 -0.2456
vn 0.9333 0.2037 -0.2957
vn 0.9434 -0.3178 -0.0948
vn 0.9592 -0.2435 -0.1440
vn 0.9538 0.2148 -0.2103
vn 0.9660 -0.2429 -0.0881
vn 0.9749 -0.1886 -0.1179
vn 0.9696 0.1999 -0.1411
vn 0.9816 -0.1784 -0.0679
vn 0.9840 -0.1489 -0.0978
vn 0.9829 0.1574 -0.0952
vn 0.9528 0.2936 -0.0776
vn 0.9803 -0.1599 -0.1160
vn 0.9811 -0.1683 -0.0954
vn 0.9139 0.3646 -0.1788
vn 0.9700 -0.1946 -0.1454
vn 0.9684 -0.2254 -0.1071
vn 0.8834 0.3930 -0.2552
vn 0.9543 -0.2212 -0.2011
vn 0.9463 -0.2834 -0.1555
vn 0.8606 0.3998 -0.3155
vn 0.9337 -0.2316 -0.2730
vn 0.8737 -0.4177 -0.2494
vn 0.8425 0.4174 -0.3406
vn 0.9311 -0.2230 -0.2887
vn 0.8545 -0.4471 -0.2646
vn 0.8441 0.4235 -0.3288
vn 0.9364 -0.2156 -0.2770
vn 0.8480 -0.4595 -0.2641
vn 0.8922 0.3919 -0.2243
vn 0.9469 -0.2138 -0.2401
vn 0.8263 -0.5209 -0.2143
vn 0.9035 0.3992 -0.1558
vn 0.9578 -0.2156 -0.1902
vn 0.8194 -0.5533 -0.1501
vn 0.9092 0.4033 -0.1031
vn 0.9679 -0.2178 -0.1252
vn 0.8162 -0.5701 -0.0937
vn 0.9084 0.4178 0.0141
vn 0.9736 -0.2281 -0.0030
vn 0.8061 -0.5911 0.0276
vn 0.9001 0.4308 0.0648
vn 0.5966 -0.0390 0.8016
vn 0.6692 -0.7329 0.1225
vn 0.8689 0.4546 0.1957
vn 0.9460 -0.2632 0.1894
vn 0.7655 -0.6099 0.2050
vn 0.8358 0.4775 0.2711
vn 0.9261 -0.2864 0.2454
vn 0.7636 -0.6017 0.2343
vn 0.8068 0.5026 0.3105
vn 0.9101 -0.3052 0.2802
vn 0.7841 -0.5600 0.2677
vn 0.8073 0.5279 0.2639
vn 0.9055 -0.3049 0.2952
vn 0.8029 -0.5192 0.2929
vn 0.7459 0.5432 0.3855
vn 0.8173 -0.1324 0.5608
vn 0.7403 -0.3576 0.5692
vn 0.9900 0.0538 -0.1304
vn 0.9835 -0.0494 -0.1739
vn 0.9908 -0.0557 -0.1231
vn 0.5713 0.7813 0.2511
vn 0.4754 -0.4498 0.7561
vn 0.6619 0.5206 0.5392
vn 0.7222 0.0789 0.6872
vn 0.6931 -0.0928 0.7149
vn 0.7490 -0.1239 0.6509
vn 0.7498 0.3795 0.5420
vn 0.6484 0.6495 0.3971
vn 0.6593 -0.3727 0.6531
vn 0.9537 -0.2979 -0.0405
vn 0.9877 0.1547 -0.0244
vn 0.9813 0.1787 -0.0723
vn 0.9864 -0.1114 -0.1207
vn 0.9902 -0.1185 -0.0735
vn 0.9904 -0.0861 -0.1083
vn 0.9886 0.0734 -0.1312
vn 0.9871 0.1534 -0.0461
vn 0.9911 -0.1174 -0.0623
vn 0.9842 0.0352 -0.1736
vn 0.9544 0.0274 -0.2972
vn 0.9719 0.0254 -0.2342
vn 0.9916 0.0349 -0.1248
vn 0.9823 0.0224 0.1858
vn 0.9554 0.0307 0.2937
vn 0.9829 0.0005 -0.1843
vn 0.9903 0.0210 -0.1371
vn 0.9993 0.0086 -0.0372
vn 0.9869 -0.0466 -0.1546
vn 0.9841 -0.1103 -0.1395
vn 0.9555 -0.1238 -0.2679
vn 0.9883 -0.0891 -0.1235
vn 0.7832 0.0868 0.6157
vn -0.0000 0.9821 0.1882
vn 0.9380 -0.0353 -0.3448
vn 0.4006 0.7951 0.4553
vn 0.7271 0.4299 0.5352
vn 0.8356 0.1293 0.5339
vn 0.9524 0.0390 0.3024
vn 0.9674 0.0231 0.2523
vn 0.9960 0.0671 0.0583
vn 0.9996 0.0269 -0.0009
vn 0.9825 0.0287 -0.1842
vn 0.9534 0.0363 -0.2995
vn 0.9481 0.0345 -0.3161
vn 0.9721 0.0347 -0.2321
vn 0.9925 0.0313 -0.1180
vn 0.9806 -0.1277 0.1490
vn 0.9931 -0.1167 -0.0064
vn 0.9596 -0.1097 -0.2590
vn 0.9815 -0.1012 -0.1628
vn 0.9495 -0.1067 -0.2949
vn 0.9484 -0.1164 -0.2949
vn 0.9757 -0.1230 -0.1812
vn 0.5233 0.7702 0.3646
vn 0.9635 -0.0314 -0.2659
vn 0.9407 -0.1686 0.2943
vn 0.9661 -0.1399 0.2170
vn 0.9593 -0.0462 -0.2785
vn 0.3011 -0.9476 -0.1070
vn 0.9316 -0.0220 -0.3628
vn 0.3466 0.9180 0.1926
vn 0.9304 0.3570 0.0824
vn 0.9503 -0.1569 0.2691
vn 0.7927 -0.6074 -0.0518
vn 0.2565 -0.6873 0.6796
vn 0.9714 -0.1057 -0.2126
vn 0.2748 -0.4070 0.8711
vn 0.3365 0.7683 0.5444
vn 0.9700 -0.1634 -0.1800
vn 0.6979 0.6410 0.3193
vn -0.0000 0.4732 -0.8809
vn 0.1434 0.9714 0.1893
vn 0.5481 0.8265 0.1286
vn 0.8858 -0.1011 0.4529
vn 0.7942 -0.5961 0.1180
vn 0.1560 0.9793 0.1289
vn 0.5443 0.8385 -0.0269
vn 0.4847 -0.8616 0.1506
vn -0.0000 -0.8408 0.5413
vn 0.2263 0.9583 0.1745
vn 0.5009 0.8523 -0.1507
vn 0.3561 -0.9344 -0.0075
vn 0.1002 -0.8442 0.5266
vn 0.9939 -0.1092 -0.0181
vn 0.9985 0.0492 -0.0256
vn 0.3661 -0.9302 -0.0268
vn 0.1534 -0.9594 0.2365
vn 0.9550 0.2610 -0.1412
vn 0.1543 -0.9773 0.1451
vn -0.0000 0.0586 -0.9983
vn 0.1833 0.9177 0.3524
vn 0.1371 -0.9786 0.1533
vn 0.1252 -0.9766 0.1749
vn -0.0057 -0.9914 0.1305
vn 0.3032 0.8924 -0.3341
vn 0.0016 -0.9966 0.0818
vn 0.1716 0.4642 0.8690
vn 0.1461 0.9870 0.0674
vn 0.1277 -0.9913 -0.0329
vn 0.1498 -0.0250 0.9884
vn 0.1394 0.9864 0.0866
vn 0.1317 -0.9897 -0.0556
vn 0.9908 -0.0218 -0.1336
vn 0.1355 0.9811 0.1382
vn -0.0000 0.9888 0.1489
vn -0.0000 -0.9982 -0.0604
vn -0.0000 -0.9344 0.3561
vn -0.0000 0.9914 0.1308
vn -0.0000 -0.9987 -0.0508
vn -0.0000 -0.2572 0.9664
vn -0.0000 0.9974 0.0727
vn -0.0000 0.2176 0.9760
vn -0.0000 -1.0000 -0.0042
vn -0.0000 0.9036 0.4283
vn -0.0000 0.7524 0.6587
vn 0.9307 -0.3558 -0.0848
vn -0.0000 -0.9857 0.1682
vn -0.0000 -0.6395 0.7688
vn 0.2864 0.9573 -0.0401
vn -0.0000 -0.9897 0.1428
vn -0.0000 0.9541 0.2995
vn 0.9223 0.3674 -0.1203
vn -0.0000 -0.9854 0.1700
vn -0.0000 -0.9989 -0.0478
vn 0.7124 0.6944 0.1015
vn -0.0000 -0.9360 0.3520
vn -0.0000 -1.0000 0.0009
vn 0.9999 0.0101 -0.0122
vn -0.0000 -0.8044 0.5941
vn 0.2950 -0.9456 -0.1369
vn -0.0000 0.8907 0.4546
vn -0.0000 0.9947 -0.1025
vn -0.0000 0.9976 0.0694
vn 0.9490 -0.3100 -0.0575
vn -0.0000 -0.9990 0.0439
vn -0.0000 0.9974 0.0718
vn -0.0000 0.9862 0.1657
vn 0.9973 0.0010 -0.0734
vn -0.0000 0.9681 0.2505
vn -0.0000 0.9821 0.1885
vn 0.9852 0.1679 0.0348
vn 0.3424 -0.9271 -0.1523
vn -0.0000 0.8737 0.4864
vn 0.9996 -0.0140 -0.0237
vn 0.1578 0.9097 0.3842
vn 0.9847 -0.1737 0.0133
vn 0.1451 -0.9864 -0.0769
vn -0.0000 -0.7000 -0.7141
vn 0.1395 0.9748 0.1741
vn 0.5108 0.8052 0.3011
vn 0.4439 -0.8954 -0.0349
vn 0.1000 -0.7324 0.6734
vn 0.1144 -0.4695 0.8755
vn 0.1623 0.8029 0.5735
vn 0.6932 -0.6660 0.2757
vn 0.9891 0.1118 -0.0956
vn 0.4107 -0.8965 -0.1664
vn 0.3607 0.9057 0.2228
vn 0.8766 0.4780 0.0556
vn 0.4535 -0.8735 -0.1769
vn 0.4038 0.8968 0.1807
vn 0.8293 0.5560 -0.0564
vn 0.8853 -0.4649 0.0056
vn 0.5246 -0.8398 -0.1401
vn 0.4760 0.8624 0.1722
vn 0.7432 0.6484 -0.1652
vn 0.6401 -0.7678 -0.0295
vn 0.2577 -0.8157 0.5179
vn 0.5888 0.7586 -0.2790
vn 0.7115 -0.7008 -0.0525
vn 0.3222 -0.9175 0.2333
vn 0.5371 0.7941 -0.2844
vn 0.2857 -0.9453 0.1575
vn 0.5092 0.8126 -0.2835
vn 0.4300 0.8541 0.2927
vn 0.2497 -0.9543 0.1642
vn 0.4736 0.8704 -0.1343
vn 0.2284 -0.9576 0.1755
vn 0.4454 0.8929 -0.0655
vn 0.2205 -0.9664 0.1322
vn 0.4263 0.9043 -0.0207
vn 0.2278 -0.9698 0.0871
vn 0.4391 0.3377 0.8326
vn 0.3864 0.9212 0.0458
vn 0.2582 -0.9655 -0.0346
vn 0.3926 -0.0092 0.9197
vn 0.3725 0.9252 0.0726
vn 0.2724 -0.9600 -0.0654
vn 0.9336 -0.0035 -0.3582
vn 0.3470 0.9262 0.1476
vn 0.9804 -0.0160 -0.1963
vn 0.2976 -0.9440 -0.1426
vn 0.9573 -0.0465 -0.2854
vn 0.2496 0.9478 0.1985
vn 0.7941 0.5925 0.1359
vn 0.3256 -0.9331 -0.1525
vn 0.2724 0.9436 0.1883
vn 0.7791 0.6261 0.0320
vn 0.6676 -0.7445 0.0057
vn 0.3787 -0.9123 -0.1561
vn 0.3726 0.9215 0.1097
vn 0.7138 0.6930 -0.1014
vn 0.8814 0.4462 0.1551
vn 0.4679 -0.8829 -0.0390
vn 0.1539 -0.7897 0.5939
vn 0.5516 0.7912 -0.2642
vn 0.4933 -0.8698 -0.0106
vn 0.2176 -0.9166 0.3355
vn 0.4686 0.8413 -0.2694
vn 0.5814 -0.8117 -0.0559
vn 0.2300 -0.9585 0.1685
vn 0.4238 0.8636 -0.2731
vn 0.3491 0.9028 0.2513
vn 0.2097 -0.9668 0.1464
vn 0.3685 0.9198 -0.1349
vn 0.1608 -0.6158 0.7713
vn 0.1843 -0.9683 0.1686
vn 0.3368 0.9393 -0.0653
vn 0.1748 -0.9741 0.1436
vn 0.3147 0.9491 -0.0135
vn 0.1735 -0.9773 0.1217
vn 0.2752 0.6895 0.6700
vn 0.2830 0.8678 0.4084
vn 0.1868 -0.9824 -0.0035
vn 0.2651 0.1834 0.9466
vn 0.2623 0.9629 0.0637
vn 0.2077 -0.2318 0.9503
vn 0.1907 -0.9805 -0.0473
vn 0.9592 -0.0361 -0.2803
vn 0.2435 0.9612 0.1300
vn 0.8552 -0.5120 0.0801
vn 0.2030 -0.9767 -0.0700
vn 0.9394 -0.0078 -0.3428
vn 0.2444 0.9565 0.1592
vn 0.9470 -0.0355 -0.3193
vn 0.2272 0.9521 0.2048
vn 0.6065 0.7418 -0.2863
vn 0.6144 0.7451 -0.2595
vn 0.5097 -0.8428 -0.1728
vn 0.5313 -0.8279 -0.1796
vn 0.8785 0.3999 -0.2614
vn 0.8683 0.4016 -0.2911
vn 0.9422 -0.2153 -0.2568
vn 0.9370 -0.2191 -0.2722
vn 0.8427 -0.4797 -0.2443
vn 0.8454 -0.4712 -0.2514
vn 0.9646 0.0215 -0.2628
vn 0.9582 0.0206 -0.2855
vn -0.0000 0.8359 0.5488
vn -0.0000 0.9843 -0.1765
vn -0.0000 -0.9920 -0.1260
vn -0.0000 -0.9959 -0.0901
vn 0.2450 -0.9608 -0.1299
vn 0.2562 -0.9589 -0.1221
vn 0.3996 0.8873 -0.2304
vn 0.3694 0.9041 -0.2149
vn 0.5000 0.8272 -0.2563
vn 0.4989 0.8378 -0.2218
vn 0.3450 -0.9275 -0.1441
vn 0.3662 -0.9189 -0.1468
vn 0.1666 -0.9786 -0.1210
vn 0.2038 -0.9757 -0.0801
vn 0.2427 0.9614 -0.1294
vn 0.9429 0.1875 -0.2754
vn 0.9346 0.1898 -0.3008
vn 0.9109 -0.3194 -0.2612
vn 0.9101 -0.3191 -0.2643
vn 0.9577 -0.1123 -0.2651
vn 0.9516 -0.1115 -0.2864
vn 0.7493 0.6077 -0.2632
vn 0.7380 0.6087 -0.2912
vn 0.7077 -0.6719 -0.2186
vn 0.7229 -0.6566 -0.2151
vn 0.5694 0.8219 -0.0160
vn 0.2922 0.9556 0.0389
vn 0.2372 -0.9710 0.0286
vn 0.4028 0.9150 0.0239
vn 0.1711 0.9802 0.0992
vn 0.1140 -0.9926 0.0422
vn 0.9797 0.1892 -0.0656
vn 0.9324 -0.3580 -0.0495
vn 0.9925 -0.1059 -0.0617
vn 0.7617 0.6470 -0.0342
vn 0.5996 -0.8002 -0.0077
vn 0.9944 0.1054 0.0104
vn 0.2558 0.9667 0.0088
vn 0.5750 0.7960 0.1890
vn -0.0000 0.9957 0.0929
vn 0.9940 0.1026 0.0386
vn 0.9939 0.1077 -0.0221
vn -0.0000 0.8391 -0.5440
vn 0.9960 0.0891 0.0116
vn 0.5584 0.8295 0.0114
vn 0.2739 0.9600 0.0577
vn 0.3747 -0.9264 0.0381
vn 0.9125 0.4079 -0.0322
vn 0.9744 -0.2220 -0.0367
vn 0.8139 -0.5809 -0.0091
vn 0.9987 0.0254 -0.0438
vn -0.0000 -0.9940 0.1090
vn 0.1783 -0.9827 0.0498
vn 0.2208 0.9743 0.0453
vn 0.2229 0.9450 -0.2392
vn -0.0000 0.8038 0.5949
vn 0.6075 -0.7935 -0.0361
vn 0.2847 0.9467 -0.1504
vn 0.9904 -0.0998 -0.0954
vn 0.9765 0.1930 -0.0963
vn 0.2453 -0.9694 0.0108
vn 0.7646 0.6419 -0.0579
vn 0.1267 -0.9917 0.0238
vn 0.5771 0.8159 -0.0369
vn 0.1786 -0.9835 0.0291
vn 0.9732 -0.2188 -0.0705
vn 0.9116 0.4049 -0.0711
vn 0.1617 -0.9799 -0.1169
vn 0.9462 0.1893 -0.2626
vn 0.6933 -0.6908 -0.2053
vn 0.2294 -0.9673 -0.1077
vn 0.9577 -0.1110 -0.2656
vn 0.9132 -0.3172 -0.2557
vn -0.0000 -0.9992 0.0395
vn 0.9963 0.0304 -0.0807
vn 0.4953 0.8465 -0.1954
vn 0.3853 -0.9228 0.0083
vn 0.8165 -0.5753 -0.0489
vn 0.3045 0.9523 0.0189
vn -0.0000 -0.9956 -0.0937
vn 0.4158 0.9094 0.0057
vn 0.8849 0.3926 -0.2506
vn 0.9400 -0.2137 -0.2661
vn 0.8366 -0.4944 -0.2359
vn 0.9628 0.0240 -0.2692
vn 0.4852 -0.8604 -0.1557
vn 0.3765 0.9064 -0.1913
vn 0.3287 -0.9343 -0.1378
vn 0.7591 0.6042 -0.2422
vn 0.2245 0.9743 0.0172
vn 0.2619 0.9622 -0.0744
vn 0.2382 0.9704 0.0404
vn 0.6181 0.7512 -0.2314
vn 0.2048 0.9669 0.1523
vn 0.3252 0.9402 -0.1015
vn 0.2368 0.9713 -0.0211
vn 0.3779 0.8877 -0.2631
vn 0.4496 0.8553 -0.2576
vn 0.3445 0.9005 -0.2654
vn 0.6459 0.7305 -0.2218
vn 0.6442 0.7212 -0.2546
vn 0.4605 0.8524 -0.2477
vn 0.4183 0.8793 -0.2276
vn 0.5420 0.8064 -0.2367
vn 0.7451 0.6213 -0.2425
vn 0.7532 -0.6451 -0.1287
vn 0.8733 0.3890 -0.2934
vn 0.9422 -0.2318 -0.2420
vn 0.9128 -0.3552 -0.2015
vn 0.9628 0.0307 -0.2685
vn 0.9301 -0.3620 -0.0623
vn 0.4430 -0.8921 -0.0891
vn 0.6382 0.7402 -0.2119
vn 0.6655 0.6959 -0.2698
vn 0.5950 -0.7998 -0.0795
vn 0.4669 -0.8789 -0.0978
vn 0.9384 0.2115 -0.2734
vn 0.9369 -0.2763 -0.2141
vn 0.9618 -0.1252 -0.2436
vn 0.7892 0.5419 -0.2890
vn 0.9045 -0.4004 -0.1466
vn 0.5410 0.8046 -0.2447
vn 0.5481 -0.8163 -0.1825
vn 0.8582 0.4117 -0.3067
vn 0.9368 -0.2163 -0.2749
vn 0.8520 -0.4643 -0.2419
vn 0.9547 0.0258 -0.2964
vn 0.9969 -0.0770 0.0140
vn 0.2769 -0.9518 -0.1321
vn 0.6041 0.7409 -0.2935
vn 0.4137 0.8714 -0.2636
vn 0.3408 0.9158 -0.2127
vn 0.5069 0.8182 -0.2711
vn 0.3823 -0.9097 -0.1622
vn 0.4191 -0.9000 -0.1197
vn 0.9290 0.2036 -0.3090
vn 0.9113 -0.3148 -0.2654
vn 0.9533 -0.1062 -0.2827
vn 0.7251 0.6171 -0.3055
vn 0.7261 -0.6488 -0.2277
vn 0.3292 0.9437 0.0321
vn 0.3589 -0.9319 0.0527
vn 0.5672 -0.8181 -0.0949
vn 0.6622 -0.7449 -0.0816
vn 0.5307 -0.8385 -0.1239
vn 0.6274 -0.7680 -0.1286
vn 0.2741 -0.9540 -0.1214
vn 0.4479 -0.8917 -0.0653
vn 0.5257 0.8464 0.0853
vn 0.3470 -0.9229 0.1672
vn 0.8916 0.4385 0.1134
vn 0.9604 -0.2476 0.1280
vn 0.7742 -0.6075 0.1777
vn 0.9938 0.0242 0.1081
vn -0.0000 0.9937 0.1118
vn -0.0000 -0.9883 0.1528
vn 0.1749 -0.9695 0.1718
vn 0.2517 0.9621 0.1048
vn 0.3575 0.9272 0.1113
vn 0.2215 -0.9621 0.1588
vn 0.1351 0.9829 0.1251
vn 0.9750 0.2063 0.0830
vn 0.9050 -0.3625 0.2224
vn 0.9852 -0.1257 0.1163
vn 0.7273 0.6798 0.0942
vn 0.5281 -0.8295 0.1819
vn 0.1041 -0.9924 0.0658
vn 0.0095 -0.9894 0.1446
vn 0.0570 -0.9840 0.1685
vn 0.1357 -0.9751 0.1751
vn -0.0301 -0.9922 0.1207
vn -0.0000 0.2463 -0.9692
vn 0.7859 0.2769 -0.5529
vn 0.9339 -0.1165 -0.3379
vn -0.0000 -0.3422 -0.9396
vn -0.0000 -0.3183 -0.9480
vn -0.0000 -0.0243 -0.9997
vn -0.0000 0.4085 -0.9128
vn 0.9598 0.0230 -0.2796
vn 0.9157 0.0940 -0.3906
vn 0.9535 -0.0167 -0.3009
vn 0.8583 -0.2901 -0.4232
vn 0.9880 0.0638 -0.1410
vn 0.9975 -0.0017 -0.0704
vn 0.9974 -0.0248 -0.0671
vn 0.9984 -0.0226 -0.0520
vn 0.9984 0.0060 -0.0568
vn 0.9883 -0.0081 -0.1521
vn 0.9997 0.0139 -0.0176
vn 0.9998 0.0102 -0.0188
vn 0.9997 0.0085 -0.0248
vn 0.9997 0.0102 -0.0239
vn 0.9994 -0.0036 -0.0332
vn 0.9997 -0.0067 -0.0220
vn 0.9998 -0.0072 -0.0201
vn 0.9998 -0.0080 -0.0193
vn 0.9880 0.0741 -0.1357
vn 0.9980 0.0529 -0.0344
vn 0.9973 0.0590 -0.0429
vn 0.9960 0.0896 0.0012
vn -0.0000 0.5799 -0.8147
vn -0.0000 0.9254 -0.3790
vn -0.0000 0.9213 -0.3889
vn -0.0000 0.9892 0.1462
vn 0.9994 -0.0295 -0.0155
vn 0.9996 -0.0246 -0.0140
vn 0.9996 -0.0210 -0.0176
vn 0.9996 -0.0216 -0.0198
vn 0.9959 -0.0638 -0.0638
vn 0.9982 -0.0468 -0.0374
vn 0.9972 -0.0738 -0.0150
vn 0.9944 -0.1043 0.0175
vn -0.0000 -0.8852 0.4652
vn -0.0000 -0.9656 0.2599
vn -0.0000 -1.0000 -0.0062
vn -0.0000 -0.8356 -0.5493
vn 0.9998 -0.0105 -0.0152
vn 0.9997 -0.0116 -0.0195
vn 0.9998 -0.0094 -0.0203
vn 0.9998 -0.0106 -0.0145
vn 0.8456 0.5099 0.1583
vn 0.9132 0.4059 -0.0370
vn 0.9512 0.2762 -0.1377
vn 0.9338 0.2751 -0.2288
vn 0.9996 -0.0240 -0.0134
vn 0.9997 -0.0187 -0.0152
vn 0.9996 -0.0185 -0.0202
vn 0.9997 -0.0188 -0.0176
vn 0.9995 0.0306 -0.0109
vn 0.9995 0.0210 -0.0220
vn 0.9994 0.0196 -0.0283
vn 0.9994 0.0197 -0.0291
vn 0.8139 -0.5423 0.2085
vn 0.8647 -0.4968 0.0736
vn 0.9253 -0.3679 -0.0924
vn 0.9142 -0.2979 -0.2748
vn 0.9997 -0.0201 -0.0171
vn 0.9997 -0.0172 -0.0175
vn 0.9997 -0.0163 -0.0193
vn 0.9996 -0.0142 -0.0226
vn 0.9998 -0.0194 -0.0107
vn 0.9998 -0.0143 -0.0155
vn 0.9997 -0.0106 -0.0221
vn 0.9998 -0.0117 -0.0143
vn 0.9998 0.0031 -0.0197
vn 0.9998 0.0014 -0.0211
vn 0.9997 0.0024 -0.0224
vn 0.9996 0.0017 -0.0264
vn 0.5343 0.7636 -0.3625
vn 0.9808 0.1940 0.0194
vn 0.8468 0.5308 -0.0325
vn 0.9869 0.1612 -0.0040
vn 0.7494 0.6592 -0.0620
vn 0.7973 0.5797 0.1681
vn -0.0000 0.9879 -0.1549
vn -0.0000 0.8420 0.5394
vn -0.0000 0.9941 0.1083
vn -0.0000 0.9328 -0.3603
vn 0.9599 0.2311 0.1587
vn 0.6899 0.5178 0.5059
vn 0.9319 0.3337 -0.1419
vn 0.7481 0.5851 -0.3130
vn 0.9530 0.2066 0.2217
vn 0.9941 0.1029 0.0350
vn 0.9964 0.0774 -0.0338
vn -0.0000 -0.0910 -0.9958
vn -0.0000 0.5613 0.8276
vn 0.9336 0.3118 -0.1767
vn 0.9938 0.0867 -0.0700
vn 0.7717 0.3094 -0.5556
vn 0.9904 0.1152 0.0765
vn 0.9956 0.0902 0.0234
vn 0.9962 0.0872 -0.0030
vn 0.7662 0.3374 0.5468
vn 0.9426 0.2039 0.2646
vn 0.7044 0.7097 -0.0055
vn -0.0000 0.4396 0.8982
vn 0.9534 0.0247 -0.3007
vn 0.6588 0.7514 0.0367
vn 0.7400 0.6702 -0.0567
vn -0.0000 0.3166 -0.9485
vn 0.6969 0.4195 0.5817
vn 0.9775 0.2100 -0.0181
vn 0.9692 0.2453 0.0219
vn 0.9462 0.3071 0.1018
vn 0.6711 -0.0561 -0.7393
vn 0.9803 0.1658 -0.1075
vn 0.7160 0.6134 -0.3333
vn 0.6650 0.6979 -0.2657
vn 0.6048 0.7788 -0.1664
vn -0.0000 0.9869 -0.1610
vn -0.0000 0.8497 -0.5273
vn -0.0000 0.9221 -0.3869
vn -0.0000 0.9615 -0.2748
vn 0.9734 0.2068 -0.0992
vn 0.8066 0.5141 -0.2918
vn 0.9547 0.2930 -0.0523
vn 0.9480 0.3049 -0.0912
vn 0.9740 0.1893 -0.1245
vn 0.5532 0.8326 0.0268
vn 0.8460 0.5106 -0.1537
vn 0.9982 -0.0357 -0.0475
vn -0.0000 -0.9680 -0.2509
vn 0.9998 0.0084 -0.0187
vn 0.9619 0.2272 0.1520
vn -0.0000 0.8114 0.5845
vn 0.9999 0.0108 -0.0105
vn 0.9998 0.0071 -0.0161
vn 0.6672 0.5831 0.4635
vn 0.8740 -0.4576 -0.1636
vn 0.9999 0.0125 -0.0102
vn 0.9990 0.0432 0.0151
vn 0.9998 -0.0033 -0.0213
vn 0.9925 -0.1077 -0.0571
vn 0.9998 0.0016 -0.0175
vn 0.9445 0.2492 0.2141
vn 0.8806 0.4537 -0.1369
vn -0.0000 0.7178 0.6963
vn 0.9999 0.0114 -0.0113
vn -0.0000 -0.1063 -0.9943
vn 0.9995 -0.0010 -0.0321
vn 0.9922 0.1229 0.0224
vn 0.9983 0.0538 -0.0225
vn 0.8608 -0.4594 -0.2189
vn 0.6378 0.5758 0.5115
vn 0.9991 0.0356 -0.0234
vn 0.7407 -0.6713 0.0257
vn 0.7869 -0.5933 -0.1697
vn 0.8043 -0.5220 -0.2841
vn -0.0000 -0.9211 -0.3893
vn -0.0000 -0.9896 -0.1435
vn -0.0000 -0.8225 -0.5688
vn 0.9602 -0.2724 0.0612
vn -0.0000 -0.9862 0.1654
vn 0.6286 -0.7280 0.2736
vn 0.8317 -0.3812 -0.4036
vn 0.9882 -0.1249 -0.0887
vn 0.9844 -0.1755 -0.0122
vn 0.9893 -0.1308 -0.0640
vn -0.0000 0.3769 -0.9262
vn 0.9561 -0.2602 0.1350
vn -0.0000 -0.7110 0.7032
vn 0.9989 -0.0348 -0.0314
vn 0.9845 0.1653 -0.0578
vn 0.9989 -0.0451 -0.0155
vn 0.9985 -0.0533 0.0127
vn 0.9996 -0.0104 -0.0271
vn 0.9962 -0.0801 0.0345
vn 0.9991 -0.0433 0.0044
vn 0.7236 -0.5346 0.4365
vn 0.9996 -0.0183 -0.0217
vn 0.8295 0.5343 -0.1625
vn -0.0000 0.9803 -0.1975
vn 0.9660 -0.1990 0.1648
vn 0.9996 -0.0169 -0.0228
vn 0.9996 -0.0280 -0.0097
vn -0.0000 -0.8554 0.5180
vn 0.9452 -0.3143 -0.0885
vn 0.8921 -0.4495 -0.0463
vn 0.6394 0.7545 -0.1478
vn 0.9992 -0.0332 -0.0225
vn 0.7438 -0.4809 0.4642
vn 0.9981 -0.0617 0.0001
vn 0.9918 -0.1178 0.0492
vn 0.9995 -0.0040 -0.0326
vn 0.9920 0.1261 0.0107
vn 0.8147 -0.5705 0.1039
vn 0.8044 -0.5901 0.0691
vn -0.0090 -0.9968 -0.0798
vn -0.7532 -0.6480 0.1133
vn -0.0113 -0.9246 0.3807
vn -0.6893 -0.7208 0.0734
vn 0.3000 -0.9365 0.1816
vn 0.2326 -0.9638 0.1300
vn 0.2686 -0.9583 0.0980
vn -0.1939 -0.9781 0.0752
vn -0.1530 -0.9795 0.1311
vn -0.2222 -0.9488 0.2246
vn -0.9517 -0.2987 0.0718
vn 0.9942 0.0862 0.0645
vn 0.9845 0.1747 0.0178
vn -0.1200 0.7589 -0.6400
vn -0.9907 -0.1361 -0.0054
vn 0.0306 -0.6254 0.7797
vn -0.9883 -0.1435 -0.0510
vn 0.9755 0.1972 -0.0977
vn -0.9694 -0.1933 0.1511
vn 0.9896 -0.0142 0.1433
vn -0.9776 -0.1982 -0.0716
vn -0.9802 -0.1971 0.0164
vn -0.9824 -0.1291 -0.1349
vn 0.9873 0.1127 0.1119
vn 0.9778 0.2057 0.0408
vn -0.0689 0.5989 -0.7979
vn -0.9762 -0.2040 -0.0734
vn 0.0696 -0.9109 0.4066
vn -0.9830 -0.1678 -0.0749
vn 0.9764 -0.0839 0.1988
vn 0.9672 0.2536 -0.0120
vn -0.9874 -0.1095 -0.1139
vn 0.9869 0.1513 0.0558
vn -0.9869 -0.1509 -0.0571
vn -0.8606 -0.5078 0.0388
vn 0.9814 0.1654 0.0978
vn 0.9685 0.2486 0.0106
vn -0.1182 0.5618 -0.8188
vn -0.9594 -0.2759 -0.0579
vn 0.1961 -0.9386 0.2838
vn -0.9783 -0.1964 -0.0664
vn -0.9748 -0.2099 -0.0759
vn -0.8843 -0.4653 -0.0374
vn 0.9750 0.2101 0.0726
vn 0.9658 0.2521 -0.0604
vn 0.9764 -0.0891 0.1966
vn 0.2031 -0.9546 -0.2180
vn 0.9916 -0.1251 0.0323
vn 0.9960 0.0672 -0.0593
vn 0.0713 -0.1159 -0.9907
vn -0.8677 -0.4946 -0.0496
vn 0.1820 -0.9745 0.1309
vn -0.9183 -0.3715 -0.1367
vn 0.9792 -0.1211 0.1628
vn 0.9251 0.3547 -0.1354
vn -0.9732 -0.1199 -0.1960
vn 0.9816 0.1882 0.0314
vn -0.9672 -0.2483 -0.0534
vn 0.9982 0.0595 -0.0028
vn 0.9650 0.2559 -0.0566
vn -0.9612 -0.2165 0.1709
vn 0.9852 -0.0015 0.1714
vn -0.9890 -0.1141 -0.0936
vn -0.9921 -0.1247 -0.0130
vn -0.9916 -0.1248 0.0324
vn -0.9897 -0.1418 -0.0200
vn 0.9954 0.0924 0.0253
vn -0.1431 0.6653 -0.7327
vn 0.9863 0.1635 -0.0224
vn 0.0534 -0.4625 0.8850
vn 0.9946 0.1033 0.0055
vn 0.9918 0.1232 0.0339
vn 0.9947 0.0970 -0.0328
vn -0.0000 -0.1797 -0.9837
vn 0.9551 0.1871 0.2297
vn -0.0000 0.4764 0.8792
vn 0.9778 0.0363 -0.2062
vn 0.7586 0.3182 0.5686
vn 0.9961 0.0871 -0.0121
vn 0.9941 0.1058 0.0242
vn 0.9868 0.1382 0.0841
vn 0.7355 -0.1206 -0.6667
vn 0.9936 0.0755 -0.0837
vn 0.9999 0.0093 -0.0127
vn -0.0000 -0.7342 -0.6789
vn 0.9967 0.0361 -0.0724
vn 0.9984 0.0428 -0.0367
vn 0.9472 0.2972 0.1205
vn -0.0000 0.8953 0.4455
vn 0.9978 0.0612 -0.0240
vn 0.9998 0.0091 -0.0189
vn 0.6322 0.6466 0.4268
vn 0.9521 -0.1808 -0.2467
vn 0.9998 0.0161 -0.0107
vn 0.9991 0.0422 0.0099
vn 0.9997 0.0095 -0.0242
vn 0.9999 0.0105 -0.0117
vn -0.0000 -0.9378 -0.3471
vn 0.9945 -0.0968 -0.0405
vn 0.9998 0.0044 -0.0170
vn 0.9610 0.2161 0.1727
vn -0.0000 0.7373 0.6756
vn 0.9999 0.0124 -0.0104
vn 0.9997 -0.0143 -0.0221
vn 0.9984 0.0517 0.0225
vn 0.9999 0.0123 -0.0102
vn 0.8525 -0.4955 -0.1664
vn 0.6759 0.5361 0.5057
vn 0.9999 0.0065 -0.0151
vn 0.9998 -0.0083 -0.0197
vn 0.9905 0.1321 0.0395
vn -0.0000 0.9187 0.3949
vn 0.9900 -0.1318 0.0502
vn 0.9997 -0.0137 -0.0188
vn 0.9931 -0.0164 -0.1163
vn 0.9894 -0.0289 -0.1420
vn -0.0000 -0.8569 0.5155
vn 0.9996 0.0034 -0.0264
vn 0.9995 -0.0250 -0.0215
vn 0.9994 -0.0224 -0.0250
vn 0.7579 -0.5588 0.3368
vn 0.9993 0.0362 -0.0134
vn 0.9993 -0.0264 -0.0251
vn 0.7725 0.5659 0.2881
vn 0.6210 0.7612 0.1871
vn 0.6356 0.7431 0.2094
vn 0.4867 -0.7656 0.4206
vn 0.5062 -0.7796 0.3688
vn 0.7950 0.5515 0.2527
vn 0.8067 0.5432 0.2328
vn 0.9007 -0.2514 0.3544
vn 0.9108 -0.2844 0.2992
vn 0.7942 -0.4875 0.3627
vn 0.8081 -0.5062 0.3014
vn 0.9369 0.0496 0.3462
vn 0.9521 0.0453 0.3023
vn -0.0000 -0.8798 0.4753
vn -0.0000 -0.8967 0.4426
vn -0.0000 0.9978 0.0666
vn -0.0000 0.9998 0.0212
vn 0.2413 0.9682 0.0657
vn 0.2659 0.9603 0.0842
vn 0.1647 -0.8718 0.4613
vn 0.1889 -0.8871 0.4212
vn 0.2831 -0.8674 0.4093
vn 0.3063 -0.8692 0.3882
vn -0.6477 0.7581 -0.0767
vn 0.4656 0.8700 0.1623
vn 0.1529 0.9876 0.0367
vn 0.2071 0.9770 0.0514
vn 0.1135 -0.8904 0.4408
vn 0.1314 -0.8977 0.4206
vn 0.9087 0.3117 0.2776
vn 0.9105 0.3072 0.2767
vn 0.8731 -0.3832 0.3013
vn 0.8673 -0.4021 0.2935
vn 0.9381 -0.1467 0.3137
vn 0.9380 -0.1615 0.3066
vn 0.6905 0.6919 0.2111
vn 0.7160 0.6662 0.2086
vn 0.6990 -0.6317 0.3352
vn 0.6991 -0.6379 0.3229
vn 0.4352 0.8994 0.0409
vn 0.4353 0.8891 0.1415
vn 0.4737 0.8696 0.1391
vn 0.0825 0.9951 -0.0547
vn 0.3664 0.9134 0.1772
vn 0.4658 0.8695 0.1643
vn 0.3558 0.9325 0.0621
vn 0.4801 0.8643 0.1498
vn 0.5902 0.7902 0.1651
vn 0.5157 0.8327 0.2018
vn 0.1288 0.9903 0.0518
vn 0.3838 0.9091 0.1619
vn 0.5878 0.0979 -0.8031
vn 0.4513 0.8852 0.1129
vn 0.4233 0.8938 0.1484
vn 0.4828 0.8675 0.1198
vn 0.3115 0.9492 -0.0438
vn 0.1556 0.9780 0.1390
vn 0.4425 0.8806 0.1694
vn 0.2264 0.3880 -0.8934
vn -0.2038 0.4854 -0.8502
vn -0.4660 0.7050 -0.5347
vn 0.0244 0.0800 0.9965
vn 0.4613 0.0116 0.8872
vn 0.7639 -0.1532 0.6269
vn 0.9766 -0.1384 0.1648
vn 0.9276 -0.0209 -0.3730
vn 0.4476 0.6115 0.6525
vn -0.0557 0.9817 0.1819
vn 0.0282 0.9075 -0.4191
vn 0.7091 0.6584 0.2523
vn 0.6868 0.7054 -0.1752
vn 0.2321 0.7735 -0.5898
vn 0.1913 0.7121 0.6755
vn 0.0198 0.8800 0.4746
vn -0.0545 0.9901 -0.1292
vn 0.6317 0.6272 0.4557
vn 0.7265 0.6851 0.0541
vn 0.5274 0.7155 -0.4582
vn 0.5584 0.4870 0.6716
vn 0.4451 0.8603 0.2485
vn -0.2785 0.8701 0.4066
vn -0.2999 0.9530 -0.0438
vn -0.2836 0.8513 -0.4414
vn 0.3921 0.9185 -0.0517
vn 0.8014 0.5754 0.1633
vn 0.4331 0.8962 0.0960
vn 0.6605 0.5938 -0.4595
vn 0.4902 0.8664 0.0957
vn 0.4713 0.8818 -0.0188
vn 0.3609 0.8953 0.2612
vn 0.2817 0.8167 -0.5036
vn 0.8120 0.5828 0.0313
vn 0.6706 0.5111 0.5376
vn 0.0313 0.9963 -0.0797
vn 0.0523 0.8937 0.4456
vn 0.4403 0.5462 0.7126
vn 0.5426 0.6947 -0.4722
vn 0.7416 0.6272 -0.2379
vn 0.7896 0.5410 0.2894
vn 0.1087 0.9399 -0.3237
vn 0.0131 0.9841 0.1770
vn 0.1913 0.7106 0.6771
vn 0.4260 0.9042 0.0301
vn 0.4235 0.8213 0.3823
vn 0.5120 0.8542 0.0901
vn 0.2969 0.9508 0.0888
vn 0.5208 0.8365 0.1706
vn 0.3671 0.9219 -0.1240
vn 0.4064 0.9072 0.1090
vn 0.5627 0.7960 0.2230
vn 0.4017 0.8906 0.2135
vn 0.5665 0.8225 0.0508
vn 0.4556 0.8789 -0.1414
vn 0.3375 0.8842 0.3230
vn 0.1245 0.9903 0.0619
vn 0.6064 0.7702 -0.1979
vn 0.4541 0.8508 -0.2646
vn 0.3007 0.9239 -0.2366
vn 0.1815 0.9759 -0.1215
vn 0.4018 0.7777 0.4834
vn 0.5531 0.6982 0.4545
vn 0.6771 0.6532 0.3389
vn 0.7408 0.6533 0.1562
vn 0.7150 0.6977 -0.0447
vn 0.2416 0.7741 -0.5852
vn 0.9271 0.3744 -0.0177
vn 0.6836 0.3777 0.6246
vn -0.1890 0.9655 -0.1793
vn -0.0975 0.8353 0.5411
vn 0.4259 0.4940 0.7580
vn 0.5318 0.6345 -0.5609
vn 0.7928 0.4897 -0.3630
vn 0.8746 0.3331 0.3523
vn -0.0134 0.8914 -0.4531
vn -0.2284 0.9539 0.1949
vn 0.1476 0.6600 0.7367
vn -0.5904 0.6630 0.4603
vn -0.2994 0.4444 0.8443
vn 0.5028 0.8634 0.0423
vn 0.4661 0.8843 0.0282
vn 0.4288 0.9028 0.0322
vn 0.4037 0.9126 0.0652
vn 0.4919 0.8468 0.2024
vn 0.5188 0.8381 0.1685
vn 0.5287 0.8394 0.1262
vn 0.5242 0.8475 0.0830
vn 0.4169 0.8885 0.1918
vn 0.4539 0.8666 0.2072
vn 0.4264 0.9013 -0.0757
vn 0.6092 0.7882 0.0873
vn 0.5527 0.7893 0.2675
vn 0.3089 0.9502 0.0414
vn 0.3346 0.9122 0.2365
vn 0.4798 0.8223 0.3060
vn 0.5061 0.8600 -0.0653
vn 0.5746 0.8184 -0.0065
vn 0.6003 0.7774 0.1879
vn 0.3542 0.9344 -0.0376
vn 0.3009 0.9430 0.1422
vn 0.4013 0.8670 0.2956
vn 0.1523 0.9524 0.2642
vn 0.2560 0.8719 0.4174
vn 0.4716 0.8748 0.1114
vn 0.4534 0.8847 0.1083
vn 0.4600 0.8764 0.1427
vn 0.4628 0.8800 0.1066
vn 0.4748 0.8712 0.1252
vn 0.4482 0.8857 0.1212
vn 0.4622 0.8795 0.1135
vn 0.4630 0.8805 0.1020
vn 0.4705 0.8752 0.1124
vn 0.4543 0.8840 0.1101
vn 0.4558 0.8868 0.0765
vn 0.4876 0.8658 0.1123
vn 0.4854 0.8608 0.1527
vn 0.4375 0.8931 0.1045
vn 0.4333 0.8896 0.1449
vn 0.4694 0.8674 0.1652
vn 0.4729 0.8776 0.0789
vn 0.4859 0.8690 0.0936
vn 0.4896 0.8628 0.1255
vn 0.4413 0.8931 0.0874
vn 0.4333 0.8937 0.1167
vn 0.4471 0.8798 0.1617
vn 0.3930 0.9135 0.1050
vn 0.3956 0.9061 0.1500
vn -0.6491 0.7562 -0.0824
vn 0.6260 0.1783 -0.7592
vn 0.1642 0.2763 -0.9470
vn -0.1546 0.5687 -0.8079
vn -0.4848 0.6751 -0.5561
vn 0.0853 0.2051 0.9750
vn 0.4147 -0.0900 0.9055
vn 0.7816 -0.1092 0.6142
vn 0.9785 -0.1299 0.1603
vn 0.9207 -0.0459 -0.3876
vn -0.6049 0.6439 0.4685
vn -0.3447 0.3629 0.8658
vn -0.2538 0.0778 0.9641
vn -0.6410 0.3267 0.6945
vn 0.7109 -0.1954 -0.6756
vn -0.1017 0.2584 -0.9607
vn 0.9156 -0.3715 -0.1537
vn 0.8224 -0.4042 0.4003
vn 0.1610 -0.1463 0.9761
vn 0.5339 -0.3131 0.7854
vn -0.4715 0.4295 -0.7702
vn 0.3164 0.0411 -0.9477
vn -0.7543 0.5324 -0.3842
vn -0.8436 0.5082 0.1733
vn 0.5169 0.7922 0.3244
vn 0.4679 0.8838 0.0033
vn 0.3009 0.9317 0.2033
vn 0.5170 0.8468 0.1246
vn 0.3158 0.9486 -0.0216
vn 0.5042 0.8295 0.2400
vn 0.5751 0.8069 0.1349
vn 0.4129 0.9077 0.0747
vn 0.5354 0.8432 -0.0487
vn 0.3990 0.9047 0.1494
vn 0.4434 0.8527 0.2764
vn 0.5029 0.8631 0.0464
vn 0.4519 0.8799 0.1468
vn 0.4602 0.8801 0.1170
vn 0.4663 0.8755 0.1267
vn 0.4634 0.8784 0.1170
vn 0.4559 0.8812 0.1251
vn 0.4596 0.8785 0.1303
vn 0.4667 0.8715 0.1508
vn 0.4514 0.8833 0.1263
vn 0.4664 0.8764 0.1203
vn 0.4710 0.8726 0.1291
vn 0.4567 0.8817 0.1184
vn 0.4626 0.8769 0.1304
vn 0.5559 0.4526 0.6972
vn 0.2419 0.5003 0.8314
vn -0.3544 0.8325 0.4259
vn -0.3463 0.9379 -0.0225
vn -0.3572 0.7985 -0.4845
vn -0.0735 0.6685 -0.7401
vn 0.8207 0.5467 0.1659
vn 0.7332 0.5362 0.4182
vn 0.6649 0.5579 -0.4966
vn 0.7916 0.6002 -0.1148
vn 0.3106 0.5689 -0.7615
vn -0.0803 0.6740 0.7343
vn 0.5036 0.5389 -0.6753
vn 0.8254 0.5640 0.0241
vn 0.6684 0.4819 0.5666
vn -0.4084 0.8722 -0.2693
vn -0.2524 0.7445 0.6181
vn 0.0410 0.5308 0.8465
vn 0.0705 0.5469 -0.8342
vn 0.7612 0.5737 -0.3024
vn 0.7927 0.5304 0.3006
vn -0.2542 0.7108 -0.6559
vn -0.4063 0.8916 0.1997
vn 0.4044 0.4428 0.8002
vn 0.2228 0.4611 0.8589
vn -0.4342 0.9000 -0.0385
vn -0.1181 0.6102 -0.7834
vn 0.7451 0.5053 0.4353
vn 0.8105 0.5708 -0.1311
vn 0.2883 0.5214 -0.8031
vn -0.1256 0.6289 0.7673
vn 0.4555 0.8825 0.1171
vn 0.2196 0.9471 0.2339
vn 0.1857 0.9760 -0.1135
vn 0.1595 0.9860 0.0478
vn 0.4897 0.8695 0.0654
vn 0.5549 0.7359 -0.3880
vn 0.7573 0.6502 0.0613
vn 0.6265 0.6601 0.4146
vn -0.3971 0.8923 -0.2147
vn -0.0201 0.8635 0.5040
vn 0.2125 0.7291 0.6505
vn 0.2542 0.7874 -0.5615
vn 0.6876 0.7108 -0.1484
vn 0.7291 0.6388 0.2458
vn -0.0424 0.8713 -0.4889
vn -0.3078 0.9364 0.1685
vn 0.4776 0.6531 0.5876
vn 0.9510 -0.3080 -0.0265
vn 0.8162 -0.5147 0.2625
vn 0.9946 -0.0790 0.0677
vn 0.9868 -0.1616 -0.0107
vn 0.9207 -0.2633 0.2880
vn 0.9779 -0.1484 0.1473
vn 0.9715 -0.2355 -0.0272
vn 0.8742 -0.4838 -0.0427
vn 0.7669 -0.4976 0.4053
vn 0.9928 -0.0614 0.1032
vn 0.9983 -0.0544 0.0195
vn 0.9569 -0.2275 0.1803
vn 0.4121 -0.2930 -0.8628
vn 0.8558 -0.4870 0.1746
vn 0.9839 0.1744 -0.0389
vn 0.4841 -0.2010 -0.8516
vn 0.7849 -0.1415 0.6033
vn 0.8079 -0.0276 0.5886
vn 0.9580 -0.2619 -0.1170
vn 0.9058 -0.4084 -0.1126
vn 0.8512 -0.2850 0.4407
vn 0.9827 -0.0551 0.1768
vn 0.9904 -0.0762 -0.1157
vn 0.9395 -0.1924 0.2832
vn 0.9093 0.0991 0.4043
vn -0.7463 0.0451 -0.6640
vn -0.2083 -0.9507 0.2296
vn -0.0407 0.9842 0.1722
vn -0.8110 -0.0176 -0.5848
vn 0.7401 -0.0574 0.6700
vn 0.8018 0.0593 0.5947
vn 0.5001 0.2281 0.8354
vn -0.5916 0.1242 -0.7966
vn -0.3968 -0.0400 -0.9170
vn -0.6228 -0.0067 -0.7824
vn 0.5657 -0.1265 0.8148
vn 0.9728 0.2241 0.0579
vn -0.9431 -0.1217 -0.3093
vn 0.0419 -0.9740 0.2224
vn -0.4483 0.8883 0.0996
vn -0.9338 -0.3312 -0.1351
vn 0.9433 0.1132 0.3121
vn 0.9165 0.3745 0.1405
vn 0.8750 0.4068 0.2626
vn -0.9636 -0.1513 -0.2204
vn -0.9115 -0.0903 -0.4013
vn -0.8572 -0.0771 -0.5092
vn 0.8337 -0.0712 0.5477
vn -0.0105 0.0786 -0.9968
vn -0.8914 -0.4189 -0.1729
vn 0.3441 -0.6791 -0.6484
vn -0.5670 0.7097 -0.4180
vn -0.9089 -0.4089 -0.0820
vn 0.9465 0.3140 -0.0747
vn 0.7588 0.6318 -0.1583
vn 0.9462 0.3086 0.0974
vn 0.7046 0.7034 -0.0932
vn -0.9153 -0.4026 -0.0143
vn -0.9194 -0.3924 -0.0252
vn -0.9355 -0.2506 -0.2489
vn 0.5617 0.0007 0.8274
vn 0.5736 0.1525 0.8048
vn -0.3477 0.0534 -0.9361
vn -0.6013 0.0490 -0.7975
vn -0.5052 -0.0841 -0.8589
vn 0.5832 -0.1421 0.7998
vn -0.5367 0.0297 -0.8433
vn -0.0208 0.9986 -0.0496
vn 0.5348 -0.0442 0.8438
vn -0.1953 -0.9765 0.0908
vn 0.4807 0.0499 0.8755
vn -0.4791 0.0019 -0.8778
vn 0.9599 0.1006 0.2616
vn 0.9129 0.4080 -0.0082
vn 0.7824 0.6225 0.0184
vn -0.9030 -0.4296 -0.0005
vn -0.9499 -0.2961 -0.1001
vn -0.8931 -0.4166 -0.1699
vn 0.2983 -0.9518 -0.0715
vn -0.8917 -0.4527 0.0023
vn 0.8672 0.4979 -0.0108
vn -0.9528 -0.2859 -0.1025
vn 0.9564 0.2760 0.0953
vn -0.5570 0.8289 -0.0520
vn 0.4338 0.6458 0.6283
vn 0.2410 0.6436 0.7264
vn -0.0000 0.6523 0.7579
vn 0.1201 0.4016 0.9079
vn 0.1347 0.9898 0.0472
vn 0.6264 0.5110 0.5886
vn 0.5498 0.7870 0.2798
vn 0.2792 0.9549 0.1008
vn 0.2672 0.4584 0.8476
vn 0.5498 0.5205 0.6533
vn 0.6141 0.5268 0.5876
vn 0.6939 0.5075 0.5108
vn 0.6330 0.6214 0.4616
vn -0.0910 -0.8589 0.5039
vn 0.0794 0.8598 -0.5044
vn -0.9539 0.2590 -0.1519
vn -0.0390 0.8619 -0.5056
vn 0.1196 0.8563 -0.5024
vn -0.1340 -0.8547 0.5015
vn -0.0553 -0.8612 0.5052
vn -0.9080 -0.3613 0.2120
vn 0.1659 0.9545 -0.2479
vn 0.1007 0.8581 -0.5034
vn 0.2144 0.9757 -0.0452
vn -0.9987 -0.0438 0.0257
vn 0.0365 -0.3291 0.9436
vn -0.3513 -0.8075 0.4738
vn 0.1872 -0.2544 0.9488
vn -0.0000 0.9687 -0.2484
vn 0.1143 0.8569 -0.5027
vn 0.2591 0.9503 -0.1729
vn -0.4293 0.7790 -0.4570
vn -0.3279 0.4364 0.8379
vn -0.1315 -0.8550 0.5016
vn -0.0000 -0.3288 0.9444
vn 0.3822 -0.1375 0.9138
vn -0.1012 -0.8581 0.5034
vn -0.0156 -0.8256 0.5641
vn 0.0806 0.8729 -0.4812
vn 0.0203 0.8772 -0.4798
vn -0.1212 -0.8302 0.5441
vn -0.8393 -0.4260 0.3378
vn -0.0824 -0.8354 0.5435
vn -0.9034 0.4044 -0.1428
vn 0.1266 0.8681 -0.4800
vn -0.5200 0.7515 0.4060
vn -0.5401 -0.1553 0.8271
vn -0.9813 -0.1782 -0.0722
vn -0.9873 0.0179 -0.1580
vn -0.9505 0.3098 0.0236
vn -0.8994 0.4368 -0.0148
vn -0.8205 0.5544 -0.1396
vn -0.6990 0.6534 -0.2906
vn -0.6567 0.6946 -0.2937
vn -0.6176 0.7233 -0.3088
vn -0.6180 0.7587 -0.2061
vn -0.6047 0.7834 -0.1434
vn -0.5866 0.8060 -0.0788
vn -0.5422 0.8391 0.0431
vn -0.5109 0.8508 0.1229
vn -0.4936 0.8504 0.1821
vn -0.4861 0.8413 0.2366
vn -0.5148 0.8180 0.2566
vn -0.5776 0.7964 0.1791
vn -0.4657 -0.6624 0.5868
vn -0.5141 -0.7987 0.3127
vn -0.4698 -0.8590 0.2036
vn -0.3948 -0.9020 0.1744
vn -0.3590 -0.9150 0.1840
vn -0.3460 -0.9272 0.1437
vn -0.3625 -0.9265 0.1007
vn -0.3968 -0.9174 -0.0301
vn -0.4161 -0.9069 -0.0661
vn -0.4495 -0.8854 -0.1182
vn -0.5586 -0.8041 -0.2033
vn -0.5981 -0.7761 -0.1997
vn -0.6593 -0.7257 -0.1965
vn -0.8272 -0.5553 -0.0857
vn -0.8749 -0.4803 -0.0618
vn -0.9212 -0.3818 -0.0746
vn -0.6744 0.6975 0.2421
vn -0.6806 0.6808 0.2707
vn -0.6596 0.6952 0.2858
vn -0.6777 0.6990 0.2281
vn -0.7089 0.6874 0.1579
vn -0.7408 0.6699 0.0498
vn -0.7546 0.6562 0.0094
vn -0.7658 0.6358 -0.0962
vn -0.7659 0.6235 -0.1568
vn -0.7671 0.6035 -0.2176
vn -0.7207 0.6099 -0.3294
vn -0.7427 0.5882 -0.3199
vn -0.7741 0.5573 -0.3002
vn -0.8265 0.5244 -0.2046
vn -0.8967 0.4298 -0.1056
vn -0.9524 0.3041 -0.0208
vn -0.6388 0.3930 0.6615
vn -0.6072 0.0730 0.7912
vn -0.9782 -0.0489 -0.2019
vn -0.9693 -0.0245 -0.2446
vn -0.9720 -0.0017 -0.2348
vn -0.6630 -0.5781 0.4757
vn -0.8272 -0.3241 0.4590
vn -0.8692 0.3147 0.3813
vn -0.6831 -0.6801 0.2661
vn -0.8634 -0.4157 0.2857
vn -0.9087 0.2856 0.3045
vn -0.6115 -0.7600 0.2203
vn -0.8671 -0.4224 0.2641
vn -0.9243 0.2472 0.2908
vn -0.5654 -0.7999 0.2011
vn -0.8828 -0.4132 0.2235
vn -0.9483 0.2208 0.2279
vn -0.5532 -0.8123 0.1845
vn -0.9025 -0.3964 0.1684
vn -0.9665 0.2080 0.1501
vn -0.5554 -0.8279 0.0785
vn -0.9335 -0.3576 -0.0258
vn -0.9790 0.2025 0.0251
vn -0.5914 -0.8049 0.0491
vn -0.9318 -0.3629 -0.0028
vn -0.9813 0.1917 -0.0150
vn -0.6151 -0.7840 -0.0833
vn -0.9240 -0.3516 -0.1505
vn -0.9705 0.1917 -0.1462
vn -0.6393 -0.7571 -0.1343
vn -0.9185 -0.3364 -0.2080
vn -0.9610 0.1873 -0.2035
vn -0.6680 -0.7200 -0.1880
vn -0.9116 -0.3232 -0.2540
vn -0.9486 0.1881 -0.2543
vn -0.7364 -0.6330 -0.2389
vn -0.9062 -0.3171 -0.2795
vn -0.9194 0.2143 -0.3298
vn -0.7724 -0.5900 -0.2350
vn -0.9073 -0.3177 -0.2754
vn -0.9235 0.2064 -0.3234
vn -0.8323 -0.5184 -0.1965
vn -0.9186 -0.3097 -0.2456
vn -0.9333 0.2037 -0.2957
vn -0.9434 -0.3178 -0.0948
vn -0.9592 -0.2435 -0.1440
vn -0.9538 0.2148 -0.2103
vn -0.9660 -0.2429 -0.0881
vn -0.9749 -0.1886 -0.1179
vn -0.9696 0.1999 -0.1411
vn -0.9816 -0.1784 -0.0679
vn -0.9840 -0.1489 -0.0978
vn -0.9829 0.1574 -0.0952
vn -0.9528 0.2936 -0.0776
vn -0.9803 -0.1599 -0.1160
vn -0.9811 -0.1683 -0.0954
vn -0.9139 0.3646 -0.1788
vn -0.9700 -0.1946 -0.1454
vn -0.9684 -0.2254 -0.1071
vn -0.8834 0.3930 -0.2552
vn -0.9543 -0.2212 -0.2011
vn -0.9463 -0.2834 -0.1555
vn -0.8606 0.3998 -0.3155
vn -0.9337 -0.2316 -0.2730
vn -0.8737 -0.4177 -0.2494
vn -0.8425 0.4174 -0.3406
vn -0.9311 -0.2230 -0.2887
vn -0.8545 -0.4471 -0.2646
vn -0.8441 0.4235 -0.3288
vn -0.9364 -0.2156 -0.2770
vn -0.8480 -0.4595 -0.2641
vn -0.8922 0.3919 -0.2243
vn -0.9469 -0.2138 -0.2401
vn -0.8263 -0.5209 -0.2143
vn -0.9035 0.3992 -0.1558
vn -0.9578 -0.2156 -0.1902
vn -0.8194 -0.5533 -0.1501
vn -0.9092 0.4033 -0.1031
vn -0.9679 -0.2178 -0.1252
vn -0.8162 -0.5701 -0.0937
vn -0.9084 0.4178 0.0141
vn -0.9736 -0.2281 -0.0030
vn -0.8061 -0.5911 0.0276
vn -0.9001 0.4308 0.0648
vn -0.5966 -0.0390 0.8016
vn -0.6692 -0.7329 0.1225
vn -0.8689 0.4546 0.1957
vn -0.9460 -0.2632 0.1894
vn -0.7655 -0.6099 0.2050
vn -0.8358 0.4775 0.2711
vn -0.9261 -0.2864 0.2454
vn -0.7636 -0.6017 0.2343
vn -0.8068 0.5026 0.3105
vn -0.9101 -0.3052 0.2802
vn -0.7841 -0.5600 0.2677
vn -0.8073 0.5279 0.2639
vn -0.9055 -0.3049 0.2952
vn -0.8029 -0.5192 0.2929
vn -0.7459 0.5432 0.3855
vn -0.8173 -0.1324 0.5608
vn -0.7403 -0.3576 0.5692
vn -0.9900 0.0538 -0.1304
vn -0.9835 -0.0494 -0.1739
vn -0.9908 -0.0557 -0.1231
vn -0.5713 0.7813 0.2511
vn -0.4754 -0.4498 0.7561
vn -0.6619 0.5206 0.5392
vn -0.7222 0.0789 0.6872
vn -0.6931 -0.0928 0.7149
vn -0.7490 -0.1239 0.6509
vn -0.7498 0.3795 0.5420
vn -0.6484 0.6495 0.3971
vn -0.6593 -0.3727 0.6531
vn -0.9537 -0.2979 -0.0405
vn -0.9877 0.1547 -0.0244
vn -0.9813 0.1787 -0.0723
vn -0.9864 -0.1114 -0.1207
vn -0.9902 -0.1185 -0.0735
vn -0.9904 -0.0861 -0.1083
vn -0.9886 0.0734 -0.1312
vn -0.9871 0.1534 -0.0461
vn -0.9911 -0.1174 -0.0623
vn -0.9842 0.0352 -0.1736
vn -0.9544 0.0274 -0.2972
vn -0.9719 0.0254 -0.2342
vn -0.9916 0.0349 -0.1248
vn -0.9823 0.0224 0.1858
vn -0.9554 0.0307 0.2937
vn -0.9829 0.0005 -0.1843
vn -0.9903 0.0210 -0.1371
vn -0.9993 0.0086 -0.0372
vn -0.9869 -0.0466 -0.1546
vn -0.9841 -0.1103 -0.1395
vn -0.9555 -0.1238 -0.2679
vn -0.9883 -0.0891 -0.1235
vn -0.7832 0.0868 0.6157
vn -0.9380 -0.0353 -0.3448
vn -0.4006 0.7951 0.4553
vn -0.7271 0.4299 0.5352
vn -0.8356 0.1293 0.5339
vn -0.9524 0.0390 0.3024
vn -0.9674 0.0231 0.2523
vn -0.9960 0.0671 0.0583
vn -0.9996 0.0269 -0.0009
vn -0.9825 0.0287 -0.1842
vn -0.9534 0.0363 -0.2995
vn -0.9481 0.0345 -0.3161
vn -0.9721 0.0347 -0.2321
vn -0.9925 0.0313 -0.1180
vn -0.9806 -0.1277 0.1490
vn -0.9931 -0.1167 -0.0064
vn -0.9596 -0.1097 -0.2590
vn -0.9815 -0.1012 -0.1628
vn -0.9495 -0.1067 -0.2949
vn -0.9484 -0.1164 -0.2949
vn -0.9757 -0.1230 -0.1812
vn -0.5233 0.7702 0.3646
vn -0.9635 -0.0314 -0.2659
vn -0.9407 -0.1686 0.2943
vn -0.9661 -0.1399 0.2170
vn -0.9593 -0.0462 -0.2785
vn -0.3011 -0.9476 -0.1070
vn -0.9316 -0.0220 -0.3628
vn -0.3466 0.9180 0.1926
vn -0.9304 0.3570 0.0824
vn -0.9503 -0.1569 0.2691
vn -0.7927 -0.6074 -0.0518
vn -0.2565 -0.6873 0.6796
vn -0.9714 -0.1057 -0.2126
vn -0.2748 -0.4070 0.8711
vn -0.3365 0.7683 0.5444
vn -0.9700 -0.1634 -0.1800
vn -0.6979 0.6410 0.3193
vn -0.1434 0.9714 0.1893
vn -0.5481 0.8265 0.1286
vn -0.8858 -0.1011 0.4529
vn -0.7942 -0.5961 0.1180
vn -0.1560 0.9793 0.1289
vn -0.5443 0.8385 -0.0269
vn -0.4847 -0.8616 0.1506
vn -0.2263 0.9583 0.1745
vn -0.5009 0.8523 -0.1507
vn -0.3561 -0.9344 -0.0075
vn -0.1002 -0.8442 0.5266
vn -0.9939 -0.1092 -0.0181
vn -0.9985 0.0492 -0.0256
vn -0.3661 -0.9302 -0.0268
vn -0.1534 -0.9594 0.2365
vn -0.9550 0.2610 -0.1412
vn -0.1543 -0.9773 0.1451
vn -0.1833 0.9177 0.3524
vn -0.1371 -0.9786 0.1533
vn -0.1252 -0.9766 0.1749
vn 0.0057 -0.9914 0.1305
vn -0.3032 0.8924 -0.3341
vn -0.0016 -0.9966 0.0818
vn -0.1716 0.4642 0.8690
vn -0.1461 0.9870 0.0674
vn -0.1277 -0.9913 -0.0329
vn -0.1498 -0.0250 0.9884
vn -0.1394 0.9864 0.0866
vn -0.1317 -0.9897 -0.0556
vn -0.9908 -0.0218 -0.1336
vn -0.1355 0.9811 0.1382
vn -0.9307 -0.3558 -0.0848
vn -0.2864 0.9573 -0.0401
vn -0.9223 0.3674 -0.1203
vn -0.7124 0.6944 0.1015
vn -0.9999 0.0101 -0.0122
vn -0.2950 -0.9456 -0.1369
vn -0.9490 -0.3100 -0.0575
vn -0.9973 0.0010 -0.0734
vn -0.9852 0.1679 0.0348
vn -0.3424 -0.9271 -0.1523
vn -0.9996 -0.0140 -0.0237
vn -0.1578 0.9097 0.3842
vn -0.9847 -0.1737 0.0133
vn -0.1451 -0.9864 -0.0769
vn -0.1395 0.9748 0.1741
vn -0.5108 0.8052 0.3011
vn -0.4439 -0.8954 -0.0349
vn -0.1000 -0.7324 0.6734
vn -0.1144 -0.4695 0.8755
vn -0.1623 0.8029 0.5736
vn -0.6932 -0.6660 0.2757
vn -0.9891 0.1118 -0.0956
vn -0.4107 -0.8965 -0.1664
vn -0.3607 0.9057 0.2228
vn -0.8766 0.4780 0.0556
vn -0.4535 -0.8735 -0.1769
vn -0.4038 0.8968 0.1807
vn -0.8293 0.5560 -0.0564
vn -0.8853 -0.4649 0.0056
vn -0.5246 -0.8398 -0.1401
vn -0.4760 0.8624 0.1722
vn -0.7432 0.6484 -0.1652
vn -0.6401 -0.7678 -0.0295
vn -0.2577 -0.8157 0.5179
vn -0.5888 0.7586 -0.2790
vn -0.7115 -0.7008 -0.0525
vn -0.3222 -0.9175 0.2333
vn -0.5371 0.7941 -0.2844
vn -0.2857 -0.9453 0.1575
vn -0.5092 0.8126 -0.2835
vn -0.4300 0.8541 0.2927
vn -0.2497 -0.9543 0.1642
vn -0.4736 0.8704 -0.1343
vn -0.2284 -0.9576 0.1755
vn -0.4454 0.8929 -0.0655
vn -0.2205 -0.9664 0.1322
vn -0.4263 0.9043 -0.0207
vn -0.2278 -0.9698 0.0871
vn -0.4391 0.3377 0.8326
vn -0.3864 0.9212 0.0458
vn -0.2582 -0.9655 -0.0346
vn -0.3926 -0.0092 0.9197
vn -0.3725 0.9252 0.0726
vn -0.2724 -0.9600 -0.0654
vn -0.9336 -0.0035 -0.3582
vn -0.3470 0.9262 0.1476
vn -0.9804 -0.0160 -0.1963
vn -0.2976 -0.9440 -0.1426
vn -0.9573 -0.0465 -0.2854
vn -0.2496 0.9478 0.1985
vn -0.7941 0.5925 0.1359
vn -0.3256 -0.9331 -0.1525
vn -0.2724 0.9436 0.1883
vn -0.7791 0.6261 0.0320
vn -0.6676 -0.7445 0.0057
vn -0.3787 -0.9123 -0.1561
vn -0.3726 0.9215 0.1097
vn -0.7138 0.6930 -0.1014
vn -0.8814 0.4462 0.1551
vn -0.4679 -0.8829 -0.0390
vn -0.1539 -0.7897 0.5939
vn -0.5516 0.7912 -0.2642
vn -0.4933 -0.8698 -0.0106
vn -0.2176 -0.9166 0.3355
vn -0.4686 0.8413 -0.2694
vn -0.5814 -0.8117 -0.0559
vn -0.2300 -0.9585 0.1685
vn -0.4238 0.8636 -0.2731
vn -0.3491 0.9028 0.2513
vn -0.2097 -0.9668 0.1464
vn -0.3685 0.9198 -0.1349
vn -0.1608 -0.6158 0.7713
vn -0.1843 -0.9683 0.1686
vn -0.3368 0.9393 -0.0653
vn -0.1748 -0.9741 0.1436
vn -0.3147 0.9491 -0.0135
vn -0.1735 -0.9773 0.1217
vn -0.2752 0.6895 0.6700
vn -0.2830 0.8678 0.4084
vn -0.1868 -0.9824 -0.0035
vn -0.2651 0.1834 0.9466
vn -0.2623 0.9629 0.0637
vn -0.2077 -0.2318 0.9503
vn -0.1907 -0.9805 -0.0473
vn -0.9592 -0.0361 -0.2803
vn -0.2435 0.9612 0.1300
vn -0.8552 -0.5120 0.0801
vn -0.2030 -0.9767 -0.0700
vn -0.9394 -0.0078 -0.3428
vn -0.2444 0.9565 0.1592
vn -0.9470 -0.0355 -0.3193
vn -0.2272 0.9521 0.2048
vn -0.6065 0.7418 -0.2863
vn -0.6144 0.7451 -0.2595
vn -0.5097 -0.8428 -0.1728
vn -0.5313 -0.8279 -0.1796
vn -0.8785 0.3999 -0.2614
vn -0.8683 0.4016 -0.2911
vn -0.9422 -0.2153 -0.2568
vn -0.9370 -0.2191 -0.2722
vn -0.8427 -0.4797 -0.2443
vn -0.8454 -0.4712 -0.2514
vn -0.9646 0.0215 -0.2628
vn -0.9582 0.0206 -0.2855
vn -0.2450 -0.9608 -0.1299
vn -0.2562 -0.9589 -0.1221
vn -0.3996 0.8873 -0.2304
vn -0.3694 0.9041 -0.2149
vn -0.5000 0.8272 -0.2563
vn -0.4989 0.8378 -0.2218
vn -0.3450 -0.9275 -0.1441
vn -0.3662 -0.9189 -0.1468
vn -0.1666 -0.9786 -0.1210
vn -0.2038 -0.9757 -0.0801
vn -0.2427 0.9614 -0.1294
vn -0.9429 0.1875 -0.2754
vn -0.9346 0.1898 -0.3008
vn -0.9109 -0.3194 -0.2612
vn -0.9101 -0.3191 -0.2643
vn -0.9577 -0.1123 -0.2651
vn -0.9516 -0.1115 -0.2864
vn -0.7493 0.6077 -0.2632
vn -0.7380 0.6087 -0.2912
vn -0.7077 -0.6719 -0.2186
vn -0.7229 -0.6566 -0.2151
vn -0.5694 0.8219 -0.0160
vn -0.2922 0.9556 0.0389
vn -0.2372 -0.9710 0.0286
vn -0.4028 0.9150 0.0239
vn -0.1711 0.9802 0.0992
vn -0.1140 -0.9926 0.0422
vn -0.9797 0.1892 -0.0656
vn -0.9324 -0.3580 -0.0495
vn -0.9925 -0.1059 -0.0617
vn -0.7617 0.6470 -0.0342
vn -0.5996 -0.8002 -0.0077
vn -0.9944 0.1054 0.0104
vn -0.2558 0.9667 0.0088
vn -0.5750 0.7960 0.1890
vn -0.9940 0.1026 0.0386
vn -0.9939 0.1077 -0.0221
vn -0.9960 0.0891 0.0116
vn -0.5584 0.8295 0.0114
vn -0.2739 0.9600 0.0577
vn -0.3747 -0.9264 0.0381
vn -0.9125 0.4079 -0.0322
vn -0.9744 -0.2220 -0.0367
vn -0.8139 -0.5809 -0.0091
vn -0.9987 0.0254 -0.0438
vn -0.1783 -0.9827 0.0498
vn -0.2208 0.9743 0.0453
vn -0.2229 0.9450 -0.2392
vn -0.6075 -0.7935 -0.0361
vn -0.2847 0.9467 -0.1504
vn -0.9904 -0.0998 -0.0954
vn -0.9765 0.1930 -0.0963
vn -0.2453 -0.9694 0.0108
vn -0.7646 0.6419 -0.0579
vn -0.1267 -0.9917 0.0238
vn -0.5771 0.8159 -0.0369
vn -0.1786 -0.9835 0.0291
vn -0.9732 -0.2188 -0.0705
vn -0.9116 0.4049 -0.0711
vn -0.1617 -0.9799 -0.1169
vn -0.9462 0.1893 -0.2626
vn -0.6933 -0.6908 -0.2053
vn -0.2294 -0.9673 -0.1077
vn -0.9577 -0.1110 -0.2656
vn -0.9132 -0.3172 -0.2557
vn -0.9963 0.0304 -0.0807
vn -0.4953 0.8465 -0.1954
vn -0.3853 -0.9228 0.0083
vn -0.8165 -0.5753 -0.0489
vn -0.3045 0.9523 0.0189
vn -0.4158 0.9094 0.0057
vn -0.8849 0.3926 -0.2506
vn -0.9400 -0.2137 -0.2661
vn -0.8366 -0.4944 -0.2359
vn -0.9628 0.0240 -0.2692
vn -0.4852 -0.8604 -0.1557
vn -0.3765 0.9064 -0.1913
vn -0.3287 -0.9343 -0.1378
vn -0.7591 0.6042 -0.2422
vn -0.2245 0.9743 0.0172
vn -0.2619 0.9622 -0.0744
vn -0.2382 0.9704 0.0404
vn -0.6181 0.7512 -0.2314
vn -0.2048 0.9669 0.1523
vn -0.3252 0.9402 -0.1015
vn -0.2368 0.9713 -0.0211
vn -0.3779 0.8877 -0.2631
vn -0.4496 0.8553 -0.2576
vn -0.3445 0.9005 -0.2654
vn -0.6459 0.7305 -0.2218
vn -0.6442 0.7212 -0.2546
vn -0.4605 0.8524 -0.2477
vn -0.4183 0.8793 -0.2276
vn -0.5420 0.8064 -0.2367
vn -0.7451 0.6213 -0.2425
vn -0.7532 -0.6451 -0.1287
vn -0.8733 0.3890 -0.2934
vn -0.9422 -0.2318 -0.2420
vn -0.9128 -0.3552 -0.2015
vn -0.9628 0.0307 -0.2685
vn -0.9301 -0.3620 -0.0623
vn -0.4430 -0.8921 -0.0891
vn -0.6382 0.7402 -0.2119
vn -0.6655 0.6959 -0.2698
vn -0.5950 -0.7998 -0.0795
vn -0.4669 -0.8789 -0.0978
vn -0.9384 0.2115 -0.2734
vn -0.9369 -0.2763 -0.2141
vn -0.9618 -0.1252 -0.2436
vn -0.7892 0.5419 -0.2890
vn -0.9045 -0.4004 -0.1466
vn -0.5410 0.8046 -0.2447
vn -0.5481 -0.8163 -0.1825
vn -0.8582 0.4117 -0.3067
vn -0.9368 -0.2163 -0.2749
vn -0.8520 -0.4643 -0.2419
vn -0.9547 0.0258 -0.2964
vn -0.9969 -0.0770 0.0140
vn -0.2769 -0.9518 -0.1321
vn -0.6041 0.7409 -0.2935
vn -0.4137 0.8714 -0.2636
vn -0.3408 0.9158 -0.2127
vn -0.5069 0.8182 -0.2711
vn -0.3823 -0.9097 -0.1622
vn -0.4191 -0.9000 -0.1197
vn -0.9290 0.2036 -0.3090
vn -0.9113 -0.3148 -0.2654
vn -0.9533 -0.1062 -0.2827
vn -0.7251 0.6171 -0.3055
vn -0.7261 -0.6488 -0.2277
vn -0.3292 0.9437 0.0321
vn -0.3589 -0.9319 0.0527
vn -0.5672 -0.8181 -0.0949
vn -0.6622 -0.7449 -0.0816
vn -0.5307 -0.8385 -0.1239
vn -0.6274 -0.7680 -0.1286
vn -0.2741 -0.9540 -0.1214
vn -0.4479 -0.8917 -0.0653
vn -0.5257 0.8464 0.0853
vn -0.3470 -0.9229 0.1672
vn -0.8916 0.4385 0.1134
vn -0.9604 -0.2476 0.1280
vn -0.7742 -0.6075 0.1777
vn -0.9938 0.0242 0.1081
vn -0.1749 -0.9695 0.1718
vn -0.2517 0.9621 0.1048
vn -0.3575 0.9272 0.1113
vn -0.2215 -0.9621 0.1588
vn -0.1351 0.9829 0.1251
vn -0.9750 0.2063 0.0830
vn -0.9050 -0.3625 0.2224
vn -0.9852 -0.1257 0.1163
vn -0.7273 0.6798 0.0942
vn -0.5281 -0.8295 0.1819
vn -0.1041 -0.9924 0.0658
vn -0.0095 -0.9894 0.1446
vn -0.0570 -0.9840 0.1685
vn -0.1357 -0.9751 0.1751
vn 0.0301 -0.9922 0.1207
vn -0.7859 0.2769 -0.5530
vn -0.9339 -0.1165 -0.3379
vn -0.9598 0.0230 -0.2796
vn -0.9157 0.0940 -0.3906
vn -0.9535 -0.0167 -0.3009
vn -0.8583 -0.2901 -0.4232
vn -0.9880 0.0638 -0.1410
vn -0.9975 -0.0017 -0.0704
vn -0.9974 -0.0248 -0.0671
vn -0.9984 -0.0226 -0.0520
vn -0.9984 0.0060 -0.0568
vn -0.9883 -0.0081 -0.1521
vn -0.9997 0.0139 -0.0176
vn -0.9998 0.0102 -0.0188
vn -0.9997 0.0085 -0.0248
vn -0.9997 0.0102 -0.0239
vn -0.9994 -0.0036 -0.0332
vn -0.9997 -0.0067 -0.0220
vn -0.9998 -0.0072 -0.0201
vn -0.9998 -0.0080 -0.0193
vn -0.9880 0.0741 -0.1357
vn -0.9980 0.0529 -0.0344
vn -0.9973 0.0590 -0.0429
vn -0.9960 0.0896 0.0012
vn -0.9994 -0.0295 -0.0155
vn -0.9996 -0.0246 -0.0140
vn -0.9996 -0.0210 -0.0176
vn -0.9996 -0.0216 -0.0198
vn -0.9959 -0.0638 -0.0638
vn -0.9982 -0.0468 -0.0374
vn -0.9972 -0.0738 -0.0150
vn -0.9944 -0.1043 0.0175
vn -0.9998 -0.0105 -0.0152
vn -0.9997 -0.0116 -0.0195
vn -0.9998 -0.0094 -0.0203
vn -0.9998 -0.0106 -0.0145
vn -0.8456 0.5099 0.1583
vn -0.9132 0.4059 -0.0370
vn -0.9512 0.2762 -0.1377
vn -0.9338 0.2750 -0.2288
vn -0.9996 -0.0240 -0.0134
vn -0.9997 -0.0187 -0.0152
vn -0.9996 -0.0185 -0.0202
vn -0.9997 -0.0188 -0.0176
vn -0.9995 0.0306 -0.0109
vn -0.9995 0.0210 -0.0220
vn -0.9994 0.0196 -0.0283
vn -0.9994 0.0197 -0.0291
vn -0.8139 -0.5423 0.2085
vn -0.8647 -0.4968 0.0736
vn -0.9253 -0.3679 -0.0924
vn -0.9142 -0.2979 -0.2748
vn -0.9997 -0.0201 -0.0171
vn -0.9997 -0.0172 -0.0175
vn -0.9997 -0.0163 -0.0193
vn -0.9996 -0.0142 -0.0226
vn -0.9998 -0.0194 -0.0107
vn -0.9998 -0.0143 -0.0155
vn -0.9997 -0.0106 -0.0221
vn -0.9998 -0.0117 -0.0143
vn -0.9998 0.0031 -0.0197
vn -0.9998 0.0014 -0.0211
vn -0.9997 0.0024 -0.0224
vn -0.9996 0.0017 -0.0264
vn -0.5343 0.7636 -0.3625
vn -0.9808 0.1940 0.0194
vn -0.8468 0.5308 -0.0325
vn -0.9869 0.1612 -0.0040
vn -0.7494 0.6592 -0.0620
vn -0.7973 0.5797 0.1681
vn -0.9599 0.2311 0.1587
vn -0.6899 0.5178 0.5059
vn -0.9319 0.3337 -0.1419
vn -0.7481 0.5851 -0.3130
vn -0.9530 0.2066 0.2217
vn -0.9941 0.1029 0.0350
vn -0.9964 0.0774 -0.0338
vn -0.9336 0.3118 -0.1767
vn -0.9938 0.0867 -0.0700
vn -0.7717 0.3094 -0.5556
vn -0.9904 0.1152 0.0765
vn -0.9956 0.0902 0.0234
vn -0.9962 0.0872 -0.0030
vn -0.7662 0.3374 0.5468
vn -0.9426 0.2039 0.2646
vn -0.7044 0.7097 -0.0055
vn -0.9534 0.0247 -0.3007
vn -0.6588 0.7514 0.0367
vn -0.7400 0.6702 -0.0567
vn -0.6969 0.4195 0.5817
vn -0.9775 0.2100 -0.0181
vn -0.9692 0.2453 0.0219
vn -0.9462 0.3071 0.1018
vn -0.6711 -0.0561 -0.7393
vn -0.9803 0.1658 -0.1075
vn -0.7160 0.6134 -0.3333
vn -0.6650 0.6979 -0.2657
vn -0.6048 0.7788 -0.1664
vn -0.9734 0.2068 -0.0992
vn -0.8066 0.5141 -0.2918
vn -0.9547 0.2930 -0.0523
vn -0.9480 0.3049 -0.0912
vn -0.9740 0.1893 -0.1245
vn -0.5532 0.8326 0.0268
vn -0.8460 0.5106 -0.1537
vn -0.9982 -0.0357 -0.0475
vn -0.9998 0.0084 -0.0187
vn -0.9619 0.2272 0.1520
vn -0.9999 0.0108 -0.0105
vn -0.9998 0.0071 -0.0161
vn -0.6672 0.5831 0.4636
vn -0.8740 -0.4576 -0.1636
vn -0.9999 0.0125 -0.0102
vn -0.9990 0.0432 0.0151
vn -0.9998 -0.0033 -0.0213
vn -0.9925 -0.1077 -0.0571
vn -0.9998 0.0016 -0.0175
vn -0.9445 0.2492 0.2141
vn -0.8806 0.4537 -0.1369
vn -0.9999 0.0114 -0.0113
vn -0.9995 -0.0010 -0.0321
vn -0.9922 0.1229 0.0224
vn -0.9983 0.0538 -0.0225
vn -0.8608 -0.4594 -0.2189
vn -0.6378 0.5758 0.5115
vn -0.9991 0.0356 -0.0234
vn -0.7407 -0.6713 0.0257
vn -0.7869 -0.5933 -0.1697
vn -0.8043 -0.5220 -0.2841
vn -0.9602 -0.2724 0.0612
vn -0.6286 -0.7280 0.2736
vn -0.8317 -0.3812 -0.4036
vn -0.9882 -0.1249 -0.0887
vn -0.9844 -0.1755 -0.0122
vn -0.9893 -0.1308 -0.0640
vn -0.9561 -0.2602 0.1350
vn -0.9989 -0.0348 -0.0314
vn -0.9845 0.1653 -0.0578
vn -0.9989 -0.0451 -0.0155
vn -0.9985 -0.0533 0.0127
vn -0.9996 -0.0104 -0.0271
vn -0.9962 -0.0801 0.0345
vn -0.9991 -0.0433 0.0044
vn -0.7236 -0.5346 0.4365
vn -0.9996 -0.0183 -0.0217
vn -0.8295 0.5343 -0.1625
vn -0.9660 -0.1990 0.1648
vn -0.9996 -0.0169 -0.0228
vn -0.9996 -0.0280 -0.0097
vn -0.9452 -0.3143 -0.0885
vn -0.8921 -0.4495 -0.0463
vn -0.6394 0.7545 -0.1478
vn -0.9992 -0.0332 -0.0225
vn -0.7438 -0.4809 0.4642
vn -0.9981 -0.0617 0.0001
vn -0.9918 -0.1178 0.0492
vn -0.9995 -0.0040 -0.0326
vn -0.9920 0.1261 0.0107
vn -0.8147 -0.5705 0.1039
vn -0.8044 -0.5901 0.0691
vn 0.0090 -0.9968 -0.0798
vn 0.7532 -0.6480 0.1133
vn 0.0113 -0.9246 0.3807
vn 0.6893 -0.7208 0.0734
vn -0.3000 -0.9365 0.1816
vn -0.2326 -0.9638 0.1300
vn -0.2686 -0.9583 0.0980
vn 0.1939 -0.9781 0.0752
vn 0.1530 -0.9795 0.1311
vn 0.2222 -0.9488 0.2246
vn 0.9517 -0.2987 0.0718
vn -0.9942 0.0862 0.0645
vn -0.9845 0.1747 0.0178
vn 0.1200 0.7589 -0.6400
vn 0.9907 -0.1361 -0.0054
vn -0.0306 -0.6254 0.7797
vn 0.9883 -0.1435 -0.0510
vn -0.9755 0.1972 -0.0977
vn 0.9694 -0.1933 0.1511
vn -0.9896 -0.0142 0.1433
vn 0.9776 -0.1982 -0.0716
vn 0.9802 -0.1971 0.0164
vn 0.9824 -0.1291 -0.1349
vn -0.9873 0.1127 0.1119
vn -0.9778 0.2057 0.0408
vn 0.0689 0.5989 -0.7979
vn 0.9762 -0.2040 -0.0734
vn -0.0696 -0.9110 0.4066
vn 0.9830 -0.1678 -0.0749
vn -0.9764 -0.0839 0.1988
vn -0.9672 0.2536 -0.0120
vn 0.9874 -0.1095 -0.1139
vn -0.9869 0.1513 0.0558
vn 0.9869 -0.1509 -0.0571
vn 0.8606 -0.5078 0.0388
vn -0.9814 0.1654 0.0978
vn -0.9685 0.2486 0.0106
vn 0.1182 0.5618 -0.8188
vn 0.9594 -0.2759 -0.0579
vn -0.1961 -0.9386 0.2838
vn 0.9783 -0.1964 -0.0664
vn 0.9748 -0.2099 -0.0759
vn 0.8843 -0.4653 -0.0374
vn -0.9750 0.2101 0.0726
vn -0.9658 0.2521 -0.0604
vn -0.9764 -0.0891 0.1966
vn -0.2031 -0.9546 -0.2180
vn -0.9916 -0.1251 0.0323
vn -0.9960 0.0672 -0.0593
vn -0.0713 -0.1159 -0.9907
vn 0.8677 -0.4946 -0.0496
vn -0.1820 -0.9745 0.1309
vn 0.9183 -0.3715 -0.1367
vn -0.9792 -0.1211 0.1628
vn -0.9251 0.3547 -0.1354
vn 0.9732 -0.1199 -0.1960
vn -0.9816 0.1882 0.0314
vn 0.9672 -0.2483 -0.0534
vn -0.9982 0.0595 -0.0028
vn -0.9650 0.2559 -0.0566
vn 0.9612 -0.2165 0.1709
vn -0.9852 -0.0015 0.1714
vn 0.9890 -0.1141 -0.0936
vn 0.9921 -0.1247 -0.0130
vn 0.9916 -0.1248 0.0324
vn 0.9897 -0.1418 -0.0200
vn -0.9954 0.0924 0.0253
vn 0.1431 0.6653 -0.7327
vn -0.9863 0.1635 -0.0224
vn -0.0534 -0.4625 0.8850
vn -0.9946 0.1033 0.0055
vn -0.9918 0.1232 0.0339
vn -0.9947 0.0970 -0.0328
vn -0.9551 0.1871 0.2297
vn -0.9778 0.0363 -0.2062
vn -0.7586 0.3182 0.5686
vn -0.9961 0.0871 -0.0121
vn -0.9941 0.1058 0.0242
vn -0.9868 0.1382 0.0841
vn -0.7355 -0.1206 -0.6667
vn -0.9936 0.0755 -0.0837
vn -0.9999 0.0093 -0.0127
vn -0.9967 0.0361 -0.0724
vn -0.9984 0.0428 -0.0367
vn -0.9472 0.2972 0.1205
vn -0.9978 0.0612 -0.0240
vn -0.9998 0.0091 -0.0189
vn -0.6322 0.6466 0.4268
vn -0.9521 -0.1808 -0.2467
vn -0.9998 0.0161 -0.0107
vn -0.9991 0.0422 0.0099
vn -0.9997 0.0095 -0.0242
vn -0.9999 0.0105 -0.0117
vn -0.9945 -0.0968 -0.0405
vn -0.9998 0.0044 -0.0170
vn -0.9610 0.2161 0.1727
vn -0.9999 0.0124 -0.0104
vn -0.9997 -0.0144 -0.0221
vn -0.9984 0.0517 0.0225
vn -0.9999 0.0123 -0.0102
vn -0.8525 -0.4955 -0.1664
vn -0.6759 0.5361 0.5057
vn -0.9999 0.0065 -0.0151
vn -0.9998 -0.0083 -0.0197
vn -0.9905 0.1321 0.0395
vn -0.9900 -0.1318 0.0502
vn -0.9997 -0.0137 -0.0188
vn -0.9931 -0.0164 -0.1163
vn -0.9894 -0.0289 -0.1420
vn -0.9996 0.0034 -0.0264
vn -0.9995 -0.0250 -0.0215
vn -0.9994 -0.0224 -0.0250
vn -0.7579 -0.5588 0.3368
vn -0.9993 0.0362 -0.0134
vn -0.9993 -0.0264 -0.0251
vn -0.7725 0.5659 0.2881
vn -0.6210 0.7612 0.1871
vn -0.6356 0.7431 0.2094
vn -0.4867 -0.7656 0.4206
vn -0.5062 -0.7796 0.3688
vn -0.7950 0.5515 0.2527
vn -0.8067 0.5432 0.2328
vn -0.9007 -0.2514 0.3544
vn -0.9108 -0.2844 0.2992
vn -0.7942 -0.4875 0.3627
vn -0.8081 -0.5062 0.3014
vn -0.9369 0.0496 0.3462
vn -0.9521 0.0453 0.3023
vn -0.2413 0.9682 0.0657
vn -0.2659 0.9603 0.0842
vn -0.1647 -0.8718 0.4613
vn -0.1889 -0.8871 0.4212
vn -0.2831 -0.8674 0.4093
vn -0.3063 -0.8692 0.3882
vn 0.6476 0.7581 -0.0767
vn -0.4656 0.8700 0.1623
vn -0.1529 0.9876 0.0367
vn -0.2071 0.9770 0.0514
vn -0.1135 -0.8904 0.4408
vn -0.1314 -0.8977 0.4206
vn -0.9087 0.3117 0.2776
vn -0.9105 0.3072 0.2767
vn -0.8731 -0.3832 0.3013
vn -0.8673 -0.4021 0.2935
vn -0.9381 -0.1467 0.3137
vn -0.9380 -0.1615 0.3066
vn -0.6905 0.6919 0.2111
vn -0.7160 0.6662 0.2086
vn -0.6990 -0.6317 0.3352
vn -0.6991 -0.6379 0.3229
vn -0.4352 0.8994 0.0409
vn -0.4354 0.8891 0.1415
vn -0.4737 0.8696 0.1391
vn -0.0825 0.9951 -0.0547
vn -0.3664 0.9134 0.1772
vn -0.4658 0.8695 0.1643
vn -0.3558 0.9325 0.0621
vn -0.4801 0.8643 0.1498
vn -0.5902 0.7902 0.1651
vn -0.5157 0.8327 0.2018
vn -0.1288 0.9903 0.0518
vn -0.3838 0.9091 0.1619
vn -0.5878 0.0980 -0.8031
vn -0.4513 0.8852 0.1129
vn -0.4233 0.8938 0.1484
vn -0.4828 0.8675 0.1198
vn -0.3115 0.9492 -0.0439
vn -0.1556 0.9780 0.1390
vn -0.4425 0.8806 0.1694
vn -0.2264 0.3880 -0.8934
vn 0.2039 0.4854 -0.8502
vn 0.4660 0.7050 -0.5347
vn -0.0243 0.0798 0.9965
vn -0.4613 0.0116 0.8872
vn -0.7639 -0.1533 0.6269
vn -0.9766 -0.1384 0.1648
vn -0.9276 -0.0209 -0.3730
vn -0.4477 0.6113 0.6526
vn 0.0558 0.9817 0.1819
vn -0.0284 0.9075 -0.4190
vn -0.7091 0.6584 0.2523
vn -0.6867 0.7055 -0.1753
vn -0.2322 0.7735 -0.5897
vn -0.1911 0.7122 0.6755
vn -0.0199 0.8800 0.4746
vn 0.0544 0.9901 -0.1292
vn -0.6316 0.6272 0.4557
vn -0.7265 0.6850 0.0541
vn -0.5274 0.7155 -0.4582
vn -0.5584 0.4870 0.6716
vn -0.4450 0.8603 0.2486
vn 0.2784 0.8702 0.4066
vn 0.2998 0.9530 -0.0437
vn 0.2837 0.8513 -0.4414
vn -0.3920 0.9185 -0.0517
vn -0.8013 0.5755 0.1633
vn -0.4331 0.8962 0.0960
vn -0.6605 0.5939 -0.4595
vn -0.4902 0.8663 0.0957
vn -0.4713 0.8818 -0.0188
vn -0.3609 0.8953 0.2612
vn -0.2818 0.8167 -0.5037
vn -0.8120 0.5829 0.0313
vn -0.6706 0.5111 0.5376
vn -0.0313 0.9963 -0.0797
vn -0.0520 0.8937 0.4457
vn -0.4401 0.5461 0.7128
vn -0.5425 0.6948 -0.4721
vn -0.7416 0.6272 -0.2379
vn -0.7896 0.5410 0.2894
vn -0.1086 0.9399 -0.3237
vn -0.0131 0.9841 0.1770
vn -0.1912 0.7105 0.6772
vn -0.4261 0.9042 0.0300
vn -0.4233 0.8212 0.3828
vn -0.5120 0.8542 0.0901
vn -0.2969 0.9508 0.0888
vn -0.5208 0.8365 0.1705
vn -0.3673 0.9218 -0.1239
vn -0.4064 0.9072 0.1090
vn -0.5626 0.7961 0.2229
vn -0.4017 0.8905 0.2135
vn -0.5665 0.8225 0.0508
vn -0.4554 0.8790 -0.1412
vn -0.3374 0.8842 0.3230
vn -0.1245 0.9903 0.0619
vn -0.6064 0.7702 -0.1979
vn -0.4541 0.8508 -0.2646
vn -0.3008 0.9239 -0.2366
vn -0.1815 0.9759 -0.1215
vn -0.4018 0.7778 0.4834
vn -0.5531 0.6982 0.4545
vn -0.6771 0.6532 0.3389
vn -0.7408 0.6533 0.1562
vn -0.7150 0.6977 -0.0447
vn -0.2417 0.7741 -0.5852
vn -0.9271 0.3744 -0.0177
vn -0.6836 0.3777 0.6246
vn 0.1890 0.9655 -0.1793
vn 0.0975 0.8353 0.5411
vn -0.4259 0.4940 0.7580
vn -0.5318 0.6345 -0.5609
vn -0.7928 0.4897 -0.3630
vn -0.8746 0.3331 0.3523
vn 0.0134 0.8914 -0.4531
vn 0.2284 0.9539 0.1949
vn -0.1476 0.6600 0.7367
vn 0.5904 0.6630 0.4603
vn 0.2994 0.4445 0.8443
vn -0.5028 0.8634 0.0423
vn -0.4661 0.8843 0.0282
vn -0.4288 0.9028 0.0322
vn -0.4037 0.9126 0.0652
vn -0.4919 0.8468 0.2024
vn -0.5188 0.8381 0.1685
vn -0.5287 0.8394 0.1262
vn -0.5242 0.8475 0.0830
vn -0.4169 0.8885 0.1918
vn -0.4539 0.8666 0.2072
vn -0.4264 0.9013 -0.0757
vn -0.6092 0.7882 0.0873
vn -0.5527 0.7893 0.2675
vn -0.3089 0.9502 0.0414
vn -0.3346 0.9122 0.2365
vn -0.4798 0.8223 0.3060
vn -0.5061 0.8600 -0.0653
vn -0.5746 0.8184 -0.0065
vn -0.6003 0.7774 0.1879
vn -0.3542 0.9344 -0.0376
vn -0.3009 0.9430 0.1422
vn -0.4013 0.8670 0.2956
vn -0.1523 0.9524 0.2642
vn -0.2560 0.8719 0.4174
vn -0.4716 0.8748 0.1114
vn -0.4534 0.8847 0.1083
vn -0.4600 0.8764 0.1427
vn -0.4628 0.8800 0.1066
vn -0.4748 0.8712 0.1252
vn -0.4482 0.8857 0.1212
vn -0.4622 0.8795 0.1135
vn -0.4630 0.8805 0.1020
vn -0.4705 0.8752 0.1124
vn -0.4544 0.8840 0.1101
vn -0.4558 0.8868 0.0765
vn -0.4876 0.8658 0.1123
vn -0.4854 0.8608 0.1527
vn -0.4375 0.8931 0.1045
vn -0.4333 0.8895 0.1449
vn -0.4694 0.8674 0.1652
vn -0.4729 0.8776 0.0789
vn -0.4859 0.8690 0.0936
vn -0.4896 0.8628 0.1255
vn -0.4413 0.8931 0.0874
vn -0.4332 0.8937 0.1167
vn -0.4471 0.8798 0.1617
vn -0.3930 0.9135 0.1050
vn -0.3956 0.9061 0.1500
vn 0.6491 0.7562 -0.0824
vn -0.6260 0.1783 -0.7592
vn -0.1641 0.2762 -0.9470
vn 0.1546 0.5687 -0.8079
vn 0.4848 0.6751 -0.5560
vn -0.0852 0.2051 0.9750
vn -0.4147 -0.0900 0.9055
vn -0.7816 -0.1092 0.6142
vn -0.9785 -0.1299 0.1603
vn -0.9207 -0.0459 -0.3876
vn 0.6050 0.6438 0.4685
vn 0.3448 0.3628 0.8657
vn 0.2538 0.0778 0.9641
vn 0.6410 0.3267 0.6945
vn -0.7109 -0.1954 -0.6756
vn 0.1018 0.2584 -0.9607
vn -0.9156 -0.3715 -0.1537
vn -0.8224 -0.4042 0.4003
vn -0.1610 -0.1462 0.9761
vn -0.5339 -0.3131 0.7854
vn 0.4715 0.4295 -0.7702
vn -0.3164 0.0411 -0.9477
vn 0.7543 0.5324 -0.3842
vn 0.8436 0.5082 0.1733
vn -0.5169 0.7922 0.3244
vn -0.4679 0.8838 0.0033
vn -0.3009 0.9317 0.2033
vn -0.5170 0.8468 0.1246
vn -0.3160 0.9485 -0.0217
vn -0.5042 0.8295 0.2400
vn -0.5752 0.8068 0.1349
vn -0.4128 0.9077 0.0747
vn -0.5355 0.8431 -0.0487
vn -0.3989 0.9047 0.1494
vn -0.4434 0.8526 0.2764
vn -0.5029 0.8631 0.0464
vn -0.4518 0.8799 0.1468
vn -0.4602 0.8801 0.1170
vn -0.4662 0.8756 0.1267
vn -0.4635 0.8784 0.1169
vn -0.4560 0.8812 0.1251
vn -0.4596 0.8785 0.1304
vn -0.4666 0.8715 0.1507
vn -0.4514 0.8833 0.1263
vn -0.4664 0.8764 0.1203
vn -0.4710 0.8726 0.1291
vn -0.4568 0.8817 0.1184
vn -0.4627 0.8769 0.1303
vn -0.5559 0.4526 0.6972
vn -0.2422 0.5004 0.8312
vn 0.3543 0.8325 0.4259
vn 0.3463 0.9379 -0.0225
vn 0.3572 0.7985 -0.4845
vn 0.0735 0.6685 -0.7401
vn -0.8207 0.5467 0.1659
vn -0.7332 0.5362 0.4182
vn -0.6649 0.5579 -0.4967
vn -0.7915 0.6002 -0.1148
vn -0.3106 0.5689 -0.7615
vn 0.0802 0.6740 0.7343
vn -0.5035 0.5389 -0.6753
vn -0.8254 0.5640 0.0241
vn -0.6684 0.4819 0.5666
vn 0.4084 0.8722 -0.2692
vn 0.2525 0.7444 0.6181
vn -0.0411 0.5308 0.8465
vn -0.0705 0.5469 -0.8342
vn -0.7612 0.5737 -0.3024
vn -0.7927 0.5304 0.3005
vn 0.2541 0.7109 -0.6558
vn 0.4063 0.8917 0.1997
vn -0.4044 0.4429 0.8002
vn -0.2229 0.4612 0.8589
vn 0.4342 0.9000 -0.0386
vn 0.1181 0.6102 -0.7834
vn -0.7451 0.5052 0.4353
vn -0.8106 0.5708 -0.1311
vn -0.2884 0.5215 -0.8030
vn 0.1256 0.6290 0.7672
vn -0.4555 0.8825 0.1171
vn -0.2195 0.9472 0.2339
vn -0.1857 0.9760 -0.1134
vn -0.1595 0.9860 0.0478
vn -0.4897 0.8695 0.0654
vn -0.5549 0.7359 -0.3880
vn -0.7573 0.6502 0.0613
vn -0.6265 0.6600 0.4146
vn 0.3971 0.8923 -0.2147
vn 0.0201 0.8635 0.5040
vn -0.2125 0.7291 0.6506
vn -0.2542 0.7875 -0.5615
vn -0.6876 0.7108 -0.1484
vn -0.7291 0.6388 0.2458
vn 0.0426 0.8712 -0.4890
vn 0.3078 0.9364 0.1685
vn -0.4777 0.6532 0.5876
vn -0.9510 -0.3080 -0.0265
vn -0.8162 -0.5147 0.2625
vn -0.9946 -0.0790 0.0677
vn -0.9868 -0.1616 -0.0107
vn -0.9207 -0.2633 0.2880
vn -0.9779 -0.1484 0.1473
vn -0.9715 -0.2355 -0.0272
vn -0.8742 -0.4838 -0.0427
vn -0.7669 -0.4976 0.4053
vn -0.9928 -0.0614 0.1032
vn -0.9983 -0.0544 0.0195
vn -0.9569 -0.2275 0.1803
vn -0.4121 -0.2930 -0.8628
vn -0.8558 -0.4870 0.1746
vn -0.9839 0.1744 -0.0389
vn -0.4841 -0.2010 -0.8516
vn -0.7849 -0.1415 0.6033
vn -0.8079 -0.0276 0.5886
vn -0.9580 -0.2619 -0.1170
vn -0.9058 -0.4084 -0.1126
vn -0.8512 -0.2850 0.4407
vn -0.9827 -0.0551 0.1768
vn -0.9904 -0.0762 -0.1157
vn -0.9395 -0.1924 0.2832
vn -0.9093 0.0991 0.4043
vn 0.7463 0.0451 -0.6640
vn 0.2083 -0.9507 0.2296
vn 0.0407 0.9842 0.1722
vn 0.8110 -0.0176 -0.5848
vn -0.7401 -0.0574 0.6700
vn -0.8018 0.0593 0.5947
vn -0.5001 0.2281 0.8354
vn 0.5916 0.1242 -0.7966
vn 0.3968 -0.0400 -0.9170
vn 0.6228 -0.0067 -0.7824
vn -0.5657 -0.1265 0.8148
vn -0.9728 0.2241 0.0579
vn 0.9431 -0.1217 -0.3093
vn -0.0419 -0.9740 0.2224
vn 0.4483 0.8883 0.0996
vn 0.9338 -0.3312 -0.1351
vn -0.9433 0.1132 0.3121
vn -0.9165 0.3745 0.1405
vn -0.8750 0.4068 0.2626
vn 0.9636 -0.1513 -0.2204
vn 0.9115 -0.0903 -0.4013
vn 0.8572 -0.0771 -0.5092
vn -0.8337 -0.0712 0.5477
vn 0.0105 0.0786 -0.9968
vn 0.8914 -0.4189 -0.1729
vn -0.3441 -0.6791 -0.6484
vn 0.5670 0.7098 -0.4180
vn 0.9089 -0.4089 -0.0820
vn -0.9465 0.3140 -0.0747
vn -0.7588 0.6318 -0.1583
vn -0.9462 0.3086 0.0974
vn -0.7046 0.7034 -0.0932
vn 0.9153 -0.4026 -0.0143
vn 0.9194 -0.3924 -0.0252
vn 0.9355 -0.2506 -0.2489
vn -0.5617 0.0007 0.8274
vn -0.5736 0.1525 0.8048
vn 0.3477 0.0534 -0.9361
vn 0.6013 0.0490 -0.7975
vn 0.5052 -0.0841 -0.8589
vn -0.5832 -0.1421 0.7998
vn 0.5367 0.0297 -0.8433
vn 0.0208 0.9986 -0.0496
vn -0.5348 -0.0442 0.8438
vn 0.1953 -0.9765 0.0908
vn -0.4807 0.0499 0.8755
vn 0.4791 0.0019 -0.8778
vn -0.9599 0.1006 0.2616
vn -0.9129 0.4080 -0.0082
vn -0.7824 0.6225 0.0184
vn 0.9030 -0.4296 -0.0005
vn 0.9499 -0.2961 -0.1001
vn 0.8931 -0.4166 -0.1699
vn -0.2983 -0.9518 -0.0715
vn 0.8917 -0.4527 0.0023
vn -0.8672 0.4979 -0.0108
vn 0.9528 -0.2859 -0.1025
vn -0.9564 0.2760 0.0953
vn 0.5570 0.8289 -0.0520
vn -0.4338 0.6458 0.6283
vn -0.2410 0.6436 0.7264
vn -0.1201 0.4016 0.9079
vn -0.1347 0.9898 0.0472
vn -0.6264 0.5110 0.5886
vn -0.5498 0.7870 0.2798
vn -0.2792 0.9549 0.1008
vn -0.2672 0.4584 0.8477
vn -0.5498 0.5205 0.6533
vn -0.6142 0.5268 0.5876
vn -0.6939 0.5075 0.5108
vn -0.6330 0.6214 0.4616
vn 0.0910 -0.8589 0.5039
vn -0.0794 0.8598 -0.5044
vn 0.9538 0.2590 -0.1520
vn 0.0390 0.8619 -0.5056
vn -0.1196 0.8563 -0.5024
vn 0.1340 -0.8547 0.5015
vn 0.0553 -0.8612 0.5052
vn 0.9080 -0.3614 0.2120
vn -0.1659 0.9545 -0.2479
vn -0.1007 0.8581 -0.5034
vn -0.2144 0.9757 -0.0452
vn 0.9987 -0.0438 0.0257
vn -0.0365 -0.3291 0.9436
vn 0.3513 -0.8076 0.4738
vn -0.1872 -0.2544 0.9488
vn -0.1143 0.8569 -0.5027
vn -0.2591 0.9503 -0.1729
vn 0.4294 0.7790 -0.4570
vn 0.3279 0.4364 0.8379
vn 0.1315 -0.8550 0.5016
vn -0.3822 -0.1375 0.9138
vn 0.1012 -0.8581 0.5034
vn 0.0156 -0.8256 0.5641
vn -0.0806 0.8729 -0.4812
vn -0.0203 0.8772 -0.4798
vn 0.1212 -0.8302 0.5441
vn 0.8393 -0.4260 0.3378
vn 0.0824 -0.8354 0.5435
vn 0.9034 0.4044 -0.1428
vn -0.1266 0.8681 -0.4800
vn 0.9916 -0.0815 -0.1006
vn 0.6536 -0.4979 0.5700
vn 0.6966 -0.6516 0.3002
vn 0.6503 -0.7206 0.2404
vn 0.5826 -0.7863 0.2057
vn 0.5561 -0.8072 0.1980
vn 0.5232 -0.8418 0.1328
vn 0.5811 -0.8109 0.0691
vn 0.6102 -0.7900 -0.0599
vn 0.6254 -0.7732 -0.1049
vn 0.6536 -0.7381 -0.1674
vn 0.7270 -0.6434 -0.2397
vn 0.7525 -0.6149 -0.2359
vn 0.7977 -0.5596 -0.2248
vn 0.9275 -0.3536 -0.1217
vn 0.9558 -0.2808 -0.0869
vn 0.9744 -0.2086 -0.0834
vn 0.9281 0.3694 -0.0466
vn 0.9873 -0.1025 -0.1217
vn 0.9799 -0.1683 -0.1068
vn 0.8591 0.4852 -0.1631
vn 0.9801 -0.1172 -0.1605
vn 0.9679 -0.2166 -0.1274
vn 0.8027 0.5396 -0.2538
vn 0.9683 -0.1251 -0.2162
vn 0.9479 -0.2610 -0.1824
vn 0.7596 0.5730 -0.3077
vn 0.9514 -0.1207 -0.2832
vn 0.9111 -0.3161 -0.2644
vn 0.7282 0.6001 -0.3309
vn 0.9473 -0.1111 -0.3004
vn 0.9058 -0.3181 -0.2800
vn 0.7208 0.6166 -0.3168
vn 0.9529 -0.1051 -0.2845
vn 0.9087 -0.3153 -0.2737
vn 0.7667 0.6124 -0.1926
vn 0.9657 -0.1079 -0.2363
vn 0.9141 -0.3288 -0.2373
vn 0.7657 0.6314 -0.1226
vn 0.9762 -0.1035 -0.1906
vn 0.9215 -0.3447 -0.1790
vn 0.7656 0.6390 -0.0739
vn 0.9869 -0.0995 -0.1271
vn 0.9277 -0.3549 -0.1161
vn 0.7480 0.6631 0.0280
vn 0.9938 -0.1114 -0.0046
vn 0.9312 -0.3645 0.0032
vn 0.7336 0.6754 0.0752
vn -0.5971 0.0367 -0.8013
vn 0.5906 0.0081 0.8069
vn 0.6937 0.6938 0.1935
vn 0.9737 -0.1329 0.1850
vn 0.8927 -0.4045 0.1986
vn 0.6650 0.6996 0.2614
vn 0.9578 -0.1483 0.2462
vn 0.8737 -0.4200 0.2454
vn 0.6644 0.6873 0.2936
vn 0.9445 -0.1643 0.2846
vn 0.8638 -0.4203 0.2778
vn 0.7046 0.6719 0.2282
vn 0.9385 -0.1675 0.3020
vn 0.8646 -0.4096 0.2908
vn 0.6632 0.6825 0.3071
vn 0.8314 -0.0239 0.5552
vn 0.7879 -0.2386 0.5677
vn 0.9930 0.0817 -0.0853
vn 0.9816 -0.0339 -0.1880
vn 0.9875 -0.0528 -0.1487
vn 0.7035 -0.0147 0.7106
vn 0.7401 0.2138 0.6376
vn 0.5892 0.6224 0.5152
vn 0.6522 -0.2281 0.7229
vn 0.9880 -0.1206 -0.0963
vn 0.9880 -0.0681 -0.1385
vn 0.9728 0.2301 -0.0261
vn 0.9873 -0.1491 -0.0555
vn 0.9868 0.1168 -0.1121
vn 0.9859 0.0354 -0.1637
vn 0.8140 0.3353 0.4743
vn 0.9093 0.2987 0.2897
vn 0.9138 0.2669 0.3060
vn 0.9365 0.2316 0.2634
vn 0.9583 0.2132 0.1904
vn 0.9759 0.2102 0.0584
vn 0.9807 0.1952 0.0052
vn 0.9739 0.1936 -0.1183
vn 0.9665 0.1888 -0.1738
vn 0.9541 0.1874 -0.2337
vn 0.9241 0.2112 -0.3186
vn 0.9192 0.2115 -0.3320
vn 0.9286 0.2033 -0.3104
vn 0.9450 0.2149 -0.2465
vn 0.9608 0.2098 -0.1813
vn 0.9775 0.1844 -0.1022
vn 0.9994 0.0002 -0.0353
vn 0.1377 0.9788 0.1518
vn 0.9998 -0.0119 -0.0163
vn 0.1372 -0.9886 -0.0627
vn 0.5880 -0.7720 0.2412
vn 0.1347 0.9822 0.1311
vn 0.9996 -0.0077 -0.0286
vn 0.1284 -0.9905 -0.0490
vn 0.1306 -0.2506 0.9592
vn 0.1427 0.9873 0.0701
vn 0.1644 0.2059 0.9647
vn 0.1283 -0.9917 -0.0020
vn 0.1689 0.8901 0.4234
vn 0.5957 -0.8030 0.0162
vn 0.1702 0.7327 0.6589
vn -0.0295 -0.9929 0.1148
vn 0.2288 0.9735 0.0012
vn 0.1494 0.6469 0.7478
vn 0.2478 0.9677 -0.0473
vn 0.1291 -0.9775 0.1669
vn 0.1047 -0.6311 0.7686
vn 0.2665 0.9412 -0.2076
vn 0.1467 -0.9788 0.1429
vn 0.2075 0.9360 0.2842
vn 0.3564 0.8960 -0.2649
vn 0.1572 -0.9731 0.1684
vn 0.4084 -0.9115 -0.0488
vn 0.4087 0.8746 -0.2608
vn 0.1431 -0.9272 0.3462
vn 0.3470 -0.9379 -0.0025
vn 0.5344 0.8174 -0.2151
vn 0.0987 -0.7988 0.5934
vn 0.2492 -0.9636 -0.0972
vn 0.6034 0.7252 0.3316
vn 0.5140 0.8525 -0.0955
vn 0.2259 0.9707 0.0816
vn 0.3812 -0.9126 -0.1479
vn 0.4608 -0.8871 0.0282
vn 0.5610 0.8260 0.0545
vn 0.1501 0.9737 0.1712
vn 0.3133 -0.9386 -0.1444
vn 0.5225 0.8270 0.2073
vn 0.1405 0.9715 0.1910
vn 0.8744 -0.3396 -0.3467
vn 0.9986 0.0224 -0.0470
vn 0.9730 -0.0229 -0.2297
vn 0.3940 -0.9038 -0.1671
vn 0.9477 -0.0378 -0.3169
vn 0.3501 0.9122 0.2129
vn 0.9010 0.4270 0.0763
vn 0.4300 -0.8868 -0.1693
vn 0.3807 0.8989 0.2168
vn 0.8573 0.5147 0.0113
vn 0.8303 -0.5569 -0.0200
vn 0.4853 -0.8573 -0.1717
vn 0.4757 0.8678 0.1439
vn 0.7867 0.6060 -0.1177
vn 0.9611 0.2716 0.0502
vn 0.6184 -0.7840 -0.0545
vn 0.2542 -0.7625 0.5949
vn 0.6261 0.7284 -0.2781
vn 0.6709 -0.7409 -0.0309
vn 0.3188 -0.8906 0.3244
vn 0.5599 0.7797 -0.2803
vn 0.7552 -0.6522 -0.0665
vn 0.3081 -0.9347 0.1774
vn 0.5190 0.8049 -0.2876
vn 0.4603 0.8572 0.2309
vn 0.2657 -0.9515 0.1553
vn 0.4868 0.8565 -0.1713
vn 0.2534 -0.5836 0.7715
vn 0.2368 -0.9558 0.1743
vn 0.4588 0.8832 -0.0973
vn 0.2208 -0.9642 0.1470
vn 0.3090 0.6471 0.6969
vn 0.4344 0.8998 -0.0401
vn 0.2231 -0.9680 0.1151
vn 0.4380 0.5856 0.6821
vn 0.3824 0.8409 0.3830
vn 0.2520 -0.9676 -0.0126
vn 0.4204 0.1440 0.8958
vn 0.3792 0.9237 0.0550
vn 0.3445 -0.1837 0.9206
vn 0.2640 -0.9632 -0.0494
vn 0.9455 -0.0355 -0.3237
vn 0.3514 0.9277 0.1263
vn 0.9414 -0.3369 -0.0172
vn 0.2853 -0.9546 -0.0859
vn 0.9307 -0.0065 -0.3658
vn 0.3457 0.9229 0.1693
vn 0.9333 -0.0349 -0.3574
vn 0.5033 0.8216 -0.2679
vn 0.4988 0.8332 -0.2388
vn 0.3368 -0.9306 -0.1431
vn 0.3556 -0.9234 -0.1442
vn 0.1650 -0.9782 -0.1263
vn 0.1761 -0.9791 -0.1020
vn 0.9984 0.0428 -0.0359
vn 0.2123 0.9588 -0.1890
vn 0.9459 0.1884 -0.2642
vn 0.9381 0.1875 -0.2912
vn 0.9130 -0.3178 -0.2558
vn 0.9091 -0.3201 -0.2664
vn 0.9594 -0.1116 -0.2592
vn 0.9539 -0.1126 -0.2783
vn 0.7540 0.6072 -0.2506
vn 0.7440 0.6073 -0.2787
vn 0.7010 -0.6807 -0.2128
vn 0.7154 -0.6632 -0.2200
vn 0.3947 0.9181 0.0366
vn 0.4099 0.9120 0.0128
vn 0.2234 0.9742 0.0317
vn 0.2333 -0.9711 0.0498
vn 0.9810 0.1895 -0.0415
vn 0.9326 -0.3599 -0.0274
vn 0.9933 -0.1079 -0.0417
vn 0.7592 0.6507 -0.0136
vn 0.7633 0.6444 -0.0471
vn 0.2772 0.9547 -0.1083
vn 0.1212 -0.9920 0.0353
vn 0.9918 -0.1026 -0.0756
vn 0.6039 -0.7968 -0.0197
vn 0.9320 -0.3568 -0.0646
vn 0.1530 0.9850 0.0800
vn 0.2040 0.9761 0.0754
vn 0.9782 0.1909 -0.0813
vn 0.7644 0.6013 -0.2326
vn 0.9565 -0.1107 -0.2701
vn 0.2405 -0.9704 0.0229
vn 0.4208 0.9071 -0.0045
vn 0.9463 0.1891 -0.2623
vn 0.1544 -0.9832 -0.0974
vn 0.9121 -0.3193 -0.2572
vn 0.4986 0.8414 -0.2083
vn 0.3167 -0.9402 -0.1256
vn 0.7349 0.4063 0.5430
vn 0.9941 0.1085 0.0050
vn 0.9951 0.0979 0.0154
vn 0.9886 0.1252 0.0832
vn 0.6821 -0.7041 -0.1973
vn 0.7043 0.6730 -0.2257
vn 0.9970 0.0767 -0.0094
vn 0.9979 0.0628 -0.0183
vn 0.3428 0.9045 -0.2536
vn 0.9227 0.1165 -0.3675
vn 0.5638 -0.8196 -0.1019
vn 0.9004 0.1732 -0.3990
vn 0.9365 0.2071 -0.2830
vn 0.9281 -0.2950 -0.2272
vn 0.9591 -0.1252 -0.2540
vn 0.7834 0.5465 -0.2960
vn 0.8717 -0.4613 -0.1653
vn 0.4988 0.8290 -0.2527
vn 0.5077 0.8164 -0.2752
vn 0.3745 -0.9145 -0.1532
vn 0.9990 -0.0347 -0.0281
vn 0.9323 0.1955 -0.3044
vn 0.9118 -0.3167 -0.2612
vn 0.9519 -0.1089 -0.2865
vn 0.7313 0.6131 -0.2988
vn 0.7268 -0.6525 -0.2146
vn 0.3070 0.9402 -0.1476
vn 0.4431 -0.8924 -0.0853
vn 0.6756 -0.6310 0.3812
vn 0.9980 -0.0624 0.0023
vn 0.2839 -0.9501 -0.1294
vn 0.4129 -0.9098 -0.0428
vn 0.3651 0.9261 0.0955
vn 0.2242 -0.9599 0.1683
vn 0.1367 0.9845 0.1103
vn 0.9729 0.2050 0.1070
vn 0.9098 -0.3854 0.1539
vn 0.9854 -0.1244 0.1159
vn 0.7204 0.6831 0.1198
vn 0.5485 -0.8177 0.1748
vn 0.1287 -0.9757 0.1771
vn 0.0139 -0.9891 0.1467
vn 0.1110 -0.9925 0.0519
vn 0.9586 0.0681 -0.2764
vn 0.9406 -0.1290 -0.3141
vn 0.8997 -0.1539 -0.4085
vn 0.9473 -0.0071 -0.3203
vn 0.8429 0.2321 -0.4855
vn 0.9997 -0.0159 -0.0195
vn 0.8384 0.2584 -0.4800
vn 0.8042 0.5448 0.2377
vn 0.8841 0.4610 0.0760
vn 0.9350 0.3236 -0.1453
vn 0.9537 0.2764 -0.1188
vn 0.9995 -0.0260 -0.0157
vn 0.9997 -0.0210 -0.0129
vn 0.9997 -0.0179 -0.0183
vn 0.9996 -0.0193 -0.0200
vn 0.9993 0.0352 -0.0085
vn 0.9996 0.0255 -0.0146
vn 0.9994 0.0188 -0.0291
vn 0.9995 0.0203 -0.0254
vn 0.7835 -0.5512 0.2869
vn 0.8389 -0.5261 0.1399
vn 0.8979 -0.4403 -0.0001
vn 0.9309 -0.3019 -0.2056
vn 0.9996 -0.0213 -0.0176
vn 0.9997 -0.0186 -0.0169
vn 0.9997 -0.0164 -0.0184
vn 0.9997 -0.0164 -0.0205
vn 0.9997 -0.0225 -0.0127
vn 0.9998 -0.0166 -0.0111
vn 0.9997 -0.0120 -0.0206
vn 0.9998 -0.0108 -0.0191
vn 0.9998 0.0040 -0.0198
vn 0.9998 0.0020 -0.0200
vn 0.9998 0.0017 -0.0222
vn 0.9997 0.0026 -0.0232
vn 0.8379 0.5410 -0.0727
vn 0.6543 0.7027 -0.2795
vn 0.7352 0.5611 0.3804
vn 0.8037 0.5915 0.0648
vn 0.6726 0.6382 -0.3746
vn 0.9890 0.1307 -0.0692
vn 0.9945 0.0712 -0.0770
vn 0.7800 -0.0478 -0.6240
vn 0.9890 0.1252 0.0786
vn 0.9950 0.0961 0.0255
vn 0.9966 0.0815 -0.0086
vn 0.7657 0.3249 0.5552
vn 0.4614 0.7664 0.4470
vn 0.7225 0.6906 -0.0335
vn 0.6819 0.7312 0.0197
vn 0.6245 0.7764 0.0852
vn 0.5775 0.3877 -0.7184
vn 0.7555 0.6438 -0.1215
vn 0.5844 0.7787 -0.2283
vn 0.7208 0.6374 -0.2722
vn 0.6263 0.7690 -0.1278
vn 0.6994 0.6061 -0.3788
vn 0.5892 0.7259 0.3548
vn 0.9986 0.0390 -0.0358
vn 0.9999 0.0066 -0.0154
vn 0.6780 0.5482 0.4897
vn 0.8458 -0.5150 -0.1391
vn 0.9999 0.0125 -0.0101
vn 0.9988 0.0466 0.0180
vn 0.9997 -0.0103 -0.0206
vn 0.9403 0.3198 -0.1165
vn 0.8123 0.5757 -0.0938
vn 0.8614 0.4865 -0.1456
vn 0.9456 0.1678 -0.2787
vn 0.4921 0.7666 0.4126
vn 0.9018 0.4126 -0.1290
vn 0.7966 -0.5022 -0.3366
vn 0.6886 -0.7126 0.1342
vn 0.7693 -0.6342 -0.0779
vn 0.7985 -0.5543 -0.2348
vn 0.9942 -0.1021 0.0325
vn 0.9988 -0.0333 -0.0358
vn 0.9996 0.0018 -0.0276
vn 0.9957 -0.0827 0.0416
vn 0.9991 -0.0425 0.0039
vn 0.7457 -0.4810 0.4610
vn 0.9996 -0.0183 -0.0206
vn 0.7330 0.6663 -0.1368
vn 0.9627 -0.1233 -0.2407
vn 0.9445 -0.3218 -0.0654
vn 0.5991 -0.7137 0.3629
vn 0.9105 -0.4099 -0.0545
vn 0.8621 -0.5067 -0.0019
vn 0.9433 -0.3273 -0.0547
vn 0.0395 -0.5021 0.8639
vn 0.9862 0.1657 -0.0051
vn 0.2609 -0.9553 0.1392
vn 0.2296 -0.9655 0.1231
vn 0.0776 -0.9941 0.0753
vn -0.2061 -0.9672 0.1487
vn 0.1145 -0.9735 0.1980
vn -0.1301 -0.9842 0.1198
vn -0.0993 0.7316 -0.6744
vn 0.0375 -0.7922 0.6091
vn -0.1298 0.7130 -0.6891
vn 0.9951 0.0896 0.0416
vn -0.9899 -0.1380 -0.0334
vn -0.9920 -0.1249 0.0180
vn -0.9627 -0.2574 -0.0838
vn -0.9804 -0.1833 -0.0720
vn 0.9920 0.0894 0.0887
vn -0.9857 -0.1542 -0.0672
vn -0.9864 -0.1600 -0.0383
vn 0.9811 0.1900 0.0367
vn -0.1242 0.5796 -0.8054
vn 0.1812 -0.9232 0.3388
vn 0.9738 0.2255 0.0294
vn 0.1397 -0.9506 0.2773
vn -0.0703 0.4978 -0.8644
vn 0.9812 0.1517 0.1190
vn 0.2046 -0.7730 -0.6005
vn 0.1957 -0.9735 -0.1182
vn 0.9891 0.1308 0.0671
vn -0.9725 -0.2206 -0.0744
vn -0.9561 -0.2906 -0.0384
vn 0.9701 0.2425 -0.0056
vn -0.9828 -0.1789 0.0465
vn -0.9734 -0.2291 -0.0026
vn 0.9988 0.0437 0.0237
vn -0.1334 0.5248 -0.8407
vn 0.9961 0.0849 -0.0219
vn 0.0692 -0.5333 0.8431
vn 0.7519 0.3111 0.5813
vn 0.9951 0.0977 -0.0140
vn 0.9933 0.1133 0.0222
vn 0.9848 0.1475 0.0915
vn 0.6965 -0.0989 -0.7107
vn 0.9920 0.0859 -0.0929
vn 0.9998 0.0070 -0.0168
vn 0.6511 0.6181 0.4404
vn 0.9306 -0.2902 -0.2231
vn 0.9999 0.0120 -0.0101
vn 0.9991 0.0402 0.0131
vn 0.9997 0.0040 -0.0228
vn 0.9995 -0.0180 -0.0245
vn 0.9978 0.0592 0.0291
vn 0.9999 0.0122 -0.0102
vn 0.8557 -0.4789 -0.1963
vn 0.6651 0.5411 0.5147
vn 0.9999 0.0065 -0.0150
vn 0.9917 -0.0183 -0.1273
vn 0.9933 -0.0282 -0.1118
vn 0.9901 -0.0282 -0.1372
vn 0.7424 -0.5901 0.3173
vn 0.9969 0.0181 -0.0770
vn 0.9886 -0.0203 -0.1492
vn 0.7450 0.5910 0.3092
vn 0.2696 -0.8526 0.4477
vn 0.2947 -0.8669 0.4019
vn -0.6536 0.7310 0.1961
vn -0.5798 0.7464 -0.3267
vn 0.1522 0.9860 0.0683
vn 0.1755 0.9835 0.0427
vn 0.1055 -0.8760 0.4706
vn 0.1222 -0.8919 0.4355
vn 0.8992 0.3111 0.3076
vn 0.9104 0.3105 0.2735
vn 0.8604 -0.3663 0.3542
vn 0.8711 -0.3936 0.2936
vn 0.9241 -0.1346 0.3576
vn 0.9390 -0.1544 0.3073
vn 0.6817 0.7006 0.2107
vn 0.7067 0.6750 0.2121
vn 0.6857 -0.6182 0.3843
vn 0.7001 -0.6346 0.3272
vn 0.4277 0.8962 0.1182
vn 0.5292 0.8357 0.1468
vn 0.5646 0.8027 0.1923
vn 0.2521 0.9677 0.0061
vn 0.2871 0.9481 0.1366
vn 0.4578 0.8697 0.1843
vn 0.4286 0.2856 -0.8572
vn -0.3211 0.6436 -0.6948
vn 0.6306 -0.0590 0.7738
vn 0.2776 0.1007 0.9554
vn 0.9032 -0.1346 0.4077
vn 0.9897 -0.0914 -0.1099
vn 0.4521 0.8720 0.1879
vn 0.0386 0.9854 0.1660
vn 0.2817 0.9546 -0.0968
vn 0.1516 0.9875 0.0432
vn 0.5060 0.8586 0.0819
vn 0.4470 0.8939 -0.0347
vn 0.4137 0.8696 0.2696
vn 0.2861 0.9224 0.2593
vn -0.3074 0.9293 -0.2047
vn 0.4625 0.8811 0.0982
vn 0.2174 0.9724 0.0844
vn 0.4803 0.8769 0.0190
vn 0.4739 0.8007 0.3665
vn 0.2960 0.9441 0.1449
vn 0.3360 0.9388 -0.0763
vn 0.5718 0.8009 0.1776
vn 0.5548 0.8320 0.0049
vn 0.4084 0.9008 -0.1475
vn 0.3756 0.8512 0.3667
vn 0.3138 0.9122 0.2637
vn 0.3036 0.9522 0.0338
vn 0.5457 0.7926 0.2722
vn 0.5730 0.8142 0.0932
vn 0.5020 0.8586 -0.1035
vn 0.1275 0.9780 0.1651
vn 0.1434 0.9890 -0.0360
vn 0.5327 0.8106 -0.2431
vn 0.2352 0.9534 -0.1892
vn 0.6204 0.6706 0.4068
vn 0.4788 0.7347 0.4806
vn 0.7188 0.6474 0.2536
vn 0.7398 0.6707 0.0539
vn 0.0298 0.4829 -0.8752
vn 0.7995 0.0730 -0.5962
vn -0.4659 0.5627 0.6829
vn -0.1101 0.3216 0.9404
vn 0.3969 0.9140 0.0845
vn 0.4839 0.8745 0.0318
vn 0.4135 0.9093 0.0472
vn 0.5079 0.8408 0.1875
vn 0.4725 0.8565 0.2079
vn 0.5257 0.8378 0.1475
vn 0.5282 0.8426 0.1047
vn 0.4355 0.8770 0.2028
vn 0.3753 0.8890 -0.2623
vn 0.6689 0.7318 -0.1306
vn 0.1966 0.9158 0.3503
vn 0.3262 0.8245 0.4624
vn 0.4543 0.8839 0.1114
vn 0.4478 0.8830 0.1407
vn 0.4722 0.8696 0.1442
vn 0.4739 0.8733 0.1127
vn 0.4509 0.8859 0.1091
vn 0.4703 0.8751 0.1140
vn 0.4706 0.8765 0.1020
vn 0.4556 0.8846 0.1000
vn 0.3922 0.9111 0.1269
vn 0.4482 0.8935 0.0271
vn 0.5165 0.8541 0.0618
vn 0.4033 0.8987 0.1722
vn -0.1667 0.2107 0.9632
vn -0.4958 0.5158 0.6986
vn 0.7797 0.0219 -0.6258
vn -0.0300 0.3784 -0.9252
vn 0.9884 -0.1015 -0.1128
vn 0.8956 -0.1557 0.4167
vn 0.2201 -0.0206 0.9753
vn 0.5992 -0.1322 0.7896
vn -0.3553 0.5881 -0.7265
vn 0.3741 0.1824 -0.9093
vn -0.5869 0.7351 -0.3393
vn -0.6580 0.7269 0.1968
vn 0.4158 0.8741 0.2513
vn 0.4025 0.9066 0.1270
vn 0.4174 0.9071 0.0539
vn 0.5198 0.8419 0.1449
vn 0.5091 0.8579 0.0702
vn 0.4899 0.8715 0.0204
vn 0.4780 0.8354 0.2715
vn 0.3976 0.9001 0.1781
vn 0.4096 0.9076 0.0924
vn 0.5170 0.8316 0.2029
vn 0.5144 0.8508 0.1073
vn 0.4429 0.8965 0.0081
vn 0.5116 0.5769 -0.6368
vn 0.8067 0.5901 0.0300
vn 0.6632 0.5116 0.5463
vn -0.3317 0.9124 -0.2396
vn -0.1959 0.7825 0.5911
vn 0.0690 0.5701 0.8187
vn 0.1009 0.5955 -0.7970
vn 0.7483 0.6026 -0.2775
vn 0.7774 0.5575 0.2913
vn -0.1994 0.7638 -0.6139
vn -0.3286 0.9236 0.1972
vn 0.4141 0.4759 0.7759
vn 0.5024 0.5352 -0.6791
vn 0.8271 0.5615 0.0237
vn 0.6687 0.4790 0.5687
vn -0.4156 0.8678 -0.2723
vn -0.2576 0.7403 0.6210
vn 0.0386 0.5267 0.8492
vn 0.0680 0.5423 -0.8374
vn 0.7623 0.5709 -0.3048
vn 0.7940 0.5278 0.3016
vn -0.2588 0.7054 -0.6598
vn -0.4138 0.8881 0.2001
vn 0.4033 0.4397 0.8025
vn 0.9423 -0.3313 -0.0475
vn 0.7751 -0.6152 0.1441
vn 0.9977 -0.0260 0.0619
vn 0.9903 -0.1384 -0.0095
vn 0.9044 -0.3068 0.2966
vn 0.9808 -0.1411 0.1349
vn 0.9406 -0.3213 -0.1102
vn 0.8528 -0.4124 0.3205
vn 0.9956 -0.0634 0.0688
vn 0.9745 -0.1821 -0.1313
vn 0.9128 -0.2328 0.3356
vn 0.9631 -0.1244 0.2386
vn -0.9336 -0.1813 -0.3091
vn 0.9209 0.2236 0.3193
vn -0.2202 -0.9670 0.1282
vn 0.5982 -0.0708 0.7982
vn -0.0135 0.9964 0.0842
vn -0.6057 0.0582 -0.7936
vn -0.5886 0.7921 -0.1617
vn 0.9451 0.3246 0.0375
vn -0.1076 -0.9521 0.2861
vn 0.8747 0.0173 0.4844
vn -0.2581 0.9560 0.1391
vn -0.8774 -0.0280 -0.4789
vn -0.3045 0.4965 -0.8128
vn 0.1912 -0.3285 -0.9250
vn -0.9368 -0.3419 -0.0737
vn 0.8467 0.5303 -0.0421
vn -0.8815 -0.4722 0.0061
vn 0.3721 -0.8731 -0.3151
vn -0.4470 -0.0239 -0.8942
vn 0.2217 0.9516 -0.2130
vn 0.5773 -0.0457 0.8153
vn 0.0554 -0.9975 -0.0447
vn 0.5339 0.0654 0.8430
vn -0.3603 -0.0487 -0.9316
vn 0.1832 -0.9790 0.0895
vn -0.9101 -0.4122 -0.0433
vn 0.8892 0.4557 0.0421
vn -0.9606 -0.2102 -0.1817
vn 0.9626 0.2022 0.1806
vn -0.5234 0.8518 0.0224
vn 0.1447 0.9707 0.1919
vn 0.6867 0.4435 0.5760
vn 0.3388 0.9029 0.2647
vn 0.6550 0.6364 0.4075
vn 0.6369 0.5966 0.4883
vn 0.1199 0.8563 -0.5024
vn -0.9140 0.3499 -0.2053
vn -0.0884 -0.8591 0.5040
vn -0.8638 -0.4346 0.2549
vn -0.1348 -0.8546 0.5014
vn -0.0063 0.8625 -0.5060
vn 0.0771 0.8600 -0.5045
vn -0.0592 -0.8610 0.5051
vn 0.3541 -0.2099 0.9114
vn 0.1099 0.9623 -0.2487
vn 0.2920 0.9477 -0.1288
vn 0.0802 -0.3013 0.9501
vn -0.0357 0.0761 0.9965
vn 0.0180 -0.3330 0.9428
vn -0.1110 0.8876 0.4471
vn 0.1983 0.9530 -0.2289
vn -0.9916 -0.0815 -0.1006
vn -0.6536 -0.4979 0.5700
vn -0.6966 -0.6516 0.3002
vn -0.6503 -0.7206 0.2404
vn -0.5826 -0.7863 0.2057
vn -0.5561 -0.8072 0.1980
vn -0.5232 -0.8418 0.1328
vn -0.5811 -0.8109 0.0691
vn -0.6102 -0.7900 -0.0599
vn -0.6254 -0.7732 -0.1049
vn -0.6536 -0.7381 -0.1674
vn -0.7270 -0.6434 -0.2397
vn -0.7525 -0.6149 -0.2359
vn -0.7977 -0.5596 -0.2248
vn -0.9275 -0.3536 -0.1217
vn -0.9558 -0.2808 -0.0869
vn -0.9744 -0.2086 -0.0834
vn -0.9281 0.3694 -0.0466
vn -0.9873 -0.1025 -0.1217
vn -0.9799 -0.1683 -0.1068
vn -0.8591 0.4852 -0.1631
vn -0.9801 -0.1172 -0.1605
vn -0.9679 -0.2166 -0.1274
vn -0.8027 0.5396 -0.2538
vn -0.9683 -0.1251 -0.2162
vn -0.9479 -0.2610 -0.1824
vn -0.7596 0.5730 -0.3077
vn -0.9514 -0.1207 -0.2832
vn -0.9111 -0.3161 -0.2644
vn -0.7282 0.6001 -0.3309
vn -0.9473 -0.1111 -0.3004
vn -0.9058 -0.3181 -0.2800
vn -0.7208 0.6166 -0.3168
vn -0.9529 -0.1051 -0.2845
vn -0.9087 -0.3153 -0.2737
vn -0.7667 0.6124 -0.1926
vn -0.9657 -0.1079 -0.2363
vn -0.9141 -0.3288 -0.2373
vn -0.7657 0.6314 -0.1226
vn -0.9762 -0.1035 -0.1906
vn -0.9215 -0.3447 -0.1790
vn -0.7656 0.6390 -0.0739
vn -0.9869 -0.0995 -0.1271
vn -0.9277 -0.3549 -0.1161
vn -0.7480 0.6631 0.0280
vn -0.9938 -0.1114 -0.0046
vn -0.9312 -0.3645 0.0032
vn -0.7336 0.6754 0.0752
vn 0.5971 0.0367 -0.8013
vn -0.5906 0.0081 0.8069
vn -0.6937 0.6938 0.1935
vn -0.9737 -0.1329 0.1850
vn -0.8927 -0.4045 0.1986
vn -0.6650 0.6996 0.2614
vn -0.9578 -0.1483 0.2462
vn -0.8737 -0.4200 0.2454
vn -0.6644 0.6873 0.2936
vn -0.9445 -0.1643 0.2846
vn -0.8638 -0.4203 0.2778
vn -0.7046 0.6719 0.2282
vn -0.9385 -0.1675 0.3020
vn -0.8646 -0.4096 0.2908
vn -0.6632 0.6825 0.3071
vn -0.8314 -0.0239 0.5552
vn -0.7879 -0.2386 0.5677
vn -0.9930 0.0817 -0.0853
vn -0.9816 -0.0339 -0.1880
vn -0.9875 -0.0528 -0.1487
vn -0.7035 -0.0147 0.7106
vn -0.7401 0.2138 0.6376
vn -0.5892 0.6224 0.5152
vn -0.6522 -0.2281 0.7229
vn -0.9880 -0.1206 -0.0963
vn -0.9880 -0.0681 -0.1385
vn -0.9728 0.2301 -0.0261
vn -0.9873 -0.1491 -0.0555
vn -0.9868 0.1168 -0.1121
vn -0.9859 0.0354 -0.1637
vn -0.8140 0.3353 0.4743
vn -0.9093 0.2987 0.2897
vn -0.9138 0.2669 0.3060
vn -0.9365 0.2316 0.2634
vn -0.9583 0.2132 0.1904
vn -0.9759 0.2102 0.0584
vn -0.9807 0.1952 0.0052
vn -0.9739 0.1936 -0.1183
vn -0.9665 0.1888 -0.1738
vn -0.9541 0.1874 -0.2337
vn -0.9241 0.2112 -0.3186
vn -0.9192 0.2115 -0.3320
vn -0.9286 0.2033 -0.3104
vn -0.9450 0.2149 -0.2465
vn -0.9608 0.2098 -0.1813
vn -0.9775 0.1844 -0.1022
vn -0.9994 0.0002 -0.0353
vn -0.1377 0.9788 0.1518
vn -0.9998 -0.0119 -0.0163
vn -0.1372 -0.9886 -0.0627
vn -0.5880 -0.7720 0.2412
vn -0.1347 0.9822 0.1311
vn -0.9996 -0.0077 -0.0286
vn -0.1284 -0.9905 -0.0490
vn -0.1306 -0.2506 0.9592
vn -0.1427 0.9873 0.0701
vn -0.1644 0.2059 0.9647
vn -0.1283 -0.9917 -0.0020
vn -0.1689 0.8901 0.4234
vn -0.5957 -0.8030 0.0162
vn -0.1702 0.7327 0.6589
vn 0.0295 -0.9929 0.1148
vn -0.2288 0.9735 0.0012
vn -0.1494 0.6469 0.7478
vn -0.2478 0.9677 -0.0473
vn -0.1291 -0.9775 0.1669
vn -0.1047 -0.6311 0.7686
vn -0.2665 0.9412 -0.2076
vn -0.1467 -0.9788 0.1429
vn -0.2075 0.9360 0.2842
vn -0.3564 0.8960 -0.2649
vn -0.1572 -0.9731 0.1684
vn -0.4084 -0.9115 -0.0488
vn -0.4087 0.8746 -0.2608
vn -0.1431 -0.9272 0.3462
vn -0.3470 -0.9379 -0.0025
vn -0.5344 0.8174 -0.2151
vn -0.0987 -0.7988 0.5934
vn -0.2492 -0.9636 -0.0972
vn -0.6034 0.7252 0.3316
vn -0.5140 0.8525 -0.0955
vn -0.2259 0.9707 0.0816
vn -0.3812 -0.9126 -0.1479
vn -0.4608 -0.8871 0.0282
vn -0.5610 0.8260 0.0545
vn -0.1501 0.9737 0.1712
vn -0.3133 -0.9386 -0.1444
vn -0.5225 0.8270 0.2073
vn -0.1405 0.9715 0.1910
vn -0.8744 -0.3396 -0.3467
vn -0.9986 0.0224 -0.0470
vn -0.9730 -0.0229 -0.2297
vn -0.3940 -0.9038 -0.1671
vn -0.9477 -0.0378 -0.3169
vn -0.3501 0.9122 0.2129
vn -0.9010 0.4270 0.0763
vn -0.4300 -0.8868 -0.1693
vn -0.3807 0.8989 0.2168
vn -0.8573 0.5147 0.0113
vn -0.8303 -0.5569 -0.0200
vn -0.4853 -0.8573 -0.1717
vn -0.4757 0.8678 0.1439
vn -0.7867 0.6060 -0.1177
vn -0.9611 0.2716 0.0502
vn -0.6184 -0.7840 -0.0545
vn -0.2542 -0.7625 0.5949
vn -0.6261 0.7284 -0.2781
vn -0.6709 -0.7409 -0.0309
vn -0.3188 -0.8906 0.3244
vn -0.5599 0.7797 -0.2803
vn -0.7552 -0.6522 -0.0665
vn -0.3081 -0.9347 0.1774
vn -0.5190 0.8049 -0.2876
vn -0.4603 0.8572 0.2309
vn -0.2657 -0.9515 0.1553
vn -0.4868 0.8565 -0.1713
vn -0.2534 -0.5836 0.7715
vn -0.2368 -0.9558 0.1743
vn -0.4588 0.8832 -0.0973
vn -0.2208 -0.9642 0.1470
vn -0.3090 0.6471 0.6969
vn -0.4344 0.8998 -0.0401
vn -0.2231 -0.9680 0.1151
vn -0.4380 0.5856 0.6821
vn -0.3824 0.8409 0.3830
vn -0.2520 -0.9676 -0.0126
vn -0.4204 0.1440 0.8958
vn -0.3792 0.9237 0.0550
vn -0.3445 -0.1837 0.9206
vn -0.2640 -0.9632 -0.0494
vn -0.9455 -0.0355 -0.3237
vn -0.3514 0.9277 0.1263
vn -0.9414 -0.3369 -0.0172
vn -0.2853 -0.9546 -0.0859
vn -0.9307 -0.0065 -0.3658
vn -0.3457 0.9229 0.1693
vn -0.9333 -0.0349 -0.3574
vn -0.5033 0.8216 -0.2679
vn -0.4988 0.8332 -0.2388
vn -0.3368 -0.9306 -0.1431
vn -0.3556 -0.9234 -0.1442
vn -0.1650 -0.9782 -0.1263
vn -0.1761 -0.9791 -0.1020
vn -0.9984 0.0428 -0.0359
vn -0.2123 0.9588 -0.1890
vn -0.9459 0.1884 -0.2642
vn -0.9381 0.1875 -0.2912
vn -0.9130 -0.3178 -0.2558
vn -0.9091 -0.3201 -0.2664
vn -0.9594 -0.1116 -0.2592
vn -0.9539 -0.1126 -0.2783
vn -0.7540 0.6072 -0.2506
vn -0.7440 0.6073 -0.2787
vn -0.7010 -0.6807 -0.2128
vn -0.7154 -0.6632 -0.2200
vn -0.3947 0.9181 0.0366
vn -0.4099 0.9120 0.0128
vn -0.2234 0.9742 0.0317
vn -0.2333 -0.9711 0.0498
vn -0.9810 0.1895 -0.0415
vn -0.9326 -0.3599 -0.0274
vn -0.9933 -0.1079 -0.0417
vn -0.7592 0.6507 -0.0136
vn -0.7633 0.6444 -0.0471
vn -0.2772 0.9547 -0.1083
vn -0.1212 -0.9920 0.0353
vn -0.9918 -0.1026 -0.0756
vn -0.6039 -0.7968 -0.0197
vn -0.9320 -0.3568 -0.0646
vn -0.1530 0.9850 0.0800
vn -0.2040 0.9761 0.0754
vn -0.9782 0.1909 -0.0813
vn -0.7644 0.6013 -0.2326
vn -0.9565 -0.1107 -0.2701
vn -0.2405 -0.9704 0.0229
vn -0.4208 0.9071 -0.0045
vn -0.9463 0.1891 -0.2623
vn -0.1544 -0.9832 -0.0974
vn -0.9121 -0.3193 -0.2572
vn -0.4986 0.8414 -0.2083
vn -0.3167 -0.9402 -0.1256
vn -0.7349 0.4063 0.5430
vn -0.9941 0.1085 0.0050
vn -0.9951 0.0979 0.0154
vn -0.9886 0.1252 0.0832
vn -0.6821 -0.7041 -0.1973
vn -0.7043 0.6730 -0.2257
vn -0.9970 0.0767 -0.0094
vn -0.9979 0.0628 -0.0183
vn -0.3428 0.9045 -0.2536
vn -0.9227 0.1165 -0.3675
vn -0.5638 -0.8196 -0.1019
vn -0.9004 0.1732 -0.3990
vn -0.9365 0.2071 -0.2830
vn -0.9281 -0.2950 -0.2272
vn -0.9591 -0.1252 -0.2540
vn -0.7834 0.5465 -0.2960
vn -0.8717 -0.4613 -0.1653
vn -0.4988 0.8290 -0.2527
vn -0.5077 0.8164 -0.2752
vn -0.3745 -0.9145 -0.1532
vn -0.9990 -0.0347 -0.0281
vn -0.9323 0.1955 -0.3044
vn -0.9118 -0.3167 -0.2612
vn -0.9519 -0.1089 -0.2865
vn -0.7313 0.6131 -0.2988
vn -0.7268 -0.6525 -0.2146
vn -0.3070 0.9402 -0.1476
vn -0.4431 -0.8924 -0.0853
vn -0.6756 -0.6310 0.3812
vn -0.9980 -0.0624 0.0023
vn -0.2839 -0.9501 -0.1294
vn -0.4129 -0.9098 -0.0428
vn -0.3651 0.9261 0.0955
vn -0.2242 -0.9599 0.1683
vn -0.1368 0.9845 0.1103
vn -0.9729 0.2050 0.1070
vn -0.9098 -0.3854 0.1539
vn -0.9854 -0.1244 0.1159
vn -0.7204 0.6831 0.1198
vn -0.5485 -0.8177 0.1748
vn -0.1287 -0.9757 0.1771
vn -0.0139 -0.9891 0.1467
vn -0.1110 -0.9925 0.0519
vn -0.9586 0.0681 -0.2764
vn -0.9406 -0.1290 -0.3141
vn -0.8997 -0.1539 -0.4085
vn -0.9473 -0.0071 -0.3203
vn -0.8429 0.2321 -0.4855
vn -0.9997 -0.0159 -0.0195
vn -0.8384 0.2584 -0.4800
vn -0.8042 0.5448 0.2377
vn -0.8841 0.4610 0.0760
vn -0.9350 0.3236 -0.1453
vn -0.9537 0.2764 -0.1188
vn -0.9995 -0.0260 -0.0157
vn -0.9997 -0.0210 -0.0129
vn -0.9997 -0.0179 -0.0183
vn -0.9996 -0.0193 -0.0200
vn -0.9993 0.0352 -0.0085
vn -0.9996 0.0255 -0.0146
vn -0.9994 0.0188 -0.0291
vn -0.9995 0.0203 -0.0254
vn -0.7835 -0.5512 0.2868
vn -0.8389 -0.5261 0.1399
vn -0.8979 -0.4403 -0.0001
vn -0.9309 -0.3019 -0.2056
vn -0.9996 -0.0213 -0.0176
vn -0.9997 -0.0186 -0.0169
vn -0.9997 -0.0164 -0.0184
vn -0.9997 -0.0164 -0.0205
vn -0.9997 -0.0225 -0.0127
vn -0.9998 -0.0166 -0.0111
vn -0.9997 -0.0120 -0.0206
vn -0.9998 -0.0108 -0.0191
vn -0.9998 0.0040 -0.0198
vn -0.9998 0.0020 -0.0200
vn -0.9998 0.0017 -0.0222
vn -0.9997 0.0026 -0.0232
vn -0.8379 0.5410 -0.0727
vn -0.6543 0.7027 -0.2795
vn -0.7352 0.5611 0.3804
vn -0.8037 0.5915 0.0648
vn -0.6726 0.6382 -0.3746
vn -0.9890 0.1307 -0.0692
vn -0.9945 0.0712 -0.0770
vn -0.7800 -0.0478 -0.6240
vn -0.9890 0.1252 0.0786
vn -0.9950 0.0961 0.0255
vn -0.9966 0.0815 -0.0086
vn -0.7657 0.3249 0.5552
vn -0.4614 0.7664 0.4470
vn -0.7225 0.6906 -0.0335
vn -0.6819 0.7312 0.0197
vn -0.6245 0.7764 0.0852
vn -0.5775 0.3877 -0.7184
vn -0.7555 0.6438 -0.1215
vn -0.5844 0.7787 -0.2283
vn -0.7208 0.6374 -0.2722
vn -0.6263 0.7690 -0.1278
vn -0.6995 0.6061 -0.3788
vn -0.5892 0.7259 0.3548
vn -0.9986 0.0390 -0.0358
vn -0.9999 0.0066 -0.0154
vn -0.6780 0.5482 0.4897
vn -0.8458 -0.5150 -0.1391
vn -0.9999 0.0124 -0.0101
vn -0.9988 0.0466 0.0180
vn -0.9997 -0.0103 -0.0206
vn -0.9403 0.3198 -0.1165
vn -0.8123 0.5757 -0.0938
vn -0.8614 0.4865 -0.1456
vn -0.9456 0.1678 -0.2787
vn -0.4921 0.7666 0.4126
vn -0.9018 0.4126 -0.1290
vn -0.7966 -0.5022 -0.3366
vn -0.6886 -0.7126 0.1342
vn -0.7693 -0.6342 -0.0779
vn -0.7985 -0.5543 -0.2348
vn -0.9942 -0.1021 0.0325
vn -0.9988 -0.0333 -0.0358
vn -0.9996 0.0018 -0.0276
vn -0.9957 -0.0827 0.0416
vn -0.9991 -0.0425 0.0039
vn -0.7457 -0.4810 0.4610
vn -0.9996 -0.0183 -0.0206
vn -0.7330 0.6663 -0.1368
vn -0.9627 -0.1233 -0.2407
vn -0.9445 -0.3218 -0.0654
vn -0.5991 -0.7137 0.3629
vn -0.9105 -0.4099 -0.0545
vn -0.8621 -0.5067 -0.0019
vn -0.9433 -0.3273 -0.0547
vn -0.0395 -0.5021 0.8639
vn -0.9862 0.1657 -0.0051
vn -0.2609 -0.9553 0.1392
vn -0.2296 -0.9655 0.1231
vn -0.0776 -0.9941 0.0753
vn 0.2061 -0.9672 0.1487
vn -0.1144 -0.9735 0.1980
vn 0.1301 -0.9842 0.1198
vn 0.0993 0.7316 -0.6744
vn -0.0375 -0.7922 0.6091
vn 0.1298 0.7130 -0.6891
vn -0.9951 0.0896 0.0416
vn 0.9899 -0.1380 -0.0334
vn 0.9920 -0.1249 0.0180
vn 0.9627 -0.2574 -0.0838
vn 0.9804 -0.1833 -0.0720
vn -0.9920 0.0894 0.0887
vn 0.9857 -0.1542 -0.0672
vn 0.9864 -0.1600 -0.0383
vn -0.9811 0.1900 0.0367
vn 0.1242 0.5796 -0.8054
vn -0.1813 -0.9232 0.3388
vn -0.9738 0.2255 0.0294
vn -0.1398 -0.9506 0.2773
vn 0.0703 0.4978 -0.8644
vn -0.9812 0.1517 0.1190
vn -0.2046 -0.7730 -0.6005
vn -0.1957 -0.9735 -0.1182
vn -0.9891 0.1308 0.0671
vn 0.9725 -0.2206 -0.0744
vn 0.9561 -0.2906 -0.0384
vn -0.9701 0.2425 -0.0056
vn 0.9828 -0.1789 0.0465
vn 0.9734 -0.2291 -0.0026
vn -0.9988 0.0437 0.0237
vn 0.1334 0.5248 -0.8407
vn -0.9961 0.0849 -0.0219
vn -0.0692 -0.5333 0.8431
vn -0.7519 0.3111 0.5813
vn -0.9951 0.0977 -0.0140
vn -0.9933 0.1133 0.0222
vn -0.9848 0.1475 0.0915
vn -0.6965 -0.0989 -0.7107
vn -0.9920 0.0859 -0.0929
vn -0.9998 0.0070 -0.0168
vn -0.6511 0.6181 0.4404
vn -0.9306 -0.2902 -0.2231
vn -0.9999 0.0120 -0.0101
vn -0.9991 0.0402 0.0131
vn -0.9997 0.0040 -0.0228
vn -0.9995 -0.0180 -0.0245
vn -0.9978 0.0592 0.0291
vn -0.9999 0.0122 -0.0102
vn -0.8557 -0.4789 -0.1963
vn -0.6651 0.5411 0.5147
vn -0.9999 0.0065 -0.0150
vn -0.9917 -0.0183 -0.1273
vn -0.9933 -0.0282 -0.1118
vn -0.9901 -0.0282 -0.1372
vn -0.7424 -0.5901 0.3173
vn -0.9969 0.0181 -0.0770
vn -0.9886 -0.0203 -0.1492
vn -0.7450 0.5910 0.3092
vn -0.2696 -0.8526 0.4477
vn -0.2947 -0.8669 0.4019
vn 0.6536 0.7310 0.1961
vn 0.5798 0.7464 -0.3267
vn -0.1522 0.9860 0.0683
vn -0.1755 0.9835 0.0427
vn -0.1055 -0.8760 0.4706
vn -0.1222 -0.8919 0.4355
vn -0.8992 0.3111 0.3076
vn -0.9104 0.3105 0.2735
vn -0.8604 -0.3663 0.3542
vn -0.8711 -0.3936 0.2936
vn -0.9241 -0.1346 0.3576
vn -0.9390 -0.1544 0.3073
vn -0.6817 0.7006 0.2107
vn -0.7067 0.6750 0.2121
vn -0.6857 -0.6182 0.3843
vn -0.7001 -0.6346 0.3272
vn -0.4277 0.8962 0.1182
vn -0.5291 0.8357 0.1468
vn -0.5646 0.8027 0.1923
vn -0.2520 0.9677 0.0061
vn -0.2871 0.9481 0.1366
vn -0.4578 0.8697 0.1843
vn -0.4286 0.2856 -0.8572
vn 0.3211 0.6436 -0.6948
vn -0.6306 -0.0590 0.7738
vn -0.2776 0.1006 0.9554
vn -0.9031 -0.1346 0.4077
vn -0.9897 -0.0914 -0.1099
vn -0.4521 0.8720 0.1879
vn -0.0386 0.9854 0.1660
vn -0.2817 0.9546 -0.0968
vn -0.1516 0.9875 0.0432
vn -0.5060 0.8586 0.0819
vn -0.4469 0.8939 -0.0347
vn -0.4136 0.8696 0.2696
vn -0.2861 0.9224 0.2594
vn 0.3072 0.9294 -0.2047
vn -0.4625 0.8811 0.0982
vn -0.2174 0.9724 0.0844
vn -0.4803 0.8769 0.0190
vn -0.4739 0.8006 0.3667
vn -0.2959 0.9441 0.1449
vn -0.3361 0.9387 -0.0764
vn -0.5718 0.8009 0.1776
vn -0.5548 0.8320 0.0049
vn -0.4084 0.9009 -0.1472
vn -0.3752 0.8512 0.3670
vn -0.3138 0.9121 0.2637
vn -0.3037 0.9522 0.0338
vn -0.5456 0.7926 0.2721
vn -0.5731 0.8142 0.0932
vn -0.5021 0.8586 -0.1035
vn -0.1275 0.9780 0.1651
vn -0.1434 0.9890 -0.0360
vn -0.5327 0.8106 -0.2431
vn -0.2352 0.9534 -0.1892
vn -0.6204 0.6706 0.4068
vn -0.4788 0.7347 0.4806
vn -0.7188 0.6473 0.2536
vn -0.7398 0.6707 0.0539
vn -0.0298 0.4829 -0.8752
vn -0.7995 0.0730 -0.5962
vn 0.4659 0.5627 0.6829
vn 0.1101 0.3216 0.9404
vn -0.3969 0.9140 0.0845
vn -0.4839 0.8745 0.0318
vn -0.4135 0.9093 0.0472
vn -0.5079 0.8408 0.1875
vn -0.4725 0.8565 0.2079
vn -0.5257 0.8378 0.1475
vn -0.5282 0.8426 0.1047
vn -0.4355 0.8770 0.2028
vn -0.3753 0.8890 -0.2623
vn -0.6689 0.7318 -0.1306
vn -0.1966 0.9158 0.3503
vn -0.3262 0.8245 0.4624
vn -0.4543 0.8839 0.1114
vn -0.4478 0.8830 0.1407
vn -0.4722 0.8696 0.1442
vn -0.4739 0.8733 0.1127
vn -0.4509 0.8859 0.1091
vn -0.4703 0.8751 0.1140
vn -0.4706 0.8764 0.1020
vn -0.4556 0.8846 0.1000
vn -0.3922 0.9111 0.1269
vn -0.4482 0.8935 0.0271
vn -0.5165 0.8541 0.0618
vn -0.4033 0.8987 0.1722
vn 0.1668 0.2106 0.9632
vn 0.4959 0.5157 0.6987
vn -0.7797 0.0219 -0.6258
vn 0.0301 0.3783 -0.9252
vn -0.9884 -0.1015 -0.1128
vn -0.8956 -0.1557 0.4166
vn -0.2201 -0.0207 0.9753
vn -0.5992 -0.1323 0.7896
vn 0.3554 0.5881 -0.7266
vn -0.3741 0.1825 -0.9093
vn 0.5869 0.7352 -0.3392
vn 0.6580 0.7269 0.1968
vn -0.4158 0.8741 0.2513
vn -0.4025 0.9066 0.1270
vn -0.4174 0.9071 0.0539
vn -0.5198 0.8419 0.1449
vn -0.5090 0.8579 0.0702
vn -0.4900 0.8715 0.0204
vn -0.4780 0.8353 0.2716
vn -0.3975 0.9001 0.1781
vn -0.4096 0.9076 0.0924
vn -0.5170 0.8316 0.2029
vn -0.5145 0.8508 0.1073
vn -0.4431 0.8964 0.0081
vn -0.5116 0.5769 -0.6367
vn -0.8067 0.5901 0.0300
vn -0.6632 0.5116 0.5463
vn 0.3318 0.9124 -0.2396
vn 0.1958 0.7824 0.5911
vn -0.0692 0.5703 0.8185
vn -0.1008 0.5955 -0.7970
vn -0.7482 0.6026 -0.2775
vn -0.7774 0.5575 0.2913
vn 0.1993 0.7639 -0.6138
vn 0.3285 0.9237 0.1973
vn -0.4141 0.4760 0.7759
vn -0.5025 0.5351 -0.6791
vn -0.8271 0.5615 0.0237
vn -0.6687 0.4789 0.5688
vn 0.4156 0.8678 -0.2723
vn 0.2576 0.7403 0.6209
vn -0.0388 0.5268 0.8491
vn -0.0680 0.5424 -0.8374
vn -0.7623 0.5709 -0.3048
vn -0.7940 0.5278 0.3016
vn 0.2588 0.7053 -0.6599
vn 0.4137 0.8881 0.2001
vn -0.4033 0.4397 0.8025
vn -0.9423 -0.3313 -0.0475
vn -0.7751 -0.6152 0.1441
vn -0.9977 -0.0260 0.0619
vn -0.9903 -0.1384 -0.0095
vn -0.9044 -0.3068 0.2966
vn -0.9808 -0.1411 0.1349
vn -0.9406 -0.3213 -0.1102
vn -0.8528 -0.4124 0.3205
vn -0.9956 -0.0634 0.0688
vn -0.9745 -0.1821 -0.1313
vn -0.9128 -0.2328 0.3356
vn -0.9631 -0.1244 0.2386
vn 0.9336 -0.1813 -0.3091
vn -0.9209 0.2236 0.3193
vn 0.2202 -0.9670 0.1282
vn -0.5982 -0.0708 0.7982
vn 0.0135 0.9964 0.0842
vn 0.6057 0.0582 -0.7936
vn 0.5886 0.7921 -0.1617
vn -0.9451 0.3246 0.0375
vn 0.1076 -0.9521 0.2861
vn -0.8747 0.0173 0.4844
vn 0.2581 0.9560 0.1391
vn 0.8774 -0.0280 -0.4789
vn 0.3045 0.4965 -0.8128
vn -0.1912 -0.3285 -0.9250
vn 0.9368 -0.3419 -0.0737
vn -0.8468 0.5303 -0.0421
vn 0.8815 -0.4722 0.0061
vn -0.3721 -0.8731 -0.3151
vn 0.4470 -0.0239 -0.8942
vn -0.2217 0.9516 -0.2130
vn -0.5773 -0.0457 0.8153
vn -0.0554 -0.9975 -0.0447
vn -0.5339 0.0654 0.8430
vn 0.3603 -0.0487 -0.9316
vn -0.1832 -0.9790 0.0896
vn 0.9101 -0.4122 -0.0433
vn -0.8892 0.4557 0.0421
vn 0.9606 -0.2102 -0.1817
vn -0.9626 0.2022 0.1806
vn 0.5234 0.8518 0.0224
vn -0.1447 0.9707 0.1919
vn -0.6867 0.4435 0.5760
vn -0.3388 0.9029 0.2647
vn -0.6550 0.6364 0.4075
vn -0.6369 0.5966 0.4883
vn -0.1199 0.8563 -0.5024
vn 0.9140 0.3499 -0.2053
vn 0.0884 -0.8591 0.5040
vn 0.8638 -0.4346 0.2550
vn 0.1348 -0.8546 0.5014
vn 0.0063 0.8625 -0.5060
vn -0.0771 0.8600 -0.5045
vn 0.0592 -0.8610 0.5051
vn -0.3541 -0.2099 0.9114
vn -0.1099 0.9623 -0.2487
vn -0.2920 0.9477 -0.1288
vn -0.0802 -0.3013 0.9501
vn 0.0357 0.0761 0.9965
vn -0.0180 -0.3330 0.9428
vn 0.1109 0.8876 0.4471
vn -0.1983 0.9530 -0.2289
vt 0.148126 0.138733
vt 0.139589 0.136772
vt 0.140028 0.127092
vt 0.148366 0.128675
vt 0.132955 0.134455
vt 0.133393 0.125109
vt 0.134195 0.120266
vt 0.139773 0.120396
vt 0.148296 0.121253
vt 0.171000 0.788529
vt 0.164731 0.788326
vt 0.159657 0.777473
vt 0.166440 0.777485
vt 0.158450 0.789055
vt 0.152596 0.778437
vt 0.147507 0.768779
vt 0.155226 0.767980
vt 0.162592 0.768227
vt 0.154535 0.739979
vt 0.144755 0.740469
vt 0.142356 0.733291
vt 0.152683 0.732571
vt 0.135426 0.741767
vt 0.132720 0.734751
vt 0.129631 0.724333
vt 0.139684 0.722681
vt 0.150605 0.721735
vt 0.136606 0.706282
vt 0.148193 0.705158
vt 0.125976 0.708098
vt 0.122126 0.688172
vt 0.133656 0.686260
vt 0.146047 0.685037
vt 0.131301 0.665514
vt 0.144666 0.664285
vt 0.118553 0.667435
vt 0.115167 0.646773
vt 0.129230 0.644880
vt 0.143606 0.643685
vt 0.127104 0.625018
vt 0.142367 0.623867
vt 0.111877 0.626885
vt 0.109050 0.609816
vt 0.125252 0.608036
vt 0.141211 0.606994
vt 0.139842 0.584191
vt 0.122677 0.584670
vt 0.121296 0.572856
vt 0.134876 0.573412
vt 0.105399 0.585888
vt 0.104000 0.573594
vt 0.102496 0.558601
vt 0.120408 0.558403
vt 0.138377 0.560325
vt 0.119051 0.540931
vt 0.136903 0.541505
vt 0.100823 0.540770
vt 0.099651 0.523902
vt 0.117952 0.524465
vt 0.136064 0.525228
vt 0.135659 0.490069
vt 0.117577 0.490233
vt 0.117705 0.483157
vt 0.135667 0.482645
vt 0.100017 0.490135
vt 0.100484 0.483360
vt 0.101218 0.473794
vt 0.117935 0.473721
vt 0.135717 0.473328
vt 0.118428 0.460691
vt 0.135965 0.461011
vt 0.102408 0.460029
vt 0.103977 0.445022
vt 0.119157 0.446715
vt 0.136370 0.448025
vt 0.119937 0.434699
vt 0.136886 0.436921
vt 0.105358 0.432015
vt 0.106676 0.421271
vt 0.120775 0.424664
vt 0.137441 0.427455
vt 0.140719 0.361743
vt 0.126659 0.361152
vt 0.127295 0.354511
vt 0.141095 0.354548
vt 0.115417 0.360366
vt 0.116295 0.354283
vt 0.117635 0.345576
vt 0.128246 0.345712
vt 0.141644 0.345670
vt 0.129749 0.332898
vt 0.142482 0.333434
vt 0.119795 0.332214
vt 0.122645 0.315085
vt 0.131736 0.316387
vt 0.143555 0.317649
vt 0.133945 0.297290
vt 0.144722 0.298840
vt 0.125828 0.295846
vt 0.128758 0.276341
vt 0.135977 0.277548
vt 0.145792 0.278975
vt 0.147113 0.246416
vt 0.138322 0.245694
vt 0.138696 0.237430
vt 0.147330 0.237948
vt 0.132081 0.245133
vt 0.132588 0.237027
vt 0.132784 0.228251
vt 0.138878 0.228575
vt 0.147432 0.228969
vt 0.138938 0.213516
vt 0.147438 0.213776
vt 0.132751 0.213254
vt 0.132665 0.195283
vt 0.138962 0.195586
vt 0.147402 0.195816
vt 0.139281 0.179167
vt 0.147615 0.179619
vt 0.132967 0.178585
vt 0.133265 0.162965
vt 0.139591 0.164087
vt 0.147904 0.165030
vt 0.212907 0.193775
vt 0.206703 0.194479
vt 0.206478 0.176803
vt 0.212655 0.175801
vt 0.199695 0.195132
vt 0.199454 0.177746
vt 0.200135 0.162180
vt 0.207286 0.160651
vt 0.213576 0.158931
vt 0.184042 0.196008
vt 0.175908 0.196093
vt 0.175537 0.179664
vt 0.183837 0.179297
vt 0.167034 0.196039
vt 0.166599 0.179809
vt 0.166750 0.165476
vt 0.175833 0.165183
vt 0.184347 0.164549
vt 0.157181 0.195954
vt 0.157031 0.179817
vt 0.157227 0.165473
vt 0.217498 0.228541
vt 0.210957 0.229472
vt 0.208556 0.213562
vt 0.214891 0.212820
vt 0.203639 0.230242
vt 0.201439 0.214208
vt 0.187020 0.230757
vt 0.178610 0.230591
vt 0.177208 0.214686
vt 0.185400 0.214775
vt 0.169204 0.230184
vt 0.168131 0.214439
vt 0.158202 0.229568
vt 0.157719 0.214106
vt 0.221523 0.246532
vt 0.214370 0.247733
vt 0.212626 0.238855
vt 0.219397 0.237783
vt 0.206495 0.248677
vt 0.205089 0.239719
vt 0.188962 0.249269
vt 0.180065 0.249039
vt 0.179410 0.240054
vt 0.188028 0.240255
vt 0.170093 0.248426
vt 0.169748 0.239545
vt 0.158427 0.247434
vt 0.158391 0.238741
vt 0.240300 0.317298
vt 0.229754 0.319397
vt 0.225788 0.301044
vt 0.235524 0.299013
vt 0.218956 0.320934
vt 0.215620 0.302544
vt 0.212146 0.282548
vt 0.221485 0.281262
vt 0.230272 0.279549
vt 0.197029 0.321348
vt 0.185714 0.320740
vt 0.184028 0.302763
vt 0.194763 0.303233
vt 0.172949 0.319846
vt 0.172010 0.301818
vt 0.171211 0.282085
vt 0.182465 0.282980
vt 0.192542 0.283325
vt 0.158098 0.318799
vt 0.158167 0.300427
vt 0.158273 0.280617
vt 0.246527 0.345076
vt 0.235148 0.346393
vt 0.232919 0.334585
vt 0.243999 0.332839
vt 0.224039 0.347343
vt 0.221846 0.335862
vt 0.201022 0.347051
vt 0.188887 0.346351
vt 0.187444 0.335174
vt 0.199220 0.335874
vt 0.174858 0.345756
vt 0.173985 0.334422
vt 0.158131 0.345576
vt 0.158105 0.333872
vt 0.249208 0.361609
vt 0.237462 0.362944
vt 0.236527 0.355286
vt 0.248080 0.354104
vt 0.226313 0.363780
vt 0.225433 0.356092
vt 0.202797 0.363636
vt 0.190175 0.363157
vt 0.189748 0.355185
vt 0.202170 0.355777
vt 0.175507 0.362629
vt 0.175318 0.354682
vt 0.157986 0.362174
vt 0.158074 0.354509
vt 0.256368 0.445543
vt 0.242694 0.447250
vt 0.242716 0.435992
vt 0.256188 0.433197
vt 0.230255 0.448330
vt 0.230238 0.437835
vt 0.230146 0.428261
vt 0.242587 0.425866
vt 0.255818 0.422288
vt 0.204610 0.449269
vt 0.191210 0.449342
vt 0.191516 0.439523
vt 0.204714 0.439416
vt 0.175439 0.449162
vt 0.175907 0.439165
vt 0.176243 0.430118
vt 0.191708 0.430511
vt 0.204751 0.430339
vt 0.156054 0.448768
vt 0.156541 0.438329
vt 0.156984 0.429169
vt 0.256168 0.470743
vt 0.242171 0.470857
vt 0.242502 0.459341
vt 0.256363 0.458604
vt 0.229700 0.470971
vt 0.230053 0.459817
vt 0.203908 0.471255
vt 0.190449 0.471482
vt 0.190821 0.460528
vt 0.204301 0.460367
vt 0.174703 0.471890
vt 0.175013 0.460677
vt 0.155416 0.472596
vt 0.155649 0.460902
vt 0.255548 0.489271
vt 0.241458 0.489253
vt 0.241816 0.480596
vt 0.255869 0.480670
vt 0.229004 0.489236
vt 0.229347 0.480578
vt 0.203335 0.488992
vt 0.189975 0.488981
vt 0.190182 0.480682
vt 0.203590 0.480546
vt 0.174385 0.489174
vt 0.174524 0.481076
vt 0.155303 0.489619
vt 0.155344 0.481829
vt 0.250784 0.563365
vt 0.237104 0.562382
vt 0.238498 0.544746
vt 0.252384 0.545411
vt 0.225300 0.561744
vt 0.226439 0.544308
vt 0.227293 0.527501
vt 0.239533 0.527720
vt 0.253559 0.528055
vt 0.199773 0.561941
vt 0.187179 0.557954
vt 0.188825 0.542908
vt 0.201716 0.543647
vt 0.173316 0.557171
vt 0.173932 0.542298
vt 0.174049 0.526547
vt 0.189319 0.526938
vt 0.202373 0.527171
vt 0.156493 0.557189
vt 0.155798 0.541789
vt 0.155374 0.525956
vt 0.248016 0.588491
vt 0.234679 0.587053
vt 0.235800 0.576285
vt 0.249265 0.577512
vt 0.223261 0.586202
vt 0.224212 0.575515
vt 0.952150 0.702518
vt 0.944876 0.702543
vt 0.943291 0.694368
vt 0.951025 0.693677
vt 0.940440 0.702918
vt 0.938579 0.694987
vt 0.936007 0.685336
vt 0.941162 0.683918
vt 0.949788 0.681978
vt 0.881949 0.481083
vt 0.877859 0.480598
vt 0.880269 0.472010
vt 0.884563 0.472906
vt 0.870693 0.480109
vt 0.872737 0.470727
vt 0.875381 0.458561
vt 0.883656 0.461273
vt 0.888269 0.463079
vt 0.239760 0.647763
vt 0.227764 0.645216
vt 0.230376 0.625355
vt 0.242854 0.627537
vt 0.217416 0.643712
vt 0.219655 0.624106
vt 0.221225 0.607652
vt 0.232283 0.608709
vt 0.245138 0.610567
vt 0.196890 0.642582
vt 0.186182 0.642515
vt 0.187122 0.622933
vt 0.198285 0.623063
vt 0.173830 0.642675
vt 0.174192 0.623012
vt 0.174381 0.606430
vt 0.187762 0.606461
vt 0.199245 0.606662
vt 0.158968 0.643028
vt 0.158556 0.623288
vt 0.158095 0.606569
vt 0.231896 0.690912
vt 0.220819 0.687680
vt 0.224562 0.666173
vt 0.236081 0.669076
vt 0.211035 0.685557
vt 0.214523 0.664378
vt 0.192928 0.684111
vt 0.183634 0.684119
vt 0.184980 0.663142
vt 0.195068 0.663146
vt 0.172789 0.684287
vt 0.173299 0.663337
vt 0.159640 0.684501
vt 0.159201 0.663654
vt 0.223399 0.732657
vt 0.213050 0.726940
vt 0.216707 0.709007
vt 0.227395 0.712657
vt 0.203816 0.723992
vt 0.207164 0.706478
vt 0.188694 0.721769
vt 0.181093 0.721546
vt 0.182263 0.704560
vt 0.190637 0.704640
vt 0.172269 0.721482
vt 0.172463 0.704631
vt 0.161805 0.721447
vt 0.160629 0.704720
vt 0.216844 0.748751
vt 0.209627 0.746273
vt 0.210756 0.738392
vt 0.218474 0.741904
vt 0.201204 0.743689
vt 0.202007 0.735606
vt 0.187245 0.741104
vt 0.180145 0.740634
vt 0.180431 0.732804
vt 0.187650 0.733158
vt 0.172328 0.740323
vt 0.172232 0.732613
vt 0.163792 0.740028
vt 0.162845 0.732447
vt 0.210936 0.792866
vt 0.204153 0.790420
vt 0.204843 0.783290
vt 0.212522 0.785639
vt 0.198437 0.788865
vt 0.197975 0.781188
vt 0.198070 0.773834
vt 0.205595 0.776230
vt 0.213830 0.778989
vt 0.190568 0.790463
vt 0.185491 0.789208
vt 0.182039 0.778584
vt 0.187427 0.779146
vt 0.180888 0.788966
vt 0.176735 0.778125
vt 0.173779 0.769402
vt 0.179849 0.770097
vt 0.186054 0.770933
vt 0.176265 0.788786
vt 0.171856 0.777753
vt 0.168415 0.768767
vt 0.215655 0.128028
vt 0.208606 0.132234
vt 0.208538 0.121855
vt 0.215862 0.116852
vt 0.201078 0.135247
vt 0.200868 0.125166
vt 0.200886 0.117260
vt 0.209255 0.113475
vt 0.215392 0.110449
vt 0.185184 0.138689
vt 0.176696 0.139506
vt 0.176897 0.129742
vt 0.185266 0.128853
vt 0.167576 0.139852
vt 0.167796 0.130034
vt 0.167774 0.122686
vt 0.176871 0.122378
vt 0.185173 0.121399
vt 0.157784 0.139698
vt 0.157968 0.129708
vt 0.157976 0.122198
vt 0.183830 0.815095
vt 0.180044 0.814058
vt 0.179963 0.801990
vt 0.184407 0.802405
vt 0.175655 0.812086
vt 0.174868 0.801032
vt 0.189586 0.815738
vt 0.186945 0.815556
vt 0.188388 0.802608
vt 0.191869 0.803554
vt 0.212211 0.801656
vt 0.210349 0.803797
vt 0.208266 0.801074
vt 0.211854 0.798365
vt 0.209231 0.806264
vt 0.206698 0.804374
vt 0.204967 0.803261
vt 0.206633 0.798721
vt 0.170862 0.809063
vt 0.169157 0.799623
vt 0.166781 0.806197
vt 0.163770 0.799195
vt 0.157507 0.151898
vt 0.167159 0.151946
vt 0.148012 0.151163
vt 0.176300 0.151593
vt 0.184871 0.150832
vt 0.208193 0.145473
vt 0.214798 0.142597
vt 0.200830 0.147805
vt 0.139541 0.149559
vt 0.133096 0.147720
vt 0.192431 0.163515
vt 0.193024 0.149582
vt 0.193270 0.137325
vt 0.193156 0.127390
vt 0.192928 0.119815
vt 0.194035 0.788164
vt 0.192459 0.779793
vt 0.191856 0.772093
vt 0.193922 0.742008
vt 0.194506 0.733955
vt 0.195945 0.722449
vt 0.198687 0.705148
vt 0.201920 0.684485
vt 0.204846 0.663478
vt 0.207267 0.642928
vt 0.209096 0.623420
vt 0.210357 0.607038
vt 0.211851 0.585536
vt 0.212722 0.574909
vt 0.199026 0.584376
vt 0.201936 0.574277
vt 0.213373 0.561329
vt 0.214298 0.543978
vt 0.215004 0.527340
vt 0.216353 0.489119
vt 0.216655 0.480543
vt 0.216997 0.471097
vt 0.217376 0.460141
vt 0.217613 0.448957
vt 0.217598 0.438902
vt 0.217539 0.429657
vt 0.214830 0.363930
vt 0.214044 0.356179
vt 0.212709 0.347490
vt 0.210649 0.336214
vt 0.208071 0.321510
vt 0.205270 0.303222
vt 0.202444 0.283208
vt 0.197870 0.249170
vt 0.196709 0.240169
vt 0.195479 0.230663
vt 0.193560 0.214623
vt 0.192013 0.195674
vt 0.191815 0.178622
vt 0.725523 0.741939
vt 0.727767 0.755973
vt 0.715783 0.757785
vt 0.714372 0.744604
vt 0.729567 0.767996
vt 0.717245 0.769152
vt 0.708014 0.769711
vt 0.706937 0.759046
vt 0.706443 0.746710
vt 0.279198 0.617205
vt 0.297247 0.621182
vt 0.292783 0.639424
vt 0.275561 0.635001
vt 0.314997 0.625570
vt 0.309652 0.644296
vt 0.302354 0.666055
vt 0.286668 0.660790
vt 0.270586 0.655984
vt 0.729286 0.805389
vt 0.727052 0.813172
vt 0.718185 0.808705
vt 0.718576 0.802323
vt 0.724933 0.818407
vt 0.717358 0.812808
vt 0.712487 0.808735
vt 0.711473 0.804999
vt 0.710333 0.799336
vt 0.078784 0.441378
vt 0.068252 0.439654
vt 0.071666 0.423729
vt 0.081794 0.426490
vt 0.058542 0.437947
vt 0.062063 0.421361
vt 0.065218 0.408093
vt 0.074479 0.410887
vt 0.084158 0.414356
vt 0.125456 0.131019
vt 0.122906 0.129911
vt 0.121453 0.118831
vt 0.124289 0.120166
vt 0.120834 0.129531
vt 0.119402 0.118541
vt 0.118519 0.111374
vt 0.120575 0.111617
vt 0.125149 0.113015
vt 0.283426 0.593784
vt 0.302244 0.597058
vt 0.300081 0.607939
vt 0.281581 0.604338
vt 0.320750 0.600515
vt 0.318399 0.611863
vt 0.730588 0.777622
vt 0.717223 0.777967
vt 0.730889 0.786464
vt 0.716943 0.785822
vt 0.705826 0.784648
vt 0.706816 0.777706
vt 0.071801 0.473578
vt 0.061327 0.473800
vt 0.064462 0.457796
vt 0.075090 0.458380
vt 0.052934 0.473476
vt 0.055253 0.456873
vt 0.171871 0.823102
vt 0.169452 0.826939
vt 0.163921 0.822751
vt 0.166897 0.818970
vt 0.166888 0.830578
vt 0.160907 0.826443
vt 0.153515 0.820727
vt 0.157237 0.816856
vt 0.161050 0.813037
vt 0.290423 0.529363
vt 0.309722 0.530412
vt 0.308388 0.549538
vt 0.289101 0.547887
vt 0.328733 0.531805
vt 0.327410 0.551307
vt 0.325313 0.571730
vt 0.306381 0.569338
vt 0.287207 0.567009
vt 0.179391 0.827322
vt 0.177193 0.831478
vt 0.173813 0.829709
vt 0.176020 0.825742
vt 0.174840 0.835380
vt 0.171430 0.833442
vt 0.068179 0.489709
vt 0.058261 0.489789
vt 0.059416 0.483747
vt 0.069609 0.483403
vt 0.051330 0.489670
vt 0.051833 0.483650
vt 0.224964 0.796399
vt 0.231083 0.799356
vt 0.228610 0.804396
vt 0.222897 0.801520
vt 0.236868 0.802455
vt 0.234085 0.807283
vt 0.231749 0.811509
vt 0.226529 0.808801
vt 0.221114 0.805985
vt 0.117519 0.512546
vt 0.135699 0.513478
vt 0.099324 0.511697
vt 0.099432 0.503165
vt 0.117451 0.504022
vt 0.135609 0.504860
vt 0.184727 0.828853
vt 0.182387 0.833560
vt 0.179861 0.832643
vt 0.182113 0.828272
vt 0.179921 0.837876
vt 0.177473 0.836742
vt 0.052593 0.562124
vt 0.050840 0.535838
vt 0.053649 0.538104
vt 0.055038 0.561867
vt 0.050423 0.508147
vt 0.054320 0.518625
vt 0.056178 0.524792
vt 0.055812 0.541222
vt 0.056953 0.561643
vt 0.288651 0.440545
vt 0.302795 0.438218
vt 0.305367 0.457231
vt 0.290251 0.457029
vt 0.312527 0.436561
vt 0.315877 0.457629
vt 0.318057 0.475741
vt 0.306953 0.473745
vt 0.291067 0.471645
vt 0.224918 0.812078
vt 0.219636 0.809348
vt 0.229995 0.814666
vt 0.228855 0.816726
vt 0.223826 0.814177
vt 0.218580 0.811491
vt 0.284902 0.411813
vt 0.296968 0.406050
vt 0.299773 0.420428
vt 0.286783 0.424928
vt 0.305125 0.401643
vt 0.308639 0.417038
vt 0.088762 0.652191
vt 0.078847 0.654595
vt 0.073123 0.634069
vt 0.083093 0.632070
vt 0.070593 0.656696
vt 0.065251 0.635440
vt 0.059758 0.610468
vt 0.068598 0.615629
vt 0.078319 0.614564
vt 0.149440 0.808886
vt 0.154252 0.804953
vt 0.144826 0.813007
vt 0.135607 0.803623
vt 0.141144 0.799289
vt 0.146872 0.795251
vt 0.280633 0.382647
vt 0.293340 0.378200
vt 0.293541 0.383774
vt 0.281545 0.388487
vt 0.306550 0.373648
vt 0.302046 0.379873
vt 0.301586 0.385241
vt 0.293881 0.389461
vt 0.282357 0.394707
vt 0.100537 0.693346
vt 0.091079 0.695897
vt 0.084892 0.675313
vt 0.094639 0.672793
vt 0.082406 0.698369
vt 0.076324 0.677634
vt 0.229373 0.785380
vt 0.236400 0.788800
vt 0.233704 0.794227
vt 0.227134 0.791086
vt 0.242938 0.792317
vt 0.239837 0.797535
vt 0.258701 0.313208
vt 0.265624 0.311612
vt 0.273511 0.329569
vt 0.264918 0.330089
vt 0.270181 0.310386
vt 0.279389 0.329249
vt 0.286630 0.344572
vt 0.279645 0.344060
vt 0.269632 0.343605
vt 0.111641 0.729328
vt 0.102971 0.732100
vt 0.097327 0.715744
vt 0.106397 0.713122
vt 0.094597 0.734970
vt 0.088743 0.718377
vt 0.125483 0.194503
vt 0.122507 0.194059
vt 0.123333 0.176414
vt 0.126072 0.177232
vt 0.119804 0.193762
vt 0.120905 0.175944
vt 0.121672 0.159171
vt 0.123919 0.159763
vt 0.126527 0.160906
vt 0.244659 0.275897
vt 0.249488 0.274384
vt 0.257455 0.292928
vt 0.251764 0.294747
vt 0.252462 0.273214
vt 0.261059 0.291521
vt 0.118811 0.747187
vt 0.110694 0.750424
vt 0.107256 0.742876
vt 0.115608 0.739892
vt 0.102789 0.753863
vt 0.099120 0.746042
vt 0.124831 0.227460
vt 0.121333 0.227344
vt 0.121847 0.212322
vt 0.125155 0.212593
vt 0.117432 0.229580
vt 0.118757 0.212259
vt 0.228195 0.226757
vt 0.232434 0.226120
vt 0.234354 0.234875
vt 0.230387 0.235763
vt 0.237117 0.227731
vt 0.237122 0.234319
vt 0.239231 0.242305
vt 0.236868 0.243205
vt 0.233030 0.244209
vt 0.133236 0.789008
vt 0.139627 0.784880
vt 0.127004 0.793371
vt 0.119864 0.783580
vt 0.126616 0.779285
vt 0.133490 0.775155
vt 0.095011 0.368275
vt 0.086539 0.366197
vt 0.088750 0.361633
vt 0.096521 0.363070
vt 0.077983 0.363035
vt 0.083015 0.360425
vt 0.085588 0.356984
vt 0.090708 0.357644
vt 0.097940 0.358472
vt 0.225791 0.091043
vt 0.230326 0.085332
vt 0.230773 0.097565
vt 0.227719 0.101446
vt 0.232280 0.084324
vt 0.232795 0.096690
vt 0.231838 0.114546
vt 0.229702 0.115212
vt 0.226667 0.117876
vt 0.222657 0.192407
vt 0.226210 0.191861
vt 0.229023 0.210789
vt 0.225108 0.211396
vt 0.228854 0.191493
vt 0.232191 0.210368
vt 0.234128 0.771210
vt 0.242169 0.775947
vt 0.239208 0.782664
vt 0.231710 0.778940
vt 0.249653 0.779955
vt 0.246224 0.786413
vt 0.110120 0.312633
vt 0.105624 0.311609
vt 0.111228 0.292394
vt 0.114944 0.293356
vt 0.102620 0.310760
vt 0.108794 0.291618
vt 0.113957 0.273019
vt 0.115998 0.273631
vt 0.119180 0.274355
vt 0.123825 0.143938
vt 0.126349 0.145093
vt 0.121690 0.143413
vt 0.222901 0.155389
vt 0.226052 0.154254
vt 0.225319 0.173051
vt 0.222022 0.173768
vt 0.228340 0.153898
vt 0.227719 0.172757
vt 0.258006 0.699876
vt 0.271224 0.704888
vt 0.262736 0.726200
vt 0.250981 0.721534
vt 0.284002 0.710285
vt 0.274035 0.731228
vt 0.265653 0.748249
vt 0.255591 0.743777
vt 0.244137 0.740941
vt 0.101652 0.344784
vt 0.095314 0.344310
vt 0.099945 0.329833
vt 0.105410 0.330605
vt 0.090925 0.343745
vt 0.096212 0.329102
vt 0.227740 0.134757
vt 0.224661 0.136499
vt 0.229956 0.134283
vt 0.279378 0.682834
vt 0.264657 0.677816
vt 0.293670 0.688296
vt 0.723959 0.820639
vt 0.716685 0.814379
vt 0.723709 0.821126
vt 0.716419 0.814752
vt 0.710574 0.808752
vt 0.711035 0.808641
vt 0.721504 0.716212
vt 0.723254 0.727397
vt 0.714551 0.731366
vt 0.715281 0.721535
vt 0.709247 0.734649
vt 0.712214 0.726535
vt 0.201582 0.111110
vt 0.211827 0.105603
vt 0.202320 0.106850
vt 0.214515 0.099096
vt 0.220059 0.102600
vt 0.106119 0.359429
vt 0.107249 0.353850
vt 0.099382 0.353333
vt 0.109025 0.345237
vt 0.184976 0.116173
vt 0.192798 0.114432
vt 0.184754 0.112842
vt 0.192731 0.110957
vt 0.254424 0.651499
vt 0.249781 0.673101
vt 0.244555 0.695111
vt 0.221896 0.122707
vt 0.220342 0.139361
vt 0.218769 0.157068
vt 0.111941 0.331427
vt 0.115697 0.313815
vt 0.239038 0.716727
vt 0.234438 0.734103
vt 0.217819 0.174742
vt 0.218225 0.193065
vt 0.129348 0.161954
vt 0.129133 0.146288
vt 0.128547 0.132515
vt 0.119730 0.294525
vt 0.123377 0.275273
vt 0.217311 0.763899
vt 0.225415 0.768970
vt 0.223699 0.775416
vt 0.215351 0.771903
vt 0.221825 0.782060
vt 0.220407 0.212095
vt 0.223257 0.227640
vt 0.222518 0.109243
vt 0.127552 0.244570
vt 0.128196 0.236573
vt 0.123922 0.244060
vt 0.124530 0.236124
vt 0.128492 0.227867
vt 0.152632 0.791540
vt 0.146043 0.781070
vt 0.140396 0.771343
vt 0.227835 0.245329
vt 0.232260 0.259487
vt 0.225285 0.260987
vt 0.237992 0.258076
vt 0.238128 0.277684
vt 0.128589 0.212936
vt 0.128620 0.194921
vt 0.126984 0.744112
vt 0.124026 0.737039
vt 0.120476 0.726633
vt 0.244320 0.296839
vt 0.250096 0.315155
vt 0.129005 0.177963
vt 0.115985 0.710472
vt 0.111025 0.690650
vt 0.254840 0.331227
vt 0.258252 0.344001
vt 0.220064 0.788156
vt 0.218414 0.793822
vt 0.106111 0.670007
vt 0.101285 0.649381
vt 0.254599 0.404981
vt 0.268611 0.400192
vt 0.269499 0.407975
vt 0.255266 0.413089
vt 0.283415 0.402062
vt 0.270465 0.417470
vt 0.164641 0.809310
vt 0.159063 0.801340
vt 0.096553 0.629439
vt 0.092549 0.612180
vt 0.271461 0.429392
vt 0.272326 0.443170
vt 0.086962 0.587885
vt 0.085368 0.575124
vt 0.070325 0.590284
vt 0.070370 0.576563
vt 0.068843 0.560634
vt 0.083716 0.559583
vt 0.215781 0.803263
vt 0.214412 0.806511
vt 0.213411 0.808741
vt 0.272895 0.457640
vt 0.273135 0.470782
vt 0.082008 0.541109
vt 0.067113 0.541670
vt 0.064285 0.522724
vt 0.080859 0.523581
vt 0.186883 0.823453
vt 0.184275 0.823314
vt 0.181504 0.822648
vt 0.217023 0.798990
vt 0.082814 0.489877
vt 0.083870 0.483338
vt 0.085471 0.473640
vt 0.178143 0.821280
vt 0.174152 0.818833
vt 0.271014 0.528594
vt 0.269749 0.546471
vt 0.267988 0.564939
vt 0.169640 0.814920
vt 0.087875 0.459180
vt 0.090625 0.443202
vt 0.130501 0.117113
vt 0.137700 0.115858
vt 0.135185 0.112827
vt 0.146746 0.113516
vt 0.147595 0.116403
vt 0.264720 0.590811
vt 0.263148 0.601028
vt 0.246705 0.598408
vt 0.261209 0.613522
vt 0.128308 0.122572
vt 0.092873 0.429267
vt 0.094728 0.417832
vt 0.157770 0.117220
vt 0.157487 0.114222
vt 0.167236 0.114508
vt 0.167538 0.117653
vt 0.258334 0.630892
vt 0.176643 0.117241
vt 0.176345 0.113998
vt 0.261818 0.360125
vt 0.263235 0.367079
vt 0.250329 0.369217
vt 0.274235 0.358781
vt 0.275970 0.364675
vt 0.277723 0.370654
vt 0.264587 0.373951
vt 0.251395 0.376655
vt 0.265792 0.380425
vt 0.252287 0.383433
vt 0.279326 0.376694
vt 0.266843 0.386736
vt 0.253082 0.390104
vt 0.109394 0.403782
vt 0.098197 0.400176
vt 0.099753 0.392063
vt 0.110556 0.395163
vt 0.088199 0.396546
vt 0.090029 0.388938
vt 0.091770 0.381608
vt 0.101211 0.384197
vt 0.111634 0.386762
vt 0.102604 0.376871
vt 0.112711 0.379163
vt 0.093425 0.374569
vt 0.103892 0.370310
vt 0.113721 0.372356
vt 0.078933 0.393024
vt 0.080873 0.385907
vt 0.070050 0.390116
vt 0.072080 0.383212
vt 0.074067 0.376632
vt 0.082750 0.379077
vt 0.084612 0.372294
vt 0.076067 0.369973
vt 0.818656 0.297100
vt 0.818244 0.279537
vt 0.821627 0.278257
vt 0.822244 0.295432
vt 0.819423 0.264211
vt 0.822854 0.263551
vt 0.824830 0.265660
vt 0.824289 0.277438
vt 0.825127 0.294100
vt 0.289822 0.366917
vt 0.291921 0.372443
vt 0.301735 0.361728
vt 0.303986 0.367663
vt 0.229893 0.410445
vt 0.217583 0.411573
vt 0.217216 0.402640
vt 0.229386 0.401804
vt 0.204853 0.412038
vt 0.204592 0.402891
vt 0.204165 0.394463
vt 0.216667 0.394389
vt 0.228724 0.393788
vt 0.216136 0.387196
vt 0.228116 0.386721
vt 0.203734 0.387158
vt 0.203382 0.379962
vt 0.215691 0.380074
vt 0.227556 0.379685
vt 0.176257 0.411765
vt 0.157426 0.411187
vt 0.157574 0.401638
vt 0.176178 0.402317
vt 0.138532 0.409865
vt 0.138959 0.400383
vt 0.139350 0.391218
vt 0.157711 0.392575
vt 0.176080 0.393515
vt 0.157816 0.384801
vt 0.175931 0.385949
vt 0.139746 0.383311
vt 0.140112 0.376113
vt 0.157883 0.377543
vt 0.175767 0.378689
vt 0.191694 0.412062
vt 0.191496 0.402754
vt 0.191213 0.394161
vt 0.190894 0.386746
vt 0.190611 0.379504
vt 0.241877 0.408355
vt 0.241241 0.400120
vt 0.253859 0.397303
vt 0.240527 0.392427
vt 0.239856 0.385517
vt 0.239161 0.378574
vt 0.122629 0.407233
vt 0.123386 0.398105
vt 0.124083 0.389208
vt 0.124807 0.381381
vt 0.125497 0.374345
vt 0.254737 0.506308
vt 0.272237 0.506280
vt 0.271750 0.515702
vt 0.254241 0.515557
vt 0.291494 0.506444
vt 0.291173 0.516001
vt 0.272818 0.489520
vt 0.272588 0.497776
vt 0.255174 0.497728
vt 0.291329 0.490421
vt 0.291455 0.498213
vt 0.307616 0.484730
vt 0.291278 0.482270
vt 0.319077 0.487207
vt 0.320092 0.494421
vt 0.308154 0.492249
vt 0.081002 0.511087
vt 0.065877 0.510575
vt 0.066507 0.502020
vt 0.081519 0.502473
vt 0.215411 0.515376
vt 0.227808 0.515418
vt 0.202661 0.515312
vt 0.202864 0.506292
vt 0.215722 0.506355
vt 0.228213 0.506379
vt 0.155171 0.514279
vt 0.174053 0.514860
vt 0.155127 0.505504
vt 0.174083 0.505940
vt 0.189486 0.515179
vt 0.189596 0.506182
vt 0.240139 0.515477
vt 0.240600 0.506362
vt 0.241047 0.497786
vt 0.228619 0.497802
vt 0.294967 0.396239
vt 0.302677 0.391693
vt 0.057190 0.502438
vt 0.057488 0.495367
vt 0.067197 0.495411
vt 0.050955 0.495533
vt 0.189768 0.497509
vt 0.203090 0.497597
vt 0.174214 0.497455
vt 0.117493 0.496889
vt 0.135632 0.497279
vt 0.099683 0.496348
vt 0.155203 0.497421
vt 0.310397 0.516659
vt 0.329434 0.517994
vt 0.310406 0.506982
vt 0.330127 0.507361
vt 0.309184 0.499263
vt 0.322343 0.500874
vt 0.216039 0.497719
vt 0.242317 0.416808
vt 0.230090 0.419226
vt 0.191767 0.421389
vt 0.204851 0.421248
vt 0.176324 0.421068
vt 0.082081 0.495803
vt 0.273027 0.481032
vt 0.217611 0.420604
vt 0.076855 0.400990
vt 0.086261 0.404698
vt 0.067840 0.398028
vt 0.157259 0.420306
vt 0.138012 0.418723
vt 0.267755 0.393236
vt 0.096508 0.408467
vt 0.108063 0.412205
vt 0.880005 0.732944
vt 0.880371 0.734925
vt 0.873194 0.739325
vt 0.872895 0.737787
vt 0.879884 0.739078
vt 0.872085 0.743300
vt 0.865422 0.747805
vt 0.864814 0.746371
vt 0.864249 0.745496
vt 0.874142 0.776575
vt 0.871960 0.789313
vt 0.862651 0.788996
vt 0.864603 0.777884
vt 0.869179 0.802109
vt 0.860284 0.800532
vt 0.853491 0.799015
vt 0.855075 0.788852
vt 0.856442 0.779189
vt 0.876806 0.754478
vt 0.875550 0.764843
vt 0.864919 0.768665
vt 0.865674 0.760043
vt 0.855454 0.772115
vt 0.855597 0.764928
vt 0.878456 0.745720
vt 0.868778 0.750854
vt 0.860121 0.755324
vt 0.121720 0.415846
vt 0.225368 0.236746
vt 0.822599 0.360473
vt 0.822064 0.355679
vt 0.826263 0.352041
vt 0.827232 0.356133
vt 0.821840 0.347363
vt 0.825837 0.344234
vt 0.828933 0.341899
vt 0.829348 0.349444
vt 0.829667 0.353053
vt 0.822172 0.335475
vt 0.826617 0.332331
vt 0.822016 0.322620
vt 0.826848 0.319555
vt 0.830782 0.317125
vt 0.830173 0.329888
vt 0.290381 0.353114
vt 0.283017 0.352735
vt 0.292478 0.357224
vt 0.285009 0.357809
vt 0.272436 0.352529
vt 0.820734 0.257244
vt 0.824280 0.257026
vt 0.821136 0.255861
vt 0.824822 0.255821
vt 0.826687 0.261380
vt 0.825999 0.262199
vt 0.126044 0.257798
vt 0.130895 0.258576
vt 0.122241 0.257130
vt 0.736610 0.273660
vt 0.736580 0.275042
vt 0.731061 0.270801
vt 0.730869 0.269588
vt 0.737491 0.281526
vt 0.731622 0.276971
vt 0.728355 0.278054
vt 0.727677 0.274784
vt 0.727194 0.273980
vt 0.199832 0.264060
vt 0.208913 0.263483
vt 0.190505 0.264187
vt 0.158385 0.261880
vt 0.170571 0.263153
vt 0.146625 0.260509
vt 0.181095 0.263915
vt 0.217423 0.262401
vt 0.137479 0.259433
vt 0.242160 0.256884
vt 0.244689 0.255914
vt 0.260363 0.353049
vt 0.105057 0.364617
vt 0.114602 0.366167
vt 0.738553 0.313846
vt 0.737668 0.330014
vt 0.728505 0.324467
vt 0.730174 0.308820
vt 0.736876 0.343673
vt 0.727362 0.337279
vt 0.720484 0.333041
vt 0.721881 0.320849
vt 0.724219 0.305841
vt 0.215310 0.372094
vt 0.226980 0.371824
vt 0.203127 0.371901
vt 0.157927 0.369912
vt 0.175632 0.370768
vt 0.140419 0.368897
vt 0.190407 0.371448
vt 0.238348 0.370854
vt 0.126096 0.367631
vt 0.287232 0.362235
vt 0.295288 0.360234
vt 0.119370 0.256623
vt 0.117553 0.256130
vt 0.119229 0.243214
vt 0.121074 0.243668
vt 0.736519 0.379680
vt 0.736329 0.382587
vt 0.729221 0.375051
vt 0.729185 0.372313
vt 0.735824 0.383632
vt 0.728712 0.375876
vt 0.723309 0.367714
vt 0.724006 0.367312
vt 0.724871 0.366858
vt 0.736492 0.355221
vt 0.727002 0.347779
vt 0.736451 0.365144
vt 0.727416 0.357076
vt 0.720945 0.351793
vt 0.720143 0.342914
vt 0.092525 0.352862
vt 0.087734 0.352347
vt 0.121371 0.235806
vt 0.119086 0.235698
vt 0.266262 0.579503
vt 0.285285 0.582096
vt 0.089447 0.599157
vt 0.107015 0.596949
vt 0.074608 0.601477
vt 0.304259 0.584958
vt 0.322997 0.587939
vt 0.211190 0.595243
vt 0.222337 0.595857
vt 0.199719 0.594819
vt 0.157711 0.594653
vt 0.174333 0.594680
vt 0.140337 0.594652
vt 0.157764 0.586763
vt 0.173903 0.586832
vt 0.187951 0.594743
vt 0.187019 0.586534
vt 0.233589 0.596782
vt 0.123886 0.595400
vt 0.066136 0.602444
vt 0.061302 0.597434
vt 0.061692 0.590612
vt 0.064634 0.594391
vt 0.059116 0.579190
vt 0.057675 0.582822
vt 0.055452 0.585743
vt 0.058146 0.518397
vt 0.057721 0.511044
vt 0.701056 0.784114
vt 0.702366 0.777566
vt 0.700230 0.784054
vt 0.701579 0.777532
vt 0.703350 0.769920
vt 0.704075 0.769900
vt 0.706816 0.798059
vt 0.703394 0.791206
vt 0.707697 0.792151
vt 0.706155 0.797940
vt 0.702632 0.791123
vt 0.708597 0.803597
vt 0.708014 0.803484
vt 0.703158 0.759540
vt 0.702446 0.759614
vt 0.702387 0.747692
vt 0.703060 0.747585
vt 0.707174 0.735718
vt 0.706663 0.735764
vt 0.711945 0.725145
vt 0.712204 0.725468
vt 0.730542 0.796021
vt 0.717762 0.794254
vt 0.720378 0.710633
vt 0.720641 0.711455
vt 0.715485 0.717568
vt 0.715295 0.716913
vt 0.811925 0.703202
vt 0.811969 0.704853
vt 0.804573 0.701613
vt 0.804494 0.700037
vt 0.814042 0.710105
vt 0.806300 0.707051
vt 0.793954 0.703417
vt 0.792371 0.697617
vt 0.792208 0.696115
vt 0.776121 0.694324
vt 0.775790 0.692871
vt 0.778077 0.700617
vt 0.763307 0.700188
vt 0.761059 0.693625
vt 0.760566 0.692243
vt 0.751428 0.696763
vt 0.750911 0.695515
vt 0.753315 0.703083
vt 0.744316 0.707586
vt 0.742925 0.701797
vt 0.742509 0.700688
vt 0.731261 0.706544
vt 0.730928 0.705583
vt 0.732500 0.711812
vt 0.829538 0.767711
vt 0.829771 0.775982
vt 0.821808 0.778109
vt 0.821144 0.769616
vt 0.829783 0.785381
vt 0.822338 0.787874
vt 0.810730 0.792026
vt 0.810174 0.781590
vt 0.809445 0.772481
vt 0.796311 0.786248
vt 0.796315 0.776020
vt 0.795845 0.797651
vt 0.779841 0.802825
vt 0.781708 0.790605
vt 0.782643 0.779383
vt 0.767634 0.793297
vt 0.769040 0.781839
vt 0.764783 0.805703
vt 0.751448 0.806771
vt 0.754600 0.794879
vt 0.756025 0.783776
vt 0.742639 0.796031
vt 0.743737 0.785568
vt 0.740003 0.806799
vt 0.818599 0.721596
vt 0.810094 0.719091
vt 0.823413 0.734796
vt 0.814250 0.733282
vt 0.801466 0.731968
vt 0.797445 0.716401
vt 0.782319 0.714798
vt 0.787265 0.731816
vt 0.773583 0.732849
vt 0.768065 0.715027
vt 0.757165 0.717405
vt 0.761660 0.734819
vt 0.750230 0.737185
vt 0.747024 0.720789
vt 0.734994 0.724000
vt 0.737940 0.739500
vt 0.829463 0.804416
vt 0.829368 0.808417
vt 0.823132 0.812063
vt 0.822958 0.807894
vt 0.829776 0.809932
vt 0.823514 0.813508
vt 0.812153 0.818647
vt 0.811833 0.817286
vt 0.811547 0.812999
vt 0.794873 0.823147
vt 0.794895 0.818917
vt 0.795071 0.824412
vt 0.775119 0.829240
vt 0.775099 0.828108
vt 0.775760 0.824018
vt 0.756043 0.830647
vt 0.757434 0.826692
vt 0.755875 0.831591
vt 0.740460 0.830887
vt 0.740743 0.830129
vt 0.742527 0.826486
vt 0.731019 0.826397
vt 0.732546 0.823416
vt 0.730728 0.827001
vt 0.827907 0.752458
vt 0.828920 0.759939
vt 0.820230 0.761631
vt 0.818955 0.753558
vt 0.808398 0.764022
vt 0.806855 0.755208
vt 0.795549 0.766784
vt 0.793878 0.757281
vt 0.782339 0.769500
vt 0.780762 0.759540
vt 0.769065 0.771848
vt 0.767797 0.761772
vt 0.756076 0.774016
vt 0.754998 0.763988
vt 0.743506 0.776135
vt 0.742296 0.766169
vt 0.829685 0.795881
vt 0.822751 0.798891
vt 0.811192 0.803606
vt 0.795272 0.809565
vt 0.777556 0.814878
vt 0.760813 0.817711
vt 0.746709 0.818102
vt 0.736049 0.816498
vt 0.826367 0.744764
vt 0.817141 0.744636
vt 0.804622 0.744927
vt 0.791175 0.746039
vt 0.777892 0.747757
vt 0.765310 0.749762
vt 0.752990 0.751871
vt 0.740420 0.753969
vt 0.851187 0.773536
vt 0.851091 0.766926
vt 0.852738 0.779751
vt 0.851686 0.779843
vt 0.850115 0.773770
vt 0.849978 0.767036
vt 0.854312 0.807074
vt 0.852268 0.805779
vt 0.850470 0.798392
vt 0.855919 0.812406
vt 0.855349 0.812542
vt 0.854669 0.812825
vt 0.851396 0.805829
vt 0.849502 0.798342
vt 0.856437 0.756724
vt 0.855466 0.756526
vt 0.851661 0.788815
vt 0.850643 0.788768
vt 0.863963 0.821995
vt 0.862959 0.825599
vt 0.858449 0.820052
vt 0.858726 0.817346
vt 0.862609 0.826517
vt 0.857971 0.820686
vt 0.866232 0.813690
vt 0.859092 0.810497
vt 0.885783 0.803267
vt 0.883601 0.813523
vt 0.874871 0.814310
vt 0.877982 0.802905
vt 0.881422 0.820471
vt 0.872099 0.822405
vt 0.880447 0.823990
vt 0.870862 0.826100
vt 0.880413 0.825719
vt 0.870685 0.827373
vt 0.889717 0.734012
vt 0.889577 0.739708
vt 0.885130 0.742126
vt 0.885577 0.736126
vt 0.889113 0.748368
vt 0.884298 0.750750
vt 0.888346 0.761075
vt 0.883119 0.762480
vt 0.887524 0.775893
vt 0.881705 0.776028
vt 0.886893 0.790390
vt 0.880156 0.789818
vt 0.888853 0.727329
vt 0.889493 0.729792
vt 0.885579 0.731964
vt 0.885069 0.729700
vt 0.897338 0.720250
vt 0.901293 0.727151
vt 0.897233 0.725884
vt 0.895665 0.722679
vt 0.901989 0.731620
vt 0.897765 0.730456
vt 0.896042 0.730922
vt 0.895535 0.726502
vt 0.894432 0.723775
vt 0.901789 0.775224
vt 0.901842 0.790893
vt 0.898270 0.791357
vt 0.898060 0.775251
vt 0.901931 0.803329
vt 0.898501 0.804133
vt 0.896233 0.804089
vt 0.896151 0.791249
vt 0.896012 0.775396
vt 0.901866 0.744719
vt 0.901825 0.758587
vt 0.897938 0.758153
vt 0.897832 0.743962
vt 0.896022 0.758647
vt 0.896054 0.744663
vt 0.901997 0.736474
vt 0.897859 0.735518
vt 0.896133 0.736136
vt 0.901858 0.816068
vt 0.901242 0.819938
vt 0.898538 0.821610
vt 0.898718 0.817495
vt 0.899613 0.825994
vt 0.897782 0.824760
vt 0.895059 0.824443
vt 0.895348 0.821837
vt 0.895754 0.818202
vt 0.901997 0.811239
vt 0.898698 0.812344
vt 0.896086 0.812752
vt 0.830942 0.348537
vt 0.830888 0.353240
vt 0.830508 0.340966
vt 0.831597 0.340880
vt 0.832071 0.348417
vt 0.832050 0.353578
vt 0.825699 0.276477
vt 0.826617 0.293488
vt 0.826447 0.276208
vt 0.827458 0.293299
vt 0.831935 0.328893
vt 0.832695 0.316096
vt 0.833714 0.315891
vt 0.832996 0.328815
vt 0.828340 0.306506
vt 0.830084 0.305675
vt 0.831002 0.305391
vt 0.823761 0.363859
vt 0.823038 0.362722
vt 0.828055 0.357824
vt 0.828944 0.358728
vt 0.820480 0.310790
vt 0.824819 0.308397
vt 0.801618 0.338497
vt 0.801171 0.324808
vt 0.806934 0.320059
vt 0.807565 0.333342
vt 0.801110 0.310109
vt 0.806572 0.305241
vt 0.811266 0.301256
vt 0.812068 0.316003
vt 0.812967 0.328892
vt 0.802361 0.380935
vt 0.801829 0.379360
vt 0.807036 0.375881
vt 0.807563 0.377374
vt 0.801816 0.376688
vt 0.807114 0.373030
vt 0.812356 0.369167
vt 0.812290 0.372041
vt 0.812862 0.373431
vt 0.803256 0.279899
vt 0.804327 0.273133
vt 0.809777 0.265741
vt 0.808563 0.272877
vt 0.804395 0.271379
vt 0.809891 0.264042
vt 0.814288 0.258862
vt 0.814080 0.260473
vt 0.812768 0.267733
vt 0.802362 0.364378
vt 0.802115 0.352407
vt 0.808029 0.346938
vt 0.808097 0.359098
vt 0.813408 0.342198
vt 0.813346 0.354408
vt 0.802155 0.372195
vt 0.807651 0.367732
vt 0.812872 0.363470
vt 0.801872 0.293647
vt 0.807128 0.287762
vt 0.811448 0.283242
vt 0.787350 0.320513
vt 0.787747 0.306777
vt 0.788823 0.306318
vt 0.788527 0.320146
vt 0.788421 0.296110
vt 0.789469 0.295526
vt 0.791870 0.292890
vt 0.791120 0.304187
vt 0.790728 0.318456
vt 0.788756 0.383514
vt 0.788710 0.380784
vt 0.790762 0.381328
vt 0.790864 0.384139
vt 0.788545 0.374892
vt 0.790487 0.375320
vt 0.792561 0.373582
vt 0.792780 0.379912
vt 0.792837 0.382963
vt 0.788100 0.363750
vt 0.789856 0.363861
vt 0.787634 0.349543
vt 0.789172 0.349307
vt 0.791325 0.347496
vt 0.791985 0.361991
vt 0.789103 0.290172
vt 0.790100 0.289729
vt 0.789059 0.285553
vt 0.790235 0.287710
vt 0.792623 0.285218
vt 0.792606 0.287022
vt 0.791003 0.389869
vt 0.789112 0.385938
vt 0.791224 0.386561
vt 0.792176 0.388459
vt 0.793117 0.385321
vt 0.793802 0.386985
vt 0.787350 0.334949
vt 0.788688 0.334595
vt 0.790852 0.332940
vt 0.724851 0.287873
vt 0.724192 0.287551
vt 0.726800 0.289092
vt 0.721630 0.304686
vt 0.720815 0.304450
vt 0.722776 0.360538
vt 0.720396 0.358743
vt 0.718105 0.349764
vt 0.719509 0.358726
vt 0.717122 0.349605
vt 0.717114 0.341020
vt 0.717437 0.331364
vt 0.716057 0.340793
vt 0.716373 0.331086
vt 0.718969 0.319416
vt 0.718005 0.319142
vt 0.736520 0.373625
vt 0.728362 0.365822
vt 0.738612 0.295989
vt 0.731536 0.291117
vt 0.751146 0.300112
vt 0.752980 0.311656
vt 0.746753 0.303912
vt 0.744962 0.290893
vt 0.754437 0.326591
vt 0.747481 0.320587
vt 0.753393 0.382830
vt 0.752759 0.389772
vt 0.745626 0.382418
vt 0.746046 0.374707
vt 0.752187 0.393746
vt 0.745204 0.387408
vt 0.754644 0.357486
vt 0.754100 0.371623
vt 0.746464 0.364098
vt 0.746910 0.351181
vt 0.751490 0.396332
vt 0.744730 0.390154
vt 0.750724 0.397702
vt 0.744122 0.391391
vt 0.754881 0.342206
vt 0.747371 0.336619
vt 0.749653 0.292570
vt 0.749524 0.294399
vt 0.743679 0.284778
vt 0.743764 0.283166
vt 0.753135 0.294969
vt 0.752971 0.299710
vt 0.752262 0.298901
vt 0.752145 0.296734
vt 0.754552 0.305673
vt 0.753638 0.304706
vt 0.758671 0.330013
vt 0.759488 0.345370
vt 0.758276 0.344816
vt 0.757586 0.329421
vt 0.759488 0.360997
vt 0.758137 0.360415
vt 0.757196 0.397128
vt 0.756390 0.399808
vt 0.754492 0.399415
vt 0.755349 0.396783
vt 0.754334 0.403155
vt 0.753383 0.400967
vt 0.759042 0.375717
vt 0.757542 0.375110
vt 0.758323 0.387205
vt 0.756699 0.386608
vt 0.757687 0.393723
vt 0.755974 0.393224
vt 0.756761 0.316123
vt 0.755785 0.315358
vt 0.970595 0.491662
vt 0.972723 0.490004
vt 0.975319 0.503638
vt 0.973293 0.504847
vt 0.975249 0.490982
vt 0.977631 0.504191
vt 0.980163 0.519723
vt 0.978126 0.519346
vt 0.976165 0.520035
vt 0.937368 0.526104
vt 0.945523 0.516549
vt 0.947340 0.523443
vt 0.938029 0.531032
vt 0.955873 0.505351
vt 0.958672 0.514869
vt 0.961385 0.526276
vt 0.949015 0.532356
vt 0.938526 0.538086
vt 0.063840 0.586599
vt 0.062843 0.576558
vt 0.064018 0.576783
vt 0.064755 0.587299
vt 0.061205 0.561108
vt 0.062393 0.561116
vt 0.059801 0.542655
vt 0.060891 0.542440
vt 0.058913 0.527678
vt 0.059616 0.527015
vt 0.058054 0.522394
vt 0.058056 0.521737
vt 0.057378 0.527865
vt 0.057060 0.527395
vt 0.058375 0.561332
vt 0.060232 0.576889
vt 0.059882 0.577449
vt 0.057967 0.561501
vt 0.062163 0.586897
vt 0.061950 0.587736
vt 0.063518 0.590104
vt 0.063715 0.591062
vt 0.057323 0.542863
vt 0.056912 0.542663
vt 0.930923 0.538277
vt 0.934705 0.540353
vt 0.934810 0.548158
vt 0.930726 0.546772
vt 0.938659 0.546213
vt 0.939461 0.554545
vt 0.935911 0.556180
vt 0.931870 0.556206
vt 0.978371 0.532127
vt 0.976474 0.532460
vt 0.980127 0.532783
vt 0.977653 0.542801
vt 0.976312 0.541661
vt 0.974489 0.541902
vt 0.931067 0.526889
vt 0.934514 0.529543
vt 0.934707 0.533889
vt 0.931241 0.531496
vt 0.964753 0.496743
vt 0.967689 0.508536
vt 0.970688 0.522201
vt 0.928856 0.280081
vt 0.939278 0.290602
vt 0.937835 0.297561
vt 0.926308 0.289590
vt 0.947707 0.299346
vt 0.947435 0.304382
vt 0.947452 0.311608
vt 0.936726 0.306555
vt 0.924098 0.301045
vt 0.914359 0.266539
vt 0.920066 0.271694
vt 0.917158 0.283453
vt 0.911500 0.279744
vt 0.914554 0.297233
vt 0.908933 0.295145
vt 0.911758 0.317110
vt 0.916879 0.317794
vt 0.920081 0.325438
vt 0.915199 0.324179
vt 0.925706 0.319974
vt 0.927834 0.328231
vt 0.930044 0.336925
vt 0.923351 0.333200
vt 0.918588 0.330899
vt 0.937514 0.324274
vt 0.937411 0.332735
vt 0.947604 0.328662
vt 0.945331 0.337008
vt 0.942612 0.345441
vt 0.937164 0.341528
vt 0.971189 0.533628
vt 0.961966 0.536417
vt 0.969478 0.542828
vt 0.960857 0.545319
vt 0.936936 0.315574
vt 0.924090 0.311168
vt 0.947959 0.319996
vt 0.914626 0.308710
vt 0.909214 0.307719
vt 0.949383 0.541326
vt 0.949264 0.549978
vt 0.939454 0.572828
vt 0.941954 0.572587
vt 0.944654 0.580809
vt 0.942820 0.580635
vt 0.944054 0.571106
vt 0.945960 0.579309
vt 0.947580 0.583384
vt 0.947413 0.584731
vt 0.946561 0.585908
vt 0.968337 0.556148
vt 0.970143 0.555315
vt 0.967259 0.563017
vt 0.965555 0.564010
vt 0.970992 0.557051
vt 0.967944 0.564899
vt 0.964980 0.570809
vt 0.964153 0.570493
vt 0.963480 0.569963
vt 0.949546 0.558390
vt 0.941554 0.562702
vt 0.959074 0.553662
vt 0.957000 0.562406
vt 0.949748 0.567118
vt 0.973260 0.548688
vt 0.971486 0.549172
vt 0.974139 0.550216
vt 0.938563 0.564193
vt 0.935235 0.564977
vt 0.966712 0.550673
vt 0.963628 0.558579
vt 0.954033 0.579268
vt 0.953725 0.582159
vt 0.949584 0.584839
vt 0.949801 0.582541
vt 0.956622 0.582140
vt 0.951334 0.586496
vt 0.959125 0.576705
vt 0.959449 0.574221
vt 0.961626 0.576079
vt 0.961059 0.567337
vt 0.955097 0.571793
vt 0.937332 0.350680
vt 0.931974 0.346354
vt 0.940925 0.353754
vt 0.939870 0.358526
vt 0.937514 0.357592
vt 0.933158 0.353832
vt 0.925967 0.341886
vt 0.921304 0.338600
vt 0.927580 0.348860
vt 0.923500 0.344528
vt 0.949664 0.576119
vt 0.915687 0.258981
vt 0.921574 0.265023
vt 0.921346 0.266247
vt 0.915513 0.260393
vt 0.930301 0.274778
vt 0.930049 0.275737
vt 0.940171 0.286754
vt 0.939982 0.287453
vt 0.947959 0.296587
vt 0.947858 0.297096
vt 0.954339 0.500013
vt 0.963338 0.489967
vt 0.963552 0.491215
vt 0.954613 0.500978
vt 0.969577 0.483984
vt 0.969691 0.485420
vt 0.930726 0.524195
vt 0.934254 0.527203
vt 0.934314 0.527645
vt 0.930743 0.524718
vt 0.936940 0.523400
vt 0.937075 0.523883
vt 0.944451 0.512737
vt 0.944679 0.513419
vt 0.971870 0.482109
vt 0.971965 0.483576
vt 0.974332 0.483586
vt 0.974494 0.484946
vt 0.892922 0.727956
vt 0.892107 0.725337
vt 0.893312 0.732249
vt 0.892341 0.790893
vt 0.892418 0.775665
vt 0.892002 0.803699
vt 0.892738 0.759751
vt 0.893083 0.746289
vt 0.893314 0.737669
vt 0.889107 0.822428
vt 0.889753 0.818953
vt 0.889058 0.824643
vt 0.890976 0.812997
vt 0.816379 0.313125
vt 0.817554 0.325541
vt 0.815125 0.298786
vt 0.817635 0.367576
vt 0.818279 0.368846
vt 0.817509 0.364935
vt 0.817444 0.258175
vt 0.816164 0.265338
vt 0.817785 0.256687
vt 0.817920 0.338583
vt 0.817787 0.350638
vt 0.817613 0.359496
vt 0.814972 0.280863
vt 0.795951 0.299599
vt 0.795324 0.314858
vt 0.797030 0.287216
vt 0.796831 0.376555
vt 0.796712 0.380207
vt 0.796788 0.369591
vt 0.796355 0.357830
vt 0.795777 0.343591
vt 0.797923 0.280944
vt 0.797966 0.279157
vt 0.796846 0.382683
vt 0.797424 0.384320
vt 0.795353 0.329427
vt 0.829897 0.736347
vt 0.832628 0.744997
vt 0.830673 0.744872
vt 0.827700 0.735624
vt 0.833950 0.751841
vt 0.832083 0.751964
vt 0.834647 0.783654
vt 0.834352 0.793301
vt 0.832768 0.794455
vt 0.833125 0.784250
vt 0.835064 0.801630
vt 0.832437 0.802797
vt 0.834772 0.758915
vt 0.832965 0.759161
vt 0.835152 0.766542
vt 0.833421 0.766844
vt 0.834819 0.805512
vt 0.832264 0.806698
vt 0.835152 0.807088
vt 0.832634 0.808264
vt 0.822052 0.713728
vt 0.825380 0.724686
vt 0.822617 0.722979
vt 0.817792 0.711718
vt 0.835031 0.774693
vt 0.833408 0.775034
vt 0.819737 0.706851
vt 0.819692 0.708538
vt 0.815609 0.706589
vt 0.815591 0.704904
vt 0.136274 0.763571
vt 0.143798 0.761087
vt 0.128955 0.767263
vt 0.125340 0.760520
vt 0.132979 0.757018
vt 0.140866 0.754565
vt 0.129926 0.750599
vt 0.138115 0.748191
vt 0.122000 0.753894
vt 0.934282 0.132274
vt 0.933056 0.128323
vt 0.933670 0.128228
vt 0.934851 0.132012
vt 0.933031 0.124252
vt 0.933653 0.124333
vt 0.934594 0.124452
vt 0.934617 0.128108
vt 0.935731 0.131656
vt 0.939972 0.138710
vt 0.936650 0.135821
vt 0.937127 0.135415
vt 0.940329 0.138195
vt 0.937877 0.134849
vt 0.940898 0.137460
vt 0.251292 0.754913
vt 0.243658 0.752168
vt 0.260236 0.759170
vt 0.256573 0.766523
vt 0.248311 0.762335
vt 0.241751 0.759063
vt 0.245346 0.769171
vt 0.239034 0.765337
vt 0.253131 0.773283
vt 0.121678 0.771253
vt 0.114554 0.775369
vt 0.110342 0.768172
vt 0.117757 0.764270
vt 0.114136 0.757391
vt 0.106468 0.761069
vt 0.192121 0.764567
vt 0.198745 0.766366
vt 0.185908 0.763359
vt 0.186371 0.755918
vt 0.192783 0.757029
vt 0.199660 0.758782
vt 0.193407 0.749506
vt 0.200491 0.751215
vt 0.186852 0.748504
vt 0.166540 0.761110
vt 0.172606 0.761781
vt 0.159997 0.760530
vt 0.158120 0.753609
vt 0.165566 0.754029
vt 0.172455 0.754586
vt 0.164700 0.747033
vt 0.172422 0.747454
vt 0.156338 0.746802
vt 0.179246 0.762493
vt 0.179516 0.755174
vt 0.179869 0.747900
vt 0.206691 0.768880
vt 0.207879 0.761284
vt 0.208736 0.753685
vt 0.216107 0.755606
vt 0.152015 0.760290
vt 0.149508 0.753601
vt 0.147123 0.747051
vt 0.236241 0.747819
vt 0.233677 0.745746
vt 0.232283 0.743018
vt 0.237775 0.746442
vt 0.231956 0.745127
vt 0.230177 0.744384
vt 0.227038 0.744198
vt 0.226149 0.741799
vt 0.224521 0.745368
vt 0.222464 0.745277
vt 0.223283 0.746536
vt 0.222124 0.747645
vt 0.221000 0.750358
vt 0.220395 0.750082
vt 0.220608 0.753358
vt 0.220122 0.755580
vt 0.220859 0.755052
vt 0.221324 0.756894
vt 0.222761 0.759654
vt 0.221686 0.760908
vt 0.237819 0.757058
vt 0.238317 0.754084
vt 0.239144 0.751980
vt 0.238456 0.757414
vt 0.238056 0.752378
vt 0.237669 0.750570
vt 0.231518 0.763191
vt 0.234096 0.762022
vt 0.235909 0.762101
vt 0.232019 0.765285
vt 0.235403 0.760844
vt 0.236548 0.759738
vt 0.225152 0.761699
vt 0.226511 0.764161
vt 0.226818 0.762284
vt 0.228526 0.763030
vt 0.964154 0.136022
vt 0.961008 0.138814
vt 0.960645 0.138303
vt 0.963671 0.135623
vt 0.957175 0.140770
vt 0.956951 0.140186
vt 0.956580 0.139335
vt 0.960061 0.137571
vt 0.962912 0.135057
vt 0.948420 0.141776
vt 0.944002 0.140735
vt 0.944221 0.140148
vt 0.948493 0.141151
vt 0.944571 0.139295
vt 0.948602 0.140235
vt 0.952185 0.111101
vt 0.956599 0.112154
vt 0.956375 0.112738
vt 0.952109 0.111725
vt 0.960621 0.114182
vt 0.960260 0.114693
vt 0.959688 0.115422
vt 0.956022 0.113584
vt 0.951997 0.112636
vt 0.943427 0.112112
vt 0.947705 0.111103
vt 0.947782 0.111723
vt 0.943652 0.112696
vt 0.947917 0.112629
vt 0.944023 0.113540
vt 0.963937 0.117074
vt 0.963456 0.117476
vt 0.966300 0.120624
vt 0.965729 0.120880
vt 0.964846 0.121227
vt 0.962702 0.118034
vt 0.967531 0.124577
vt 0.966910 0.124664
vt 0.967552 0.128645
vt 0.966937 0.128557
vt 0.965994 0.128429
vt 0.965962 0.124775
vt 0.235765 0.748208
vt 0.233998 0.746579
vt 0.233993 0.746466
vt 0.235861 0.748157
vt 0.231904 0.745440
vt 0.231930 0.745374
vt 0.223405 0.746768
vt 0.221991 0.748415
vt 0.221981 0.748306
vt 0.223371 0.746714
vt 0.221085 0.750415
vt 0.221046 0.750395
vt 0.220960 0.754935
vt 0.221760 0.757165
vt 0.221688 0.757143
vt 0.220921 0.754952
vt 0.223065 0.759161
vt 0.223016 0.759233
vt 0.237676 0.756975
vt 0.238036 0.754754
vt 0.238113 0.754688
vt 0.237735 0.757000
vt 0.237855 0.752453
vt 0.237927 0.752450
vt 0.231341 0.762416
vt 0.233467 0.761788
vt 0.233578 0.761846
vt 0.231393 0.762538
vt 0.235306 0.760607
vt 0.235360 0.760663
vt 0.224792 0.760795
vt 0.224830 0.760924
vt 0.226844 0.761932
vt 0.226849 0.762008
vt 0.229634 0.744889
vt 0.229703 0.744802
vt 0.227355 0.744932
vt 0.227313 0.744818
vt 0.225239 0.745594
vt 0.225143 0.745539
vt 0.220796 0.752638
vt 0.220740 0.752711
vt 0.237067 0.750225
vt 0.237182 0.750265
vt 0.236737 0.758963
vt 0.236761 0.759075
vt 0.229085 0.762457
vt 0.229042 0.762558
vt 0.235299 0.748353
vt 0.233672 0.746823
vt 0.233684 0.746778
vt 0.235368 0.748362
vt 0.231683 0.745796
vt 0.231752 0.745752
vt 0.231739 0.745655
vt 0.233726 0.746754
vt 0.235409 0.748313
vt 0.223657 0.747035
vt 0.222294 0.748625
vt 0.222228 0.748591
vt 0.223614 0.746990
vt 0.221422 0.750559
vt 0.221346 0.750534
vt 0.221311 0.750518
vt 0.222191 0.748565
vt 0.223568 0.746960
vt 0.221315 0.754940
vt 0.222084 0.757065
vt 0.222035 0.757067
vt 0.221257 0.754927
vt 0.223335 0.758943
vt 0.223280 0.758974
vt 0.223230 0.758998
vt 0.221991 0.757082
vt 0.221217 0.754936
vt 0.237195 0.756802
vt 0.237552 0.754629
vt 0.237601 0.754645
vt 0.237244 0.756823
vt 0.237343 0.752391
vt 0.237411 0.752423
vt 0.237459 0.752402
vt 0.237645 0.754658
vt 0.237288 0.756841
vt 0.231050 0.762052
vt 0.233081 0.761468
vt 0.233135 0.761525
vt 0.231083 0.762115
vt 0.234873 0.760350
vt 0.234917 0.760380
vt 0.234957 0.760404
vt 0.233162 0.761555
vt 0.231104 0.762155
vt 0.224948 0.760474
vt 0.224907 0.760516
vt 0.226854 0.761538
vt 0.226814 0.761571
vt 0.226860 0.761642
vt 0.224883 0.760557
vt 0.229585 0.745270
vt 0.229587 0.745218
vt 0.227455 0.745302
vt 0.227379 0.745267
vt 0.227396 0.745206
vt 0.229584 0.745137
vt 0.225419 0.745907
vt 0.225394 0.745854
vt 0.225350 0.745821
vt 0.221126 0.752711
vt 0.221082 0.752697
vt 0.221045 0.752698
vt 0.236578 0.750282
vt 0.236614 0.750249
vt 0.236672 0.750256
vt 0.236276 0.758751
vt 0.236323 0.758777
vt 0.236365 0.758797
vt 0.228931 0.762065
vt 0.228936 0.762129
vt 0.228945 0.762185
vt 0.936174 0.127932
vt 0.937180 0.131124
vt 0.936150 0.124642
vt 0.938327 0.124908
vt 0.938348 0.127694
vt 0.939202 0.130396
vt 0.939118 0.133992
vt 0.941839 0.136336
vt 0.940845 0.132820
vt 0.943149 0.134799
vt 0.959087 0.136440
vt 0.961656 0.134185
vt 0.955953 0.138021
vt 0.955079 0.136222
vt 0.957728 0.134889
vt 0.959904 0.132985
vt 0.945146 0.137981
vt 0.948774 0.138825
vt 0.945945 0.136185
vt 0.949011 0.136898
vt 0.955446 0.114886
vt 0.951824 0.114036
vt 0.958746 0.116533
vt 0.957439 0.118054
vt 0.954648 0.116665
vt 0.951587 0.115949
vt 0.948153 0.114027
vt 0.944650 0.114841
vt 0.948485 0.115940
vt 0.945525 0.116625
vt 0.961462 0.118877
vt 0.963398 0.121746
vt 0.961379 0.122458
vt 0.959738 0.120033
vt 0.964406 0.124937
vt 0.964439 0.128226
vt 0.962263 0.127944
vt 0.962236 0.125159
vt 0.952900 0.141773
vt 0.952822 0.141153
vt 0.952685 0.140242
vt 0.966397 0.132550
vt 0.965824 0.132295
vt 0.964941 0.131937
vt 0.934196 0.120340
vt 0.934770 0.120591
vt 0.936445 0.116864
vt 0.936929 0.117261
vt 0.937688 0.117820
vt 0.935653 0.120942
vt 0.939595 0.114069
vt 0.939958 0.114579
vt 0.940542 0.115305
vt 0.942942 0.131443
vt 0.944756 0.133016
vt 0.941641 0.129519
vt 0.944382 0.128526
vt 0.945392 0.130080
vt 0.946743 0.131379
vt 0.956183 0.133081
vt 0.957917 0.131637
vt 0.954058 0.134125
vt 0.953103 0.132140
vt 0.954978 0.131338
vt 0.956464 0.130705
vt 0.946939 0.134132
vt 0.949290 0.134732
vt 0.948287 0.132391
vt 0.949545 0.133188
vt 0.953658 0.118701
vt 0.951310 0.118100
vt 0.955837 0.119817
vt 0.953859 0.121418
vt 0.952315 0.120414
vt 0.951058 0.119627
vt 0.948900 0.118140
vt 0.946546 0.118704
vt 0.949488 0.120081
vt 0.947505 0.120657
vt 0.957647 0.121391
vt 0.958947 0.123316
vt 0.956221 0.124278
vt 0.955211 0.122719
vt 0.959634 0.125459
vt 0.959670 0.127666
vt 0.956944 0.127718
vt 0.956810 0.125983
vt 0.940697 0.119864
vt 0.942875 0.117959
vt 0.944421 0.119749
vt 0.942686 0.121195
vt 0.945629 0.121466
vt 0.944140 0.122110
vt 0.952449 0.138834
vt 0.952117 0.136907
vt 0.963486 0.131381
vt 0.961455 0.130614
vt 0.937109 0.121485
vt 0.938944 0.118679
vt 0.939141 0.122236
vt 0.941516 0.116424
vt 0.951757 0.129284
vt 0.949153 0.130213
vt 0.948159 0.128920
vt 0.951068 0.127872
vt 0.947311 0.127457
vt 0.950321 0.126366
vt 0.948867 0.123425
vt 0.946288 0.124387
vt 0.946099 0.122962
vt 0.948234 0.122140
vt 0.943660 0.125079
vt 0.943910 0.123431
vt 0.951463 0.122528
vt 0.950406 0.121416
vt 0.953318 0.125300
vt 0.952465 0.123826
vt 0.949568 0.124845
vt 0.946672 0.125907
vt 0.943793 0.126817
vt 0.954329 0.128354
vt 0.953953 0.126839
vt 0.954512 0.129804
vt 0.956694 0.129374
vt 0.952381 0.130605
vt 0.951118 0.132722
vt 0.950204 0.131350
vt 0.940957 0.127375
vt 0.940925 0.125167
vt 0.951703 0.134689
vt 0.959067 0.129779
vt 0.941532 0.123053
vt 0.936148 0.116650
vt 0.939372 0.113784
vt 0.939431 0.113836
vt 0.936225 0.116681
vt 0.943295 0.111777
vt 0.943328 0.111844
vt 0.932661 0.124221
vt 0.933849 0.120213
vt 0.933934 0.120225
vt 0.932748 0.124216
vt 0.967920 0.128680
vt 0.966740 0.132680
vt 0.966657 0.132667
vt 0.967835 0.128683
vt 0.964447 0.136238
vt 0.964373 0.136205
vt 0.957304 0.141106
vt 0.952963 0.142152
vt 0.952932 0.142056
vt 0.957274 0.141039
vt 0.948356 0.142131
vt 0.948435 0.142040
vt 0.966640 0.120474
vt 0.967896 0.124517
vt 0.967812 0.124534
vt 0.966559 0.120503
vt 0.960849 0.113894
vt 0.964228 0.116847
vt 0.964154 0.116889
vt 0.960784 0.113948
vt 0.947671 0.110746
vt 0.947674 0.110820
vt 0.952249 0.110746
vt 0.952222 0.110818
vt 0.956750 0.111823
vt 0.956702 0.111887
vt 0.943852 0.141066
vt 0.943902 0.141002
vt 0.939746 0.138999
vt 0.939811 0.138945
vt 0.961227 0.139100
vt 0.961171 0.139048
vt 0.936360 0.136050
vt 0.936435 0.136008
vt 0.933944 0.132428
vt 0.934025 0.132397
vt 0.932689 0.128387
vt 0.932775 0.128369
vt 0.226886 0.761421
vt 0.228901 0.761969
vt 0.228914 0.762017
vt 0.226884 0.761466
vt 0.230980 0.761957
vt 0.231013 0.762002
vt 0.234757 0.760269
vt 0.236150 0.758683
vt 0.236210 0.758716
vt 0.234812 0.760307
vt 0.237064 0.756746
vt 0.237126 0.756773
vt 0.237214 0.752366
vt 0.236442 0.750250
vt 0.236498 0.750251
vt 0.237275 0.752377
vt 0.235205 0.748394
vt 0.235249 0.748365
vt 0.221552 0.750613
vt 0.221247 0.752749
vt 0.221190 0.752732
vt 0.221491 0.750587
vt 0.221455 0.754952
vt 0.221396 0.754941
vt 0.227504 0.745417
vt 0.225515 0.745995
vt 0.225469 0.745953
vt 0.227472 0.745375
vt 0.223771 0.747111
vt 0.223717 0.747075
vt 0.231674 0.745923
vt 0.229622 0.745402
vt 0.229580 0.745343
vt 0.231656 0.745868
vt 0.223435 0.758915
vt 0.225031 0.760385
vt 0.224999 0.760414
vt 0.223383 0.758930
vt 0.232983 0.761379
vt 0.233030 0.761421
vt 0.237422 0.754587
vt 0.237483 0.754606
vt 0.222216 0.757051
vt 0.222163 0.757051
vt 0.222418 0.748690
vt 0.222359 0.748659
vt 0.233571 0.746908
vt 0.233597 0.746868
vt 0.228966 0.762229
vt 0.226839 0.761724
vt 0.231143 0.762198
vt 0.231200 0.762261
vt 0.229000 0.762295
vt 0.226853 0.761790
vt 0.236426 0.758825
vt 0.235014 0.760438
vt 0.237351 0.756864
vt 0.237445 0.756896
vt 0.236516 0.758865
vt 0.235098 0.760487
vt 0.236749 0.750231
vt 0.237524 0.752411
vt 0.235482 0.748273
vt 0.235563 0.748254
vt 0.236841 0.750229
vt 0.237619 0.752423
vt 0.220979 0.752679
vt 0.221273 0.750501
vt 0.221153 0.754930
vt 0.221097 0.754931
vt 0.220926 0.752667
vt 0.221219 0.750476
vt 0.225329 0.745785
vt 0.227381 0.745138
vt 0.223539 0.746930
vt 0.223500 0.746883
vt 0.225303 0.745730
vt 0.227373 0.745078
vt 0.229578 0.745092
vt 0.231760 0.745615
vt 0.229593 0.745033
vt 0.231801 0.745565
vt 0.224864 0.760599
vt 0.223197 0.759033
vt 0.224835 0.760667
vt 0.223159 0.759070
vt 0.233212 0.761594
vt 0.233286 0.761650
vt 0.237709 0.754674
vt 0.237803 0.754697
vt 0.221932 0.757101
vt 0.221882 0.757119
vt 0.222157 0.748541
vt 0.222109 0.748505
vt 0.233776 0.746702
vt 0.233840 0.746667
vt 0.229045 0.762380
vt 0.226835 0.761858
vt 0.231274 0.762343
vt 0.236632 0.758917
vt 0.235208 0.760550
vt 0.237567 0.756937
vt 0.236960 0.750227
vt 0.237743 0.752439
vt 0.235669 0.748230
vt 0.220858 0.752652
vt 0.221148 0.750444
vt 0.221025 0.754933
vt 0.225269 0.745658
vt 0.227364 0.745001
vt 0.223450 0.746823
vt 0.229615 0.744957
vt 0.231855 0.745499
vt 0.224813 0.760734
vt 0.223109 0.759118
vt 0.233381 0.761723
vt 0.237926 0.754727
vt 0.221818 0.757143
vt 0.222047 0.748457
vt 0.233923 0.746621
vt 0.170663 0.570465
vt 0.158236 0.571840
vt 0.157579 0.566896
vt 0.171971 0.566156
vt 0.148131 0.573987
vt 0.145572 0.569654
vt 0.144966 0.577125
vt 0.141945 0.575411
vt 0.148951 0.579457
vt 0.146464 0.580477
vt 0.187550 0.575206
vt 0.189314 0.572586
vt 0.194131 0.573431
vt 0.191717 0.578427
vt 0.187022 0.570323
vt 0.191572 0.568357
vt 0.180680 0.569743
vt 0.183760 0.566236
vt 0.159658 0.579545
vt 0.158804 0.582104
vt 0.172199 0.578149
vt 0.173054 0.581514
vt 0.181810 0.576883
vt 0.184365 0.580674
vt 0.170211 0.573197
vt 0.159265 0.574754
vt 0.158788 0.574077
vt 0.170171 0.572475
vt 0.150236 0.576294
vt 0.149466 0.575853
vt 0.147311 0.577552
vt 0.146491 0.577694
vt 0.150812 0.578035
vt 0.150184 0.578775
vt 0.184621 0.573054
vt 0.186051 0.572203
vt 0.186941 0.572254
vt 0.185441 0.573687
vt 0.184161 0.571771
vt 0.184870 0.571285
vt 0.178829 0.572125
vt 0.179212 0.571422
vt 0.160446 0.577079
vt 0.160161 0.578044
vt 0.171630 0.575346
vt 0.171755 0.576308
vt 0.179886 0.574030
vt 0.180416 0.574925
vt 0.938639 0.672528
vt 0.948706 0.669173
vt 0.932597 0.674989
vt 0.928501 0.663295
vt 0.935673 0.660168
vt 0.947356 0.655929
vt 0.887804 0.449914
vt 0.893163 0.452825
vt 0.878290 0.445618
vt 0.881573 0.432416
vt 0.892535 0.437708
vt 0.898878 0.441325
vt 0.852500 0.479464
vt 0.849334 0.479035
vt 0.850188 0.467356
vt 0.853570 0.467942
vt 0.846591 0.478299
vt 0.847168 0.467468
vt 0.846758 0.453063
vt 0.849993 0.451872
vt 0.853849 0.452765
vt 0.860924 0.479826
vt 0.862453 0.469251
vt 0.863894 0.455364
vt 0.884788 0.481796
vt 0.883306 0.481183
vt 0.885972 0.473214
vt 0.887490 0.474005
vt 0.889812 0.463709
vt 0.891511 0.464581
vt 0.969203 0.703576
vt 0.961435 0.703018
vt 0.960943 0.693126
vt 0.969228 0.692739
vt 0.960998 0.680000
vt 0.970448 0.678544
vt 0.912955 0.417793
vt 0.909831 0.418631
vt 0.911400 0.408137
vt 0.913715 0.405429
vt 0.907416 0.416927
vt 0.909477 0.405662
vt 0.910048 0.396955
vt 0.911191 0.396963
vt 0.911993 0.395942
vt 0.888774 0.405984
vt 0.872224 0.400456
vt 0.876080 0.387961
vt 0.892316 0.391721
vt 0.857865 0.396581
vt 0.862211 0.386970
vt 0.867129 0.380704
vt 0.879157 0.378625
vt 0.894588 0.380581
vt 0.848568 0.435676
vt 0.853130 0.436970
vt 0.844964 0.437576
vt 0.843380 0.421672
vt 0.847768 0.420205
vt 0.852951 0.421834
vt 0.864917 0.440773
vt 0.866339 0.426484
vt 0.895035 0.453801
vt 0.897126 0.454750
vt 0.901126 0.442544
vt 0.903724 0.443376
vt 0.961904 0.665905
vt 0.973092 0.663648
vt 0.962482 0.651834
vt 0.975278 0.649037
vt 0.905248 0.388444
vt 0.905589 0.384796
vt 0.894967 0.376344
vt 0.896323 0.372437
vt 0.908715 0.384479
vt 0.879667 0.375085
vt 0.865020 0.379594
vt 0.865573 0.377824
vt 0.877764 0.372491
vt 0.973412 0.623610
vt 0.959638 0.625585
vt 0.956820 0.612956
vt 0.970087 0.613640
vt 0.943304 0.629254
vt 0.940934 0.614796
vt 0.938939 0.603576
vt 0.954161 0.603616
vt 0.965330 0.607186
vt 0.900655 0.412015
vt 0.903775 0.398635
vt 0.930664 0.634343
vt 0.928925 0.621166
vt 0.923003 0.638815
vt 0.921980 0.627842
vt 0.922612 0.619640
vt 0.927822 0.611242
vt 0.852423 0.395051
vt 0.857157 0.386722
vt 0.847837 0.392404
vt 0.856343 0.382058
vt 0.969650 0.709625
vt 0.961984 0.708446
vt 0.961759 0.707496
vt 0.969358 0.708527
vt 0.952805 0.707356
vt 0.952677 0.706516
vt 0.883544 0.486043
vt 0.882050 0.485826
vt 0.882242 0.484933
vt 0.883813 0.485334
vt 0.880763 0.485892
vt 0.880856 0.484888
vt 0.869562 0.485572
vt 0.859801 0.485935
vt 0.860117 0.484650
vt 0.869772 0.484406
vt 0.851374 0.486043
vt 0.851763 0.484710
vt 0.848315 0.485668
vt 0.848592 0.484370
vt 0.846050 0.484211
vt 0.846033 0.483122
vt 0.876711 0.485637
vt 0.876828 0.484559
vt 0.945647 0.707034
vt 0.945598 0.706246
vt 0.941266 0.707362
vt 0.941266 0.706560
vt 0.849082 0.406458
vt 0.854565 0.408280
vt 0.844128 0.406327
vt 0.932958 0.647476
vt 0.945543 0.642917
vt 0.925202 0.650924
vt 0.896895 0.425141
vt 0.903801 0.429081
vt 0.885050 0.419508
vt 0.961685 0.638557
vt 0.975278 0.635566
vt 0.868781 0.413231
vt 0.906242 0.430432
vt 0.909198 0.430724
vt 0.189975 0.829547
vt 0.187368 0.835348
vt 0.185136 0.834500
vt 0.187605 0.829259
vt 0.184639 0.840226
vt 0.182535 0.839093
vt 0.200352 0.803335
vt 0.198237 0.804058
vt 0.196389 0.797033
vt 0.199318 0.797012
vt 0.196740 0.805899
vt 0.194874 0.799483
vt 0.193464 0.816402
vt 0.191994 0.822908
vt 0.189683 0.823215
vt 0.191833 0.816043
vt 0.194143 0.806844
vt 0.194764 0.810622
vt 0.203210 0.797574
vt 0.202884 0.802989
vt 0.965337 0.233114
vt 0.965267 0.239511
vt 0.961511 0.239271
vt 0.961308 0.233307
vt 0.963746 0.245343
vt 0.960553 0.244318
vt 0.956468 0.242988
vt 0.956385 0.238795
vt 0.955651 0.233792
vt 0.957286 0.250038
vt 0.955760 0.250135
vt 0.955405 0.247897
vt 0.956539 0.247784
vt 0.954394 0.250179
vt 0.954307 0.247918
vt 0.954616 0.245615
vt 0.954900 0.245657
vt 0.955225 0.245609
vt 0.943881 0.233479
vt 0.943743 0.226919
vt 0.947818 0.227119
vt 0.947868 0.233586
vt 0.943705 0.220643
vt 0.947821 0.220710
vt 0.953506 0.220809
vt 0.953428 0.227477
vt 0.953355 0.233846
vt 0.953180 0.250072
vt 0.953343 0.247726
vt 0.952064 0.249936
vt 0.952638 0.247486
vt 0.954122 0.245310
vt 0.954364 0.245573
vt 0.946469 0.246088
vt 0.944446 0.240309
vt 0.948206 0.239806
vt 0.949395 0.244548
vt 0.953502 0.239093
vt 0.953644 0.242905
vt 0.960270 0.248950
vt 0.958437 0.246962
vt 0.955844 0.245225
vt 0.965723 0.221073
vt 0.965489 0.226969
vt 0.961397 0.227112
vt 0.961595 0.220989
vt 0.955763 0.227397
vt 0.955883 0.220862
vt 0.949699 0.249161
vt 0.951081 0.246545
vt 0.953696 0.245035
vt 0.950671 0.252614
vt 0.948316 0.251464
vt 0.948456 0.249807
vt 0.950908 0.250863
vt 0.944024 0.247485
vt 0.944991 0.246609
vt 0.969124 0.221140
vt 0.968861 0.226759
vt 0.967398 0.226864
vt 0.967646 0.221111
vt 0.968648 0.232648
vt 0.967218 0.232912
vt 0.966575 0.245942
vt 0.960488 0.251235
vt 0.961631 0.249428
vt 0.965535 0.245567
vt 0.956089 0.253485
vt 0.958245 0.251069
vt 0.941587 0.240587
vt 0.942742 0.240355
vt 0.940990 0.233315
vt 0.942138 0.233324
vt 0.953842 0.253690
vt 0.952317 0.253127
vt 0.952575 0.251196
vt 0.954304 0.251347
vt 0.940818 0.226735
vt 0.941972 0.226785
vt 0.940751 0.220595
vt 0.941914 0.220614
vt 0.954892 0.254246
vt 0.956034 0.251353
vt 0.968484 0.239089
vt 0.967093 0.239378
vt 0.515965 0.138733
vt 0.515725 0.128676
vt 0.524063 0.127092
vt 0.524501 0.136772
vt 0.515795 0.121253
vt 0.524318 0.120397
vt 0.529896 0.120267
vt 0.530698 0.125110
vt 0.531135 0.134456
vt 0.493088 0.788528
vt 0.497649 0.777484
vt 0.504432 0.777472
vt 0.499357 0.788325
vt 0.501498 0.768227
vt 0.508864 0.767980
vt 0.516582 0.768779
vt 0.511493 0.778437
vt 0.505638 0.789055
vt 0.509556 0.739979
vt 0.511407 0.732571
vt 0.521735 0.733292
vt 0.519335 0.740469
vt 0.513485 0.721735
vt 0.524406 0.722682
vt 0.534460 0.724333
vt 0.531370 0.734751
vt 0.528664 0.741767
vt 0.515898 0.705158
vt 0.527485 0.706282
vt 0.518044 0.685037
vt 0.530435 0.686261
vt 0.541965 0.688172
vt 0.538114 0.708099
vt 0.519425 0.664285
vt 0.532789 0.665515
vt 0.520485 0.643685
vt 0.534860 0.644881
vt 0.548924 0.646774
vt 0.545537 0.667436
vt 0.521723 0.623867
vt 0.536987 0.625019
vt 0.522879 0.606995
vt 0.538838 0.608036
vt 0.555040 0.609816
vt 0.552214 0.626885
vt 0.524249 0.584192
vt 0.529214 0.573413
vt 0.542794 0.572856
vt 0.541414 0.584671
vt 0.525714 0.560326
vt 0.543683 0.558403
vt 0.561595 0.558601
vt 0.560091 0.573594
vt 0.558692 0.585888
vt 0.527188 0.541506
vt 0.545039 0.540931
vt 0.528026 0.525228
vt 0.546139 0.524465
vt 0.564440 0.523902
vt 0.563267 0.540770
vt 0.528432 0.490069
vt 0.528424 0.482645
vt 0.546385 0.483157
vt 0.546514 0.490233
vt 0.528373 0.473329
vt 0.546155 0.473722
vt 0.562872 0.473794
vt 0.563606 0.483361
vt 0.564073 0.490136
vt 0.528125 0.461011
vt 0.545663 0.460692
vt 0.527721 0.448026
vt 0.544934 0.446715
vt 0.560113 0.445022
vt 0.561682 0.460029
vt 0.527205 0.436922
vt 0.544153 0.434699
vt 0.526649 0.427455
vt 0.543315 0.424664
vt 0.557415 0.421271
vt 0.558733 0.432015
vt 0.523372 0.361743
vt 0.522995 0.354549
vt 0.536795 0.354512
vt 0.537431 0.361152
vt 0.522447 0.345670
vt 0.535844 0.345713
vt 0.546455 0.345577
vt 0.547795 0.354284
vt 0.548674 0.360366
vt 0.521609 0.333435
vt 0.534341 0.332898
vt 0.520535 0.317650
vt 0.532355 0.316388
vt 0.541445 0.315086
vt 0.544296 0.332215
vt 0.519368 0.298841
vt 0.530145 0.297291
vt 0.518299 0.278975
vt 0.528113 0.277549
vt 0.535332 0.276341
vt 0.538262 0.295846
vt 0.516978 0.246416
vt 0.516761 0.237949
vt 0.525394 0.237430
vt 0.525768 0.245694
vt 0.516658 0.228970
vt 0.525212 0.228576
vt 0.531306 0.228252
vt 0.531502 0.237027
vt 0.532010 0.245134
vt 0.516653 0.213777
vt 0.525152 0.213516
vt 0.516689 0.195817
vt 0.525128 0.195587
vt 0.531425 0.195283
vt 0.531339 0.213254
vt 0.516475 0.179619
vt 0.524809 0.179167
vt 0.516187 0.165031
vt 0.524499 0.164087
vt 0.530826 0.162965
vt 0.531124 0.178586
vt 0.451184 0.193775
vt 0.451436 0.175802
vt 0.457613 0.176803
vt 0.457387 0.194479
vt 0.450514 0.158931
vt 0.456805 0.160651
vt 0.463955 0.162180
vt 0.464637 0.177746
vt 0.464396 0.195133
vt 0.480049 0.196008
vt 0.480253 0.179297
vt 0.488553 0.179664
vt 0.488183 0.196093
vt 0.479744 0.164549
vt 0.488258 0.165184
vt 0.497340 0.165476
vt 0.497492 0.179810
vt 0.497057 0.196039
vt 0.507059 0.179818
vt 0.506910 0.195954
vt 0.506864 0.165473
vt 0.446593 0.228541
vt 0.449200 0.212820
vt 0.455534 0.213562
vt 0.453133 0.229473
vt 0.462651 0.214208
vt 0.460452 0.230243
vt 0.477070 0.230758
vt 0.478691 0.214775
vt 0.486882 0.214686
vt 0.485480 0.230592
vt 0.495959 0.214439
vt 0.494886 0.230185
vt 0.506372 0.214107
vt 0.505888 0.229569
vt 0.442567 0.246532
vt 0.444693 0.237783
vt 0.451465 0.238855
vt 0.449720 0.247733
vt 0.459002 0.239720
vt 0.457596 0.248677
vt 0.475129 0.249269
vt 0.476063 0.240255
vt 0.484680 0.240054
vt 0.484025 0.249039
vt 0.494343 0.239545
vt 0.493998 0.248427
vt 0.505700 0.238742
vt 0.505663 0.247434
vt 0.423790 0.317298
vt 0.428567 0.299013
vt 0.438303 0.301044
vt 0.434336 0.319397
vt 0.433818 0.279549
vt 0.442605 0.281263
vt 0.451944 0.282548
vt 0.448470 0.302544
vt 0.445134 0.320935
vt 0.467062 0.321348
vt 0.469328 0.303234
vt 0.480063 0.302763
vt 0.478376 0.320740
vt 0.471549 0.283325
vt 0.481626 0.282981
vt 0.492879 0.282086
vt 0.492080 0.301818
vt 0.491141 0.319847
vt 0.505924 0.300427
vt 0.505992 0.318799
vt 0.505818 0.280617
vt 0.417563 0.345076
vt 0.420092 0.332840
vt 0.431171 0.334585
vt 0.428943 0.346393
vt 0.442245 0.335862
vt 0.440051 0.347344
vt 0.463069 0.347052
vt 0.464871 0.335875
vt 0.476646 0.335175
vt 0.475203 0.346352
vt 0.490105 0.334422
vt 0.489233 0.345756
vt 0.505985 0.333873
vt 0.505960 0.345577
vt 0.414882 0.361609
vt 0.416011 0.354104
vt 0.427563 0.355286
vt 0.426628 0.362945
vt 0.438657 0.356093
vt 0.437777 0.363780
vt 0.461293 0.363637
vt 0.461920 0.355777
vt 0.474342 0.355185
vt 0.473916 0.363158
vt 0.488772 0.354682
vt 0.488583 0.362629
vt 0.506016 0.354509
vt 0.506105 0.362175
vt 0.407722 0.445544
vt 0.407902 0.433198
vt 0.421374 0.435993
vt 0.421396 0.447251
vt 0.408272 0.422289
vt 0.421503 0.425866
vt 0.433944 0.428261
vt 0.433852 0.437835
vt 0.433835 0.448330
vt 0.459480 0.449269
vt 0.459377 0.439416
vt 0.472574 0.439523
vt 0.472880 0.449342
vt 0.459339 0.430339
vt 0.472382 0.430512
vt 0.487848 0.430118
vt 0.488183 0.439165
vt 0.488652 0.449162
vt 0.507549 0.438330
vt 0.508036 0.448769
vt 0.507107 0.429170
vt 0.407923 0.470743
vt 0.407727 0.458605
vt 0.421588 0.459342
vt 0.421919 0.470858
vt 0.434038 0.459817
vt 0.434390 0.470972
vt 0.460183 0.471255
vt 0.459789 0.460368
vt 0.473269 0.460528
vt 0.473641 0.471482
vt 0.489078 0.460677
vt 0.489387 0.471890
vt 0.508441 0.460902
vt 0.508674 0.472596
vt 0.408542 0.489271
vt 0.408221 0.480670
vt 0.422275 0.480597
vt 0.422632 0.489254
vt 0.434743 0.480579
vt 0.435087 0.489237
vt 0.460755 0.488993
vt 0.460501 0.480547
vt 0.473908 0.480682
vt 0.474116 0.488982
vt 0.489566 0.481077
vt 0.489705 0.489174
vt 0.508747 0.481830
vt 0.508787 0.489619
vt 0.413307 0.563365
vt 0.411706 0.545411
vt 0.425593 0.544746
vt 0.426986 0.562382
vt 0.410531 0.528056
vt 0.424557 0.527720
vt 0.436797 0.527502
vt 0.437651 0.544309
vt 0.438790 0.561745
vt 0.464318 0.561941
vt 0.462374 0.543647
vt 0.475266 0.542909
vt 0.476911 0.557955
vt 0.461717 0.527171
vt 0.474771 0.526939
vt 0.490041 0.526547
vt 0.490158 0.542299
vt 0.490774 0.557172
vt 0.508292 0.541790
vt 0.507597 0.557190
vt 0.508716 0.525957
vt 0.416075 0.588492
vt 0.414825 0.577513
vt 0.428290 0.576286
vt 0.429412 0.587054
vt 0.439878 0.575516
vt 0.440830 0.586203
vt 0.945108 0.814275
vt 0.946234 0.805435
vt 0.953967 0.806126
vt 0.952383 0.814301
vt 0.947470 0.793735
vt 0.956096 0.795676
vt 0.961251 0.797094
vt 0.958679 0.806745
vt 0.956819 0.814675
vt 0.875146 0.595126
vt 0.872532 0.586949
vt 0.876826 0.586052
vt 0.879236 0.594641
vt 0.868826 0.577122
vt 0.873439 0.575316
vt 0.881714 0.572604
vt 0.884358 0.584770
vt 0.886401 0.594152
vt 0.424330 0.647763
vt 0.421237 0.627538
vt 0.433715 0.625356
vt 0.436326 0.645217
vt 0.418953 0.610568
vt 0.431807 0.608709
vt 0.442865 0.607653
vt 0.444436 0.624107
vt 0.446674 0.643713
vt 0.467200 0.642583
vt 0.465806 0.623064
vt 0.476968 0.622933
vt 0.477909 0.642516
vt 0.464846 0.606663
vt 0.476329 0.606462
vt 0.489710 0.606430
vt 0.489899 0.623013
vt 0.490260 0.642675
vt 0.505535 0.623288
vt 0.505122 0.643029
vt 0.505995 0.606569
vt 0.432195 0.690913
vt 0.428010 0.669077
vt 0.439528 0.666174
vt 0.443272 0.687681
vt 0.449567 0.664379
vt 0.453055 0.685557
vt 0.471163 0.684111
vt 0.469023 0.663146
vt 0.479110 0.663143
vt 0.480457 0.684119
vt 0.490792 0.663337
vt 0.491302 0.684287
vt 0.504890 0.663655
vt 0.504451 0.684501
vt 0.440692 0.732660
vt 0.436695 0.712659
vt 0.447384 0.709008
vt 0.451040 0.726941
vt 0.456927 0.706478
vt 0.460275 0.723992
vt 0.475396 0.721769
vt 0.473454 0.704640
vt 0.481827 0.704560
vt 0.482998 0.721546
vt 0.491628 0.704631
vt 0.491821 0.721482
vt 0.503461 0.704720
vt 0.502286 0.721447
vt 0.447247 0.748748
vt 0.445616 0.741904
vt 0.453335 0.738391
vt 0.454464 0.746271
vt 0.462083 0.735605
vt 0.462887 0.743688
vt 0.476846 0.741103
vt 0.476441 0.733157
vt 0.483660 0.732803
vt 0.483946 0.740633
vt 0.491859 0.732613
vt 0.491763 0.740323
vt 0.501246 0.732447
vt 0.500299 0.740028
vt 0.453152 0.792861
vt 0.451566 0.785634
vt 0.459246 0.783286
vt 0.459935 0.790417
vt 0.450259 0.778985
vt 0.458494 0.776227
vt 0.466019 0.773831
vt 0.466114 0.781185
vt 0.465651 0.788862
vt 0.473520 0.790460
vt 0.476662 0.779144
vt 0.482050 0.778582
vt 0.478597 0.789207
vt 0.478036 0.770931
vt 0.484241 0.770096
vt 0.490310 0.769401
vt 0.487354 0.778124
vt 0.483200 0.788965
vt 0.492233 0.777752
vt 0.487824 0.788784
vt 0.495674 0.768766
vt 0.448436 0.128028
vt 0.448229 0.116852
vt 0.455553 0.121856
vt 0.455485 0.132235
vt 0.448698 0.110449
vt 0.454836 0.113476
vt 0.463205 0.117260
vt 0.463223 0.125166
vt 0.463013 0.135248
vt 0.478907 0.138690
vt 0.478825 0.128853
vt 0.487194 0.129742
vt 0.487394 0.139506
vt 0.478917 0.121400
vt 0.487219 0.122378
vt 0.496317 0.122686
vt 0.496295 0.130035
vt 0.496515 0.139852
vt 0.506122 0.129708
vt 0.506307 0.139698
vt 0.506115 0.122199
vt 0.480257 0.815093
vt 0.479680 0.802403
vt 0.484124 0.801988
vt 0.484042 0.814056
vt 0.489219 0.801031
vt 0.488432 0.812084
vt 0.474501 0.815736
vt 0.472218 0.803552
vt 0.475699 0.802606
vt 0.477142 0.815554
vt 0.451876 0.801651
vt 0.452233 0.798360
vt 0.455821 0.801070
vt 0.453738 0.803793
vt 0.457454 0.798717
vt 0.459120 0.803257
vt 0.457389 0.804370
vt 0.454856 0.806259
vt 0.494930 0.799621
vt 0.493225 0.809062
vt 0.500317 0.799194
vt 0.497307 0.806196
vt 0.496932 0.151947
vt 0.506584 0.151898
vt 0.516079 0.151163
vt 0.479220 0.150832
vt 0.487791 0.151593
vt 0.449292 0.142597
vt 0.455898 0.145473
vt 0.463261 0.147806
vt 0.524549 0.149559
vt 0.530994 0.147721
vt 0.471067 0.149583
vt 0.471660 0.163516
vt 0.470820 0.137326
vt 0.470934 0.127390
vt 0.471163 0.119815
vt 0.471630 0.779791
vt 0.470053 0.788161
vt 0.472233 0.772091
vt 0.469585 0.733954
vt 0.470169 0.742007
vt 0.468146 0.722449
vt 0.465403 0.705148
vt 0.462170 0.684485
vt 0.459244 0.663479
vt 0.456823 0.642929
vt 0.454995 0.623420
vt 0.453733 0.607038
vt 0.451368 0.574910
vt 0.452240 0.585537
vt 0.450717 0.561329
vt 0.462154 0.574278
vt 0.465064 0.584377
vt 0.449792 0.543979
vt 0.449086 0.527340
vt 0.447436 0.480543
vt 0.447737 0.489120
vt 0.447094 0.471098
vt 0.446714 0.460142
vt 0.446477 0.448958
vt 0.446492 0.438902
vt 0.446551 0.429658
vt 0.450046 0.356180
vt 0.449261 0.363931
vt 0.451381 0.347491
vt 0.453442 0.336215
vt 0.456019 0.321511
vt 0.458820 0.303222
vt 0.461646 0.283209
vt 0.467382 0.240170
vt 0.466220 0.249171
vt 0.468611 0.230664
vt 0.470531 0.214624
vt 0.472078 0.195674
vt 0.472276 0.178622
vt 0.725523 0.635711
vt 0.714372 0.633045
vt 0.715783 0.619864
vt 0.727767 0.621677
vt 0.706443 0.630940
vt 0.706937 0.618603
vt 0.708014 0.607938
vt 0.717245 0.608498
vt 0.729567 0.609653
vt 0.384892 0.617206
vt 0.388529 0.635002
vt 0.371308 0.639425
vt 0.366843 0.621183
vt 0.393505 0.655985
vt 0.377423 0.660791
vt 0.361737 0.666056
vt 0.354438 0.644297
vt 0.349093 0.625571
vt 0.729286 0.572261
vt 0.718576 0.575327
vt 0.718185 0.568945
vt 0.727052 0.564477
vt 0.710333 0.578314
vt 0.711473 0.572650
vt 0.712487 0.568914
vt 0.717358 0.564841
vt 0.724933 0.559243
vt 0.585307 0.441379
vt 0.582297 0.426490
vt 0.592424 0.423730
vt 0.595838 0.439655
vt 0.579932 0.414356
vt 0.589612 0.410888
vt 0.598872 0.408093
vt 0.602027 0.421362
vt 0.605548 0.437948
vt 0.538635 0.131019
vt 0.539802 0.120166
vt 0.542638 0.118832
vt 0.541185 0.129912
vt 0.538942 0.113015
vt 0.543516 0.111617
vt 0.545572 0.111374
vt 0.544689 0.118541
vt 0.543256 0.129532
vt 0.380665 0.593785
vt 0.382510 0.604339
vt 0.364009 0.607940
vt 0.361847 0.597059
vt 0.345691 0.611864
vt 0.343340 0.600516
vt 0.717223 0.599682
vt 0.730588 0.600028
vt 0.706816 0.599944
vt 0.705826 0.593002
vt 0.716943 0.591827
vt 0.730889 0.591185
vt 0.592290 0.473579
vt 0.589001 0.458381
vt 0.599628 0.457797
vt 0.602763 0.473800
vt 0.608838 0.456873
vt 0.611157 0.473476
vt 0.492215 0.823100
vt 0.497189 0.818969
vt 0.500165 0.822750
vt 0.494634 0.826938
vt 0.503037 0.813037
vt 0.506849 0.816856
vt 0.510571 0.820727
vt 0.503179 0.826443
vt 0.497198 0.830577
vt 0.373668 0.529364
vt 0.374989 0.547887
vt 0.355702 0.549539
vt 0.354368 0.530413
vt 0.376883 0.567010
vt 0.357709 0.569339
vt 0.338777 0.571731
vt 0.336680 0.551308
vt 0.335357 0.531806
vt 0.484695 0.827320
vt 0.488066 0.825740
vt 0.490272 0.829708
vt 0.486893 0.831477
vt 0.492655 0.833440
vt 0.489245 0.835379
vt 0.595911 0.489709
vt 0.594482 0.483404
vt 0.604674 0.483748
vt 0.605830 0.489789
vt 0.612257 0.483650
vt 0.612760 0.489670
vt 0.439124 0.796393
vt 0.441190 0.801515
vt 0.435477 0.804390
vt 0.433004 0.799350
vt 0.442973 0.805980
vt 0.437558 0.808795
vt 0.432337 0.811503
vt 0.430002 0.807277
vt 0.427219 0.802449
vt 0.528391 0.513478
vt 0.546571 0.512546
vt 0.528481 0.504860
vt 0.546639 0.504022
vt 0.564658 0.503165
vt 0.564766 0.511698
vt 0.479358 0.828851
vt 0.481973 0.828270
vt 0.484225 0.832641
vt 0.481699 0.833558
vt 0.486612 0.836740
vt 0.484164 0.837875
vt 0.611497 0.562124
vt 0.609052 0.561867
vt 0.610442 0.538105
vt 0.613250 0.535838
vt 0.607137 0.561643
vt 0.608279 0.541223
vt 0.607913 0.524792
vt 0.609770 0.518625
vt 0.613668 0.508147
vt 0.375440 0.440545
vt 0.373839 0.457029
vt 0.358723 0.457232
vt 0.361295 0.438219
vt 0.373024 0.471646
vt 0.357138 0.473746
vt 0.346033 0.475742
vt 0.348214 0.457629
vt 0.351563 0.436562
vt 0.444450 0.809343
vt 0.439169 0.812072
vt 0.445507 0.811486
vt 0.440260 0.814172
vt 0.435231 0.816720
vt 0.434091 0.814661
vt 0.379188 0.411814
vt 0.377307 0.424929
vt 0.364318 0.420428
vt 0.367122 0.406051
vt 0.355451 0.417039
vt 0.358965 0.401643
vt 0.575329 0.652191
vt 0.580997 0.632070
vt 0.590968 0.634069
vt 0.585244 0.654596
vt 0.585771 0.614564
vt 0.595493 0.615630
vt 0.604332 0.610468
vt 0.598839 0.635440
vt 0.593498 0.656697
vt 0.509835 0.804953
vt 0.514648 0.808886
vt 0.517216 0.795251
vt 0.522944 0.799289
vt 0.528481 0.803624
vt 0.519261 0.813008
vt 0.383457 0.382647
vt 0.382545 0.388488
vt 0.370549 0.383774
vt 0.370750 0.378200
vt 0.381733 0.394707
vt 0.370209 0.389461
vt 0.362504 0.385242
vt 0.362044 0.379873
vt 0.357541 0.373649
vt 0.563554 0.693346
vt 0.569452 0.672793
vt 0.579199 0.675313
vt 0.573012 0.695898
vt 0.587767 0.677634
vt 0.581685 0.698370
vt 0.434715 0.785374
vt 0.436954 0.791080
vt 0.430384 0.794221
vt 0.427688 0.788794
vt 0.424251 0.797529
vt 0.421150 0.792311
vt 0.405390 0.313209
vt 0.399172 0.330089
vt 0.390579 0.329570
vt 0.398466 0.311612
vt 0.394458 0.343605
vt 0.384445 0.344060
vt 0.377460 0.344573
vt 0.384701 0.329249
vt 0.393910 0.310386
vt 0.552450 0.729329
vt 0.557694 0.713123
vt 0.566764 0.715744
vt 0.561119 0.732101
vt 0.575347 0.718378
vt 0.569493 0.734971
vt 0.538607 0.194504
vt 0.538019 0.177233
vt 0.540758 0.176414
vt 0.541583 0.194060
vt 0.537564 0.160907
vt 0.540171 0.159763
vt 0.542418 0.159172
vt 0.543185 0.175945
vt 0.544287 0.193762
vt 0.419431 0.275897
vt 0.412326 0.294747
vt 0.406635 0.292928
vt 0.414603 0.274384
vt 0.403031 0.291521
vt 0.411628 0.273214
vt 0.545279 0.747187
vt 0.548483 0.739893
vt 0.556835 0.742877
vt 0.553396 0.750425
vt 0.564970 0.746043
vt 0.561301 0.753864
vt 0.539259 0.227460
vt 0.538936 0.212594
vt 0.542243 0.212323
vt 0.542757 0.227344
vt 0.545334 0.212260
vt 0.546659 0.229581
vt 0.435895 0.226757
vt 0.433704 0.235763
vt 0.429736 0.234875
vt 0.431656 0.226120
vt 0.431060 0.244210
vt 0.427223 0.243205
vt 0.424860 0.242306
vt 0.426968 0.234319
vt 0.426974 0.227732
vt 0.524462 0.784881
vt 0.530853 0.789009
vt 0.530600 0.775156
vt 0.537473 0.779286
vt 0.544225 0.783581
vt 0.537085 0.793372
vt 0.569079 0.368275
vt 0.567569 0.363071
vt 0.575341 0.361633
vt 0.577552 0.366197
vt 0.566150 0.358473
vt 0.573382 0.357645
vt 0.578502 0.356985
vt 0.581076 0.360425
vt 0.586108 0.363035
vt 0.438300 0.091043
vt 0.436372 0.101446
vt 0.433318 0.097565
vt 0.433765 0.085332
vt 0.437424 0.117877
vt 0.434389 0.115212
vt 0.432252 0.114546
vt 0.431296 0.096690
vt 0.431811 0.084324
vt 0.441433 0.192407
vt 0.438983 0.211397
vt 0.435068 0.210789
vt 0.437881 0.191861
vt 0.431900 0.210368
vt 0.435236 0.191493
vt 0.429960 0.771204
vt 0.432379 0.778933
vt 0.424881 0.782658
vt 0.421920 0.775942
vt 0.417865 0.786407
vt 0.414436 0.779950
vt 0.553970 0.312633
vt 0.549146 0.293356
vt 0.552862 0.292394
vt 0.558466 0.311609
vt 0.544910 0.274356
vt 0.548093 0.273631
vt 0.550134 0.273019
vt 0.555296 0.291619
vt 0.561471 0.310761
vt 0.537742 0.145093
vt 0.540266 0.143939
vt 0.542401 0.143414
vt 0.441189 0.155389
vt 0.442069 0.173768
vt 0.438772 0.173051
vt 0.438038 0.154254
vt 0.436372 0.172757
vt 0.435750 0.153898
vt 0.406085 0.699878
vt 0.413111 0.721535
vt 0.401355 0.726201
vt 0.392867 0.704889
vt 0.419955 0.740942
vt 0.408500 0.743776
vt 0.398437 0.748248
vt 0.390056 0.731229
vt 0.380089 0.710286
vt 0.562438 0.344784
vt 0.558680 0.330606
vt 0.564145 0.329833
vt 0.568776 0.344310
vt 0.567879 0.329102
vt 0.573165 0.343746
vt 0.439430 0.136499
vt 0.436351 0.134757
vt 0.434135 0.134283
vt 0.399434 0.677817
vt 0.384713 0.682835
vt 0.370421 0.688297
vt 0.716685 0.563270
vt 0.723959 0.557010
vt 0.711035 0.569009
vt 0.710574 0.568898
vt 0.716419 0.562898
vt 0.723709 0.556523
vt 0.721504 0.661437
vt 0.715281 0.656115
vt 0.714551 0.646283
vt 0.723254 0.650252
vt 0.712214 0.651114
vt 0.709247 0.643000
vt 0.452263 0.105603
vt 0.462509 0.111110
vt 0.444031 0.102600
vt 0.449576 0.099097
vt 0.461770 0.106850
vt 0.556841 0.353851
vt 0.557971 0.359429
vt 0.555066 0.345237
vt 0.564708 0.353334
vt 0.471292 0.114432
vt 0.479115 0.116173
vt 0.471360 0.110957
vt 0.479337 0.112842
vt 0.414309 0.673103
vt 0.409666 0.651500
vt 0.419536 0.695112
vt 0.443748 0.139361
vt 0.442194 0.122707
vt 0.445322 0.157068
vt 0.552149 0.331428
vt 0.548394 0.313815
vt 0.425053 0.716729
vt 0.429655 0.734110
vt 0.446271 0.174742
vt 0.445865 0.193066
vt 0.534958 0.146289
vt 0.534742 0.161954
vt 0.535544 0.132515
vt 0.544360 0.294525
vt 0.540713 0.275273
vt 0.446779 0.763894
vt 0.448738 0.771898
vt 0.440389 0.775408
vt 0.438672 0.768961
vt 0.442264 0.782054
vt 0.443683 0.212095
vt 0.440833 0.227641
vt 0.441573 0.109243
vt 0.535895 0.236573
vt 0.536539 0.244571
vt 0.535599 0.227868
vt 0.539560 0.236124
vt 0.540168 0.244061
vt 0.518046 0.781070
vt 0.511457 0.791540
vt 0.523694 0.771343
vt 0.438806 0.260987
vt 0.431830 0.259487
vt 0.436255 0.245329
vt 0.425962 0.277684
vt 0.426098 0.258076
vt 0.535502 0.212936
vt 0.535470 0.194921
vt 0.540064 0.737039
vt 0.537106 0.744113
vt 0.543615 0.726633
vt 0.419771 0.296839
vt 0.413994 0.315155
vt 0.535085 0.177963
vt 0.548106 0.710472
vt 0.553066 0.690650
vt 0.409250 0.331227
vt 0.405838 0.344001
vt 0.444023 0.788151
vt 0.445674 0.793817
vt 0.557979 0.670007
vt 0.562806 0.649381
vt 0.409491 0.404981
vt 0.408824 0.413090
vt 0.394591 0.407976
vt 0.395479 0.400192
vt 0.393626 0.417471
vt 0.380675 0.402063
vt 0.505024 0.801340
vt 0.499446 0.809310
vt 0.567537 0.629439
vt 0.571542 0.612181
vt 0.392629 0.429393
vt 0.391764 0.443171
vt 0.578722 0.575124
vt 0.577128 0.587886
vt 0.580375 0.559584
vt 0.595248 0.560634
vt 0.593720 0.576563
vt 0.593766 0.590284
vt 0.449675 0.806506
vt 0.448306 0.803258
vt 0.450676 0.808736
vt 0.391195 0.457641
vt 0.390955 0.470783
vt 0.582083 0.541109
vt 0.583232 0.523581
vt 0.599805 0.522724
vt 0.596978 0.541670
vt 0.479811 0.823312
vt 0.477203 0.823451
vt 0.482583 0.822646
vt 0.447065 0.798985
vt 0.580221 0.483338
vt 0.581277 0.489877
vt 0.578620 0.473640
vt 0.485944 0.821279
vt 0.489935 0.818832
vt 0.394341 0.546471
vt 0.393077 0.528595
vt 0.396102 0.564940
vt 0.494447 0.814919
vt 0.576216 0.459181
vt 0.573466 0.443202
vt 0.526391 0.115859
vt 0.533589 0.117113
vt 0.516496 0.116404
vt 0.517345 0.113516
vt 0.528906 0.112828
vt 0.417386 0.598409
vt 0.400942 0.601029
vt 0.399370 0.590812
vt 0.402881 0.613523
vt 0.535782 0.122573
vt 0.571217 0.429268
vt 0.569362 0.417833
vt 0.506321 0.117221
vt 0.496553 0.117654
vt 0.496855 0.114508
vt 0.506604 0.114222
vt 0.405756 0.630892
vt 0.487448 0.117242
vt 0.487746 0.113999
vt 0.413761 0.369217
vt 0.400855 0.367080
vt 0.402272 0.360125
vt 0.412696 0.376655
vt 0.399503 0.373952
vt 0.386367 0.370655
vt 0.388120 0.364675
vt 0.389855 0.358781
vt 0.411804 0.383434
vt 0.398298 0.380426
vt 0.411009 0.390104
vt 0.397247 0.386736
vt 0.384764 0.376694
vt 0.554697 0.403782
vt 0.553535 0.395164
vt 0.564338 0.392064
vt 0.565893 0.400176
vt 0.552456 0.386763
vt 0.562879 0.384197
vt 0.572321 0.381609
vt 0.574062 0.388939
vt 0.575892 0.396546
vt 0.551380 0.379163
vt 0.561486 0.376871
vt 0.550370 0.372356
vt 0.560198 0.370311
vt 0.570666 0.374569
vt 0.583218 0.385907
vt 0.585157 0.393024
vt 0.581340 0.379078
vt 0.590024 0.376632
vt 0.592011 0.383213
vt 0.594040 0.390117
vt 0.579478 0.372295
vt 0.588023 0.369973
vt 0.818656 0.491718
vt 0.822244 0.493385
vt 0.821627 0.510560
vt 0.818244 0.509280
vt 0.825127 0.494717
vt 0.824289 0.511380
vt 0.824830 0.523158
vt 0.822854 0.525266
vt 0.819423 0.524607
vt 0.372169 0.372443
vt 0.374269 0.366918
vt 0.360105 0.367663
vt 0.362356 0.361728
vt 0.434197 0.410446
vt 0.434705 0.401804
vt 0.446874 0.402641
vt 0.446507 0.411574
vt 0.435366 0.393788
vt 0.447423 0.394390
vt 0.459925 0.394463
vt 0.459498 0.402892
vt 0.459237 0.412039
vt 0.435974 0.386721
vt 0.447954 0.387197
vt 0.436534 0.379686
vt 0.448399 0.380075
vt 0.460708 0.379962
vt 0.460356 0.387159
vt 0.487833 0.411765
vt 0.487912 0.402318
vt 0.506516 0.401639
vt 0.506664 0.411188
vt 0.488010 0.393516
vt 0.506379 0.392575
vt 0.524741 0.391219
vt 0.525131 0.400383
vt 0.525558 0.409865
vt 0.488159 0.385950
vt 0.506275 0.384801
vt 0.488324 0.378689
vt 0.506207 0.377543
vt 0.523979 0.376113
vt 0.524344 0.383312
vt 0.472594 0.402754
vt 0.472396 0.412062
vt 0.472878 0.394161
vt 0.473196 0.386746
vt 0.473479 0.379504
vt 0.410231 0.397304
vt 0.422849 0.400120
vt 0.422214 0.408356
vt 0.423564 0.392428
vt 0.424235 0.385517
vt 0.424929 0.378575
vt 0.540704 0.398106
vt 0.541462 0.407233
vt 0.540007 0.389208
vt 0.539284 0.381381
vt 0.538594 0.374346
vt 0.409353 0.506309
vt 0.409849 0.515558
vt 0.392340 0.515702
vt 0.391853 0.506281
vt 0.372917 0.516002
vt 0.372597 0.506445
vt 0.408916 0.497728
vt 0.391502 0.497777
vt 0.391272 0.489521
vt 0.372635 0.498214
vt 0.372761 0.490422
vt 0.372813 0.482271
vt 0.356474 0.484731
vt 0.355936 0.492250
vt 0.343998 0.494422
vt 0.345013 0.487207
vt 0.583089 0.511087
vt 0.582571 0.502473
vt 0.597584 0.502020
vt 0.598213 0.510576
vt 0.436282 0.515419
vt 0.448679 0.515377
vt 0.435877 0.506380
vt 0.448368 0.506356
vt 0.461226 0.506292
vt 0.461429 0.515313
vt 0.490038 0.514860
vt 0.508920 0.514280
vt 0.490007 0.505941
vt 0.508963 0.505504
vt 0.474604 0.515180
vt 0.474494 0.506182
vt 0.423952 0.515478
vt 0.423490 0.506363
vt 0.423043 0.497787
vt 0.435471 0.497803
vt 0.369123 0.396240
vt 0.361414 0.391693
vt 0.596893 0.495411
vt 0.606602 0.495367
vt 0.606900 0.502439
vt 0.613136 0.495533
vt 0.461000 0.497597
vt 0.474323 0.497509
vt 0.489876 0.497456
vt 0.528459 0.497279
vt 0.546597 0.496890
vt 0.564408 0.496349
vt 0.508888 0.497422
vt 0.334656 0.517995
vt 0.353693 0.516660
vt 0.333963 0.507362
vt 0.353684 0.506983
vt 0.354907 0.499264
vt 0.341747 0.500875
vt 0.448051 0.497720
vt 0.421774 0.416808
vt 0.434001 0.419227
vt 0.459239 0.421248
vt 0.472324 0.421389
vt 0.487766 0.421068
vt 0.582009 0.495803
vt 0.391063 0.481033
vt 0.446479 0.420604
vt 0.577829 0.404699
vt 0.587236 0.400991
vt 0.596250 0.398028
vt 0.506831 0.420306
vt 0.526078 0.418723
vt 0.396335 0.393236
vt 0.556027 0.412205
vt 0.567583 0.408468
vt 0.878589 0.621202
vt 0.885699 0.626045
vt 0.885399 0.627583
vt 0.878223 0.623183
vt 0.894344 0.633754
vt 0.893780 0.634629
vt 0.893172 0.636063
vt 0.886508 0.631558
vt 0.878710 0.627336
vt 0.884452 0.664833
vt 0.893991 0.666142
vt 0.895943 0.677254
vt 0.886634 0.677572
vt 0.902151 0.667446
vt 0.903519 0.677110
vt 0.905102 0.687273
vt 0.898309 0.688790
vt 0.889415 0.690367
vt 0.881787 0.642736
vt 0.892919 0.648301
vt 0.893675 0.656923
vt 0.883044 0.653101
vt 0.902997 0.653186
vt 0.903140 0.660373
vt 0.889816 0.639112
vt 0.880138 0.633978
vt 0.898473 0.643582
vt 0.542370 0.415846
vt 0.438723 0.236746
vt 0.822599 0.428345
vt 0.827232 0.432685
vt 0.826263 0.436777
vt 0.822064 0.433138
vt 0.829667 0.435765
vt 0.829348 0.439374
vt 0.828933 0.446919
vt 0.825837 0.444584
vt 0.821840 0.441455
vt 0.826617 0.456486
vt 0.822172 0.453342
vt 0.830173 0.458930
vt 0.830782 0.471693
vt 0.826848 0.469262
vt 0.822016 0.466198
vt 0.381074 0.352736
vt 0.373709 0.353115
vt 0.391654 0.352529
vt 0.379081 0.357810
vt 0.371612 0.357224
vt 0.824280 0.531792
vt 0.820734 0.531573
vt 0.825999 0.526618
vt 0.826686 0.527438
vt 0.824822 0.532996
vt 0.821136 0.532957
vt 0.533196 0.258576
vt 0.538046 0.257798
vt 0.541849 0.257131
vt 0.738935 0.407614
vt 0.744677 0.403543
vt 0.744485 0.404755
vt 0.738966 0.408996
vt 0.748352 0.407934
vt 0.747869 0.408738
vt 0.747191 0.412008
vt 0.743924 0.410925
vt 0.738055 0.415480
vt 0.455177 0.263483
vt 0.464258 0.264061
vt 0.473585 0.264187
vt 0.493519 0.263153
vt 0.505705 0.261881
vt 0.517465 0.260510
vt 0.482996 0.263915
vt 0.446668 0.262401
vt 0.526612 0.259433
vt 0.421931 0.256885
vt 0.419402 0.255914
vt 0.403727 0.353049
vt 0.549489 0.366167
vt 0.559033 0.364617
vt 0.736993 0.447801
vt 0.745371 0.442774
vt 0.747040 0.458421
vt 0.737878 0.463968
vt 0.751326 0.439795
vt 0.753665 0.454803
vt 0.755062 0.466996
vt 0.748183 0.471233
vt 0.738670 0.477628
vt 0.437111 0.371824
vt 0.448780 0.372095
vt 0.460963 0.371901
vt 0.488458 0.370768
vt 0.506163 0.369913
vt 0.523672 0.368897
vt 0.473683 0.371448
vt 0.425743 0.370855
vt 0.537994 0.367632
vt 0.368802 0.360235
vt 0.376858 0.362235
vt 0.544720 0.256624
vt 0.543016 0.243668
vt 0.544861 0.243215
vt 0.546538 0.256131
vt 0.739027 0.513635
vt 0.746360 0.506267
vt 0.746325 0.509006
vt 0.739217 0.516541
vt 0.750675 0.500812
vt 0.751539 0.501266
vt 0.752237 0.501668
vt 0.746834 0.509830
vt 0.739722 0.517586
vt 0.748544 0.481733
vt 0.739053 0.489175
vt 0.755403 0.476869
vt 0.754600 0.485748
vt 0.748130 0.491030
vt 0.739095 0.499098
vt 0.571566 0.352863
vt 0.576356 0.352348
vt 0.542719 0.235807
vt 0.545004 0.235698
vt 0.397828 0.579504
vt 0.378805 0.582097
vt 0.557076 0.596950
vt 0.574643 0.599157
vt 0.589482 0.601477
vt 0.359831 0.584959
vt 0.341094 0.587940
vt 0.441754 0.595858
vt 0.452901 0.595244
vt 0.464371 0.594819
vt 0.489757 0.594680
vt 0.506380 0.594654
vt 0.490187 0.586833
vt 0.506327 0.586764
vt 0.523754 0.594653
vt 0.476139 0.594744
vt 0.477071 0.586535
vt 0.430502 0.596783
vt 0.540204 0.595401
vt 0.597955 0.602444
vt 0.599457 0.594391
vt 0.602399 0.590613
vt 0.602788 0.597435
vt 0.606416 0.582822
vt 0.604974 0.579191
vt 0.608639 0.585743
vt 0.606370 0.511045
vt 0.605945 0.518397
vt 0.702366 0.600084
vt 0.701056 0.593536
vt 0.704076 0.607750
vt 0.703350 0.607730
vt 0.701579 0.600117
vt 0.700230 0.593595
vt 0.707697 0.585499
vt 0.703394 0.586443
vt 0.706816 0.579591
vt 0.702632 0.586527
vt 0.706155 0.579709
vt 0.708597 0.574053
vt 0.708014 0.574165
vt 0.703158 0.618110
vt 0.703060 0.630065
vt 0.702387 0.629958
vt 0.702446 0.618036
vt 0.707174 0.641932
vt 0.712204 0.652182
vt 0.711945 0.652505
vt 0.706663 0.641885
vt 0.717762 0.583395
vt 0.730543 0.581628
vt 0.720378 0.667016
vt 0.715295 0.660736
vt 0.715485 0.660081
vt 0.720641 0.666195
vt 0.811925 0.674447
vt 0.804494 0.677612
vt 0.804574 0.676036
vt 0.811969 0.672796
vt 0.792208 0.681534
vt 0.792371 0.680032
vt 0.793954 0.674232
vt 0.806300 0.670598
vt 0.814042 0.667544
vt 0.775790 0.684778
vt 0.776121 0.683325
vt 0.760567 0.685407
vt 0.761059 0.684024
vt 0.763307 0.677461
vt 0.778077 0.677032
vt 0.750911 0.682134
vt 0.751428 0.680886
vt 0.742509 0.676962
vt 0.742925 0.675852
vt 0.744316 0.670063
vt 0.753315 0.674567
vt 0.730928 0.672067
vt 0.731262 0.671105
vt 0.732500 0.665837
vt 0.829538 0.609939
vt 0.821144 0.608034
vt 0.821808 0.599540
vt 0.829771 0.601668
vt 0.809445 0.605168
vt 0.810174 0.596059
vt 0.810731 0.585623
vt 0.822338 0.589775
vt 0.829783 0.592268
vt 0.796315 0.601630
vt 0.796311 0.591402
vt 0.782643 0.598267
vt 0.781708 0.587045
vt 0.779841 0.574825
vt 0.795845 0.579998
vt 0.769040 0.595810
vt 0.767634 0.584353
vt 0.756025 0.593873
vt 0.754600 0.582770
vt 0.751448 0.570879
vt 0.764783 0.571946
vt 0.743737 0.592081
vt 0.742639 0.581618
vt 0.740003 0.570850
vt 0.810095 0.658558
vt 0.818599 0.656053
vt 0.797445 0.661248
vt 0.801467 0.645681
vt 0.814250 0.644367
vt 0.823413 0.642854
vt 0.782319 0.662852
vt 0.768066 0.662622
vt 0.773583 0.644801
vt 0.787265 0.645833
vt 0.757165 0.660245
vt 0.747024 0.656861
vt 0.750230 0.640464
vt 0.761660 0.642830
vt 0.734994 0.653649
vt 0.737940 0.638150
vt 0.829463 0.573233
vt 0.822958 0.569756
vt 0.823132 0.565587
vt 0.829368 0.569233
vt 0.811547 0.564651
vt 0.811833 0.560363
vt 0.812153 0.559003
vt 0.823514 0.564142
vt 0.829776 0.567717
vt 0.794895 0.558732
vt 0.794873 0.554503
vt 0.775760 0.553631
vt 0.775099 0.549541
vt 0.775119 0.548409
vt 0.795071 0.553237
vt 0.757434 0.550958
vt 0.756043 0.547002
vt 0.742527 0.551163
vt 0.740743 0.547520
vt 0.740460 0.546762
vt 0.755875 0.546058
vt 0.732546 0.554233
vt 0.731019 0.551252
vt 0.730728 0.550649
vt 0.827908 0.625191
vt 0.818955 0.624091
vt 0.820231 0.616019
vt 0.828920 0.617710
vt 0.806855 0.622442
vt 0.808398 0.613628
vt 0.793878 0.620369
vt 0.795549 0.610866
vt 0.780762 0.618109
vt 0.782339 0.608149
vt 0.767797 0.615877
vt 0.769065 0.605801
vt 0.754998 0.613662
vt 0.756076 0.603633
vt 0.742296 0.611480
vt 0.743506 0.601514
vt 0.822751 0.578758
vt 0.829685 0.581768
vt 0.811192 0.574043
vt 0.795273 0.568084
vt 0.777556 0.562771
vt 0.760813 0.559938
vt 0.746709 0.559548
vt 0.736049 0.561152
vt 0.817141 0.633014
vt 0.826368 0.632885
vt 0.804622 0.632722
vt 0.791175 0.631611
vt 0.777892 0.629892
vt 0.765310 0.627887
vt 0.752991 0.625779
vt 0.740420 0.623681
vt 0.907503 0.655184
vt 0.907407 0.661794
vt 0.908615 0.655294
vt 0.908478 0.662028
vt 0.906908 0.668101
vt 0.905855 0.668009
vt 0.908124 0.686650
vt 0.906326 0.694037
vt 0.904282 0.695332
vt 0.909092 0.686600
vt 0.907198 0.694087
vt 0.903925 0.701083
vt 0.903244 0.700800
vt 0.902675 0.700664
vt 0.903127 0.644784
vt 0.902156 0.644982
vt 0.906932 0.677073
vt 0.907951 0.677026
vt 0.894630 0.710253
vt 0.899868 0.705604
vt 0.900145 0.708310
vt 0.895634 0.713857
vt 0.900623 0.708944
vt 0.895985 0.714776
vt 0.899502 0.698755
vt 0.892362 0.701948
vt 0.872811 0.691525
vt 0.880612 0.691163
vt 0.883722 0.702569
vt 0.874993 0.701781
vt 0.886495 0.710663
vt 0.877171 0.708729
vt 0.887731 0.714358
vt 0.878147 0.712248
vt 0.887909 0.715631
vt 0.878181 0.713977
vt 0.868877 0.622270
vt 0.873016 0.624384
vt 0.873464 0.630384
vt 0.869016 0.627966
vt 0.874296 0.639008
vt 0.869481 0.636626
vt 0.875475 0.650738
vt 0.870248 0.649333
vt 0.876889 0.664286
vt 0.871070 0.664151
vt 0.878438 0.678077
vt 0.871701 0.678648
vt 0.869741 0.615587
vt 0.873525 0.617958
vt 0.873015 0.620222
vt 0.869101 0.618050
vt 0.861256 0.608508
vt 0.862929 0.610937
vt 0.861361 0.614142
vt 0.857301 0.615409
vt 0.864161 0.612033
vt 0.863058 0.614760
vt 0.862552 0.619180
vt 0.860828 0.618714
vt 0.856604 0.619878
vt 0.856805 0.663482
vt 0.860534 0.663509
vt 0.860324 0.679615
vt 0.856752 0.679151
vt 0.862582 0.663654
vt 0.862443 0.679507
vt 0.862361 0.692347
vt 0.860093 0.692391
vt 0.856663 0.691587
vt 0.856728 0.632977
vt 0.860761 0.632220
vt 0.860655 0.646411
vt 0.856769 0.646845
vt 0.862540 0.632921
vt 0.862572 0.646905
vt 0.860735 0.623776
vt 0.856597 0.624732
vt 0.862461 0.624394
vt 0.856736 0.704326
vt 0.859876 0.705753
vt 0.860056 0.709868
vt 0.857352 0.708196
vt 0.862840 0.706460
vt 0.863246 0.710095
vt 0.863535 0.712701
vt 0.860811 0.713018
vt 0.858981 0.714252
vt 0.859895 0.700602
vt 0.856597 0.699497
vt 0.862508 0.701010
vt 0.830888 0.435578
vt 0.830942 0.440281
vt 0.832050 0.435240
vt 0.832071 0.440400
vt 0.831597 0.447938
vt 0.830508 0.447851
vt 0.826617 0.495329
vt 0.825699 0.512341
vt 0.827458 0.495519
vt 0.826447 0.512610
vt 0.831935 0.459925
vt 0.832996 0.460002
vt 0.833714 0.472927
vt 0.832695 0.472722
vt 0.830084 0.483142
vt 0.828340 0.482312
vt 0.831001 0.483427
vt 0.823761 0.424959
vt 0.828944 0.430089
vt 0.828055 0.430994
vt 0.823038 0.426096
vt 0.824819 0.480421
vt 0.820480 0.478028
vt 0.801618 0.450320
vt 0.807565 0.455475
vt 0.806934 0.468758
vt 0.801171 0.464010
vt 0.812967 0.459926
vt 0.812068 0.472815
vt 0.811266 0.487562
vt 0.806572 0.483577
vt 0.801110 0.478709
vt 0.802361 0.407883
vt 0.807563 0.411444
vt 0.807036 0.412937
vt 0.801829 0.409458
vt 0.812862 0.415386
vt 0.812290 0.416777
vt 0.812356 0.419651
vt 0.807114 0.415788
vt 0.801816 0.412130
vt 0.803256 0.508919
vt 0.808563 0.515941
vt 0.809777 0.523077
vt 0.804327 0.515685
vt 0.812768 0.521085
vt 0.814080 0.528344
vt 0.814288 0.529955
vt 0.809891 0.524776
vt 0.804395 0.517439
vt 0.802362 0.424440
vt 0.808097 0.429720
vt 0.808029 0.441880
vt 0.802115 0.436411
vt 0.813346 0.434410
vt 0.813408 0.446620
vt 0.807651 0.421086
vt 0.802155 0.416623
vt 0.812872 0.425348
vt 0.807128 0.501056
vt 0.801872 0.495170
vt 0.811448 0.505576
vt 0.787350 0.468304
vt 0.788527 0.468672
vt 0.788823 0.482499
vt 0.787747 0.482040
vt 0.790728 0.470361
vt 0.791120 0.484631
vt 0.791870 0.495928
vt 0.789469 0.493291
vt 0.788421 0.492708
vt 0.788756 0.405304
vt 0.790864 0.404679
vt 0.790762 0.407490
vt 0.788710 0.408034
vt 0.792837 0.405855
vt 0.792780 0.408906
vt 0.792561 0.415236
vt 0.790487 0.413498
vt 0.788545 0.413926
vt 0.789856 0.424957
vt 0.788100 0.425067
vt 0.791985 0.426826
vt 0.791325 0.441322
vt 0.789172 0.439511
vt 0.787634 0.439275
vt 0.790100 0.499089
vt 0.789103 0.498645
vt 0.792606 0.501795
vt 0.792623 0.503600
vt 0.790235 0.501107
vt 0.789059 0.503264
vt 0.791003 0.398949
vt 0.792176 0.400359
vt 0.791224 0.402256
vt 0.789112 0.402880
vt 0.793802 0.401833
vt 0.793117 0.403497
vt 0.788687 0.454223
vt 0.787350 0.453868
vt 0.790852 0.455878
vt 0.751353 0.421505
vt 0.750695 0.421828
vt 0.754731 0.438404
vt 0.753915 0.438641
vt 0.748746 0.423046
vt 0.757441 0.483718
vt 0.755150 0.492698
vt 0.752770 0.494492
vt 0.758423 0.483559
vt 0.756036 0.492680
vt 0.758108 0.465318
vt 0.758431 0.474974
vt 0.759173 0.465040
vt 0.759488 0.474747
vt 0.756576 0.453371
vt 0.757541 0.453096
vt 0.747183 0.499776
vt 0.739025 0.507579
vt 0.744010 0.425071
vt 0.736933 0.429943
vt 0.724400 0.434066
vt 0.730584 0.424847
vt 0.728793 0.437866
vt 0.722565 0.445610
vt 0.728065 0.454541
vt 0.721109 0.460546
vt 0.722153 0.516784
vt 0.729499 0.508662
vt 0.729919 0.516372
vt 0.722787 0.523727
vt 0.730342 0.521363
vt 0.723359 0.527700
vt 0.720902 0.491441
vt 0.728636 0.485135
vt 0.729082 0.498052
vt 0.721446 0.505578
vt 0.730816 0.524109
vt 0.724056 0.530286
vt 0.731424 0.525345
vt 0.724822 0.531657
vt 0.728175 0.470573
vt 0.720665 0.476160
vt 0.725893 0.426524
vt 0.731782 0.417120
vt 0.731867 0.418733
vt 0.726022 0.428353
vt 0.722411 0.428923
vt 0.723401 0.430689
vt 0.723284 0.432855
vt 0.722575 0.433664
vt 0.721908 0.438660
vt 0.720994 0.439627
vt 0.716875 0.463968
vt 0.717960 0.463375
vt 0.717270 0.478770
vt 0.716057 0.479325
vt 0.717409 0.494369
vt 0.716057 0.494951
vt 0.718350 0.531083
vt 0.720197 0.530737
vt 0.721054 0.533369
vt 0.719156 0.533762
vt 0.722162 0.534921
vt 0.721212 0.537109
vt 0.718003 0.509064
vt 0.716504 0.509671
vt 0.718847 0.520562
vt 0.717223 0.521159
vt 0.719571 0.527178
vt 0.717859 0.527677
vt 0.719760 0.449312
vt 0.718785 0.450078
vt 0.970595 0.468168
vt 0.973293 0.454982
vt 0.975319 0.456191
vt 0.972724 0.469825
vt 0.976165 0.439794
vt 0.978126 0.440483
vt 0.980163 0.440107
vt 0.977631 0.455639
vt 0.975249 0.468848
vt 0.937368 0.433725
vt 0.938029 0.428798
vt 0.947340 0.436387
vt 0.945523 0.443281
vt 0.938526 0.421744
vt 0.949015 0.427474
vt 0.961385 0.433553
vt 0.958672 0.444961
vt 0.955873 0.454479
vt 0.600250 0.586600
vt 0.599336 0.587299
vt 0.600072 0.576784
vt 0.601248 0.576558
vt 0.601697 0.561116
vt 0.602886 0.561108
vt 0.603200 0.542440
vt 0.604289 0.542655
vt 0.604474 0.527016
vt 0.605178 0.527679
vt 0.606035 0.521738
vt 0.606037 0.522395
vt 0.607031 0.527395
vt 0.606713 0.527865
vt 0.605716 0.561332
vt 0.606123 0.561502
vt 0.604208 0.577450
vt 0.603858 0.576890
vt 0.602141 0.587736
vt 0.601928 0.586897
vt 0.600375 0.591062
vt 0.600572 0.590105
vt 0.607179 0.542664
vt 0.606767 0.542863
vt 0.930923 0.421552
vt 0.930726 0.413057
vt 0.934810 0.411671
vt 0.934705 0.419476
vt 0.931870 0.403624
vt 0.935911 0.403650
vt 0.939461 0.405285
vt 0.938659 0.413617
vt 0.976474 0.427370
vt 0.978371 0.427702
vt 0.974489 0.417927
vt 0.976312 0.418169
vt 0.977653 0.417028
vt 0.980127 0.427046
vt 0.931067 0.432940
vt 0.931241 0.428334
vt 0.934707 0.425940
vt 0.934513 0.430287
vt 0.967689 0.451294
vt 0.964753 0.463087
vt 0.970688 0.437628
vt 0.889361 0.337427
vt 0.886812 0.327918
vt 0.898340 0.319947
vt 0.899783 0.326906
vt 0.884603 0.316463
vt 0.897231 0.310953
vt 0.907957 0.305900
vt 0.907940 0.313126
vt 0.908212 0.318162
vt 0.874864 0.350968
vt 0.872005 0.337764
vt 0.877663 0.334055
vt 0.880571 0.345814
vt 0.869438 0.322362
vt 0.875059 0.320275
vt 0.872263 0.300398
vt 0.875704 0.293329
vt 0.880586 0.292070
vt 0.877384 0.299714
vt 0.879093 0.286609
vt 0.883856 0.284308
vt 0.890549 0.280583
vt 0.888339 0.289276
vt 0.886211 0.297533
vt 0.897916 0.284773
vt 0.898018 0.293234
vt 0.897669 0.275980
vt 0.903117 0.272067
vt 0.905836 0.280500
vt 0.908109 0.288846
vt 0.961966 0.423412
vt 0.971189 0.426202
vt 0.960857 0.414511
vt 0.969478 0.417002
vt 0.884595 0.306340
vt 0.897441 0.301934
vt 0.908464 0.297511
vt 0.869719 0.309789
vt 0.875130 0.308798
vt 0.949383 0.418504
vt 0.949264 0.409852
vt 0.939454 0.387001
vt 0.942820 0.379194
vt 0.944654 0.379021
vt 0.941954 0.387243
vt 0.946561 0.373922
vt 0.947413 0.375099
vt 0.947580 0.376446
vt 0.945960 0.380521
vt 0.944054 0.388724
vt 0.968337 0.403682
vt 0.965555 0.395819
vt 0.967259 0.396812
vt 0.970143 0.404515
vt 0.963480 0.389866
vt 0.964152 0.389336
vt 0.964980 0.389021
vt 0.967944 0.394931
vt 0.970992 0.402779
vt 0.941554 0.397128
vt 0.949546 0.401440
vt 0.949748 0.392712
vt 0.957000 0.397424
vt 0.959074 0.406168
vt 0.971486 0.410657
vt 0.973260 0.411142
vt 0.974139 0.409614
vt 0.935235 0.394853
vt 0.938563 0.395636
vt 0.966712 0.409157
vt 0.963628 0.401251
vt 0.954033 0.380561
vt 0.949801 0.377289
vt 0.949584 0.374991
vt 0.953725 0.377671
vt 0.951334 0.373334
vt 0.956622 0.377690
vt 0.959449 0.385608
vt 0.959125 0.383125
vt 0.961626 0.383750
vt 0.955097 0.388037
vt 0.961059 0.392493
vt 0.892479 0.271154
vt 0.897837 0.266828
vt 0.893662 0.263675
vt 0.898019 0.259916
vt 0.900374 0.258981
vt 0.901430 0.263754
vt 0.881809 0.278908
vt 0.886472 0.275622
vt 0.884005 0.272980
vt 0.888085 0.268648
vt 0.949664 0.383710
vt 0.876192 0.358526
vt 0.876017 0.357114
vt 0.881851 0.351261
vt 0.882079 0.352485
vt 0.890553 0.341771
vt 0.890806 0.342730
vt 0.900487 0.330055
vt 0.900676 0.330754
vt 0.908363 0.320412
vt 0.908464 0.320921
vt 0.954339 0.459817
vt 0.954613 0.458852
vt 0.963552 0.468614
vt 0.963338 0.469862
vt 0.969691 0.474410
vt 0.969577 0.475846
vt 0.930726 0.435635
vt 0.930743 0.435111
vt 0.934314 0.432184
vt 0.934254 0.432627
vt 0.937076 0.435946
vt 0.936940 0.436429
vt 0.944679 0.446410
vt 0.944451 0.447092
vt 0.971965 0.476254
vt 0.971870 0.477721
vt 0.974494 0.474883
vt 0.974332 0.476244
vt 0.866487 0.613595
vt 0.865671 0.616214
vt 0.865281 0.620507
vt 0.866176 0.663923
vt 0.866253 0.679151
vt 0.866592 0.691957
vt 0.865511 0.634547
vt 0.865856 0.648009
vt 0.865279 0.625927
vt 0.868840 0.707211
vt 0.869486 0.710686
vt 0.869536 0.712901
vt 0.867618 0.701255
vt 0.817554 0.463277
vt 0.816379 0.475692
vt 0.815125 0.490032
vt 0.818279 0.419972
vt 0.817635 0.421242
vt 0.817509 0.423883
vt 0.816163 0.523479
vt 0.817444 0.530643
vt 0.817785 0.532131
vt 0.817787 0.438179
vt 0.817920 0.450234
vt 0.817613 0.429322
vt 0.814972 0.507954
vt 0.795324 0.473960
vt 0.795951 0.489219
vt 0.797030 0.501602
vt 0.796712 0.408611
vt 0.796831 0.412263
vt 0.796788 0.419227
vt 0.796355 0.430987
vt 0.795777 0.445227
vt 0.797923 0.507874
vt 0.797966 0.509660
vt 0.797424 0.404498
vt 0.796846 0.406135
vt 0.795353 0.459391
vt 0.829897 0.641302
vt 0.827700 0.642025
vt 0.830673 0.632778
vt 0.832628 0.632653
vt 0.832083 0.625686
vt 0.833950 0.625808
vt 0.834647 0.593995
vt 0.833125 0.593399
vt 0.832768 0.583195
vt 0.834352 0.584349
vt 0.832437 0.574853
vt 0.835064 0.576020
vt 0.832965 0.618488
vt 0.834772 0.618734
vt 0.833421 0.610806
vt 0.835152 0.611107
vt 0.832264 0.570951
vt 0.834819 0.572137
vt 0.832634 0.569385
vt 0.835152 0.570561
vt 0.822052 0.663921
vt 0.817793 0.665932
vt 0.822617 0.654671
vt 0.825380 0.652963
vt 0.833408 0.602616
vt 0.835031 0.602957
vt 0.819737 0.670799
vt 0.815591 0.672745
vt 0.815609 0.671060
vt 0.819692 0.669111
vt 0.520292 0.761087
vt 0.527816 0.763572
vt 0.523224 0.754565
vt 0.531111 0.757019
vt 0.538750 0.760521
vt 0.535134 0.767264
vt 0.525975 0.748191
vt 0.534164 0.750599
vt 0.542090 0.753895
vt 0.966299 0.164684
vt 0.965730 0.164421
vt 0.966911 0.160638
vt 0.967524 0.160732
vt 0.964850 0.164066
vt 0.965963 0.160517
vt 0.965987 0.156862
vt 0.966928 0.156743
vt 0.967550 0.156662
vt 0.960609 0.171119
vt 0.960252 0.170604
vt 0.963454 0.167824
vt 0.963931 0.168231
vt 0.959683 0.169869
vt 0.962703 0.167258
vt 0.420429 0.752165
vt 0.412797 0.754910
vt 0.422338 0.759058
vt 0.415778 0.762332
vt 0.407516 0.766520
vt 0.403853 0.759168
vt 0.425055 0.765332
vt 0.418743 0.769166
vt 0.410958 0.773279
vt 0.542411 0.771254
vt 0.546332 0.764271
vt 0.553748 0.768173
vt 0.549535 0.775371
vt 0.549954 0.757392
vt 0.557622 0.761070
vt 0.465345 0.766363
vt 0.471969 0.764565
vt 0.464430 0.758780
vt 0.471307 0.757027
vt 0.477719 0.755917
vt 0.478182 0.763357
vt 0.463600 0.751213
vt 0.470684 0.749504
vt 0.477238 0.748503
vt 0.491484 0.761780
vt 0.497550 0.761109
vt 0.491635 0.754585
vt 0.498524 0.754029
vt 0.505970 0.753609
vt 0.504092 0.760530
vt 0.491668 0.747453
vt 0.499390 0.747033
vt 0.507753 0.746802
vt 0.484844 0.762492
vt 0.484574 0.755173
vt 0.484222 0.747899
vt 0.457399 0.768876
vt 0.456211 0.761281
vt 0.447984 0.755602
vt 0.455355 0.753682
vt 0.512074 0.760290
vt 0.514582 0.753601
vt 0.516967 0.747051
vt 0.427854 0.747823
vt 0.426318 0.746445
vt 0.431814 0.743033
vt 0.430421 0.745761
vt 0.437942 0.741803
vt 0.437053 0.744203
vt 0.433917 0.744407
vt 0.432140 0.745145
vt 0.441625 0.745277
vt 0.439571 0.745363
vt 0.443695 0.750078
vt 0.443093 0.750353
vt 0.441962 0.747645
vt 0.440803 0.746537
vt 0.443970 0.755574
vt 0.443482 0.753352
vt 0.442406 0.760902
vt 0.441337 0.759654
vt 0.442771 0.756889
vt 0.443233 0.755045
vt 0.426269 0.757053
vt 0.425633 0.757409
vt 0.424942 0.751976
vt 0.425771 0.754079
vt 0.426414 0.750563
vt 0.426033 0.752373
vt 0.432570 0.763183
vt 0.432070 0.765279
vt 0.428180 0.762095
vt 0.429993 0.762015
vt 0.427540 0.759733
vt 0.428686 0.760838
vt 0.437575 0.764148
vt 0.438928 0.761677
vt 0.435562 0.763026
vt 0.437266 0.762266
vt 0.936427 0.168432
vt 0.936910 0.168033
vt 0.939936 0.170713
vt 0.939574 0.171224
vt 0.937669 0.167467
vt 0.940520 0.169980
vt 0.944001 0.171744
vt 0.943630 0.172595
vt 0.943406 0.173180
vt 0.952159 0.174192
vt 0.952087 0.173566
vt 0.956360 0.172557
vt 0.956580 0.173143
vt 0.951978 0.172649
vt 0.956010 0.171704
vt 0.948396 0.143511
vt 0.948472 0.144135
vt 0.944205 0.145147
vt 0.943982 0.144564
vt 0.948584 0.145046
vt 0.944559 0.145994
vt 0.940893 0.147831
vt 0.940320 0.147103
vt 0.939960 0.146592
vt 0.957154 0.144522
vt 0.956929 0.145105
vt 0.952799 0.144133
vt 0.952876 0.143513
vt 0.956558 0.145950
vt 0.952664 0.145039
vt 0.937125 0.149886
vt 0.936644 0.149484
vt 0.937879 0.150443
vt 0.935735 0.153637
vt 0.934852 0.153291
vt 0.934281 0.153033
vt 0.933671 0.157074
vt 0.933050 0.156987
vt 0.934619 0.157185
vt 0.934587 0.160839
vt 0.933644 0.160967
vt 0.933029 0.161055
vt 0.428332 0.748212
vt 0.428235 0.748160
vt 0.430107 0.746480
vt 0.430102 0.746593
vt 0.432165 0.745393
vt 0.432191 0.745458
vt 0.440680 0.746771
vt 0.440714 0.746716
vt 0.442105 0.748306
vt 0.442095 0.748415
vt 0.443047 0.750390
vt 0.443008 0.750410
vt 0.443131 0.754928
vt 0.443171 0.754945
vt 0.442407 0.757140
vt 0.442335 0.757161
vt 0.441087 0.759238
vt 0.441039 0.759166
vt 0.426412 0.756970
vt 0.426353 0.756995
vt 0.425974 0.754683
vt 0.426052 0.754749
vt 0.426162 0.752445
vt 0.426235 0.752448
vt 0.432748 0.762406
vt 0.432696 0.762529
vt 0.430511 0.761838
vt 0.430622 0.761781
vt 0.428729 0.760658
vt 0.428783 0.760601
vt 0.439249 0.760898
vt 0.439287 0.760768
vt 0.437234 0.761989
vt 0.437239 0.761912
vt 0.434391 0.744828
vt 0.434460 0.744916
vt 0.436779 0.744823
vt 0.436737 0.744937
vt 0.438951 0.745531
vt 0.438855 0.745585
vt 0.443362 0.752695
vt 0.443307 0.752620
vt 0.426899 0.750257
vt 0.427014 0.750217
vt 0.427328 0.759070
vt 0.427352 0.758958
vt 0.435047 0.762559
vt 0.435004 0.762460
vt 0.428781 0.748339
vt 0.428741 0.748318
vt 0.430444 0.746827
vt 0.430472 0.746870
vt 0.428671 0.748289
vt 0.430443 0.746771
vt 0.432361 0.745691
vt 0.432410 0.745725
vt 0.432411 0.745780
vt 0.440438 0.747025
vt 0.440476 0.747002
vt 0.441846 0.748592
vt 0.441803 0.748617
vt 0.440516 0.746963
vt 0.441893 0.748566
vt 0.442763 0.750514
vt 0.442712 0.750535
vt 0.442666 0.750555
vt 0.442753 0.754920
vt 0.442829 0.754918
vt 0.442063 0.757064
vt 0.441983 0.757013
vt 0.442870 0.754946
vt 0.442105 0.757075
vt 0.440890 0.758992
vt 0.440845 0.758928
vt 0.440738 0.758922
vt 0.426893 0.756797
vt 0.426845 0.756818
vt 0.426487 0.754640
vt 0.426536 0.754624
vt 0.426800 0.756836
vt 0.426443 0.754653
vt 0.426631 0.752396
vt 0.426691 0.752380
vt 0.426744 0.752385
vt 0.433019 0.762037
vt 0.433013 0.762098
vt 0.430952 0.761493
vt 0.431007 0.761463
vt 0.432995 0.762146
vt 0.430927 0.761547
vt 0.429132 0.760399
vt 0.429171 0.760374
vt 0.429215 0.760344
vt 0.439163 0.760483
vt 0.439151 0.760397
vt 0.439226 0.760523
vt 0.437262 0.761634
vt 0.437274 0.761571
vt 0.437244 0.761535
vt 0.434512 0.745215
vt 0.434522 0.745273
vt 0.434560 0.745162
vt 0.436702 0.745181
vt 0.436681 0.745235
vt 0.436637 0.745284
vt 0.438710 0.745869
vt 0.438675 0.745900
vt 0.438730 0.745831
vt 0.443003 0.752692
vt 0.442959 0.752706
vt 0.443057 0.752676
vt 0.427487 0.750237
vt 0.427530 0.750249
vt 0.427395 0.750256
vt 0.427766 0.758771
vt 0.427813 0.758746
vt 0.427724 0.758792
vt 0.435134 0.762112
vt 0.435155 0.762044
vt 0.435124 0.762158
vt 0.963401 0.163534
vt 0.964407 0.160342
vt 0.961379 0.162806
vt 0.962233 0.160104
vt 0.962254 0.157318
vt 0.964431 0.157051
vt 0.958741 0.168745
vt 0.961463 0.166402
vt 0.957432 0.167209
vt 0.959736 0.165230
vt 0.938925 0.166595
vt 0.941495 0.168850
vt 0.940677 0.165395
vt 0.942853 0.167299
vt 0.945503 0.168631
vt 0.944628 0.170431
vt 0.951807 0.171237
vt 0.955434 0.170391
vt 0.951570 0.169309
vt 0.954635 0.168595
vt 0.948757 0.146446
vt 0.945135 0.147295
vt 0.948994 0.148359
vt 0.945933 0.149075
vt 0.943142 0.150464
vt 0.941835 0.148943
vt 0.955931 0.147251
vt 0.952428 0.146436
vt 0.955056 0.149035
vt 0.952096 0.148350
vt 0.939119 0.151287
vt 0.940843 0.152443
vt 0.939202 0.154868
vt 0.937183 0.154156
vt 0.936175 0.157347
vt 0.938345 0.157569
vt 0.938318 0.160354
vt 0.936142 0.160636
vt 0.947760 0.173560
vt 0.947682 0.174180
vt 0.947897 0.172650
vt 0.934757 0.164705
vt 0.934185 0.164960
vt 0.935640 0.164347
vt 0.965811 0.153001
vt 0.966385 0.152750
vt 0.964927 0.153352
vt 0.962893 0.150229
vt 0.963652 0.149671
vt 0.964136 0.149273
vt 0.960623 0.146988
vt 0.960986 0.146479
vt 0.960039 0.147715
vt 0.955825 0.165426
vt 0.957639 0.163853
vt 0.953838 0.163789
vt 0.955189 0.162490
vt 0.956199 0.160936
vt 0.958940 0.161929
vt 0.942664 0.164047
vt 0.944398 0.165491
vt 0.944117 0.163115
vt 0.945603 0.163748
vt 0.947478 0.164550
vt 0.946523 0.166535
vt 0.951291 0.167143
vt 0.953642 0.166542
vt 0.951036 0.165598
vt 0.952294 0.164801
vt 0.949271 0.150509
vt 0.946923 0.151110
vt 0.949523 0.152037
vt 0.948266 0.152824
vt 0.946722 0.153828
vt 0.944744 0.152227
vt 0.954035 0.151114
vt 0.951681 0.150550
vt 0.953076 0.153066
vt 0.951093 0.152491
vt 0.942934 0.153801
vt 0.945370 0.155129
vt 0.944360 0.156687
vt 0.941634 0.155726
vt 0.940947 0.157869
vt 0.943771 0.158392
vt 0.943637 0.160127
vt 0.940912 0.160076
vt 0.959884 0.152273
vt 0.957895 0.153605
vt 0.956160 0.152159
vt 0.957706 0.150369
vt 0.956441 0.154520
vt 0.954952 0.153876
vt 0.948133 0.171243
vt 0.948465 0.169316
vt 0.937096 0.163791
vt 0.939126 0.163024
vt 0.963472 0.153895
vt 0.961440 0.154646
vt 0.961637 0.151089
vt 0.959065 0.148833
vt 0.948824 0.161694
vt 0.949513 0.160282
vt 0.952422 0.161330
vt 0.951428 0.162622
vt 0.950260 0.158775
vt 0.953270 0.159867
vt 0.951714 0.155835
vt 0.952347 0.154550
vt 0.954482 0.155372
vt 0.954293 0.156796
vt 0.956671 0.155841
vt 0.956921 0.157489
vt 0.950175 0.153826
vt 0.949118 0.154938
vt 0.948116 0.156236
vt 0.947263 0.157709
vt 0.951013 0.157254
vt 0.953909 0.158317
vt 0.956788 0.159226
vt 0.946628 0.159249
vt 0.946252 0.160764
vt 0.943887 0.161783
vt 0.946069 0.162214
vt 0.948201 0.163015
vt 0.950377 0.163760
vt 0.949463 0.165132
vt 0.959624 0.159785
vt 0.959656 0.157577
vt 0.948879 0.167099
vt 0.941515 0.162189
vt 0.959049 0.155463
vt 0.964433 0.149060
vt 0.964356 0.149091
vt 0.961150 0.146245
vt 0.961209 0.146194
vt 0.957253 0.144253
vt 0.957286 0.144187
vt 0.967920 0.156630
vt 0.967833 0.156626
vt 0.966646 0.152635
vt 0.966732 0.152623
vt 0.932661 0.161090
vt 0.932746 0.161093
vt 0.933924 0.165077
vt 0.933841 0.165090
vt 0.936209 0.168615
vt 0.936135 0.168648
vt 0.943277 0.173515
vt 0.943307 0.173448
vt 0.947651 0.174463
vt 0.947656 0.174579
vt 0.952195 0.174475
vt 0.952223 0.174547
vt 0.933941 0.152883
vt 0.934022 0.152913
vt 0.932769 0.156944
vt 0.932685 0.156927
vt 0.939732 0.146304
vt 0.939797 0.146358
vt 0.936427 0.149299
vt 0.936353 0.149257
vt 0.952907 0.143229
vt 0.952910 0.143155
vt 0.948359 0.143228
vt 0.948332 0.143155
vt 0.943879 0.144297
vt 0.943831 0.144233
vt 0.956681 0.173410
vt 0.956731 0.173474
vt 0.960770 0.171354
vt 0.960835 0.171408
vt 0.939411 0.171458
vt 0.939355 0.171509
vt 0.964146 0.168418
vt 0.964221 0.168460
vt 0.966556 0.164807
vt 0.966637 0.164837
vt 0.967806 0.160779
vt 0.967892 0.160797
vt 0.437206 0.761418
vt 0.437245 0.761485
vt 0.435172 0.761997
vt 0.435165 0.761925
vt 0.433076 0.761997
vt 0.433109 0.761952
vt 0.429332 0.760263
vt 0.429277 0.760302
vt 0.427879 0.758710
vt 0.427938 0.758678
vt 0.426962 0.756767
vt 0.427024 0.756741
vt 0.426874 0.752360
vt 0.426813 0.752372
vt 0.427592 0.750247
vt 0.427648 0.750246
vt 0.428852 0.748370
vt 0.428933 0.748403
vt 0.442537 0.750607
vt 0.442598 0.750582
vt 0.442895 0.752726
vt 0.442838 0.752743
vt 0.442687 0.754933
vt 0.442628 0.754943
vt 0.436587 0.745396
vt 0.436621 0.745352
vt 0.438624 0.745944
vt 0.438578 0.745985
vt 0.440378 0.747065
vt 0.440324 0.747101
vt 0.432459 0.745913
vt 0.432427 0.745846
vt 0.434506 0.745319
vt 0.434497 0.745399
vt 0.440642 0.758859
vt 0.440691 0.758909
vt 0.439093 0.760372
vt 0.439052 0.760346
vt 0.431059 0.761416
vt 0.431105 0.761374
vt 0.426605 0.754601
vt 0.426666 0.754582
vt 0.441916 0.757038
vt 0.441863 0.757039
vt 0.441737 0.748651
vt 0.441677 0.748682
vt 0.430520 0.746900
vt 0.430558 0.746940
vt 0.437261 0.761708
vt 0.435123 0.762234
vt 0.437258 0.761757
vt 0.435089 0.762299
vt 0.432890 0.762251
vt 0.432947 0.762188
vt 0.429074 0.760432
vt 0.427663 0.758820
vt 0.428990 0.760481
vt 0.427573 0.758860
vt 0.426643 0.756891
vt 0.426737 0.756858
vt 0.426566 0.752406
vt 0.427330 0.750221
vt 0.426470 0.752418
vt 0.427238 0.750220
vt 0.428534 0.748258
vt 0.428617 0.748277
vt 0.442821 0.750495
vt 0.443108 0.752674
vt 0.442875 0.750470
vt 0.443160 0.752662
vt 0.442994 0.754924
vt 0.442938 0.754923
vt 0.436711 0.745142
vt 0.438767 0.745774
vt 0.436719 0.745083
vt 0.438793 0.745720
vt 0.440585 0.746885
vt 0.440545 0.746932
vt 0.432336 0.745635
vt 0.434516 0.745122
vt 0.432294 0.745584
vt 0.434500 0.745063
vt 0.440909 0.759041
vt 0.439224 0.760585
vt 0.440947 0.759076
vt 0.439242 0.760638
vt 0.430877 0.761586
vt 0.430803 0.761642
vt 0.426379 0.754669
vt 0.426284 0.754692
vt 0.442165 0.757079
vt 0.442214 0.757116
vt 0.441928 0.748542
vt 0.441976 0.748505
vt 0.430326 0.746718
vt 0.430262 0.746682
vt 0.437248 0.761839
vt 0.435044 0.762384
vt 0.432816 0.762333
vt 0.428881 0.760545
vt 0.427456 0.758912
vt 0.426522 0.756932
vt 0.426346 0.752434
vt 0.427120 0.750218
vt 0.428428 0.748234
vt 0.442945 0.750439
vt 0.443229 0.752647
vt 0.443066 0.754926
vt 0.436728 0.745006
vt 0.438826 0.745649
vt 0.440635 0.746825
vt 0.432240 0.745517
vt 0.434479 0.744986
vt 0.440995 0.759123
vt 0.439266 0.760706
vt 0.430708 0.761715
vt 0.426162 0.754722
vt 0.442277 0.757140
vt 0.442039 0.748458
vt 0.430178 0.746635
vt 0.493427 0.570466
vt 0.492119 0.566157
vt 0.506511 0.566897
vt 0.505854 0.571841
vt 0.518519 0.569654
vt 0.515959 0.573987
vt 0.522145 0.575412
vt 0.519124 0.577126
vt 0.517627 0.580477
vt 0.515139 0.579457
vt 0.476540 0.575206
vt 0.472373 0.578428
vt 0.469960 0.573431
vt 0.474776 0.572587
vt 0.472519 0.568357
vt 0.477068 0.570323
vt 0.480330 0.566237
vt 0.483410 0.569744
vt 0.505287 0.582104
vt 0.504432 0.579546
vt 0.491037 0.581515
vt 0.491891 0.578150
vt 0.479725 0.580675
vt 0.482280 0.576884
vt 0.493879 0.573197
vt 0.493919 0.572475
vt 0.505302 0.574077
vt 0.504825 0.574754
vt 0.514624 0.575854
vt 0.513855 0.576294
vt 0.517600 0.577694
vt 0.516779 0.577552
vt 0.513907 0.578775
vt 0.513279 0.578036
vt 0.479469 0.573055
vt 0.478649 0.573687
vt 0.477149 0.572255
vt 0.478040 0.572204
vt 0.479221 0.571285
vt 0.479929 0.571771
vt 0.484878 0.571423
vt 0.485261 0.572126
vt 0.503929 0.578044
vt 0.503645 0.577079
vt 0.492336 0.576309
vt 0.492460 0.575346
vt 0.483674 0.574925
vt 0.484204 0.574031
vt 0.948552 0.780930
vt 0.958620 0.784285
vt 0.949903 0.767687
vt 0.961586 0.771926
vt 0.968758 0.775053
vt 0.964661 0.786747
vt 0.863931 0.566868
vt 0.869291 0.563956
vt 0.858217 0.555368
vt 0.864560 0.551751
vt 0.875522 0.546458
vt 0.878805 0.559661
vt 0.904595 0.593507
vt 0.903525 0.581984
vt 0.906907 0.581399
vt 0.907761 0.593077
vt 0.903246 0.566807
vt 0.907102 0.565915
vt 0.910337 0.567106
vt 0.909927 0.581511
vt 0.910503 0.592342
vt 0.894642 0.583293
vt 0.896170 0.593869
vt 0.893201 0.569406
vt 0.872307 0.595839
vt 0.869605 0.588048
vt 0.871122 0.587257
vt 0.873789 0.595226
vt 0.865584 0.578624
vt 0.867283 0.577752
vt 0.928055 0.815333
vt 0.928030 0.804497
vt 0.936316 0.804884
vt 0.935823 0.814776
vt 0.926810 0.790302
vt 0.936260 0.791758
vt 0.844140 0.531836
vt 0.843380 0.519471
vt 0.845695 0.522180
vt 0.847264 0.532674
vt 0.845102 0.509985
vt 0.845904 0.511006
vt 0.847047 0.510997
vt 0.847618 0.519705
vt 0.849678 0.530970
vt 0.868321 0.520027
vt 0.864779 0.505763
vt 0.881015 0.502003
vt 0.884871 0.514498
vt 0.862506 0.494623
vt 0.877938 0.492667
vt 0.889966 0.494747
vt 0.894884 0.501013
vt 0.899230 0.510623
vt 0.903965 0.551013
vt 0.908527 0.549719
vt 0.904144 0.535877
vt 0.909327 0.534248
vt 0.913715 0.535714
vt 0.912130 0.551619
vt 0.892178 0.554816
vt 0.890756 0.540527
vt 0.859968 0.568793
vt 0.862060 0.567844
vt 0.853371 0.557419
vt 0.855969 0.556587
vt 0.924166 0.775406
vt 0.935355 0.777663
vt 0.921980 0.760794
vt 0.934776 0.763592
vt 0.851506 0.498838
vt 0.851847 0.502486
vt 0.848380 0.498522
vt 0.860772 0.486480
vt 0.862128 0.490387
vt 0.877428 0.489128
vt 0.879331 0.486533
vt 0.891522 0.491867
vt 0.892075 0.493637
vt 0.923847 0.735368
vt 0.927172 0.725398
vt 0.940438 0.724713
vt 0.937620 0.737342
vt 0.931928 0.718944
vt 0.943098 0.715373
vt 0.958320 0.715334
vt 0.956324 0.726554
vt 0.953955 0.741011
vt 0.853320 0.512677
vt 0.856440 0.526058
vt 0.968333 0.732924
vt 0.966594 0.746101
vt 0.969437 0.723000
vt 0.974647 0.731398
vt 0.975278 0.739600
vt 0.974255 0.750573
vt 0.899938 0.500765
vt 0.904672 0.509093
vt 0.900751 0.496101
vt 0.909257 0.506447
vt 0.927608 0.821383
vt 0.927901 0.820285
vt 0.935499 0.819253
vt 0.935274 0.820204
vt 0.944581 0.818274
vt 0.944454 0.819114
vt 0.873550 0.600086
vt 0.873282 0.599376
vt 0.874853 0.598975
vt 0.875045 0.599869
vt 0.876239 0.598930
vt 0.876332 0.599935
vt 0.887533 0.599615
vt 0.887323 0.598449
vt 0.896978 0.598692
vt 0.897294 0.599978
vt 0.905331 0.598753
vt 0.905721 0.600086
vt 0.908503 0.598413
vt 0.908780 0.599711
vt 0.911062 0.597165
vt 0.911045 0.598254
vt 0.880267 0.598602
vt 0.880384 0.599680
vt 0.951660 0.818004
vt 0.951611 0.818792
vt 0.955992 0.818317
vt 0.955992 0.819120
vt 0.902529 0.522323
vt 0.908013 0.520501
vt 0.912967 0.520370
vt 0.951716 0.754675
vt 0.964301 0.759234
vt 0.972057 0.762682
vt 0.853294 0.543124
vt 0.860199 0.539183
vt 0.872044 0.533551
vt 0.921980 0.747324
vt 0.935574 0.750315
vt 0.888314 0.527274
vt 0.847897 0.544767
vt 0.850853 0.544474
vt 0.474110 0.829545
vt 0.476481 0.829256
vt 0.478950 0.834498
vt 0.476718 0.835346
vt 0.481550 0.839091
vt 0.479447 0.840224
vt 0.463735 0.803332
vt 0.464769 0.797009
vt 0.467698 0.797031
vt 0.465850 0.804055
vt 0.469214 0.799481
vt 0.467347 0.805896
vt 0.470623 0.816400
vt 0.472254 0.816041
vt 0.474403 0.823213
vt 0.472092 0.822905
vt 0.469944 0.806842
vt 0.469322 0.810620
vt 0.460878 0.797570
vt 0.461202 0.802985
vt 0.965811 0.209038
vt 0.961797 0.208708
vt 0.962159 0.202783
vt 0.965919 0.202656
vt 0.956191 0.208015
vt 0.957012 0.203103
vt 0.957160 0.198997
vt 0.961315 0.197761
vt 0.964546 0.196824
vt 0.958431 0.191950
vt 0.957586 0.194284
vt 0.956601 0.194057
vt 0.956987 0.191751
vt 0.955977 0.196357
vt 0.955653 0.196266
vt 0.955438 0.196206
vt 0.955661 0.193888
vt 0.955676 0.191601
vt 0.944285 0.207811
vt 0.948277 0.207825
vt 0.948041 0.214299
vt 0.943958 0.214372
vt 0.953788 0.207631
vt 0.953672 0.214121
vt 0.954626 0.193949
vt 0.954474 0.191615
vt 0.955252 0.196179
vt 0.955060 0.196266
vt 0.953732 0.194093
vt 0.953357 0.191653
vt 0.947439 0.195194
vt 0.950271 0.196867
vt 0.948742 0.201650
vt 0.945037 0.200977
vt 0.954212 0.198784
vt 0.953897 0.202728
vt 0.959297 0.195123
vt 0.961234 0.193160
vt 0.956572 0.196828
vt 0.961638 0.214871
vt 0.965725 0.215174
vt 0.956010 0.214334
vt 0.952255 0.194752
vt 0.950934 0.192261
vt 0.954681 0.196763
vt 0.952033 0.188916
vt 0.952182 0.190671
vt 0.949682 0.191586
vt 0.949631 0.189930
vt 0.945985 0.194606
vt 0.945070 0.193677
vt 0.967628 0.215352
vt 0.969087 0.215515
vt 0.967682 0.209302
vt 0.969103 0.209614
vt 0.967386 0.196311
vt 0.966339 0.196654
vt 0.962627 0.192731
vt 0.961577 0.190904
vt 0.959395 0.190943
vt 0.957474 0.188403
vt 0.943340 0.200863
vt 0.942195 0.200587
vt 0.942537 0.207916
vt 0.941390 0.207895
vt 0.955252 0.188039
vt 0.955570 0.190412
vt 0.953856 0.190447
vt 0.953700 0.188504
vt 0.942182 0.214451
vt 0.941028 0.214465
vt 0.957264 0.190524
vt 0.956336 0.187559
vt 0.967741 0.202838
vt 0.969124 0.203161
s 1
usemtl Material
f 99/1/99 1438/2/1438 3780/3/3778 1420/4/1420
f 1438/2/1438 95/5/95 1268/6/1268 3780/3/3778
f 3780/3/3778 1268/6/1268 4/7/4 1319/8/1319
f 1420/4/1420 3780/3/3778 1319/8/1319 39/9/39
f 94/10/94 1429/11/1429 3781/12/3779 1417/13/1417
f 1429/11/1429 91/14/91 1285/15/1285 3781/12/3779
f 3781/12/3779 1285/15/1285 21/16/21 1322/17/1322
f 1417/13/1417 3781/12/3779 1322/17/1322 42/18/42
f 481/19/481 2198/20/2198 3782/21/3780 1414/22/1414
f 2198/20/2198 475/23/475 1286/24/1286 3782/21/3780
f 3782/21/3780 1286/24/1286 22/25/22 1325/26/1325
f 1414/22/1414 3782/21/3780 1325/26/1325 45/27/45
f 45/27/45 1325/26/1325 3783/28/3781 1411/29/1411
f 1325/26/1325 22/25/22 1287/30/1287 3783/28/3781
f 3783/28/3781 1287/30/1287 23/31/23 1328/32/1328
f 1411/29/1411 3783/28/3781 1328/32/1328 48/33/48
f 48/33/48 1328/32/1328 3784/34/3782 1408/35/1408
f 1328/32/1328 23/31/23 1288/36/1288 3784/34/3782
f 3784/34/3782 1288/36/1288 24/37/24 1331/38/1331
f 1408/35/1408 3784/34/3782 1331/38/1331 51/39/51
f 51/39/51 1331/38/1331 3785/40/3783 1405/41/1405
f 1331/38/1331 24/37/24 1289/42/1289 3785/40/3783
f 3785/40/3783 1289/42/1289 25/43/25 1334/44/1334
f 1405/41/1405 3785/40/3783 1334/44/1334 54/45/54
f 617/46/617 1834/47/1834 3786/48/3784 1402/49/1402
f 1834/47/1834 289/50/289 1290/51/1290 3786/48/3784
f 3786/48/3784 1290/51/1290 26/52/26 1337/53/1337
f 1402/49/1402 3786/48/3784 1337/53/1337 615/54/615
f 615/54/615 1337/53/1337 3787/55/3785 1399/56/1399
f 1337/53/1337 26/52/26 1291/57/1291 3787/55/3785
f 3787/55/3785 1291/57/1291 27/58/27 1340/59/1340
f 1399/56/1399 3787/55/3785 1340/59/1340 60/60/60
f 244/61/244 1725/62/1725 3788/63/3786 1396/64/1396
f 1725/62/1725 247/65/247 1292/66/1292 3788/63/3786
f 3788/63/3786 1292/66/1292 28/67/28 1343/68/1343
f 1396/64/1396 3788/63/3786 1343/68/1343 63/69/63
f 63/69/63 1343/68/1343 3789/70/3787 1393/71/1393
f 1343/68/1343 28/67/28 1293/72/1293 3789/70/3787
f 3789/70/3787 1293/72/1293 29/73/29 1346/74/1346
f 1393/71/1393 3789/70/3787 1346/74/1346 66/75/66
f 66/75/66 1346/74/1346 3790/76/3788 1390/77/1390
f 1346/74/1346 29/73/29 1294/78/1294 3790/76/3788
f 3790/76/3788 1294/78/1294 30/79/30 1349/80/1349
f 1390/77/1390 3790/76/3788 1349/80/1349 69/81/69
f 278/82/278 1808/83/1808 3791/84/3789 1387/85/1387
f 1808/83/1808 275/86/275 1295/87/1295 3791/84/3789
f 3791/84/3789 1295/87/1295 31/88/31 1352/89/1352
f 1387/85/1387 3791/84/3789 1352/89/1352 72/90/72
f 72/90/72 1352/89/1352 3792/91/3790 1384/92/1384
f 1352/89/1352 31/88/31 1296/93/1296 3792/91/3790
f 3792/91/3790 1296/93/1296 32/94/32 1355/95/1355
f 1384/92/1384 3792/91/3790 1355/95/1355 75/96/75
f 75/96/75 1355/95/1355 3793/97/3791 1381/98/1381
f 1355/95/1355 32/94/32 1297/99/1297 3793/97/3791
f 3793/97/3791 1297/99/1297 33/100/33 1358/101/1358
f 1381/98/1381 3793/97/3791 1358/101/1358 78/102/78
f 270/103/270 1789/104/1789 3794/105/3792 1378/106/1378
f 1789/104/1789 267/107/267 1298/108/1298 3794/105/3792
f 3794/105/3792 1298/108/1298 34/109/34 1361/110/1361
f 1378/106/1378 3794/105/3792 1361/110/1361 81/111/81
f 81/111/81 1361/110/1361 3795/112/3793 1375/113/1375
f 1361/110/1361 34/109/34 1299/114/1299 3795/112/3793
f 3795/112/3793 1299/114/1299 35/115/35 1364/116/1364
f 1375/113/1375 3795/112/3793 1364/116/1364 84/117/84
f 84/117/84 1364/116/1364 3796/118/3794 1372/119/1372
f 1364/116/1364 35/115/35 1300/120/1300 3796/118/3794
f 3796/118/3794 1300/120/1300 36/121/36 1367/122/1367
f 1372/119/1372 3796/118/3794 1367/122/1367 87/123/87
f 6/124/6 1315/125/1315 3797/126/3795 1271/127/1271
f 1315/125/1315 86/128/86 1370/129/1370 3797/126/3795
f 3797/126/3795 1370/129/1370 89/130/89 1316/131/1316
f 1271/127/1271 3797/126/3795 1316/131/1316 5/132/5
f 104/133/104 1449/134/1449 3798/135/3796 1466/136/1466
f 1449/134/1449 85/137/85 1371/138/1371 3798/135/3796
f 3798/135/3796 1371/138/1371 88/139/88 1451/140/1451
f 1466/136/1466 3798/135/3796 1451/140/1451 103/141/103
f 85/137/85 1365/142/1365 3799/143/3797 1371/138/1371
f 1365/142/1365 84/117/84 1372/119/1372 3799/143/3797
f 3799/143/3797 1372/119/1372 87/123/87 1368/144/1368
f 1371/138/1371 3799/143/3797 1368/144/1368 88/139/88
f 7/145/7 1314/146/1314 3800/147/3798 1272/148/1272
f 1314/146/1314 83/149/83 1373/150/1373 3800/147/3798
f 3800/147/3798 1373/150/1373 86/128/86 1315/125/1315
f 1272/148/1272 3800/147/3798 1315/125/1315 6/124/6
f 105/151/105 1473/152/1473 3801/153/3799 1439/154/1439
f 1473/152/1473 82/155/82 1374/156/1374 3801/153/3799
f 3801/153/3799 1374/156/1374 85/137/85 1449/134/1449
f 1439/154/1439 3801/153/3799 1449/134/1449 104/133/104
f 82/155/82 1362/157/1362 3802/158/3800 1374/156/1374
f 1362/157/1362 81/111/81 1375/113/1375 3802/158/3800
f 3802/158/3800 1375/113/1375 84/117/84 1365/142/1365
f 1374/156/1374 3802/158/3800 1365/142/1365 85/137/85
f 266/159/266 1788/160/1788 3803/161/3801 1773/162/1773
f 1788/160/1788 268/163/268 1376/164/1376 3803/161/3801
f 3803/161/3801 1376/164/1376 83/149/83 1314/146/1314
f 1773/162/1773 3803/161/3801 1314/146/1314 7/145/7
f 271/165/271 1787/166/1787 3804/167/3802 1465/168/1465
f 1787/166/1787 269/169/269 1377/170/1377 3804/167/3802
f 3804/167/3802 1377/170/1377 82/155/82 1473/152/1473
f 1465/168/1465 3804/167/3802 1473/152/1473 105/151/105
f 269/169/269 1786/171/1786 3805/172/3803 1377/170/1377
f 1786/171/1786 270/103/270 1378/106/1378 3805/172/3803
f 3805/172/3803 1378/106/1378 81/111/81 1362/157/1362
f 1377/170/1377 3805/172/3803 1362/157/1362 82/155/82
f 9/173/9 1312/174/1312 3806/175/3804 1274/176/1274
f 1312/174/1312 77/177/77 1379/178/1379 3806/175/3804
f 3806/175/3804 1379/178/1379 80/179/80 1313/180/1313
f 1274/176/1274 3806/175/3804 1313/180/1313 8/181/8
f 107/182/107 1472/183/1472 3807/184/3805 1440/185/1440
f 1472/183/1472 76/186/76 1380/187/1380 3807/184/3805
f 3807/184/3805 1380/187/1380 79/188/79 1450/189/1450
f 1440/185/1440 3807/184/3805 1450/189/1450 106/190/106
f 76/186/76 1356/191/1356 3808/192/3806 1380/187/1380
f 1356/191/1356 75/96/75 1381/98/1381 3808/192/3806
f 3808/192/3806 1381/98/1381 78/102/78 1359/193/1359
f 1380/187/1380 3808/192/3806 1359/193/1359 79/188/79
f 10/194/10 1311/195/1311 3809/196/3807 1275/197/1275
f 1311/195/1311 74/198/74 1382/199/1382 3809/196/3807
f 3809/196/3807 1382/199/1382 77/177/77 1312/174/1312
f 1275/197/1275 3809/196/3807 1312/174/1312 9/173/9
f 108/200/108 1471/201/1471 3810/202/3808 1464/203/1464
f 1471/201/1471 73/204/73 1383/205/1383 3810/202/3808
f 3810/202/3808 1383/205/1383 76/186/76 1472/183/1472
f 1464/203/1464 3810/202/3808 1472/183/1472 107/182/107
f 73/204/73 1353/206/1353 3811/207/3809 1383/205/1383
f 1353/206/1353 72/90/72 1384/92/1384 3811/207/3809
f 3811/207/3809 1384/92/1384 75/96/75 1356/191/1356
f 1383/205/1383 3811/207/3809 1356/191/1356 76/186/76
f 282/208/282 1807/209/1807 3812/210/3810 1798/211/1798
f 1807/209/1807 276/212/276 1385/213/1385 3812/210/3810
f 3812/210/3810 1385/213/1385 74/198/74 1311/195/1311
f 1798/211/1798 3812/210/3810 1311/195/1311 10/194/10
f 279/214/279 1806/215/1806 3813/216/3811 1463/217/1463
f 1806/215/1806 277/218/277 1386/219/1386 3813/216/3811
f 3813/216/3811 1386/219/1386 73/204/73 1471/201/1471
f 1463/217/1463 3813/216/3811 1471/201/1471 108/200/108
f 277/218/277 1805/220/1805 3814/221/3812 1386/219/1386
f 1805/220/1805 278/82/278 1387/85/1387 3814/221/3812
f 3814/221/3812 1387/85/1387 72/90/72 1353/206/1353
f 1386/219/1386 3814/221/3812 1353/206/1353 73/204/73
f 12/222/12 1309/223/1309 3815/224/3813 1277/225/1277
f 1309/223/1309 68/226/68 1388/227/1388 3815/224/3813
f 3815/224/3813 1388/227/1388 71/228/71 1310/229/1310
f 1277/225/1277 3815/224/3813 1310/229/1310 11/230/11
f 110/231/110 1486/232/1486 3816/233/3814 1441/234/1441
f 1486/232/1486 67/235/67 1389/236/1389 3816/233/3814
f 3816/233/3814 1389/236/1389 70/237/70 1469/238/1469
f 1441/234/1441 3816/233/3814 1469/238/1469 109/239/109
f 67/235/67 1347/240/1347 3817/241/3815 1389/236/1389
f 1347/240/1347 66/75/66 1390/77/1390 3817/241/3815
f 3817/241/3815 1390/77/1390 69/81/69 1350/242/1350
f 1389/236/1389 3817/241/3815 1350/242/1350 70/237/70
f 13/243/13 1308/244/1308 3818/245/3816 1278/246/1278
f 1308/244/1308 65/247/65 1391/248/1391 3818/245/3816
f 3818/245/3816 1391/248/1391 68/226/68 1309/223/1309
f 1278/246/1278 3818/245/3816 1309/223/1309 12/222/12
f 111/249/111 1470/250/1470 3819/251/3817 1462/252/1462
f 1470/250/1470 64/253/64 1392/254/1392 3819/251/3817
f 3819/251/3817 1392/254/1392 67/235/67 1486/232/1486
f 1462/252/1462 3819/251/3817 1486/232/1486 110/231/110
f 64/253/64 1344/255/1344 3820/256/3818 1392/254/1392
f 1344/255/1344 63/69/63 1393/71/1393 3820/256/3818
f 3820/256/3818 1393/71/1393 66/75/66 1347/240/1347
f 1392/254/1392 3820/256/3818 1347/240/1347 67/235/67
f 240/257/240 1730/258/1730 3821/259/3819 1732/260/1732
f 1730/258/1730 246/261/246 1394/262/1394 3821/259/3819
f 3821/259/3819 1394/262/1394 65/247/65 1308/244/1308
f 1732/260/1732 3821/259/3819 1308/244/1308 13/243/13
f 243/263/243 1727/264/1727 3822/265/3820 1442/266/1442
f 1727/264/1727 245/267/245 1395/268/1395 3822/265/3820
f 3822/265/3820 1395/268/1395 64/253/64 1470/250/1470
f 1442/266/1442 3822/265/3820 1470/250/1470 111/249/111
f 245/267/245 1536/269/1536 3823/270/3821 1395/268/1395
f 1536/269/1536 244/61/244 1396/64/1396 3823/270/3821
f 3823/270/3821 1396/64/1396 63/69/63 1344/255/1344
f 1395/268/1395 3823/270/3821 1344/255/1344 64/253/64
f 15/271/15 1306/272/1306 3824/273/3822 1279/274/1279
f 1306/272/1306 59/275/59 1397/276/1397 3824/273/3822
f 3824/273/3822 1397/276/1397 62/277/62 1307/278/1307
f 1279/274/1279 3824/273/3822 1307/278/1307 14/279/14
f 619/280/619 1468/281/1468 3825/282/3823 1461/283/1461
f 1468/281/1468 616/284/616 1398/285/1398 3825/282/3823
f 3825/282/3823 1398/285/1398 61/286/61 1504/287/1504
f 1461/283/1461 3825/282/3823 1504/287/1504 112/288/112
f 616/284/616 1338/289/1338 3826/290/3824 1398/285/1398
f 1338/289/1338 615/54/615 1399/56/1399 3826/290/3824
f 3826/290/3824 1399/56/1399 60/60/60 1341/291/1341
f 1398/285/1398 3826/290/3824 1341/291/1341 61/286/61
f 288/292/288 1833/293/1833 3827/294/3825 1817/295/1817
f 1833/293/1833 290/296/290 1400/297/1400 3827/294/3825
f 3827/294/3825 1400/297/1400 59/275/59 1306/272/1306
f 1817/295/1817 3827/294/3825 1306/272/1306 15/271/15
f 648/298/648 2513/299/2513 3828/300/3826 2505/301/2505
f 2513/299/2513 647/302/647 2474/303/2474 3828/300/3826
f 3828/300/3826 2474/303/2474 632/304/632 2470/305/2470
f 2505/301/2505 3828/300/3826 2470/305/2470 628/306/628
f 646/307/646 2512/308/2512 3829/309/3827 2503/310/2503
f 2512/308/2512 645/311/645 1401/312/1401 3829/309/3827
f 3829/309/3827 1401/312/1401 627/313/627 2472/314/2472
f 2503/310/2503 3829/309/3827 2472/314/2472 631/315/631
f 17/316/17 1304/317/1304 3830/318/3828 1281/319/1281
f 1304/317/1304 53/320/53 1403/321/1403 3830/318/3828
f 3830/318/3828 1403/321/1403 56/322/56 1305/323/1305
f 1281/319/1281 3830/318/3828 1305/323/1305 16/324/16
f 115/325/115 1477/326/1477 3831/327/3829 1443/328/1443
f 1477/326/1477 52/329/52 1404/330/1404 3831/327/3829
f 3831/327/3829 1404/330/1404 55/331/55 1467/332/1467
f 1443/328/1443 3831/327/3829 1467/332/1467 114/333/114
f 52/329/52 1332/334/1332 3832/335/3830 1404/330/1404
f 1332/334/1332 51/39/51 1405/41/1405 3832/335/3830
f 3832/335/3830 1405/41/1405 54/45/54 1335/336/1335
f 1404/330/1404 3832/335/3830 1335/336/1335 55/331/55
f 18/337/18 1303/338/1303 3833/339/3831 1282/340/1282
f 1303/338/1303 50/341/50 1406/342/1406 3833/339/3831
f 3833/339/3831 1406/342/1406 53/320/53 1304/317/1304
f 1282/340/1282 3833/339/3831 1304/317/1304 17/316/17
f 116/343/116 1483/344/1483 3834/345/3832 1459/346/1459
f 1483/344/1483 49/347/49 1407/348/1407 3834/345/3832
f 3834/345/3832 1407/348/1407 52/329/52 1477/326/1477
f 1459/346/1459 3834/345/3832 1477/326/1477 115/325/115
f 49/347/49 1329/349/1329 3835/350/3833 1407/348/1407
f 1329/349/1329 48/33/48 1408/35/1408 3835/350/3833
f 3835/350/3833 1408/35/1408 51/39/51 1332/334/1332
f 1407/348/1407 3835/350/3833 1332/334/1332 52/329/52
f 492/351/492 1302/352/1302 3836/353/3834 1283/354/1283
f 1302/352/1302 47/355/47 1409/356/1409 3836/353/3834
f 3836/353/3834 1409/356/1409 50/341/50 1303/338/1303
f 1283/354/1283 3836/353/3834 1303/338/1303 18/337/18
f 117/357/117 1476/358/1476 3837/359/3835 1444/360/1444
f 1476/358/1476 46/361/46 1410/362/1410 3837/359/3835
f 3837/359/3835 1410/362/1410 49/347/49 1483/344/1483
f 1444/360/1444 3837/359/3835 1483/344/1483 116/343/116
f 46/361/46 1326/363/1326 3838/364/3836 1410/362/1410
f 1326/363/1326 45/27/45 1411/29/1411 3838/364/3836
f 3838/364/3836 1411/29/1411 48/33/48 1329/349/1329
f 1410/362/1410 3838/364/3836 1329/349/1329 49/347/49
f 494/365/494 2196/366/2196 3839/367/3837 2161/368/2161
f 2196/366/2196 477/369/477 1412/370/1412 3839/367/3837
f 3839/367/3837 1412/370/1412 47/355/47 1302/352/1302
f 2161/368/2161 3839/367/3837 1302/352/1302 492/351/492
f 483/371/483 2194/372/2194 3840/373/3838 1458/374/1458
f 2194/372/2194 479/375/479 1413/376/1413 3840/373/3838
f 3840/373/3838 1413/376/1413 46/361/46 1476/358/1476
f 1458/374/1458 3840/373/3838 1476/358/1476 117/357/117
f 479/375/479 2192/377/2192 3841/378/3839 1413/376/1413
f 2192/377/2192 481/19/481 1414/22/1414 3841/378/3839
f 3841/378/3839 1414/22/1414 45/27/45 1326/363/1326
f 1413/376/1413 3841/378/3839 1326/363/1326 46/361/46
f 90/379/90 1428/380/1428 3842/381/3840 1421/382/1421
f 1428/380/1428 92/383/92 1415/384/1415 3842/381/3840
f 3842/381/3840 1415/384/1415 44/385/44 1301/386/1301
f 1421/382/1421 3842/381/3840 1301/386/1301 20/387/20
f 102/388/102 1452/389/1452 3843/390/3841 1457/391/1457
f 1452/389/1452 93/392/93 1416/393/1416 3843/390/3841
f 3843/390/3841 1416/393/1416 43/394/43 1494/395/1494
f 1457/391/1457 3843/390/3841 1494/395/1494 118/396/118
f 93/392/93 1426/397/1426 3844/398/3842 1416/393/1416
f 1426/397/1426 94/10/94 1417/13/1417 3844/398/3842
f 3844/398/3842 1417/13/1417 42/18/42 1323/399/1323
f 1416/393/1416 3844/398/3842 1323/399/1323 43/394/43
f 96/400/96 1437/401/1437 3845/402/3843 1431/403/1431
f 1437/401/1437 97/404/97 1418/405/1418 3845/402/3843
f 3845/402/3843 1418/405/1418 41/406/41 1269/407/1269
f 1431/403/1431 3845/402/3843 1269/407/1269 3/408/3
f 101/409/101 1448/410/1448 3846/411/3844 1445/412/1445
f 1448/410/1448 98/413/98 1419/414/1419 3846/411/3844
f 3846/411/3844 1419/414/1419 40/415/40 1475/416/1475
f 1445/412/1445 3846/411/3844 1475/416/1475 119/417/119
f 98/413/98 1435/418/1435 3847/419/3845 1419/414/1419
f 1435/418/1435 99/1/99 1420/4/1420 3847/419/3845
f 3847/419/3845 1420/4/1420 39/9/39 1320/420/1320
f 1419/414/1419 3847/419/3845 1320/420/1320 40/415/40
f 37/421/37 1318/422/1318 3848/423/3846 1424/424/1424
f 1318/422/1318 38/425/38 1425/426/1425 3848/423/3846
f 3848/423/3846 1425/426/1425 94/10/94 1426/397/1426
f 1424/424/1424 3848/423/3846 1426/397/1426 93/392/93
f 120/427/120 1317/428/1317 3849/429/3847 1456/430/1456
f 1317/428/1317 37/421/37 1424/424/1424 3849/429/3847
f 3849/429/3847 1424/424/1424 93/392/93 1452/389/1452
f 1456/430/1456 3849/429/3847 1452/389/1452 102/388/102
f 1/431/1 2526/432/2526 3850/433/3848 1266/434/1266
f 2526/432/2526 659/435/659 2535/436/2535 3850/433/3848
f 3850/433/3848 2535/436/2535 665/437/665 2538/438/2538
f 1266/434/1266 3850/433/3848 2538/438/2538 90/379/90
f 38/425/38 1267/439/1267 3851/440/3849 1425/426/1425
f 1267/439/1267 2/441/2 1422/442/1422 3851/440/3849
f 3851/440/3849 1422/442/1422 91/14/91 1429/11/1429
f 1425/426/1425 3851/440/3849 1429/11/1429 94/10/94
f 88/139/88 1368/144/1368 3852/443/3850 1433/444/1433
f 1368/144/1368 87/123/87 1434/445/1434 3852/443/3850
f 3852/443/3850 1434/445/1434 99/1/99 1435/418/1435
f 1433/444/1433 3852/443/3850 1435/418/1435 98/413/98
f 103/141/103 1451/140/1451 3853/446/3851 1446/447/1446
f 1451/140/1451 88/139/88 1433/444/1433 3853/446/3851
f 3853/446/3851 1433/444/1433 98/413/98 1448/410/1448
f 1446/447/1446 3853/446/3851 1448/410/1448 101/409/101
f 5/132/5 1316/131/1316 3854/448/3852 1270/449/1270
f 1316/131/1316 89/130/89 1432/450/1432 3854/448/3852
f 3854/448/3852 1432/450/1432 97/404/97 1437/401/1437
f 1270/449/1270 3854/448/3852 1437/401/1437 96/400/96
f 87/123/87 1367/122/1367 3855/451/3853 1434/445/1434
f 1367/122/1367 36/121/36 1430/452/1430 3855/451/3853
f 3855/451/3853 1430/452/1430 95/5/95 1438/2/1438
f 1434/445/1434 3855/451/3853 1438/2/1438 99/1/99
f 89/130/89 1369/453/1369 3856/454/3854 1432/450/1432
f 1369/453/1369 103/141/103 1446/447/1446 3856/454/3854
f 3856/454/3854 1446/447/1446 101/409/101 1436/455/1436
f 1432/450/1432 3856/454/3854 1436/455/1436 97/404/97
f 97/404/97 1436/455/1436 3857/456/3855 1418/405/1418
f 1436/455/1436 101/409/101 1445/412/1445 3857/456/3855
f 3857/456/3855 1445/412/1445 119/417/119 1321/457/1321
f 1418/405/1418 3857/456/3855 1321/457/1321 41/406/41
f 92/383/92 1427/458/1427 3858/459/3856 1415/384/1415
f 1427/458/1427 102/388/102 1457/391/1457 3858/459/3856
f 3858/459/3856 1457/391/1457 118/396/118 1324/460/1324
f 1415/384/1415 3858/459/3856 1324/460/1324 44/385/44
f 477/369/477 2190/461/2190 3859/462/3857 1412/370/1412
f 2190/461/2190 483/371/483 1458/374/1458 3859/462/3857
f 3859/462/3857 1458/374/1458 117/357/117 1327/463/1327
f 1412/370/1412 3859/462/3857 1327/463/1327 47/355/47
f 47/355/47 1327/463/1327 3860/464/3858 1409/356/1409
f 1327/463/1327 117/357/117 1444/360/1444 3860/464/3858
f 3860/464/3858 1444/360/1444 116/343/116 1330/465/1330
f 1409/356/1409 3860/464/3858 1330/465/1330 50/341/50
f 50/341/50 1330/465/1330 3861/466/3859 1406/342/1406
f 1330/465/1330 116/343/116 1459/346/1459 3861/466/3859
f 3861/466/3859 1459/346/1459 115/325/115 1333/467/1333
f 1406/342/1406 3861/466/3859 1333/467/1333 53/320/53
f 53/320/53 1333/467/1333 3862/468/3860 1403/321/1403
f 1333/467/1333 115/325/115 1443/328/1443 3862/468/3860
f 3862/468/3860 1443/328/1443 114/333/114 1336/469/1336
f 1403/321/1403 3862/468/3860 1336/469/1336 56/322/56
f 290/296/290 1830/470/1830 3863/471/3861 1400/297/1400
f 1830/470/1830 618/472/618 1460/473/1460 3863/471/3861
f 3863/471/3861 1460/473/1460 619/280/619 1339/474/1339
f 1400/297/1400 3863/471/3861 1339/474/1339 59/275/59
f 59/275/59 1339/474/1339 3864/475/3862 1397/276/1397
f 1339/474/1339 619/280/619 1461/283/1461 3864/475/3862
f 3864/475/3862 1461/283/1461 112/288/112 1342/476/1342
f 1397/276/1397 3864/475/3862 1342/476/1342 62/277/62
f 246/261/246 1728/477/1728 3865/478/3863 1394/262/1394
f 1728/477/1728 243/263/243 1442/266/1442 3865/478/3863
f 3865/478/3863 1442/266/1442 111/249/111 1345/479/1345
f 1394/262/1394 3865/478/3863 1345/479/1345 65/247/65
f 65/247/65 1345/479/1345 3866/480/3864 1391/248/1391
f 1345/479/1345 111/249/111 1462/252/1462 3866/480/3864
f 3866/480/3864 1462/252/1462 110/231/110 1348/481/1348
f 1391/248/1391 3866/480/3864 1348/481/1348 68/226/68
f 68/226/68 1348/481/1348 3867/482/3865 1388/227/1388
f 1348/481/1348 110/231/110 1441/234/1441 3867/482/3865
f 3867/482/3865 1441/234/1441 109/239/109 1351/483/1351
f 1388/227/1388 3867/482/3865 1351/483/1351 71/228/71
f 276/212/276 1804/484/1804 3868/485/3866 1385/213/1385
f 1804/484/1804 279/214/279 1463/217/1463 3868/485/3866
f 3868/485/3866 1463/217/1463 108/200/108 1354/486/1354
f 1385/213/1385 3868/485/3866 1354/486/1354 74/198/74
f 74/198/74 1354/486/1354 3869/487/3867 1382/199/1382
f 1354/486/1354 108/200/108 1464/203/1464 3869/487/3867
f 3869/487/3867 1464/203/1464 107/182/107 1357/488/1357
f 1382/199/1382 3869/487/3867 1357/488/1357 77/177/77
f 77/177/77 1357/488/1357 3870/489/3868 1379/178/1379
f 1357/488/1357 107/182/107 1440/185/1440 3870/489/3868
f 3870/489/3868 1440/185/1440 106/190/106 1360/490/1360
f 1379/178/1379 3870/489/3868 1360/490/1360 80/179/80
f 268/163/268 1785/491/1785 3871/492/3869 1376/164/1376
f 1785/491/1785 271/165/271 1465/168/1465 3871/492/3869
f 3871/492/3869 1465/168/1465 105/151/105 1363/493/1363
f 1376/164/1376 3871/492/3869 1363/493/1363 83/149/83
f 83/149/83 1363/493/1363 3872/494/3870 1373/150/1373
f 1363/493/1363 105/151/105 1439/154/1439 3872/494/3870
f 3872/494/3870 1439/154/1439 104/133/104 1366/495/1366
f 1373/150/1373 3872/494/3870 1366/495/1366 86/128/86
f 86/128/86 1366/495/1366 3873/496/3871 1370/129/1370
f 1366/495/1366 104/133/104 1466/136/1466 3873/496/3871
f 3873/496/3871 1466/136/1466 103/141/103 1369/453/1369
f 1370/129/1370 3873/496/3871 1369/453/1369 89/130/89
f 315/497/315 1916/498/1916 3874/499/3872 1447/500/1447
f 1916/498/1916 316/501/316 1861/502/1861 3874/499/3872
f 3874/499/3872 1861/502/1861 308/503/308 1852/504/1852
f 1447/500/1447 3874/499/3872 1852/504/1852 309/505/309
f 205/506/205 1524/507/1524 3875/508/3873 1654/509/1654
f 1524/507/1524 158/510/158 1525/511/1525 3875/508/3873
f 3875/508/3873 1525/511/1525 125/512/125 1569/513/1569
f 1654/509/1654 3875/508/3873 1569/513/1569 164/514/164
f 340/515/340 1912/516/1912 3876/517/3874 1885/518/1885
f 1912/516/1912 332/519/332 1877/520/1877 3876/517/3874
f 3876/517/3874 1877/520/1877 311/521/311 1853/522/1853
f 1885/518/1885 3876/517/3874 1853/522/1853 304/523/304
f 203/524/203 1522/525/1522 3877/526/3875 1652/527/1652
f 1522/525/1522 156/528/156 1526/529/1526 3877/526/3875
f 3877/526/3875 1526/529/1526 123/530/123 1567/531/1567
f 1652/527/1652 3877/526/3875 1567/531/1567 162/532/162
f 178/533/178 1498/534/1498 3878/535/3876 1651/536/1651
f 1498/534/1498 131/537/131 1527/538/1527 3878/535/3876
f 3878/535/3876 1527/538/1527 157/539/157 1575/540/1575
f 1651/536/1651 3878/535/3876 1575/540/1575 170/541/170
f 297/542/297 1829/543/1829 3879/544/3877 1650/545/1650
f 1829/543/1829 294/546/294 1528/547/1528 3879/544/3877
f 3879/544/3877 1528/547/1528 158/510/158 1524/507/1524
f 1650/545/1650 3879/544/3877 1524/507/1524 205/506/205
f 316/501/316 1908/548/1908 3880/549/3878 1861/502/1861
f 1908/548/1908 331/550/331 1564/551/1564 3880/549/3878
f 3880/549/3878 1564/551/1564 310/552/310 1855/553/1855
f 1861/502/1861 3880/549/3878 1855/553/1855 308/503/308
f 200/554/200 1519/555/1519 3881/556/3879 1648/557/1648
f 1519/555/1519 153/558/153 1529/559/1529 3881/556/3879
f 3881/556/3879 1529/559/1529 156/528/156 1522/525/1522
f 1648/557/1648 3881/556/3879 1522/525/1522 203/524/203
f 201/560/201 1520/561/1520 3882/562/3880 1647/563/1647
f 1520/561/1520 154/564/154 1530/565/1530 3882/562/3880
f 3882/562/3880 1530/565/1530 147/566/147 1573/567/1573
f 1647/563/1647 3882/562/3880 1573/567/1573 168/568/168
f 199/569/199 1518/570/1518 3883/571/3881 1646/572/1646
f 1518/570/1518 152/573/152 1531/574/1531 3883/571/3881
f 3883/571/3881 1531/574/1531 155/575/155 1521/576/1521
f 1646/572/1646 3883/571/3881 1521/576/1521 202/577/202
f 198/578/198 1517/579/1517 3884/580/3882 1645/581/1645
f 1517/579/1517 151/582/151 1532/583/1532 3884/580/3882
f 3884/580/3882 1532/583/1532 154/564/154 1520/561/1520
f 1645/581/1645 3884/580/3882 1520/561/1520 201/560/201
f 241/584/241 1731/585/1731 3885/586/3883 1644/587/1644
f 1731/585/1731 242/588/242 1533/589/1533 3885/586/3883
f 3885/586/3883 1533/589/1533 153/558/153 1519/555/1519
f 1644/587/1644 3885/586/3883 1519/555/1519 200/554/200
f 190/590/190 1511/591/1511 3886/592/3884 1643/593/1643
f 1511/591/1511 145/594/145 1534/595/1534 3886/592/3884
f 3886/592/3884 1534/595/1534 150/596/150 1574/597/1574
f 1643/593/1643 3886/592/3884 1574/597/1574 169/598/169
f 60/60/60 1340/59/1340 3887/599/3885 1718/600/1718
f 1340/59/1340 27/58/27 1715/601/1715 3887/599/3885
f 3887/599/3885 1715/601/1715 227/602/227 1704/603/1704
f 1718/600/1718 3887/599/3885 1704/603/1704 230/604/230
f 160/605/160 1565/606/1565 3888/607/3886 1642/608/1642
f 1565/606/1565 100/609/100 1535/610/1535 3888/607/3886
f 3888/607/3886 1535/610/1535 151/582/151 1517/579/1517
f 1642/608/1642 3888/607/3886 1517/579/1517 198/578/198
f 149/611/149 1720/612/1720 3889/613/3887 1514/614/1514
f 1720/612/1720 232/615/232 1516/616/1516 3889/613/3887
f 3889/613/3887 1516/616/1516 410/617/410 1839/618/1839
f 1514/614/1514 3889/613/3887 1839/618/1839 411/619/411
f 194/620/194 1764/621/1764 3890/622/3888 1640/623/1640
f 1764/621/1764 259/624/259 1706/625/1706 3890/622/3888
f 3890/622/3888 1706/625/1706 260/626/260 1758/627/1758
f 1640/623/1640 3890/622/3888 1758/627/1758 196/628/196
f 169/598/169 1574/597/1574 3891/629/3889 2527/630/2527
f 1574/597/1574 150/596/150 2528/631/2528 3891/629/3889
f 3891/629/3889 2528/631/2528 662/632/662 2529/633/2529
f 2527/630/2527 3891/629/3889 2529/633/2529 660/634/660
f 192/635/192 1759/636/1759 3892/637/3890 1638/638/1638
f 1759/636/1759 261/639/261 1539/640/1539 3892/637/3890
f 3892/637/3890 1539/640/1539 259/624/259 1764/621/1764
f 1638/638/1638 3892/637/3890 1764/621/1764 194/620/194
f 191/641/191 1512/642/1512 3893/643/3891 1637/644/1637
f 1512/642/1512 146/645/146 1537/646/1537 3893/643/3891
f 3893/643/3891 1537/646/1537 148/647/148 1513/648/1513
f 1637/644/1637 3893/643/3891 1513/648/1513 193/649/193
f 168/568/168 1573/567/1573 3894/650/3892 1636/651/1636
f 1573/567/1573 147/566/147 1538/652/1538 3894/650/3892
f 3894/650/3892 1538/652/1538 138/653/138 1572/654/1572
f 1636/651/1636 3894/650/3892 1572/654/1572 167/655/167
f 225/656/225 1723/657/1723 3895/658/3893 1755/659/1755
f 1723/657/1723 219/660/219 1515/661/1515 3895/658/3893
f 3895/658/3893 1515/661/1515 257/662/257 1726/663/1726
f 1755/659/1755 3895/658/3893 1726/663/1726 255/664/255
f 188/665/188 1509/666/1509 3896/667/3894 1634/668/1634
f 1509/666/1509 143/669/143 1540/670/1540 3896/667/3894
f 3896/667/3894 1540/670/1540 146/645/146 1512/642/1512
f 1634/668/1634 3896/667/3894 1512/642/1512 191/641/191
f 180/671/180 1500/672/1500 3897/673/3895 1633/674/1633
f 1500/672/1500 134/675/134 1541/676/1541 3897/673/3895
f 3897/673/3895 1541/676/1541 145/594/145 1511/591/1511
f 1633/674/1633 3897/673/3895 1511/591/1511 190/590/190
f 187/677/187 1765/678/1765 3898/679/3896 1632/680/1632
f 1765/678/1765 262/681/262 1770/682/1770 3898/679/3896
f 3898/679/3896 1770/682/1770 264/683/264 1767/684/1767
f 1632/680/1632 3898/679/3896 1767/684/1767 189/685/189
f 186/686/186 1507/687/1507 3899/688/3897 1631/689/1631
f 1507/687/1507 141/690/141 1543/691/1543 3899/688/3897
f 3899/688/3897 1543/691/1543 143/669/143 1509/666/1509
f 1631/689/1631 3899/688/3897 1509/666/1509 188/665/188
f 185/692/185 1506/693/1506 3900/694/3898 1630/695/1630
f 1506/693/1506 140/696/140 1544/697/1544 3900/694/3898
f 3900/694/3898 1544/697/1544 132/698/132 1571/699/1571
f 1630/695/1630 3900/694/3898 1571/699/1571 166/700/166
f 184/701/184 1766/702/1766 3901/703/3899 1629/704/1629
f 1766/702/1766 263/705/263 1772/706/1772 3901/703/3899
f 3901/703/3899 1772/706/1772 262/681/262 1765/678/1765
f 1629/704/1629 3901/703/3899 1765/678/1765 187/677/187
f 491/707/491 2188/708/2188 3902/709/3900 1628/710/1628
f 2188/708/2188 485/711/485 1546/712/1546 3902/709/3900
f 3902/709/3900 1546/712/1546 141/690/141 1507/687/1507
f 1628/710/1628 3902/709/3900 1507/687/1507 186/686/186
f 182/713/182 1502/714/1502 3903/715/3901 1627/716/1627
f 1502/714/1502 136/717/136 1547/718/1547 3903/715/3901
f 3903/715/3901 1547/718/1547 140/696/140 1506/693/1506
f 1627/716/1627 3903/715/3901 1506/693/1506 185/692/185
f 181/719/181 1501/720/1501 3904/721/3902 1781/722/1781
f 1501/720/1501 135/723/135 1769/724/1769 3904/721/3902
f 3904/721/3902 1769/724/1769 265/725/265 1790/726/1790
f 1781/722/1781 3904/721/3902 1790/726/1790 274/727/274
f 167/655/167 1572/654/1572 3905/728/3903 1625/729/1625
f 1572/654/1572 138/653/138 1549/730/1549 3905/728/3903
f 3905/728/3903 1549/730/1549 137/731/137 1503/732/1503
f 1625/729/1625 3905/728/3903 1503/732/1503 183/733/183
f 223/734/223 1682/735/1682 3906/736/3904 1797/737/1797
f 1682/735/1682 221/738/221 1810/739/1810 3906/736/3904
f 3906/736/3904 1810/739/1810 286/740/286 1815/741/1815
f 1797/737/1797 3906/736/3904 1815/741/1815 281/742/281
f 171/743/171 1490/744/1490 3907/745/3905 1623/746/1623
f 1490/744/1490 121/747/121 1551/748/1551 3907/745/3905
f 3907/745/3905 1551/748/1551 127/749/127 1570/750/1570
f 1623/746/1623 3907/745/3905 1570/750/1570 165/751/165
f 177/752/177 1497/753/1497 3908/754/3906 1622/755/1622
f 1497/753/1497 130/756/130 1552/757/1552 3908/754/3906
f 3908/754/3906 1552/757/1552 135/723/135 1501/720/1501
f 1622/755/1622 3908/754/3906 1501/720/1501 181/719/181
f 497/758/497 2186/759/2186 3909/760/3907 1621/761/1621
f 2186/759/2186 487/762/487 1553/763/1553 3909/760/3907
f 3909/760/3907 1553/763/1553 134/675/134 1500/672/1500
f 1621/761/1621 3909/760/3907 1500/672/1500 180/671/180
f 175/764/175 1562/765/1562 3910/766/3908 1620/767/1620
f 1562/765/1562 280/768/280 1814/769/1814 3910/766/3908
f 3910/766/3908 1814/769/1814 285/770/285 1803/771/1803
f 1620/767/1620 3910/766/3908 1803/771/1803 179/772/179
f 166/700/166 1571/699/1571 3911/773/3909 1619/774/1619
f 1571/699/1571 132/698/132 1555/775/1555 3911/773/3909
f 3911/773/3909 1555/775/1555 131/537/131 1498/534/1498
f 1619/774/1619 3911/773/3909 1498/534/1498 178/533/178
f 174/776/174 1493/777/1493 3912/778/3910 1618/779/1618
f 1493/777/1493 126/780/126 1556/781/1556 3912/778/3910
f 3912/778/3910 1556/781/1556 130/756/130 1497/753/1497
f 1618/779/1618 3912/778/3910 1497/753/1497 177/752/177
f 173/782/173 1492/783/1492 3913/784/3911 1617/785/1617
f 1492/783/1492 124/786/124 1557/787/1557 3913/784/3911
f 3913/784/3911 1557/787/1557 129/788/129 1496/789/1496
f 1617/785/1617 3913/784/3911 1496/789/1496 493/790/493
f 172/791/172 1550/792/1550 3914/793/3912 1616/794/1616
f 1550/792/1550 272/795/272 1813/796/1813 3914/793/3912
f 3914/793/3912 1813/796/1813 280/768/280 1562/765/1562
f 1616/794/1616 3914/793/3912 1562/765/1562 175/764/175
f 165/751/165 1570/750/1570 3915/797/3913 1615/798/1615
f 1570/750/1570 127/749/127 1559/799/1559 3915/797/3913
f 3915/797/3913 1559/799/1559 126/780/126 1493/777/1493
f 1615/798/1615 3915/797/3913 1493/777/1493 174/776/174
f 164/514/164 1569/513/1569 3916/800/3914 1614/801/1614
f 1569/513/1569 125/512/125 1560/802/1560 3916/800/3914
f 3916/800/3914 1560/802/1560 124/786/124 1492/783/1492
f 1614/801/1614 3916/800/3914 1492/783/1492 173/782/173
f 332/519/332 1904/803/1904 3917/804/3915 1877/520/1877
f 1904/803/1904 339/805/339 1568/806/1568 3917/804/3915
f 3917/804/3915 1568/806/1568 306/807/306 1850/808/1850
f 1877/520/1877 3917/804/3915 1850/808/1850 311/521/311
f 320/809/320 1900/810/1900 3918/811/3916 1865/812/1865
f 1900/810/1900 315/497/315 1447/500/1447 3918/811/3916
f 3918/811/3916 1447/500/1447 309/505/309 1851/813/1851
f 1865/812/1865 3918/811/3916 1851/813/1851 302/814/302
f 41/406/41 1478/815/1478 3919/816/3917 1269/407/1269
f 1478/815/1478 161/817/161 1611/818/1611 3919/816/3917
f 3919/816/3917 1611/818/1611 171/743/171 1576/819/1576
f 1269/407/1269 3919/816/3917 1576/819/1576 3/408/3
f 275/86/275 1802/820/1802 3920/821/3918 1295/87/1295
f 1802/820/1802 281/742/281 1612/822/1612 3920/821/3918
f 3920/821/3918 1612/822/1612 172/791/172 1577/823/1577
f 1295/87/1295 3920/821/3918 1577/823/1577 31/88/31
f 119/417/119 1454/824/1454 3921/825/3919 1321/457/1321
f 1454/824/1454 159/826/159 1613/827/1613 3921/825/3919
f 3921/825/3919 1613/827/1613 161/817/161 1478/815/1478
f 1321/457/1321 3921/825/3919 1478/815/1478 41/406/41
f 17/316/17 1481/828/1481 3922/829/3920 1282/340/1282
f 1481/828/1481 164/514/164 1614/801/1614 3922/829/3920
f 3922/829/3920 1614/801/1614 173/782/173 1578/830/1578
f 1282/340/1282 3922/829/3920 1578/830/1578 18/337/18
f 96/400/96 1482/831/1482 3923/832/3921 1270/449/1270
f 1482/831/1482 165/751/165 1615/798/1615 3923/832/3921
f 3923/832/3921 1615/798/1615 174/776/174 1579/833/1579
f 1270/449/1270 3923/832/3921 1579/833/1579 5/132/5
f 31/88/31 1577/823/1577 3924/834/3922 1296/93/1296
f 1577/823/1577 172/791/172 1616/794/1616 3924/834/3922
f 3924/834/3922 1616/794/1616 175/764/175 1580/835/1580
f 1296/93/1296 3924/834/3922 1580/835/1580 32/94/32
f 18/337/18 1578/830/1578 3925/836/3923 1283/354/1283
f 1578/830/1578 173/782/173 1617/785/1617 3925/836/3923
f 3925/836/3923 1617/785/1617 493/790/493 1581/837/1581
f 1283/354/1283 3925/836/3923 1581/837/1581 492/351/492
f 5/132/5 1579/833/1579 3926/838/3924 1271/127/1271
f 1579/833/1579 174/776/174 1618/779/1618 3926/838/3924
f 3926/838/3924 1618/779/1618 177/752/177 1582/839/1582
f 1271/127/1271 3926/838/3924 1582/839/1582 6/124/6
f 36/121/36 1484/840/1484 3927/841/3925 1430/452/1430
f 1484/840/1484 166/700/166 1619/774/1619 3927/841/3925
f 3927/841/3925 1619/774/1619 178/533/178 1583/842/1583
f 1430/452/1430 3927/841/3925 1583/842/1583 95/5/95
f 32/94/32 1580/835/1580 3928/843/3926 1297/99/1297
f 1580/835/1580 175/764/175 1620/767/1620 3928/843/3926
f 3928/843/3926 1620/767/1620 179/772/179 1584/844/1584
f 1297/99/1297 3928/843/3926 1584/844/1584 33/100/33
f 495/845/495 2184/846/2184 3929/847/3927 1284/848/1284
f 2184/846/2184 497/758/497 1621/761/1621 3929/847/3927
f 3929/847/3927 1621/761/1621 180/671/180 1585/849/1585
f 1284/848/1284 3929/847/3927 1585/849/1585 20/387/20
f 6/124/6 1582/839/1582 3930/850/3928 1272/148/1272
f 1582/839/1582 177/752/177 1622/755/1622 3930/850/3928
f 3930/850/3928 1622/755/1622 181/719/181 1586/851/1586
f 1272/148/1272 3930/850/3928 1586/851/1586 7/145/7
f 3/408/3 1576/819/1576 3931/852/3929 1431/403/1431
f 1576/819/1576 171/743/171 1623/746/1623 3931/852/3929
f 3931/852/3929 1623/746/1623 165/751/165 1482/831/1482
f 1431/403/1431 3931/852/3929 1482/831/1482 96/400/96
f 267/107/267 1783/853/1783 3932/854/3930 1298/108/1298
f 1783/853/1783 273/855/273 1624/856/1624 3932/854/3930
f 3932/854/3930 1624/856/1624 182/713/182 1587/857/1587
f 1298/108/1298 3932/854/3930 1587/857/1587 34/109/34
f 91/14/91 1485/858/1485 3933/859/3931 1285/15/1285
f 1485/858/1485 167/655/167 1625/729/1625 3933/859/3931
f 3933/859/3931 1625/729/1625 183/733/183 1588/860/1588
f 1285/15/1285 3933/859/3931 1588/860/1588 21/16/21
f 266/159/266 1782/861/1782 3934/862/3932 1273/863/1273
f 1782/861/1782 274/727/274 1626/864/1626 3934/862/3932
f 3934/862/3932 1626/864/1626 184/701/184 1589/865/1589
f 1273/863/1273 3934/862/3932 1589/865/1589 8/181/8
f 34/109/34 1587/857/1587 3935/866/3933 1299/114/1299
f 1587/857/1587 182/713/182 1627/716/1627 3935/866/3933
f 3935/866/3933 1627/716/1627 185/692/185 1590/867/1590
f 1299/114/1299 3935/866/3933 1590/867/1590 35/115/35
f 475/23/475 2182/868/2182 3936/869/3934 1286/24/1286
f 2182/868/2182 491/707/491 1628/710/1628 3936/869/3934
f 3936/869/3934 1628/710/1628 186/686/186 1591/870/1591
f 1286/24/1286 3936/869/3934 1591/870/1591 22/25/22
f 8/181/8 1589/865/1589 3937/871/3935 1274/176/1274
f 1589/865/1589 184/701/184 1629/704/1629 3937/871/3935
f 3937/871/3935 1629/704/1629 187/677/187 1592/872/1592
f 1274/176/1274 3937/871/3935 1592/872/1592 9/173/9
f 35/115/35 1590/867/1590 3938/873/3936 1300/120/1300
f 1590/867/1590 185/692/185 1630/695/1630 3938/873/3936
f 3938/873/3936 1630/695/1630 166/700/166 1484/840/1484
f 1300/120/1300 3938/873/3936 1484/840/1484 36/121/36
f 22/25/22 1591/870/1591 3939/874/3937 1287/30/1287
f 1591/870/1591 186/686/186 1631/689/1631 3939/874/3937
f 3939/874/3937 1631/689/1631 188/665/188 1593/875/1593
f 1287/30/1287 3939/874/3937 1593/875/1593 23/31/23
f 9/173/9 1592/872/1592 3940/876/3938 1275/197/1275
f 1592/872/1592 187/677/187 1632/680/1632 3940/876/3938
f 3940/876/3938 1632/680/1632 189/685/189 1594/877/1594
f 1275/197/1275 3940/876/3938 1594/877/1594 10/194/10
f 20/387/20 1585/849/1585 3941/878/3939 1421/382/1421
f 1585/849/1585 180/671/180 1633/674/1633 3941/878/3939
f 3941/878/3939 1633/674/1633 190/590/190 1595/879/1595
f 1421/382/1421 3941/878/3939 1595/879/1595 90/379/90
f 23/31/23 1593/875/1593 3942/880/3940 1288/36/1288
f 1593/875/1593 188/665/188 1634/668/1634 3942/880/3940
f 3942/880/3940 1634/668/1634 191/641/191 1596/881/1596
f 1288/36/1288 3942/880/3940 1596/881/1596 24/37/24
f 256/882/256 1744/883/1744 3943/884/3941 1276/885/1276
f 1744/883/1744 255/664/255 1635/886/1635 3943/884/3941
f 3943/884/3941 1635/886/1635 192/635/192 1597/887/1597
f 1276/885/1276 3943/884/3941 1597/887/1597 11/230/11
f 2/441/2 1487/888/1487 3944/889/3942 1422/442/1422
f 1487/888/1487 168/568/168 1636/651/1636 3944/889/3942
f 3944/889/3942 1636/651/1636 167/655/167 1485/858/1485
f 1422/442/1422 3944/889/3942 1485/858/1485 91/14/91
f 24/37/24 1596/881/1596 3945/890/3943 1289/42/1289
f 1596/881/1596 191/641/191 1637/644/1637 3945/890/3943
f 3945/890/3943 1637/644/1637 193/649/193 1598/891/1598
f 1289/42/1289 3945/890/3943 1598/891/1598 25/43/25
f 11/230/11 1597/887/1597 3946/892/3944 1277/225/1277
f 1597/887/1597 192/635/192 1638/638/1638 3946/892/3944
f 3946/892/3944 1638/638/1638 194/620/194 1599/893/1599
f 1277/225/1277 3946/892/3944 1599/893/1599 12/222/12
f 289/50/289 1828/894/1828 3947/895/3945 1290/51/1290
f 1828/894/1828 407/896/407 1639/897/1639 3947/895/3945
f 3947/895/3945 1639/897/1639 408/898/408 1600/899/1600
f 1290/51/1290 3947/895/3945 1600/899/1600 26/52/26
f 1/431/1 1488/900/1488 3948/901/3946 2526/432/2526
f 1488/900/1488 169/598/169 2527/630/2527 3948/901/3946
f 3948/901/3946 2527/630/2527 660/634/660 2534/902/2534
f 2526/432/2526 3948/901/3946 2534/902/2534 659/435/659
f 12/222/12 1599/893/1599 3949/903/3947 1278/246/1278
f 1599/893/1599 194/620/194 1640/623/1640 3949/903/3947
f 3949/903/3947 1640/623/1640 196/628/196 1601/904/1601
f 1278/246/1278 3949/903/3947 1601/904/1601 13/243/13
f 26/52/26 1600/899/1600 3950/905/3948 1291/57/1291
f 1600/899/1600 408/898/408 1641/906/1641 3950/905/3948
f 3950/905/3948 1641/906/1641 409/907/409 1602/908/1602
f 1291/57/1291 3950/905/3948 1602/908/1602 27/58/27
f 120/427/120 1455/909/1455 3951/910/3949 1317/428/1317
f 1455/909/1455 160/605/160 1642/608/1642 3951/910/3949
f 3951/910/3949 1642/608/1642 198/578/198 1603/911/1603
f 1317/428/1317 3951/910/3949 1603/911/1603 37/421/37
f 90/379/90 1595/879/1595 3952/912/3950 1266/434/1266
f 1595/879/1595 190/590/190 1643/593/1643 3952/912/3950
f 3952/912/3950 1643/593/1643 169/598/169 1488/900/1488
f 1266/434/1266 3952/912/3950 1488/900/1488 1/431/1
f 247/65/247 1729/913/1729 3953/914/3951 1292/66/1292
f 1729/913/1729 241/584/241 1644/587/1644 3953/914/3951
f 3953/914/3951 1644/587/1644 200/554/200 1605/915/1605
f 1292/66/1292 3953/914/3951 1605/915/1605 28/67/28
f 37/421/37 1603/911/1603 3954/916/3952 1318/422/1318
f 1603/911/1603 198/578/198 1645/581/1645 3954/916/3952
f 3954/916/3952 1645/581/1645 201/560/201 1606/917/1606
f 1318/422/1318 3954/916/3952 1606/917/1606 38/425/38
f 14/279/14 1604/918/1604 3955/919/3953 1279/274/1279
f 1604/918/1604 199/569/199 1646/572/1646 3955/919/3953
f 3955/919/3953 1646/572/1646 202/577/202 1607/920/1607
f 1279/274/1279 3955/919/3953 1607/920/1607 15/271/15
f 38/425/38 1606/917/1606 3956/921/3954 1267/439/1267
f 1606/917/1606 201/560/201 1647/563/1647 3956/921/3954
f 3956/921/3954 1647/563/1647 168/568/168 1487/888/1487
f 1267/439/1267 3956/921/3954 1487/888/1487 2/441/2
f 28/67/28 1605/915/1605 3957/922/3955 1293/72/1293
f 1605/915/1605 200/554/200 1648/557/1648 3957/922/3955
f 3957/922/3955 1648/557/1648 203/524/203 1608/923/1608
f 1293/72/1293 3957/922/3955 1608/923/1608 29/73/29
f 4/7/4 1489/924/1489 3958/925/3956 1319/8/1319
f 1489/924/1489 170/541/170 1649/926/1649 3958/925/3956
f 3958/925/3956 1649/926/1649 204/927/204 1609/928/1609
f 1319/8/1319 3958/925/3956 1609/928/1609 39/9/39
f 288/292/288 1827/929/1827 3959/930/3957 1280/931/1280
f 1827/929/1827 297/542/297 1650/545/1650 3959/930/3957
f 3959/930/3957 1650/545/1650 205/506/205 1610/932/1610
f 1280/931/1280 3959/930/3957 1610/932/1610 16/324/16
f 95/5/95 1583/842/1583 3960/933/3958 1268/6/1268
f 1583/842/1583 178/533/178 1651/536/1651 3960/933/3958
f 3960/933/3958 1651/536/1651 170/541/170 1489/924/1489
f 1268/6/1268 3960/933/3958 1489/924/1489 4/7/4
f 29/73/29 1608/923/1608 3961/934/3959 1294/78/1294
f 1608/923/1608 203/524/203 1652/527/1652 3961/934/3959
f 3961/934/3959 1652/527/1652 162/532/162 1479/935/1479
f 1294/78/1294 3961/934/3959 1479/935/1479 30/79/30
f 39/9/39 1609/928/1609 3962/936/3960 1320/420/1320
f 1609/928/1609 204/927/204 1653/937/1653 3962/936/3960
f 3962/936/3960 1653/937/1653 163/938/163 1480/939/1480
f 1320/420/1320 3962/936/3960 1480/939/1480 40/415/40
f 16/324/16 1610/932/1610 3963/940/3961 1281/319/1281
f 1610/932/1610 205/506/205 1654/509/1654 3963/940/3961
f 3963/940/3961 1654/509/1654 164/514/164 1481/828/1481
f 1281/319/1281 3963/940/3961 1481/828/1481 17/316/17
f 40/415/40 1480/939/1480 3964/941/3962 1475/416/1475
f 1480/939/1480 163/938/163 1655/942/1655 3964/941/3962
f 3964/941/3962 1655/942/1655 159/826/159 1454/824/1454
f 1475/416/1475 3964/941/3962 1454/824/1454 119/417/119
f 282/208/282 1801/943/1801 3965/944/3963 1657/945/1657
f 1801/943/1801 283/946/283 1675/947/1675 3965/944/3963
f 3965/944/3963 1675/947/1675 224/948/224 1677/949/1677
f 1657/945/1657 3965/944/3963 1677/949/1677 206/950/206
f 206/950/206 1677/949/1677 3966/951/3964 1658/952/1658
f 1677/949/1677 224/948/224 1676/953/1676 3966/951/3964
f 3966/951/3964 1676/953/1676 225/656/225 1678/954/1678
f 1658/952/1658 3966/951/3964 1678/954/1678 207/955/207
f 254/956/254 1756/957/1756 3967/958/3965 1659/959/1659
f 1756/957/1756 248/960/248 1673/961/1673 3967/958/3965
f 3967/958/3965 1673/961/1673 222/962/222 1679/963/1679
f 1659/959/1659 3967/958/3965 1679/963/1679 208/964/208
f 208/964/208 1679/963/1679 3968/965/3966 1660/966/1660
f 1679/963/1679 222/962/222 1674/967/1674 3968/965/3966
f 3968/965/3966 1674/967/1674 223/734/223 1680/968/1680
f 1660/966/1660 3968/965/3966 1680/968/1680 209/969/209
f 248/960/248 1736/970/1736 3969/971/3967 1673/961/1673
f 1736/970/1736 249/972/249 1671/973/1671 3969/971/3967
f 3969/971/3967 1671/973/1671 220/974/220 1681/975/1681
f 1673/961/1673 3969/971/3967 1681/975/1681 222/962/222
f 222/962/222 1681/975/1681 3970/976/3968 1674/967/1674
f 1681/975/1681 220/974/220 1672/977/1672 3970/976/3968
f 3970/976/3968 1672/977/1672 221/738/221 1682/735/1682
f 1674/967/1674 3970/976/3968 1682/735/1682 223/734/223
f 453/978/453 2132/979/2132 3971/980/3969 2123/981/2123
f 2132/979/2132 452/982/452 2122/983/2122 3971/980/3969
f 3971/980/3969 2122/983/2122 373/984/373 1963/985/1963
f 2123/981/2123 3971/980/3969 1963/985/1963 365/986/365
f 224/948/224 1683/987/1683 3972/988/3970 1676/953/1676
f 1683/987/1683 218/989/218 1670/990/1670 3972/988/3970
f 3972/988/3970 1670/990/1670 219/660/219 1723/657/1723
f 1676/953/1676 3972/988/3970 1723/657/1723 225/656/225
f 253/991/253 1737/992/1737 3973/993/3971 1661/994/1661
f 1737/992/1737 250/995/250 1667/996/1667 3973/993/3971
f 3973/993/3971 1667/996/1667 216/997/216 1684/998/1684
f 1661/994/1661 3973/993/3971 1684/998/1684 210/999/210
f 210/999/210 1684/998/1684 3974/1000/3972 1662/1001/1662
f 1684/998/1684 216/997/216 1668/1002/1668 3974/1000/3972
f 3974/1000/3972 1668/1002/1668 217/1003/217 1685/1004/1685
f 1662/1001/1662 3974/1000/3972 1685/1004/1685 211/1005/211
f 252/1006/252 1741/1007/1741 3975/1008/3973 1663/1009/1663
f 1741/1007/1741 251/1010/251 1665/1011/1665 3975/1008/3973
f 3975/1008/3973 1665/1011/1665 214/1012/214 1686/1013/1686
f 1663/1009/1663 3975/1008/3973 1686/1013/1686 212/1014/212
f 212/1014/212 1686/1013/1686 3976/1015/3974 1664/1016/1664
f 1686/1013/1686 214/1012/214 1666/1017/1666 3976/1015/3974
f 3976/1015/3974 1666/1017/1666 215/1018/215 1687/1019/1687
f 1664/1016/1664 3976/1015/3974 1687/1019/1687 213/1020/213
f 250/995/250 1740/1021/1740 3977/1022/3975 1667/996/1667
f 1740/1021/1740 252/1006/252 1663/1009/1663 3977/1022/3975
f 3977/1022/3975 1663/1009/1663 212/1014/212 1688/1023/1688
f 1667/996/1667 3977/1022/3975 1688/1023/1688 216/997/216
f 216/997/216 1688/1023/1688 3978/1024/3976 1668/1002/1668
f 1688/1023/1688 212/1014/212 1664/1016/1664 3978/1024/3976
f 3978/1024/3976 1664/1016/1664 213/1020/213 1689/1025/1689
f 1668/1002/1668 3978/1024/3976 1689/1025/1689 217/1003/217
f 256/882/256 1757/1026/1757 3979/1027/3977 1761/1028/1761
f 1757/1026/1757 253/991/253 1661/994/1661 3979/1027/3977
f 3979/1027/3977 1661/994/1661 210/999/210 1690/1029/1690
f 1761/1028/1761 3979/1027/3977 1690/1029/1690 207/955/207
f 207/955/207 1690/1029/1690 3980/1030/3978 1658/952/1658
f 1690/1029/1690 210/999/210 1662/1001/1662 3980/1030/3978
f 3980/1030/3978 1662/1001/1662 211/1005/211 1691/1031/1691
f 1658/952/1658 3980/1030/3978 1691/1031/1691 206/950/206
f 251/1010/251 1738/1032/1738 3981/1033/3979 1665/1011/1665
f 1738/1032/1738 254/956/254 1659/959/1659 3981/1033/3979
f 3981/1033/3979 1659/959/1659 208/964/208 1692/1034/1692
f 1665/1011/1665 3981/1033/3979 1692/1034/1692 214/1012/214
f 214/1012/214 1692/1034/1692 3982/1035/3980 1666/1017/1666
f 1692/1034/1692 208/964/208 1660/966/1660 3982/1035/3980
f 3982/1035/3980 1660/966/1660 209/969/209 1693/1036/1693
f 1666/1017/1666 3982/1035/3980 1693/1036/1693 215/1018/215
f 226/1037/226 1697/1038/1697 3983/1039/3981 1713/1040/1713
f 1697/1038/1697 233/1041/233 1714/1042/1714 3983/1039/3981
f 3983/1039/3981 1714/1042/1714 199/569/199 1604/918/1604
f 1713/1040/1713 3983/1039/3981 1604/918/1604 14/279/14
f 240/257/240 1749/1043/1749 3984/1044/3982 1694/1045/1694
f 1749/1043/1749 239/1046/239 1695/1047/1695 3984/1044/3982
f 3984/1044/3982 1695/1047/1695 233/1041/233 1697/1038/1697
f 1694/1045/1694 3984/1044/3982 1697/1038/1697 226/1037/226
f 196/628/196 1758/627/1758 3985/1048/3983 1747/1049/1747
f 1758/627/1758 260/626/260 1760/1050/1760 3985/1048/3983
f 3985/1048/3983 1760/1050/1760 258/1051/258 1722/1052/1722
f 1747/1049/1747 3985/1048/3983 1722/1052/1722 239/1046/239
f 27/58/27 1602/908/1602 3986/1053/3984 1715/601/1715
f 1602/908/1602 409/907/409 1721/1054/1721 3986/1053/3984
f 3986/1053/3984 1721/1054/1721 234/1055/234 1696/1056/1696
f 1715/601/1715 3986/1053/3984 1696/1056/1696 227/602/227
f 62/277/62 1342/476/1342 3987/1057/3985 1716/1058/1716
f 1342/476/1342 112/288/112 1719/1059/1719 3987/1057/3985
f 3987/1057/3985 1719/1059/1719 231/1060/231 1700/1061/1700
f 1716/1058/1716 3987/1057/3985 1700/1061/1700 228/1062/228
f 61/286/61 1341/291/1341 3988/1063/3986 1717/1064/1717
f 1341/291/1341 60/60/60 1718/600/1718 3988/1063/3986
f 3988/1063/3986 1718/600/1718 230/604/230 1701/1065/1701
f 1717/1064/1717 3988/1063/3986 1701/1065/1701 229/1066/229
f 112/288/112 1504/287/1504 3989/1067/3987 1719/1059/1719
f 1504/287/1504 61/286/61 1717/1064/1717 3989/1067/3987
f 3989/1067/3987 1717/1064/1717 229/1066/229 1702/1068/1702
f 1719/1059/1719 3989/1067/3987 1702/1068/1702 231/1060/231
f 14/279/14 1307/278/1307 3990/1069/3988 1713/1040/1713
f 1307/278/1307 62/277/62 1716/1058/1716 3990/1069/3988
f 3990/1069/3988 1716/1058/1716 228/1062/228 1703/1070/1703
f 1713/1040/1713 3990/1069/3988 1703/1070/1703 226/1037/226
f 226/1037/226 1703/1070/1703 3991/1071/3989 1694/1045/1694
f 1703/1070/1703 228/1062/228 1735/1072/1735 3991/1071/3989
f 3991/1071/3989 1735/1072/1735 246/261/246 1730/258/1730
f 1694/1045/1694 3991/1071/3989 1730/258/1730 240/257/240
f 255/664/255 1726/663/1726 3992/1073/3990 1635/886/1635
f 1726/663/1726 257/662/257 1763/1074/1763 3992/1073/3990
f 3992/1073/3990 1763/1074/1763 261/639/261 1759/636/1759
f 1635/886/1635 3992/1073/3990 1759/636/1759 192/635/192
f 234/1055/234 1699/1075/1699 3993/1076/3991 1733/1077/1733
f 1699/1075/1699 232/615/232 1742/1078/1742 3993/1076/3991
f 3993/1076/3991 1742/1078/1742 242/588/242 1731/585/1731
f 1733/1077/1733 3993/1076/3991 1731/585/1731 241/584/241
f 231/1060/231 1702/1068/1702 3994/1079/3992 1743/1080/1743
f 1702/1068/1702 229/1066/229 1734/1081/1734 3994/1079/3992
f 3994/1079/3992 1734/1081/1734 245/267/245 1727/264/1727
f 1743/1080/1743 3994/1079/3992 1727/264/1727 243/263/243
f 230/604/230 1704/603/1704 3995/1082/3993 1746/1083/1746
f 1704/603/1704 227/602/227 1745/1084/1745 3995/1082/3993
f 3995/1082/3993 1745/1084/1745 247/65/247 1725/62/1725
f 1746/1083/1746 3995/1082/3993 1725/62/1725 244/61/244
f 229/1066/229 1701/1065/1701 3996/1085/3994 1734/1081/1734
f 1701/1065/1701 230/604/230 1746/1083/1746 3996/1085/3994
f 3996/1085/3994 1746/1083/1746 244/61/244 1536/269/1536
f 1734/1081/1734 3996/1085/3994 1536/269/1536 245/267/245
f 152/573/152 1518/570/1518 3997/1086/3995 1708/1087/1708
f 1518/570/1518 199/569/199 1714/1042/1714 3997/1086/3995
f 3997/1086/3995 1714/1042/1714 233/1041/233 1698/1088/1698
f 1708/1087/1708 3997/1086/3995 1698/1088/1698 236/1089/236
f 239/1046/239 1722/1052/1722 3998/1090/3996 1695/1047/1695
f 1722/1052/1722 258/1051/258 1762/1091/1762 3998/1090/3996
f 3998/1090/3996 1762/1091/1762 236/1089/236 1698/1088/1698
f 1695/1047/1695 3998/1090/3996 1698/1088/1698 233/1041/233
f 228/1062/228 1700/1061/1700 3999/1092/3997 1735/1072/1735
f 1700/1061/1700 231/1060/231 1743/1080/1743 3999/1092/3997
f 3999/1092/3997 1743/1080/1743 243/263/243 1728/477/1728
f 1735/1072/1735 3999/1092/3997 1728/477/1728 246/261/246
f 11/230/11 1310/229/1310 4000/1093/3998 1276/885/1276
f 1310/229/1310 71/228/71 1750/1094/1750 4000/1093/3998
f 4000/1093/3998 1750/1094/1750 253/991/253 1757/1026/1757
f 1276/885/1276 4000/1093/3998 1757/1026/1757 256/882/256
f 109/239/109 1469/238/1469 4001/1095/3999 1753/1096/1753
f 1469/238/1469 70/237/70 1751/1097/1751 4001/1095/3999
f 4001/1095/3999 1751/1097/1751 252/1006/252 1740/1021/1740
f 1753/1096/1753 4001/1095/3999 1740/1021/1740 250/995/250
f 227/602/227 1696/1056/1696 4002/1098/4000 1745/1084/1745
f 1696/1056/1696 234/1055/234 1733/1077/1733 4002/1098/4000
f 4002/1098/4000 1733/1077/1733 241/584/241 1729/913/1729
f 1745/1084/1745 4002/1098/4000 1729/913/1729 247/65/247
f 13/243/13 1601/904/1601 4003/1099/4001 1732/260/1732
f 1601/904/1601 196/628/196 1747/1049/1747 4003/1099/4001
f 4003/1099/4001 1747/1049/1747 239/1046/239 1749/1043/1749
f 1732/260/1732 4003/1099/4001 1749/1043/1749 240/257/240
f 71/228/71 1351/483/1351 4004/1100/4002 1750/1094/1750
f 1351/483/1351 109/239/109 1753/1096/1753 4004/1100/4002
f 4004/1100/4002 1753/1096/1753 250/995/250 1737/992/1737
f 1750/1094/1750 4004/1100/4002 1737/992/1737 253/991/253
f 162/532/162 1567/531/1567 4005/1101/4003 1739/1102/1739
f 1567/531/1567 123/530/123 1748/1103/1748 4005/1101/4003
f 4005/1101/4003 1748/1103/1748 249/972/249 1736/970/1736
f 1739/1102/1739 4005/1101/4003 1736/970/1736 248/960/248
f 70/237/70 1350/242/1350 4006/1104/4004 1751/1097/1751
f 1350/242/1350 69/81/69 1752/1105/1752 4006/1104/4004
f 4006/1104/4004 1752/1105/1752 251/1010/251 1741/1007/1741
f 1751/1097/1751 4006/1104/4004 1741/1007/1741 252/1006/252
f 207/955/207 1678/954/1678 4007/1106/4005 1761/1028/1761
f 1678/954/1678 225/656/225 1755/659/1755 4007/1106/4005
f 4007/1106/4005 1755/659/1755 255/664/255 1744/883/1744
f 1761/1028/1761 4007/1106/4005 1744/883/1744 256/882/256
f 30/79/30 1479/935/1479 4008/1107/4006 1754/1108/1754
f 1479/935/1479 162/532/162 1739/1102/1739 4008/1107/4006
f 4008/1107/4006 1739/1102/1739 248/960/248 1756/957/1756
f 1754/1108/1754 4008/1107/4006 1756/957/1756 254/956/254
f 356/1109/356 1942/1110/1942 4009/1111/4007 1935/1112/1935
f 1942/1110/1942 235/1113/235 1931/1114/1931 4009/1111/4007
f 4009/1111/4007 1931/1114/1931 353/1115/353 1928/1116/1928
f 1935/1112/1935 4009/1111/4007 1928/1116/1928 352/1117/352
f 237/1118/237 1941/1119/1941 4010/1120/4008 1705/1121/1705
f 1941/1119/1941 354/1122/354 1710/1123/1710 4010/1120/4008
f 4010/1120/4008 1710/1123/1710 347/1124/347 1918/1125/1918
f 1705/1121/1705 4010/1120/4008 1918/1125/1918 346/1126/346
f 238/1127/238 1940/1128/1940 4011/1129/4009 1709/1130/1709
f 1940/1128/1940 237/1118/237 1705/1121/1705 4011/1129/4009
f 4011/1129/4009 1705/1121/1705 346/1126/346 1920/1131/1920
f 1709/1130/1709 4011/1129/4009 1920/1131/1920 349/1132/349
f 235/1113/235 1939/1133/1939 4012/1134/4010 1931/1114/1931
f 1939/1133/1939 238/1127/238 1709/1130/1709 4012/1134/4010
f 4012/1134/4010 1709/1130/1709 349/1132/349 1927/1135/1927
f 1931/1114/1931 4012/1134/4010 1927/1135/1927 353/1115/353
f 69/81/69 1349/80/1349 4013/1136/4011 1752/1105/1752
f 1349/80/1349 30/79/30 1754/1108/1754 4013/1136/4011
f 4013/1136/4011 1754/1108/1754 254/956/254 1738/1032/1738
f 1752/1105/1752 4013/1136/4011 1738/1032/1738 251/1010/251
f 7/145/7 1586/851/1586 4014/1137/4012 1773/162/1773
f 1586/851/1586 181/719/181 1781/722/1781 4014/1137/4012
f 4014/1137/4012 1781/722/1781 274/727/274 1782/861/1782
f 1773/162/1773 4014/1137/4012 1782/861/1782 266/159/266
f 454/1138/454 2131/1139/2131 4015/1140/4013 2124/1141/2124
f 2131/1139/2131 456/1142/456 2126/1143/2126 4015/1140/4013
f 4015/1140/4013 2126/1143/2126 369/1144/369 1966/1145/1966
f 2124/1141/2124 4015/1140/4013 1966/1145/1966 374/1146/374
f 456/1142/456 2130/1147/2130 4016/1148/4014 2126/1143/2126
f 2130/1147/2130 450/1149/450 1505/1150/1505 4016/1148/4014
f 4016/1148/4014 1505/1150/1505 367/1151/367 1965/1152/1965
f 2126/1143/2126 4016/1148/4014 1965/1152/1965 369/1144/369
f 264/683/264 1771/1153/1771 4017/1154/4015 1767/684/1767
f 1771/1153/1771 284/1155/284 1800/1156/1800 4017/1154/4015
f 4017/1154/4015 1800/1156/1800 283/946/283 1799/1157/1799
f 1767/684/1767 4017/1154/4015 1799/1157/1799 189/685/189
f 452/982/452 2129/1158/2129 4018/1159/4016 2122/983/2122
f 2129/1158/2129 451/1160/451 1510/1161/1510 4018/1159/4016
f 4018/1159/4016 1510/1161/1510 371/1162/371 1964/1163/1964
f 2122/983/2122 4018/1159/4016 1964/1163/1964 373/984/373
f 33/100/33 1584/844/1584 4019/1164/4017 1774/1165/1774
f 1584/844/1584 179/772/179 1780/1166/1780 4019/1164/4017
f 4019/1164/4017 1780/1166/1780 273/855/273 1783/853/1783
f 1774/1165/1774 4019/1164/4017 1783/853/1783 267/107/267
f 128/1167/128 2020/1168/2020 4020/1169/4018 2008/1170/2008
f 2020/1168/2020 397/1171/397 1558/1172/1558 4020/1169/4018
f 4020/1169/4018 1558/1172/1558 395/1173/395 2004/1174/2004
f 2008/1170/2008 4020/1169/4018 2004/1174/2004 392/1175/392
f 80/179/80 1360/490/1360 4021/1176/4019 1775/1177/1775
f 1360/490/1360 106/190/106 1778/1178/1778 4021/1176/4019
f 4021/1176/4019 1778/1178/1778 271/165/271 1785/491/1785
f 1775/1177/1775 4021/1176/4019 1785/491/1785 268/163/268
f 79/188/79 1359/193/1359 4022/1179/4020 1776/1180/1776
f 1359/193/1359 78/102/78 1777/1181/1777 4022/1179/4020
f 4022/1179/4020 1777/1181/1777 270/103/270 1786/171/1786
f 1776/1180/1776 4022/1179/4020 1786/171/1786 269/169/269
f 106/190/106 1450/189/1450 4023/1182/4021 1778/1178/1778
f 1450/189/1450 79/188/79 1776/1180/1776 4023/1182/4021
f 4023/1182/4021 1776/1180/1776 269/169/269 1787/166/1787
f 1778/1178/1778 4023/1182/4021 1787/166/1787 271/165/271
f 8/181/8 1313/180/1313 4024/1183/4022 1273/863/1273
f 1313/180/1313 80/179/80 1775/1177/1775 4024/1183/4022
f 4024/1183/4022 1775/1177/1775 268/163/268 1788/160/1788
f 1273/863/1273 4024/1183/4022 1788/160/1788 266/159/266
f 78/102/78 1358/101/1358 4025/1184/4023 1777/1181/1777
f 1358/101/1358 33/100/33 1774/1165/1774 4025/1184/4023
f 4025/1184/4023 1774/1165/1774 267/107/267 1789/104/1789
f 1777/1181/1777 4025/1184/4023 1789/104/1789 270/103/270
f 274/727/274 1790/726/1790 4026/1185/4024 1626/864/1626
f 1790/726/1790 265/725/265 1768/1186/1768 4026/1185/4024
f 4026/1185/4024 1768/1186/1768 263/705/263 1766/702/1766
f 1626/864/1626 4026/1185/4024 1766/702/1766 184/701/184
f 10/194/10 1594/877/1594 4027/1187/4025 1798/211/1798
f 1594/877/1594 189/685/189 1799/1157/1799 4027/1187/4025
f 4027/1187/4025 1799/1157/1799 283/946/283 1801/943/1801
f 1798/211/1798 4027/1187/4025 1801/943/1801 282/208/282
f 209/969/209 1680/968/1680 4028/1188/4026 1791/1189/1791
f 1680/968/1680 223/734/223 1797/737/1797 4028/1188/4026
f 4028/1188/4026 1797/737/1797 281/742/281 1802/820/1802
f 1791/1189/1791 4028/1188/4026 1802/820/1802 275/86/275
f 396/1190/396 2019/1191/2019 4029/1192/4027 2011/1193/2011
f 2019/1191/2019 398/1194/398 2013/1195/2013 4029/1192/4027
f 4029/1192/4027 2013/1195/2013 388/1196/388 2007/1197/2007
f 2011/1193/2011 4029/1192/4027 2007/1197/2007 390/1198/390
f 211/1005/211 1685/1004/1685 4030/1199/4028 1792/1200/1792
f 1685/1004/1685 217/1003/217 1795/1201/1795 4030/1199/4028
f 4030/1199/4028 1795/1201/1795 279/214/279 1804/484/1804
f 1792/1200/1792 4030/1199/4028 1804/484/1804 276/212/276
f 213/1020/213 1687/1019/1687 4031/1202/4029 1793/1203/1793
f 1687/1019/1687 215/1018/215 1794/1204/1794 4031/1202/4029
f 4031/1202/4029 1794/1204/1794 278/82/278 1805/220/1805
f 1793/1203/1793 4031/1202/4029 1805/220/1805 277/218/277
f 217/1003/217 1689/1025/1689 4032/1205/4030 1795/1201/1795
f 1689/1025/1689 213/1020/213 1793/1203/1793 4032/1205/4030
f 4032/1205/4030 1793/1203/1793 277/218/277 1806/215/1806
f 1795/1201/1795 4032/1205/4030 1806/215/1806 279/214/279
f 206/950/206 1691/1031/1691 4033/1206/4031 1657/945/1657
f 1691/1031/1691 211/1005/211 1792/1200/1792 4033/1206/4031
f 4033/1206/4031 1792/1200/1792 276/212/276 1807/209/1807
f 1657/945/1657 4033/1206/4031 1807/209/1807 282/208/282
f 215/1018/215 1693/1036/1693 4034/1207/4032 1794/1204/1794
f 1693/1036/1693 209/969/209 1791/1189/1791 4034/1207/4032
f 4034/1207/4032 1791/1189/1791 275/86/275 1808/83/1808
f 1794/1204/1794 4034/1207/4032 1808/83/1808 278/82/278
f 218/989/218 1683/987/1683 4035/1208/4033 1809/1209/1809
f 1683/987/1683 224/948/224 1675/947/1675 4035/1208/4033
f 4035/1208/4033 1675/947/1675 283/946/283 1800/1156/1800
f 1809/1209/1809 4035/1208/4033 1800/1156/1800 284/1155/284
f 179/772/179 1803/771/1803 4036/1210/4034 1780/1166/1780
f 1803/771/1803 285/770/285 1812/1211/1812 4036/1210/4034
f 4036/1210/4034 1812/1211/1812 287/1212/287 1816/1213/1816
f 1780/1166/1780 4036/1210/4034 1816/1213/1816 273/855/273
f 122/1214/122 2018/1215/2018 4037/1216/4035 2009/1217/2009
f 2018/1215/2018 133/1218/133 1499/1219/1499 4037/1216/4035
f 4037/1216/4035 1499/1219/1499 394/1220/394 2003/1221/2003
f 2009/1217/2009 4037/1216/4035 2003/1221/2003 393/1222/393
f 398/1194/398 2017/1223/2017 4038/1224/4036 2013/1195/2013
f 2017/1223/2017 399/1225/399 1796/1226/1796 4038/1224/4036
f 4038/1224/4036 1796/1226/1796 386/1227/386 2006/1228/2006
f 2013/1195/2013 4038/1224/4036 2006/1228/2006 388/1196/388
f 281/742/281 1815/741/1815 4039/1229/4037 1612/822/1612
f 1815/741/1815 286/740/286 1784/1230/1784 4039/1229/4037
f 4039/1229/4037 1784/1230/1784 272/795/272 1550/792/1550
f 1612/822/1612 4039/1229/4037 1550/792/1550 172/791/172
f 273/855/273 1816/1213/1816 4040/1231/4038 1624/856/1624
f 1816/1213/1816 287/1212/287 1811/1232/1811 4040/1231/4038
f 4040/1231/4038 1811/1232/1811 136/717/136 1502/714/1502
f 1624/856/1624 4040/1231/4038 1502/714/1502 182/713/182
f 15/271/15 1607/920/1607 4041/1233/4039 1817/295/1817
f 1607/920/1607 202/577/202 1826/1234/1826 4041/1233/4039
f 4041/1233/4039 1826/1234/1826 297/542/297 1827/929/1827
f 1817/295/1817 4041/1233/4039 1827/929/1827 288/292/288
f 25/43/25 1598/891/1598 4042/1235/4040 1818/1236/1818
f 1598/891/1598 193/649/193 1825/1237/1825 4042/1235/4040
f 4042/1235/4040 1825/1237/1825 407/896/407 1828/894/1828
f 1818/1236/1818 4042/1235/4040 1828/894/1828 289/50/289
f 202/577/202 1521/576/1521 4043/1238/4041 1826/1234/1826
f 1521/576/1521 155/575/155 1823/1239/1823 4043/1238/4041
f 4043/1238/4041 1823/1239/1823 294/546/294 1829/543/1829
f 1826/1234/1826 4043/1238/4041 1829/543/1829 297/542/297
f 56/322/56 1336/469/1336 4044/1240/4042 1819/1241/1819
f 1336/469/1336 114/333/114 1822/1242/1822 4044/1240/4042
f 4044/1240/4042 1822/1242/1822 618/472/618 1830/470/1830
f 1819/1241/1819 4044/1240/4042 1830/470/1830 290/296/290
f 55/331/55 1335/336/1335 4045/1243/4043 1820/1244/1820
f 1335/336/1335 54/45/54 1821/1245/1821 4045/1243/4043
f 4045/1243/4043 1821/1245/1821 617/46/617 1831/1246/1831
f 1820/1244/1820 4045/1243/4043 1831/1246/1831 291/1247/291
f 114/333/114 1467/332/1467 4046/1248/4044 1822/1242/1822
f 1467/332/1467 55/331/55 1820/1244/1820 4046/1248/4044
f 4046/1248/4044 1820/1244/1820 291/1247/291 1832/1249/1832
f 1822/1242/1822 4046/1248/4044 1832/1249/1832 618/472/618
f 16/324/16 1305/323/1305 4047/1250/4045 1280/931/1280
f 1305/323/1305 56/322/56 1819/1241/1819 4047/1250/4045
f 4047/1250/4045 1819/1241/1819 290/296/290 1833/293/1833
f 1280/931/1280 4047/1250/4045 1833/293/1833 288/292/288
f 54/45/54 1334/44/1334 4048/1251/4046 1821/1245/1821
f 1334/44/1334 25/43/25 1818/1236/1818 4048/1251/4046
f 4048/1251/4046 1818/1236/1818 289/50/289 1834/47/1834
f 1821/1245/1821 4048/1251/4046 1834/47/1834 617/46/617
f 193/649/193 1513/648/1513 4049/1252/4047 1825/1237/1825
f 1513/648/1513 148/647/148 1837/1253/1837 4049/1252/4047
f 4049/1252/4047 1837/1253/1837 412/1254/412 1838/1255/1838
f 1825/1237/1825 4049/1252/4047 1838/1255/1838 407/896/407
f 411/619/411 1836/1256/1836 4050/1257/4048 1514/614/1514
f 1836/1256/1836 412/1254/412 1837/1253/1837 4050/1257/4048
f 4050/1257/4048 1837/1253/1837 148/647/148 1824/1258/1824
f 1514/614/1514 4050/1257/4048 1824/1258/1824 149/611/149
f 409/907/409 1835/1259/1835 4051/1260/4049 1721/1054/1721
f 1835/1259/1835 410/617/410 1516/616/1516 4051/1260/4049
f 4051/1260/4049 1516/616/1516 232/615/232 1699/1075/1699
f 1721/1054/1721 4051/1260/4049 1699/1075/1699 234/1055/234
f 310/552/310 1849/1261/1849 4052/1262/4050 1855/553/1855
f 1849/1261/1849 300/1263/300 1840/1264/1840 4052/1262/4050
f 4052/1262/4050 1840/1264/1840 301/1265/301 1847/1266/1847
f 1855/553/1855 4052/1262/4050 1847/1266/1847 308/503/308
f 304/523/304 1842/1267/1842 4053/1268/4051 1854/1269/1854
f 1842/1267/1842 305/1270/305 1843/1271/1843 4053/1268/4051
f 4053/1268/4051 1843/1271/1843 300/1263/300 1849/1261/1849
f 1854/1269/1854 4053/1268/4051 1849/1261/1849 310/552/310
f 311/521/311 1850/808/1850 4054/1272/4052 1853/522/1853
f 1850/808/1850 306/807/306 1844/1273/1844 4054/1272/4052
f 4054/1272/4052 1844/1273/1844 305/1270/305 1842/1267/1842
f 1853/522/1853 4054/1272/4052 1842/1267/1842 304/523/304
f 308/503/308 1847/1266/1847 4055/1274/4053 1852/504/1852
f 1847/1266/1847 301/1265/301 1845/1275/1845 4055/1274/4053
f 4055/1274/4053 1845/1275/1845 307/1276/307 1848/1277/1848
f 1852/504/1852 4055/1274/4053 1848/1277/1848 309/505/309
f 309/505/309 1848/1277/1848 4056/1278/4054 1851/813/1851
f 1848/1277/1848 307/1276/307 1846/1279/1846 4056/1278/4054
f 4056/1278/4054 1846/1279/1846 303/1280/303 1841/1281/1841
f 1851/813/1851 4056/1278/4054 1841/1281/1841 302/814/302
f 331/550/331 1896/1282/1896 4057/1283/4055 1564/551/1564
f 1896/1282/1896 340/515/340 1885/518/1885 4057/1283/4055
f 4057/1283/4055 1885/518/1885 304/523/304 1854/1269/1854
f 1564/551/1564 4057/1283/4055 1854/1269/1854 310/552/310
f 324/1284/324 1892/1285/1892 4058/1286/4056 1869/1287/1869
f 1892/1285/1892 320/809/320 1865/812/1865 4058/1286/4056
f 4058/1286/4056 1865/812/1865 302/814/302 1841/1281/1841
f 1869/1287/1869 4058/1286/4056 1841/1281/1841 303/1280/303
f 466/1288/466 2160/1289/2160 4059/1290/4057 2148/1291/2148
f 2160/1289/2160 465/1292/465 2147/1293/2147 4059/1290/4057
f 4059/1290/4057 2147/1293/2147 323/1294/323 1889/1295/1889
f 2148/1291/2148 4059/1290/4057 1889/1295/1889 327/1296/327
f 327/1296/327 1889/1295/1889 4060/1297/4058 1872/1298/1872
f 1889/1295/1889 323/1294/323 1868/1299/1868 4060/1297/4058
f 4060/1297/4058 1868/1299/1868 322/1300/322 1890/1301/1890
f 1872/1298/1872 4060/1297/4058 1890/1301/1890 326/1302/326
f 326/1302/326 1890/1301/1890 4061/1303/4059 1871/1304/1871
f 1890/1301/1890 322/1300/322 1867/1305/1867 4061/1303/4059
f 4061/1303/4059 1867/1305/1867 321/1306/321 1891/1307/1891
f 1871/1304/1871 4061/1303/4059 1891/1307/1891 325/1308/325
f 325/1308/325 1891/1307/1891 4062/1309/4060 1870/1310/1870
f 1891/1307/1891 321/1306/321 1866/1311/1866 4062/1309/4060
f 4062/1309/4060 1866/1311/1866 320/809/320 1892/1285/1892
f 1870/1310/1870 4062/1309/4060 1892/1285/1892 324/1284/324
f 470/1312/470 2159/1313/2159 4063/1314/4061 1873/1315/1873
f 2159/1313/2159 468/1316/468 2150/1317/2150 4063/1314/4061
f 4063/1314/4061 2150/1317/2150 343/1318/343 1893/1319/1893
f 1873/1315/1873 4063/1314/4061 1893/1319/1893 328/1320/328
f 328/1320/328 1893/1319/1893 4064/1321/4062 1874/1322/1874
f 1893/1319/1893 343/1318/343 1888/1323/1888 4064/1321/4062
f 4064/1321/4062 1888/1323/1888 342/1324/342 1894/1325/1894
f 1874/1322/1874 4064/1321/4062 1894/1325/1894 329/1326/329
f 329/1326/329 1894/1325/1894 4065/1327/4063 1875/1328/1875
f 1894/1325/1894 342/1324/342 1887/1329/1887 4065/1327/4063
f 4065/1327/4063 1887/1329/1887 341/1330/341 1895/1331/1895
f 1875/1328/1875 4065/1327/4063 1895/1331/1895 330/1332/330
f 330/1332/330 1895/1331/1895 4066/1333/4064 1876/1334/1876
f 1895/1331/1895 341/1330/341 1886/1335/1886 4066/1333/4064
f 4066/1333/4064 1886/1335/1886 340/515/340 1896/1282/1896
f 1876/1334/1876 4066/1333/4064 1896/1282/1896 331/550/331
f 465/1292/465 2158/1336/2158 4067/1337/4065 2147/1293/2147
f 2158/1336/2158 469/1338/469 1857/1339/1857 4067/1337/4065
f 4067/1337/4065 1857/1339/1857 312/1340/312 1897/1341/1897
f 2147/1293/2147 4067/1337/4065 1897/1341/1897 323/1294/323
f 323/1294/323 1897/1341/1897 4068/1342/4066 1868/1299/1868
f 1897/1341/1897 312/1340/312 1858/1343/1858 4068/1342/4066
f 4068/1342/4066 1858/1343/1858 313/1344/313 1898/1345/1898
f 1868/1299/1868 4068/1342/4066 1898/1345/1898 322/1300/322
f 322/1300/322 1898/1345/1898 4069/1346/4067 1867/1305/1867
f 1898/1345/1898 313/1344/313 1859/1347/1859 4069/1346/4067
f 4069/1346/4067 1859/1347/1859 314/1348/314 1899/1349/1899
f 1867/1305/1867 4069/1346/4067 1899/1349/1899 321/1306/321
f 321/1306/321 1899/1349/1899 4070/1350/4068 1866/1311/1866
f 1899/1349/1899 314/1348/314 1860/1351/1860 4070/1350/4068
f 4070/1350/4068 1860/1351/1860 315/497/315 1900/810/1900
f 1866/1311/1866 4070/1350/4068 1900/810/1900 320/809/320
f 467/1352/467 2157/1353/2157 4071/1354/4069 2149/1355/2149
f 2157/1353/2157 471/1356/471 1881/1357/1881 4071/1354/4069
f 4071/1354/4069 1881/1357/1881 336/1358/336 1901/1359/1901
f 2149/1355/2149 4071/1354/4069 1901/1359/1901 335/1360/335
f 335/1360/335 1901/1359/1901 4072/1361/4070 1880/1362/1880
f 1901/1359/1901 336/1358/336 1882/1363/1882 4072/1361/4070
f 4072/1361/4070 1882/1363/1882 337/1364/337 1902/1365/1902
f 1880/1362/1880 4072/1361/4070 1902/1365/1902 334/1366/334
f 334/1366/334 1902/1365/1902 4073/1367/4071 1879/1368/1879
f 1902/1365/1902 337/1364/337 1883/1369/1883 4073/1367/4071
f 4073/1367/4071 1883/1369/1883 338/1370/338 1903/1371/1903
f 1879/1368/1879 4073/1367/4071 1903/1371/1903 333/1372/333
f 333/1372/333 1903/1371/1903 4074/1373/4072 1878/1374/1878
f 1903/1371/1903 338/1370/338 1884/1375/1884 4074/1373/4072
f 4074/1373/4072 1884/1375/1884 339/805/339 1904/803/1904
f 1878/1374/1878 4074/1373/4072 1904/803/1904 332/519/332
f 464/1376/464 2156/1377/2156 4075/1378/4073 2146/1379/2146
f 2156/1377/2156 470/1312/470 1873/1315/1873 4075/1378/4073
f 4075/1378/4073 1873/1315/1873 328/1320/328 1905/1380/1905
f 2146/1379/2146 4075/1378/4073 1905/1380/1905 319/1381/319
f 319/1381/319 1905/1380/1905 4076/1382/4074 1864/1383/1864
f 1905/1380/1905 328/1320/328 1874/1322/1874 4076/1382/4074
f 4076/1382/4074 1874/1322/1874 329/1326/329 1906/1384/1906
f 1864/1383/1864 4076/1382/4074 1906/1384/1906 318/1385/318
f 318/1385/318 1906/1384/1906 4077/1386/4075 1863/1387/1863
f 1906/1384/1906 329/1326/329 1875/1328/1875 4077/1386/4075
f 4077/1386/4075 1875/1328/1875 330/1332/330 1907/1388/1907
f 1863/1387/1863 4077/1386/4075 1907/1388/1907 317/1389/317
f 317/1389/317 1907/1388/1907 4078/1390/4076 1862/1391/1862
f 1907/1388/1907 330/1332/330 1876/1334/1876 4078/1390/4076
f 4078/1390/4076 1876/1334/1876 331/550/331 1908/548/1908
f 1862/1391/1862 4078/1390/4076 1908/548/1908 316/501/316
f 468/1316/468 2155/1392/2155 4079/1393/4077 2150/1317/2150
f 2155/1392/2155 467/1352/467 2149/1355/2149 4079/1393/4077
f 4079/1393/4077 2149/1355/2149 335/1360/335 1909/1394/1909
f 2150/1317/2150 4079/1393/4077 1909/1394/1909 343/1318/343
f 343/1318/343 1909/1394/1909 4080/1395/4078 1888/1323/1888
f 1909/1394/1909 335/1360/335 1880/1362/1880 4080/1395/4078
f 4080/1395/4078 1880/1362/1880 334/1366/334 1910/1396/1910
f 1888/1323/1888 4080/1395/4078 1910/1396/1910 342/1324/342
f 342/1324/342 1910/1396/1910 4081/1397/4079 1887/1329/1887
f 1910/1396/1910 334/1366/334 1879/1368/1879 4081/1397/4079
f 4081/1397/4079 1879/1368/1879 333/1372/333 1911/1398/1911
f 1887/1329/1887 4081/1397/4079 1911/1398/1911 341/1330/341
f 341/1330/341 1911/1398/1911 4082/1399/4080 1886/1335/1886
f 1911/1398/1911 333/1372/333 1878/1374/1878 4082/1399/4080
f 4082/1399/4080 1878/1374/1878 332/519/332 1912/516/1912
f 1886/1335/1886 4082/1399/4080 1912/516/1912 340/515/340
f 469/1338/469 2154/1400/2154 4083/1401/4081 1857/1339/1857
f 2154/1400/2154 464/1376/464 2146/1379/2146 4083/1401/4081
f 4083/1401/4081 2146/1379/2146 319/1381/319 1913/1402/1913
f 1857/1339/1857 4083/1401/4081 1913/1402/1913 312/1340/312
f 312/1340/312 1913/1402/1913 4084/1403/4082 1858/1343/1858
f 1913/1402/1913 319/1381/319 1864/1383/1864 4084/1403/4082
f 4084/1403/4082 1864/1383/1864 318/1385/318 1914/1404/1914
f 1858/1343/1858 4084/1403/4082 1914/1404/1914 313/1344/313
f 313/1344/313 1914/1404/1914 4085/1405/4083 1859/1347/1859
f 1914/1404/1914 318/1385/318 1863/1387/1863 4085/1405/4083
f 4085/1405/4083 1863/1387/1863 317/1389/317 1915/1406/1915
f 1859/1347/1859 4085/1405/4083 1915/1406/1915 314/1348/314
f 314/1348/314 1915/1406/1915 4086/1407/4084 1860/1351/1860
f 1915/1406/1915 317/1389/317 1862/1391/1862 4086/1407/4084
f 4086/1407/4084 1862/1391/1862 316/501/316 1916/498/1916
f 1860/1351/1860 4086/1407/4084 1916/498/1916 315/497/315
f 349/1132/349 1920/1131/1920 4087/1408/4085 1922/1409/1922
f 1920/1131/1920 346/1126/346 1919/1410/1919 4087/1408/4085
f 4087/1408/4085 1919/1410/1919 348/1411/348 1923/1412/1923
f 1922/1409/1922 4087/1408/4085 1923/1412/1923 351/1413/351
f 347/1124/347 1929/1414/1929 4088/1415/4086 1921/1416/1921
f 1929/1414/1929 344/1417/344 1917/1418/1917 4088/1415/4086
f 4088/1415/4086 1917/1418/1917 345/1419/345 1926/1420/1926
f 1921/1416/1921 4088/1415/4086 1926/1420/1926 350/1421/350
f 352/1117/352 1928/1116/1928 4089/1422/4087 1924/1423/1924
f 1928/1116/1928 353/1115/353 1927/1135/1927 4089/1422/4087
f 4089/1422/4087 1927/1135/1927 349/1132/349 1922/1409/1922
f 1924/1423/1924 4089/1422/4087 1922/1409/1922 351/1413/351
f 346/1126/346 1918/1125/1918 4090/1424/4088 1919/1410/1919
f 1918/1125/1918 347/1124/347 1921/1416/1921 4090/1424/4088
f 4090/1424/4088 1921/1416/1921 350/1421/350 1925/1425/1925
f 1919/1410/1919 4090/1424/4088 1925/1425/1925 348/1411/348
f 357/1426/357 1938/1427/1938 4091/1428/4089 1936/1429/1936
f 1938/1427/1938 355/1430/355 1711/1431/1711 4091/1428/4089
f 4091/1428/4089 1711/1431/1711 345/1419/345 1917/1418/1917
f 1936/1429/1936 4091/1428/4089 1917/1418/1917 344/1417/344
f 354/1122/354 1937/1432/1937 4092/1433/4090 1710/1123/1710
f 1937/1432/1937 357/1426/357 1936/1429/1936 4092/1433/4090
f 4092/1433/4090 1936/1429/1936 344/1417/344 1929/1414/1929
f 1710/1123/1710 4092/1433/4090 1929/1414/1929 347/1124/347
f 445/1434/445 2119/1435/2119 4093/1436/4091 1933/1437/1933
f 2119/1435/2119 449/1438/449 2113/1439/2113 4093/1436/4091
f 4093/1436/4091 2113/1439/2113 357/1426/357 1937/1432/1937
f 1933/1437/1933 4093/1436/4091 1937/1432/1937 354/1122/354
f 449/1438/449 2118/1440/2118 4094/1441/4092 2113/1439/2113
f 2118/1440/2118 446/1442/446 1934/1443/1934 4094/1441/4092
f 4094/1441/4092 1934/1443/1934 355/1430/355 1938/1427/1938
f 2113/1439/2113 4094/1441/4092 1938/1427/1938 357/1426/357
f 447/1444/447 2117/1445/2117 4095/1446/4093 2111/1447/2111
f 2117/1445/2117 444/1448/444 1932/1449/1932 4095/1446/4093
f 4095/1446/4093 1932/1449/1932 238/1127/238 1939/1133/1939
f 2111/1447/2111 4095/1446/4093 1939/1133/1939 235/1113/235
f 444/1448/444 2116/1450/2116 4096/1451/4094 1932/1449/1932
f 2116/1450/2116 443/1452/443 1712/1453/1712 4096/1451/4094
f 4096/1451/4094 1712/1453/1712 237/1118/237 1940/1128/1940
f 1932/1449/1932 4096/1451/4094 1940/1128/1940 238/1127/238
f 443/1452/443 2115/1454/2115 4097/1455/4095 1712/1453/1712
f 2115/1454/2115 445/1434/445 1933/1437/1933 4097/1455/4095
f 4097/1455/4095 1933/1437/1933 354/1122/354 1941/1119/1941
f 1712/1453/1712 4097/1455/4095 1941/1119/1941 237/1118/237
f 448/1456/448 2114/1457/2114 4098/1458/4096 2112/1459/2112
f 2114/1457/2114 447/1444/447 2111/1447/2111 4098/1458/4096
f 4098/1458/4096 2111/1447/2111 235/1113/235 1942/1110/1942
f 2112/1459/2112 4098/1458/4096 1942/1110/1942 356/1109/356
f 236/1460/236 1762/1461/1762 4099/1462/4097 1724/1463/1724
f 1762/1461/1762 258/1464/258 1707/1465/1707 4099/1462/4097
f 4099/1462/4097 1707/1465/1707 358/1466/358 1950/1467/1950
f 1724/1463/1724 4099/1462/4097 1950/1467/1950 360/1468/360
f 259/1469/259 1539/1470/1539 4100/1471/4098 1944/1472/1944
f 1539/1470/1539 261/1473/261 1948/1474/1948 4100/1471/4098
f 4100/1471/4098 1948/1474/1948 363/1475/363 1951/1476/1951
f 1944/1472/1944 4100/1471/4098 1951/1476/1951 359/1477/359
f 260/1478/260 1706/1479/1706 4101/1480/4099 1947/1481/1947
f 1706/1479/1706 259/1469/259 1944/1472/1944 4101/1480/4099
f 4101/1480/4099 1944/1472/1944 359/1477/359 1952/1482/1952
f 1947/1481/1947 4101/1480/4099 1952/1482/1952 362/1483/362
f 258/1464/258 1760/1484/1760 4102/1485/4100 1707/1465/1707
f 1760/1484/1760 260/1478/260 1947/1481/1947 4102/1485/4100
f 4102/1485/4100 1947/1481/1947 362/1483/362 1953/1486/1953
f 1707/1465/1707 4102/1485/4100 1953/1486/1953 358/1466/358
f 257/1487/257 1515/1488/1515 4103/1489/4101 1930/1490/1930
f 1515/1488/1515 219/1491/219 1949/1492/1949 4103/1489/4101
f 4103/1489/4101 1949/1492/1949 364/1493/364 1954/1494/1954
f 1930/1490/1930 4103/1489/4101 1954/1494/1954 361/1495/361
f 261/1473/261 1763/1496/1763 4104/1497/4102 1948/1474/1948
f 1763/1496/1763 257/1487/257 1930/1490/1930 4104/1497/4102
f 4104/1497/4102 1930/1490/1930 361/1495/361 1955/1498/1955
f 1948/1474/1948 4104/1497/4102 1955/1498/1955 363/1475/363
f 374/1146/374 1966/1145/1966 4105/1499/4103 1968/1500/1968
f 1966/1145/1966 369/1144/369 1958/1501/1958 4105/1499/4103
f 4105/1499/4103 1958/1501/1958 370/1502/370 1962/1503/1962
f 1968/1500/1968 4105/1499/4103 1962/1503/1962 372/1504/372
f 365/986/365 1963/985/1963 4106/1505/4104 1956/1506/1956
f 1963/985/1963 373/984/373 1964/1163/1964 4106/1505/4104
f 4106/1505/4104 1964/1163/1964 371/1162/371 1961/1507/1961
f 1956/1506/1956 4106/1505/4104 1961/1507/1961 366/1508/366
f 369/1144/369 1965/1152/1965 4107/1509/4105 1958/1501/1958
f 1965/1152/1965 367/1151/367 1957/1510/1957 4107/1509/4105
f 4107/1509/4105 1957/1510/1957 368/1511/368 1959/1512/1959
f 1958/1501/1958 4107/1509/4105 1959/1512/1959 370/1502/370
f 367/1151/367 1967/1513/1967 4108/1514/4106 1957/1510/1957
f 1967/1513/1967 365/986/365 1956/1506/1956 4108/1514/4106
f 4108/1514/4106 1956/1506/1956 366/1508/366 1960/1515/1960
f 1957/1510/1957 4108/1514/4106 1960/1515/1960 368/1511/368
f 455/1516/455 2128/1517/2128 4109/1518/4107 2125/1519/2125
f 2128/1517/2128 454/1138/454 2124/1141/2124 4109/1518/4107
f 4109/1518/4107 2124/1141/2124 374/1146/374 1968/1500/1968
f 2125/1519/2125 4109/1518/4107 1968/1500/1968 372/1504/372
f 450/1149/450 2127/1520/2127 4110/1521/4108 1505/1150/1505
f 2127/1520/2127 453/978/453 2123/981/2123 4110/1521/4108
f 4110/1521/4108 2123/981/2123 365/986/365 1967/1513/1967
f 1505/1150/1505 4110/1521/4108 1967/1513/1967 367/1151/367
f 457/1522/457 2145/1523/2145 4111/1524/4109 1548/1525/1548
f 2145/1523/2145 460/1526/460 2136/1527/2136 4111/1524/4109
f 4111/1524/4109 2136/1527/2136 375/1528/375 1976/1529/1976
f 1548/1525/1548 4111/1524/4109 1976/1529/1976 144/1530/144
f 462/1531/462 2144/1532/2144 4112/1533/4110 2138/1534/2138
f 2144/1532/2144 461/1535/461 2137/1536/2137 4112/1533/4110
f 4112/1533/4110 2137/1536/2137 376/1537/376 1977/1538/1977
f 2138/1534/2138 4112/1533/4110 1977/1538/1977 377/1539/377
f 459/1540/459 2143/1541/2143 4113/1542/4111 2135/1543/2135
f 2143/1541/2143 458/1544/458 1971/1545/1971 4113/1542/4111
f 4113/1542/4111 1971/1545/1971 139/1546/139 1978/1547/1978
f 2135/1543/2135 4113/1542/4111 1978/1547/1978 142/1548/142
f 463/1549/463 2142/1550/2142 4114/1551/4112 2139/1552/2139
f 2142/1550/2142 457/1522/457 1548/1525/1548 4114/1551/4112
f 4114/1551/4112 1548/1525/1548 144/1530/144 1979/1553/1979
f 2139/1552/2139 4114/1551/4112 1979/1553/1979 378/1554/378
f 461/1535/461 2141/1555/2141 4115/1556/4113 2137/1536/2137
f 2141/1555/2141 463/1549/463 2139/1552/2139 4115/1556/4113
f 4115/1556/4113 2139/1552/2139 378/1554/378 1980/1557/1980
f 2137/1536/2137 4115/1556/4113 1980/1557/1980 376/1537/376
f 460/1526/460 2140/1558/2140 4116/1559/4114 2136/1527/2136
f 2140/1558/2140 459/1540/459 2135/1543/2135 4116/1559/4114
f 4116/1559/4114 2135/1543/2135 142/1548/142 1981/1560/1981
f 2136/1527/2136 4116/1559/4114 1981/1560/1981 375/1528/375
f 263/1561/263 1768/1562/1768 4117/1563/4115 1542/1564/1542
f 1768/1562/1768 265/1565/265 1508/1566/1508 4117/1563/4115
f 4117/1563/4115 1508/1566/1508 379/1567/379 1989/1568/1989
f 1542/1564/1542 4117/1563/4115 1989/1568/1989 380/1569/380
f 284/1570/284 1771/1571/1771 4118/1572/4116 1545/1573/1545
f 1771/1571/1771 264/1574/264 1969/1575/1969 4118/1572/4116
f 4118/1572/4116 1969/1575/1969 384/1576/384 1990/1577/1990
f 1545/1573/1545 4118/1572/4116 1990/1577/1990 381/1578/381
f 264/1574/264 1770/1579/1770 4119/1580/4117 1969/1575/1969
f 1770/1579/1770 262/1581/262 1985/1582/1985 4119/1580/4117
f 4119/1580/4117 1985/1582/1985 382/1583/382 1991/1584/1991
f 1969/1575/1969 4119/1580/4117 1991/1584/1991 384/1576/384
f 265/1565/265 1769/1585/1769 4120/1586/4118 1508/1566/1508
f 1769/1585/1769 135/1587/135 1988/1588/1988 4120/1586/4118
f 4120/1586/4118 1988/1588/1988 385/1589/385 1992/1590/1992
f 1508/1566/1508 4120/1586/4118 1992/1590/1992 379/1567/379
f 218/1591/218 1809/1592/1809 4121/1593/4119 1669/1594/1669
f 1809/1592/1809 284/1570/284 1545/1573/1545 4121/1593/4119
f 4121/1593/4119 1545/1573/1545 381/1578/381 1993/1595/1993
f 1669/1594/1669 4121/1593/4119 1993/1595/1993 383/1596/383
f 262/1581/262 1772/1597/1772 4122/1598/4120 1985/1582/1985
f 1772/1597/1772 263/1561/263 1542/1564/1542 4122/1598/4120
f 4122/1598/4120 1542/1564/1542 380/1569/380 1994/1599/1994
f 1985/1582/1985 4122/1598/4120 1994/1599/1994 382/1583/382
f 392/1175/392 2004/1174/2004 4123/1600/4121 2000/1601/2000
f 2004/1174/2004 395/1173/395 2005/1602/2005 4123/1600/4121
f 4123/1600/4121 2005/1602/2005 390/1198/390 1997/1603/1997
f 2000/1601/2000 4123/1600/4121 1997/1603/1997 391/1604/391
f 386/1227/386 2001/1605/2001 4124/1606/4122 1995/1607/1995
f 2001/1605/2001 393/1222/393 2003/1221/2003 4124/1606/4122
f 4124/1606/4122 2003/1221/2003 394/1220/394 2002/1608/2002
f 1995/1607/1995 4124/1606/4122 2002/1608/2002 387/1609/387
f 388/1196/388 2006/1228/2006 4125/1610/4123 1996/1611/1996
f 2006/1228/2006 386/1227/386 1995/1607/1995 4125/1610/4123
f 4125/1610/4123 1995/1607/1995 387/1609/387 1999/1612/1999
f 1996/1611/1996 4125/1610/4123 1999/1612/1999 389/1613/389
f 390/1198/390 2007/1197/2007 4126/1614/4124 1997/1603/1997
f 2007/1197/2007 388/1196/388 1996/1611/1996 4126/1614/4124
f 4126/1614/4124 1996/1611/1996 389/1613/389 1998/1615/1998
f 1997/1603/1997 4126/1614/4124 1998/1615/1998 391/1604/391
f 399/1225/399 2016/1616/2016 4127/1617/4125 1796/1226/1796
f 2016/1616/2016 122/1214/122 2009/1217/2009 4127/1617/4125
f 4127/1617/4125 2009/1217/2009 393/1222/393 2001/1605/2001
f 1796/1226/1796 4127/1617/4125 2001/1605/2001 386/1227/386
f 397/1171/397 2015/1618/2015 4128/1619/4126 1558/1172/1558
f 2015/1618/2015 396/1190/396 2011/1193/2011 4128/1619/4126
f 4128/1619/4126 2011/1193/2011 390/1198/390 2005/1602/2005
f 1558/1172/1558 4128/1619/4126 2005/1602/2005 395/1173/395
f 405/1620/405 2033/1621/2033 4129/1622/4127 2012/1623/2012
f 2033/1621/2033 402/1624/402 2023/1625/2023 4129/1622/4127
f 4129/1622/4127 2023/1625/2023 396/1190/396 2015/1618/2015
f 2012/1623/2012 4129/1622/4127 2015/1618/2015 397/1171/397
f 406/1626/406 2032/1627/2032 4130/1628/4128 2014/1629/2014
f 2032/1627/2032 401/1630/401 2022/1631/2022 4130/1628/4128
f 4130/1628/4128 2022/1631/2022 122/1214/122 2016/1616/2016
f 2014/1629/2014 4130/1628/4128 2016/1616/2016 399/1225/399
f 403/1632/403 2031/1633/2031 4131/1634/4129 2024/1635/2024
f 2031/1633/2031 406/1626/406 2014/1629/2014 4131/1634/4129
f 4131/1634/4129 2014/1629/2014 399/1225/399 2017/1223/2017
f 2024/1635/2024 4131/1634/4129 2017/1223/2017 398/1194/398
f 401/1630/401 2030/1636/2030 4132/1637/4130 2022/1631/2022
f 2030/1636/2030 404/1638/404 2010/1639/2010 4132/1637/4130
f 4132/1637/4130 2010/1639/2010 133/1218/133 2018/1215/2018
f 2022/1631/2022 4132/1637/4130 2018/1215/2018 122/1214/122
f 402/1624/402 2029/1640/2029 4133/1641/4131 2023/1625/2023
f 2029/1640/2029 403/1632/403 2024/1635/2024 4133/1641/4131
f 4133/1641/4131 2024/1635/2024 398/1194/398 2019/1191/2019
f 2023/1625/2023 4133/1641/4131 2019/1191/2019 396/1190/396
f 400/1642/400 2028/1643/2028 4134/1644/4132 2021/1645/2021
f 2028/1643/2028 405/1620/405 2012/1623/2012 4134/1644/4132
f 4134/1644/4132 2012/1623/2012 397/1171/397 2020/1168/2020
f 2021/1645/2021 4134/1644/4132 2020/1168/2020 128/1167/128
f 136/1646/136 1811/1647/1811 4135/1648/4133 1491/1649/1491
f 1811/1647/1811 287/1650/287 2026/1651/2026 4135/1648/4133
f 4135/1648/4133 2026/1651/2026 405/1620/405 2028/1643/2028
f 1491/1649/1491 4135/1648/4133 2028/1643/2028 400/1642/400
f 285/1652/285 1814/1653/1814 4136/1654/4134 1554/1655/1554
f 1814/1653/1814 280/1656/280 1779/1657/1779 4136/1654/4134
f 4136/1654/4134 1779/1657/1779 403/1632/403 2029/1640/2029
f 1554/1655/1554 4136/1654/4134 2029/1640/2029 402/1624/402
f 286/1658/286 1810/1659/1810 4137/1660/4135 1495/1661/1495
f 1810/1659/1810 221/1662/221 2025/1663/2025 4137/1660/4135
f 4137/1660/4135 2025/1663/2025 404/1638/404 2030/1636/2030
f 1495/1661/1495 4137/1660/4135 2030/1636/2030 401/1630/401
f 280/1656/280 1813/1664/1813 4138/1665/4136 1779/1657/1779
f 1813/1664/1813 272/1666/272 2027/1667/2027 4138/1665/4136
f 4138/1665/4136 2027/1667/2027 406/1626/406 2031/1633/2031
f 1779/1657/1779 4138/1665/4136 2031/1633/2031 403/1632/403
f 272/1666/272 1784/1668/1784 4139/1669/4137 2027/1667/2027
f 1784/1668/1784 286/1658/286 1495/1661/1495 4139/1669/4137
f 4139/1669/4137 1495/1661/1495 401/1630/401 2032/1627/2032
f 2027/1667/2027 4139/1669/4137 2032/1627/2032 406/1626/406
f 287/1650/287 1812/1670/1812 4140/1671/4138 2026/1651/2026
f 1812/1670/1812 285/1652/285 1554/1655/1554 4140/1671/4138
f 4140/1671/4138 1554/1655/1554 402/1624/402 2033/1621/2033
f 2026/1651/2026 4140/1671/4138 2033/1621/2033 405/1620/405
f 440/1672/440 2106/1673/2106 4141/1674/4139 2098/1675/2098
f 2106/1673/2106 439/1676/439 2055/1677/2055 4141/1674/4139
f 4141/1674/4139 2055/1677/2055 418/1678/418 2052/1679/2052
f 2098/1675/2098 4141/1674/4139 2052/1679/2052 415/1680/415
f 438/1681/438 2105/1682/2105 4142/1683/4140 2096/1684/2096
f 2105/1682/2105 437/1685/437 2034/1686/2034 4142/1683/4140
f 4142/1683/4140 2034/1686/2034 413/1687/413 2049/1688/2049
f 2096/1684/2096 4142/1683/4140 2049/1688/2049 416/1689/416
f 296/1690/296 2035/1691/2035 4143/1692/4141 2041/1693/2041
f 2035/1691/2035 195/1694/195 2042/1695/2042 4143/1692/4141
f 4143/1692/4141 2042/1695/2042 408/898/408 1639/897/1639
f 2041/1693/2041 4143/1692/4141 1639/897/1639 407/896/407
f 195/1694/195 2036/1696/2036 4144/1697/4142 2042/1695/2042
f 2036/1696/2036 197/1698/197 2043/1699/2043 4144/1697/4142
f 4144/1697/4142 2043/1699/2043 409/907/409 1641/906/1641
f 2042/1695/2042 4144/1697/4142 1641/906/1641 408/898/408
f 197/1698/197 2037/1700/2037 4145/1701/4143 2043/1699/2043
f 2037/1700/2037 299/1702/299 2044/1703/2044 4145/1701/4143
f 4145/1701/4143 2044/1703/2044 410/617/410 1835/1259/1835
f 2043/1699/2043 4145/1701/4143 1835/1259/1835 409/907/409
f 295/1704/295 2038/1705/2038 4146/1706/4144 2045/1707/2045
f 2038/1705/2038 298/1708/298 2046/1709/2046 4146/1706/4144
f 4146/1706/4144 2046/1709/2046 412/1254/412 1836/1256/1836
f 2045/1707/2045 4146/1706/4144 1836/1256/1836 411/619/411
f 298/1708/298 2039/1710/2039 4147/1711/4145 2046/1709/2046
f 2039/1710/2039 296/1690/296 2041/1693/2041 4147/1711/4145
f 4147/1711/4145 2041/1693/2041 407/896/407 1838/1255/1838
f 2046/1709/2046 4147/1711/4145 1838/1255/1838 412/1254/412
f 299/1702/299 2040/1712/2040 4148/1713/4146 2044/1703/2044
f 2040/1712/2040 295/1704/295 2045/1707/2045 4148/1713/4146
f 4148/1713/4146 2045/1707/2045 411/619/411 1839/618/1839
f 2044/1703/2044 4148/1713/4146 1839/618/1839 410/617/410
f 417/1714/417 2050/1715/2050 4149/1716/4147 2068/1717/2068
f 2050/1715/2050 416/1689/416 2067/1718/2067 4149/1716/4147
f 4149/1716/4147 2067/1718/2067 422/1719/422 2062/1720/2062
f 2068/1717/2068 4149/1716/4147 2062/1720/2062 423/1721/423
f 415/1680/415 2052/1679/2052 4150/1722/4148 2066/1723/2066
f 2052/1679/2052 418/1678/418 2047/1724/2047 4150/1722/4148
f 4150/1722/4148 2047/1724/2047 424/1725/424 2064/1726/2064
f 2066/1723/2066 4150/1722/4148 2064/1726/2064 421/1727/421
f 441/1728/441 2104/1729/2104 4151/1730/4149 2099/1731/2099
f 2104/1729/2104 438/1681/438 2096/1684/2096 4151/1730/4149
f 4151/1730/4149 2096/1684/2096 416/1689/416 2050/1715/2050
f 2099/1731/2099 4151/1730/4149 2050/1715/2050 417/1714/417
f 437/1685/437 2103/1732/2103 4152/1733/4150 2034/1686/2034
f 2103/1732/2103 440/1672/440 2098/1675/2098 4152/1733/4150
f 4152/1733/4150 2098/1675/2098 415/1680/415 2048/1734/2048
f 2034/1686/2034 4152/1733/4150 2048/1734/2048 413/1687/413
f 442/1735/442 2102/1736/2102 4153/1737/4151 2100/1738/2100
f 2102/1736/2102 441/1739/441 2099/1740/2099 4153/1737/4151
f 4153/1737/4151 2099/1740/2099 417/1741/417 2053/1742/2053
f 2100/1738/2100 4153/1737/4151 2053/1742/2053 414/1743/414
f 439/1744/439 2101/1745/2101 4154/1746/4152 2055/1747/2055
f 2101/1745/2101 442/1735/442 2100/1738/2100 4154/1746/4152
f 4154/1746/4152 2100/1738/2100 414/1743/414 2051/1748/2051
f 2055/1747/2055 4154/1746/4152 2051/1748/2051 418/1749/418
f 424/1750/424 2063/1751/2063 4155/1752/4153 2079/1753/2079
f 2063/1751/2063 420/1754/420 2078/1755/2078 4155/1752/4153
f 4155/1752/4153 2078/1755/2078 426/1756/426 2075/1757/2075
f 2079/1753/2079 4155/1752/4153 2075/1757/2075 430/1758/430
f 420/1754/420 2065/1759/2065 4156/1760/4154 2078/1755/2078
f 2065/1759/2065 423/1761/423 2059/1762/2059 4156/1760/4154
f 4156/1760/4154 2059/1762/2059 429/1763/429 2077/1764/2077
f 2078/1755/2078 4156/1760/4154 2077/1764/2077 426/1756/426
f 413/1687/413 2048/1734/2048 4157/1765/4155 2069/1766/2069
f 2048/1734/2048 415/1680/415 2066/1723/2066 4157/1765/4155
f 4157/1765/4155 2066/1723/2066 421/1727/421 2060/1767/2060
f 2069/1766/2069 4157/1765/4155 2060/1767/2060 419/1768/419
f 414/1743/414 2053/1742/2053 4158/1769/4156 2070/1770/2070
f 2053/1742/2053 417/1741/417 2068/1771/2068 4158/1769/4156
f 4158/1769/4156 2068/1771/2068 423/1761/423 2065/1759/2065
f 2070/1770/2070 4158/1769/4156 2065/1759/2065 420/1754/420
f 418/1749/418 2051/1748/2051 4159/1772/4157 2047/1773/2047
f 2051/1748/2051 414/1743/414 2070/1770/2070 4159/1772/4157
f 4159/1772/4157 2070/1770/2070 420/1754/420 2063/1751/2063
f 2047/1773/2047 4159/1772/4157 2063/1751/2063 424/1750/424
f 416/1689/416 2049/1688/2049 4160/1774/4158 2067/1718/2067
f 2049/1688/2049 413/1687/413 2069/1766/2069 4160/1774/4158
f 4160/1774/4158 2069/1766/2069 419/1768/419 2061/1775/2061
f 2067/1718/2067 4160/1774/4158 2061/1775/2061 422/1719/422
f 429/1776/429 2074/1777/2074 4161/1778/4159 2092/1779/2092
f 2074/1777/2074 428/1780/428 2091/1781/2091 4161/1778/4159
f 4161/1778/4159 2091/1781/2091 434/1782/434 2086/1783/2086
f 2092/1779/2092 4161/1778/4159 2086/1783/2086 435/1784/435
f 427/1785/427 2076/1786/2076 4162/1787/4160 2090/1788/2090
f 2076/1786/2076 430/1789/430 2071/1790/2071 4162/1787/4160
f 4162/1787/4160 2071/1790/2071 436/1791/436 2088/1792/2088
f 2090/1788/2090 4162/1787/4160 2088/1792/2088 433/1793/433
f 422/1719/422 2061/1775/2061 4163/1794/4161 2081/1795/2081
f 2061/1775/2061 419/1768/419 2080/1796/2080 4163/1794/4161
f 4163/1794/4161 2080/1796/2080 425/1797/425 2073/1798/2073
f 2081/1795/2081 4163/1794/4161 2073/1798/2073 428/1780/428
f 421/1727/421 2064/1726/2064 4164/1799/4162 2082/1800/2082
f 2064/1726/2064 424/1725/424 2079/1801/2079 4164/1799/4162
f 4164/1799/4162 2079/1801/2079 430/1789/430 2076/1786/2076
f 2082/1800/2082 4164/1799/4162 2076/1786/2076 427/1785/427
f 423/1721/423 2062/1720/2062 4165/1802/4163 2059/1803/2059
f 2062/1720/2062 422/1719/422 2081/1795/2081 4165/1802/4163
f 4165/1802/4163 2081/1795/2081 428/1780/428 2074/1777/2074
f 2059/1803/2059 4165/1802/4163 2074/1777/2074 429/1776/429
f 419/1768/419 2060/1767/2060 4166/1804/4164 2080/1796/2080
f 2060/1767/2060 421/1727/421 2082/1800/2082 4166/1804/4164
f 4166/1804/4164 2082/1800/2082 427/1785/427 2072/1805/2072
f 2080/1796/2080 4166/1804/4164 2072/1805/2072 425/1797/425
f 431/1806/431 2083/1807/2083 4167/1808/4165 2085/1809/2085
f 2083/1807/2083 432/1810/432 2089/1811/2089 4167/1808/4165
f 4167/1808/4165 2089/1811/2089 435/1784/435 2086/1783/2086
f 2085/1809/2085 4167/1808/4165 2086/1783/2086 434/1782/434
f 433/1793/433 2088/1792/2088 4168/1812/4166 2084/1813/2084
f 2088/1792/2088 436/1791/436 2087/1814/2087 4168/1812/4166
f 4168/1812/4166 2087/1814/2087 432/1810/432 2083/1807/2083
f 2084/1813/2084 4168/1812/4166 2083/1807/2083 431/1806/431
f 425/1797/425 2072/1805/2072 4169/1815/4167 2093/1816/2093
f 2072/1805/2072 427/1785/427 2090/1788/2090 4169/1815/4167
f 4169/1815/4167 2090/1788/2090 433/1793/433 2084/1813/2084
f 2093/1816/2093 4169/1815/4167 2084/1813/2084 431/1806/431
f 426/1756/426 2077/1764/2077 4170/1817/4168 2094/1818/2094
f 2077/1764/2077 429/1763/429 2092/1819/2092 4170/1817/4168
f 4170/1817/4168 2092/1819/2092 435/1820/435 2089/1821/2089
f 2094/1818/2094 4170/1817/4168 2089/1821/2089 432/1822/432
f 430/1758/430 2075/1757/2075 4171/1823/4169 2071/1824/2071
f 2075/1757/2075 426/1756/426 2094/1818/2094 4171/1823/4169
f 4171/1823/4169 2094/1818/2094 432/1822/432 2087/1825/2087
f 2071/1824/2071 4171/1823/4169 2087/1825/2087 436/1826/436
f 428/1780/428 2073/1798/2073 4172/1827/4170 2091/1781/2091
f 2073/1798/2073 425/1797/425 2093/1816/2093 4172/1827/4170
f 4172/1827/4170 2093/1816/2093 431/1806/431 2085/1809/2085
f 2091/1781/2091 4172/1827/4170 2085/1809/2085 434/1782/434
f 298/1828/298 2038/1829/2038 4173/1830/4171 2097/1831/2097
f 2038/1829/2038 295/1832/295 2058/1833/2058 4173/1830/4171
f 4173/1830/4171 2058/1833/2058 442/1735/442 2101/1745/2101
f 2097/1831/2097 4173/1830/4171 2101/1745/2101 439/1744/439
f 295/1832/295 2040/1834/2040 4174/1835/4172 2058/1833/2058
f 2040/1834/2040 299/1836/299 2057/1837/2057 4174/1835/4172
f 4174/1835/4172 2057/1837/2057 441/1739/441 2102/1736/2102
f 2058/1833/2058 4174/1835/4172 2102/1736/2102 442/1735/442
f 195/1838/195 2035/1839/2035 4175/1840/4173 2095/1841/2095
f 2035/1839/2035 296/1842/296 2056/1843/2056 4175/1840/4173
f 4175/1840/4173 2056/1843/2056 440/1672/440 2103/1732/2103
f 2095/1841/2095 4175/1840/4173 2103/1732/2103 437/1685/437
f 299/1844/299 2037/1845/2037 4176/1846/4174 2057/1847/2057
f 2037/1845/2037 197/1848/197 2054/1849/2054 4176/1846/4174
f 4176/1846/4174 2054/1849/2054 438/1681/438 2104/1729/2104
f 2057/1847/2057 4176/1846/4174 2104/1729/2104 441/1728/441
f 197/1848/197 2036/1850/2036 4177/1851/4175 2054/1849/2054
f 2036/1850/2036 195/1838/195 2095/1841/2095 4177/1851/4175
f 4177/1851/4175 2095/1841/2095 437/1685/437 2105/1682/2105
f 2054/1849/2054 4177/1851/4175 2105/1682/2105 438/1681/438
f 296/1842/296 2039/1852/2039 4178/1853/4176 2056/1843/2056
f 2039/1852/2039 298/1854/298 2097/1855/2097 4178/1853/4176
f 4178/1853/4176 2097/1855/2097 439/1676/439 2106/1673/2106
f 2056/1843/2056 4178/1853/4176 2106/1673/2106 440/1672/440
f 360/1468/360 1950/1467/1950 4179/1856/4177 1945/1857/1945
f 1950/1467/1950 358/1466/358 1943/1858/1943 4179/1856/4177
f 4179/1856/4177 1943/1858/1943 447/1444/447 2114/1457/2114
f 1945/1857/1945 4179/1856/4177 2114/1457/2114 448/1456/448
f 359/1477/359 1951/1476/1951 4180/1859/4178 2107/1860/2107
f 1951/1476/1951 363/1475/363 2109/1861/2109 4180/1859/4178
f 4180/1859/4178 2109/1861/2109 445/1434/445 2115/1454/2115
f 2107/1860/2107 4180/1859/4178 2115/1454/2115 443/1452/443
f 362/1483/362 1952/1482/1952 4181/1862/4179 2108/1863/2108
f 1952/1482/1952 359/1477/359 2107/1860/2107 4181/1862/4179
f 4181/1862/4179 2107/1860/2107 443/1452/443 2116/1450/2116
f 2108/1863/2108 4181/1862/4179 2116/1450/2116 444/1448/444
f 358/1466/358 1953/1486/1953 4182/1864/4180 1943/1858/1943
f 1953/1486/1953 362/1483/362 2108/1863/2108 4182/1864/4180
f 4182/1864/4180 2108/1863/2108 444/1448/444 2117/1445/2117
f 1943/1858/1943 4182/1864/4180 2117/1445/2117 447/1444/447
f 361/1495/361 1954/1494/1954 4183/1865/4181 1946/1866/1946
f 1954/1494/1954 364/1493/364 2110/1867/2110 4183/1865/4181
f 4183/1865/4181 2110/1867/2110 446/1442/446 2118/1440/2118
f 1946/1866/1946 4183/1865/4181 2118/1440/2118 449/1438/449
f 363/1475/363 1955/1498/1955 4184/1868/4182 2109/1861/2109
f 1955/1498/1955 361/1495/361 1946/1866/1946 4184/1868/4182
f 4184/1868/4182 1946/1866/1946 449/1438/449 2119/1435/2119
f 2109/1861/2109 4184/1868/4182 2119/1435/2119 445/1434/445
f 144/1530/144 1976/1529/1976 4185/1869/4183 2120/1870/2120
f 1976/1529/1976 375/1528/375 1972/1871/1972 4185/1869/4183
f 4185/1869/4183 1972/1871/1972 453/978/453 2127/1520/2127
f 2120/1870/2120 4185/1869/4183 2127/1520/2127 450/1149/450
f 377/1539/377 1977/1538/1977 4186/1872/4184 1974/1873/1974
f 1977/1538/1977 376/1537/376 1973/1874/1973 4186/1872/4184
f 4186/1872/4184 1973/1874/1973 454/1138/454 2128/1517/2128
f 1974/1873/1974 4186/1872/4184 2128/1517/2128 455/1516/455
f 142/1548/142 1978/1547/1978 4187/1875/4185 1970/1876/1970
f 1978/1547/1978 139/1546/139 2121/1877/2121 4187/1875/4185
f 4187/1875/4185 2121/1877/2121 451/1160/451 2129/1158/2129
f 1970/1876/1970 4187/1875/4185 2129/1158/2129 452/982/452
f 378/1554/378 1979/1553/1979 4188/1878/4186 1975/1879/1975
f 1979/1553/1979 144/1530/144 2120/1870/2120 4188/1878/4186
f 4188/1878/4186 2120/1870/2120 450/1149/450 2130/1147/2130
f 1975/1879/1975 4188/1878/4186 2130/1147/2130 456/1142/456
f 376/1537/376 1980/1557/1980 4189/1880/4187 1973/1874/1973
f 1980/1557/1980 378/1554/378 1975/1879/1975 4189/1880/4187
f 4189/1880/4187 1975/1879/1975 456/1142/456 2131/1139/2131
f 1973/1874/1973 4189/1880/4187 2131/1139/2131 454/1138/454
f 375/1528/375 1981/1560/1981 4190/1881/4188 1972/1871/1972
f 1981/1560/1981 142/1548/142 1970/1876/1970 4190/1881/4188
f 4190/1881/4188 1970/1876/1970 452/982/452 2132/979/2132
f 1972/1871/1972 4190/1881/4188 2132/979/2132 453/978/453
f 380/1569/380 1989/1568/1989 4191/1882/4189 1983/1883/1983
f 1989/1568/1989 379/1567/379 1982/1884/1982 4191/1882/4189
f 4191/1882/4189 1982/1884/1982 459/1540/459 2140/1558/2140
f 1983/1883/1983 4191/1882/4189 2140/1558/2140 460/1526/460
f 381/1578/381 1990/1577/1990 4192/1885/4190 1984/1886/1984
f 1990/1577/1990 384/1576/384 1987/1887/1987 4192/1885/4190
f 4192/1885/4190 1987/1887/1987 463/1549/463 2141/1555/2141
f 1984/1886/1984 4192/1885/4190 2141/1555/2141 461/1535/461
f 384/1576/384 1991/1584/1991 4193/1888/4191 1987/1887/1987
f 1991/1584/1991 382/1583/382 2133/1889/2133 4193/1888/4191
f 4193/1888/4191 2133/1889/2133 457/1522/457 2142/1550/2142
f 1987/1887/1987 4193/1888/4191 2142/1550/2142 463/1549/463
f 379/1567/379 1992/1590/1992 4194/1890/4192 1982/1884/1982
f 1992/1590/1992 385/1589/385 2134/1891/2134 4194/1890/4192
f 4194/1890/4192 2134/1891/2134 458/1544/458 2143/1541/2143
f 1982/1884/1982 4194/1890/4192 2143/1541/2143 459/1540/459
f 383/1596/383 1993/1595/1993 4195/1892/4193 1986/1893/1986
f 1993/1595/1993 381/1578/381 1984/1886/1984 4195/1892/4193
f 4195/1892/4193 1984/1886/1984 461/1535/461 2144/1532/2144
f 1986/1893/1986 4195/1892/4193 2144/1532/2144 462/1531/462
f 382/1583/382 1994/1599/1994 4196/1894/4194 2133/1889/2133
f 1994/1599/1994 380/1569/380 1983/1883/1983 4196/1894/4194
f 4196/1894/4194 1983/1883/1983 460/1526/460 2145/1523/2145
f 2133/1889/2133 4196/1894/4194 2145/1523/2145 457/1522/457
f 161/1895/161 1613/1896/1613 4197/1897/4195 2151/1898/2151
f 1613/1896/1613 159/1899/159 1523/1900/1523 4197/1897/4195
f 4197/1897/4195 1523/1900/1523 464/1376/464 2154/1400/2154
f 2151/1898/2151 4197/1897/4195 2154/1400/2154 469/1338/469
f 204/1901/204 1649/1902/1649 4198/1903/4196 1856/1904/1856
f 1649/1902/1649 170/1905/170 1566/1906/1566 4198/1903/4196
f 4198/1903/4196 1566/1906/1566 467/1352/467 2155/1392/2155
f 1856/1904/1856 4198/1903/4196 2155/1392/2155 468/1316/468
f 159/1899/159 1655/1907/1655 4199/1908/4197 1523/1900/1523
f 1655/1907/1655 163/1909/163 2152/1910/2152 4199/1908/4197
f 4199/1908/4197 2152/1910/2152 470/1312/470 2156/1377/2156
f 1523/1900/1523 4199/1908/4197 2156/1377/2156 464/1376/464
f 170/1905/170 1575/1911/1575 4200/1912/4198 1566/1906/1566
f 1575/1911/1575 157/1913/157 2153/1914/2153 4200/1912/4198
f 4200/1912/4198 2153/1914/2153 471/1356/471 2157/1353/2157
f 1566/1906/1566 4200/1912/4198 2157/1353/2157 467/1352/467
f 171/1915/171 1611/1916/1611 4201/1917/4199 1561/1918/1561
f 1611/1916/1611 161/1895/161 2151/1898/2151 4201/1917/4199
f 4201/1917/4199 2151/1898/2151 469/1338/469 2158/1336/2158
f 1561/1918/1561 4201/1917/4199 2158/1336/2158 465/1292/465
f 163/1909/163 1653/1919/1653 4202/1920/4200 2152/1910/2152
f 1653/1919/1653 204/1901/204 1856/1904/1856 4202/1920/4200
f 4202/1920/4200 1856/1904/1856 468/1316/468 2159/1313/2159
f 2152/1910/2152 4202/1920/4200 2159/1313/2159 470/1312/470
f 121/1921/121 1490/1922/1490 4203/1923/4201 1563/1924/1563
f 1490/1922/1490 171/1915/171 1561/1918/1561 4203/1923/4201
f 4203/1923/4201 1561/1918/1561 465/1292/465 2160/1289/2160
f 1563/1924/1563 4203/1923/4201 2160/1289/2160 466/1288/466
f 21/16/21 1588/860/1588 4204/1925/4202 2163/1926/2163
f 1588/860/1588 183/733/183 2179/1927/2179 4204/1925/4202
f 4204/1925/4202 2179/1927/2179 490/1928/490 2181/1929/2181
f 2163/1926/2163 4204/1925/4202 2181/1929/2181 474/1930/474
f 474/1930/474 2181/1929/2181 4205/1931/4203 2164/1932/2164
f 2181/1929/2181 490/1928/490 2180/1933/2180 4205/1931/4203
f 4205/1931/4203 2180/1933/2180 491/707/491 2182/868/2182
f 2164/1932/2164 4205/1931/4203 2182/868/2182 475/23/475
f 567/1934/567 2369/1935/2369 4206/1936/4204 2183/1937/2183
f 2369/1935/2369 577/1938/577 2296/1939/2296 4206/1936/4204
f 4206/1936/4204 2296/1939/2296 536/1940/536 2294/1941/2294
f 2183/1937/2183 4206/1936/4204 2294/1941/2294 532/1942/532
f 571/1943/571 2368/1944/2368 4207/1945/4205 2220/1946/2220
f 2368/1944/2368 567/1934/567 2183/1937/2183 4207/1945/4205
f 4207/1945/4205 2183/1937/2183 532/1942/532 2287/1947/2287
f 2220/1946/2220 4207/1945/4205 2287/1947/2287 540/1948/540
f 493/790/493 1496/789/1496 4208/1949/4206 2177/1950/2177
f 1496/789/1496 129/788/129 2175/1951/2175 4208/1949/4206
f 4208/1949/4206 2175/1951/2175 486/1952/486 2185/1953/2185
f 2177/1950/2177 4208/1949/4206 2185/1953/2185 496/1954/496
f 496/1954/496 2185/1953/2185 4209/1955/4207 2178/1956/2178
f 2185/1953/2185 486/1952/486 2176/1957/2176 4209/1955/4207
f 4209/1955/4207 2176/1957/2176 487/762/487 2186/759/2186
f 2178/1956/2178 4209/1955/4207 2186/759/2186 497/758/497
f 183/733/183 1503/732/1503 4210/1958/4208 2179/1927/2179
f 1503/732/1503 137/731/137 2173/1959/2173 4210/1958/4208
f 4210/1958/4208 2173/1959/2173 484/1960/484 2187/1961/2187
f 2179/1927/2179 4210/1958/4208 2187/1961/2187 490/1928/490
f 490/1928/490 2187/1961/2187 4211/1962/4209 2180/1933/2180
f 2187/1961/2187 484/1960/484 2174/1963/2174 4211/1962/4209
f 4211/1962/4209 2174/1963/2174 485/711/485 2188/708/2188
f 2180/1933/2180 4211/1962/4209 2188/708/2188 491/707/491
f 44/385/44 1324/460/1324 4212/1964/4210 2165/1965/2165
f 1324/460/1324 118/396/118 2171/1966/2171 4212/1964/4210
f 4212/1964/4210 2171/1966/2171 482/1967/482 2189/1968/2189
f 2165/1965/2165 4212/1964/4210 2189/1968/2189 476/1969/476
f 476/1969/476 2189/1968/2189 4213/1970/4211 2166/1971/2166
f 2189/1968/2189 482/1967/482 2172/1972/2172 4213/1970/4211
f 4213/1970/4211 2172/1972/2172 483/371/483 2190/461/2190
f 2166/1971/2166 4213/1970/4211 2190/461/2190 477/369/477
f 43/394/43 1323/399/1323 4214/1973/4212 2167/1974/2167
f 1323/399/1323 42/18/42 2169/1975/2169 4214/1973/4212
f 4214/1973/4212 2169/1975/2169 480/1976/480 2191/1977/2191
f 2167/1974/2167 4214/1973/4212 2191/1977/2191 478/1978/478
f 478/1978/478 2191/1977/2191 4215/1979/4213 2168/1980/2168
f 2191/1977/2191 480/1976/480 2170/1981/2170 4215/1979/4213
f 4215/1979/4213 2170/1981/2170 481/19/481 2192/377/2192
f 2168/1980/2168 4215/1979/4213 2192/377/2192 479/375/479
f 118/396/118 1494/395/1494 4216/1982/4214 2171/1966/2171
f 1494/395/1494 43/394/43 2167/1974/2167 4216/1982/4214
f 4216/1982/4214 2167/1974/2167 478/1978/478 2193/1983/2193
f 2171/1966/2171 4216/1982/4214 2193/1983/2193 482/1967/482
f 482/1967/482 2193/1983/2193 4217/1984/4215 2172/1972/2172
f 2193/1983/2193 478/1978/478 2168/1980/2168 4217/1984/4215
f 4217/1984/4215 2168/1980/2168 479/375/479 2194/372/2194
f 2172/1972/2172 4217/1984/4215 2194/372/2194 483/371/483
f 20/387/20 1301/386/1301 4218/1985/4216 1284/848/1284
f 1301/386/1301 44/385/44 2165/1965/2165 4218/1985/4216
f 4218/1985/4216 2165/1965/2165 476/1969/476 2195/1986/2195
f 1284/848/1284 4218/1985/4216 2195/1986/2195 495/845/495
f 495/845/495 2195/1986/2195 4219/1987/4217 2162/1988/2162
f 2195/1986/2195 476/1969/476 2166/1971/2166 4219/1987/4217
f 4219/1987/4217 2166/1971/2166 477/369/477 2196/366/2196
f 2162/1988/2162 4219/1987/4217 2196/366/2196 494/365/494
f 42/18/42 1322/17/1322 4220/1989/4218 2169/1975/2169
f 1322/17/1322 21/16/21 2163/1926/2163 4220/1989/4218
f 4220/1989/4218 2163/1926/2163 474/1930/474 2197/1990/2197
f 2169/1975/2169 4220/1989/4218 2197/1990/2197 480/1976/480
f 480/1976/480 2197/1990/2197 4221/1991/4219 2170/1981/2170
f 2197/1990/2197 474/1930/474 2164/1932/2164 4221/1991/4219
f 4221/1991/4219 2164/1932/2164 475/23/475 2198/20/2198
f 2170/1981/2170 4221/1991/4219 2198/20/2198 481/19/481
f 507/1992/507 2199/1993/2199 4222/1994/4220 2205/1995/2205
f 506/1996/506 2212/1997/2212 4222/1994/4220 2199/1993/2199
f 517/1998/517 2206/1999/2206 4222/1994/4220 2212/1997/2212
f 492/351/492 1581/837/1581 4222/1994/4220 2206/1999/2206
f 493/790/493 2205/1995/2205 4222/1994/4220 1581/837/1581
f 517/1998/517 2213/2000/2213 4223/2001/4221 2206/1999/2206
f 508/2002/508 2200/2003/2200 4223/2001/4221 2213/2000/2213
f 472/2004/472 2207/2005/2207 4223/2001/4221 2200/2003/2200
f 494/365/494 2161/368/2161 4223/2001/4221 2207/2005/2207
f 492/351/492 2206/1999/2206 4223/2001/4221 2161/368/2161
f 472/2004/472 2214/2006/2214 4224/2007/4222 2207/2005/2207
f 510/2008/510 2201/2009/2201 4224/2007/4222 2214/2006/2214
f 511/2010/511 2208/2011/2208 4224/2007/4222 2201/2009/2201
f 495/845/495 2162/1988/2162 4224/2007/4222 2208/2011/2208
f 494/365/494 2207/2005/2207 4224/2007/4222 2162/1988/2162
f 513/2012/513 2202/2013/2202 4225/2014/4223 2209/2015/2209
f 512/2016/512 2215/2017/2215 4225/2014/4223 2202/2013/2202
f 507/1992/507 2205/1995/2205 4225/2014/4223 2215/2017/2215
f 493/790/493 2177/1950/2177 4225/2014/4223 2205/1995/2205
f 496/1954/496 2209/2015/2209 4225/2014/4223 2177/1950/2177
f 515/2018/515 2203/2019/2203 4226/2020/4224 2210/2021/2210
f 514/2022/514 2216/2023/2216 4226/2020/4224 2203/2019/2203
f 513/2012/513 2209/2015/2209 4226/2020/4224 2216/2023/2216
f 496/1954/496 2178/1956/2178 4226/2020/4224 2209/2015/2209
f 497/758/497 2210/2021/2210 4226/2020/4224 2178/1956/2178
f 511/2010/511 2204/2024/2204 4227/2025/4225 2208/2011/2208
f 516/2026/516 2217/2027/2217 4227/2025/4225 2204/2024/2204
f 515/2018/515 2210/2021/2210 4227/2025/4225 2217/2027/2217
f 497/758/497 2184/846/2184 4227/2025/4225 2210/2021/2210
f 495/845/495 2208/2011/2208 4227/2025/4225 2184/846/2184
f 568/2028/568 2367/2029/2367 4228/2030/4226 2347/2031/2347
f 2367/2029/2367 569/2032/569 2218/2033/2218 4228/2030/4226
f 4228/2030/4226 2218/2033/2218 538/2034/538 2290/2035/2290
f 2347/2031/2347 4228/2030/4226 2290/2035/2290 544/2036/544
f 570/2037/570 2366/2038/2366 4229/2039/4227 2349/2040/2349
f 2366/2038/2366 571/1943/571 2220/1946/2220 4229/2039/4227
f 4229/2039/4227 2220/1946/2220 540/1948/540 2293/2041/2293
f 2349/2040/2349 4229/2039/4227 2293/2041/2293 541/2042/541
f 573/2043/573 2365/2044/2365 4230/2045/4228 2222/2046/2222
f 2365/2044/2365 574/2047/574 2353/2048/2353 4230/2045/4228
f 4230/2045/4228 2353/2048/2353 535/2049/535 2286/2050/2286
f 2222/2046/2222 4230/2045/4228 2286/2050/2286 542/2051/542
f 572/2052/572 2364/2053/2364 4231/2054/4229 2351/2055/2351
f 2364/2053/2364 573/2043/573 2222/2046/2222 4231/2054/4229
f 4231/2054/4229 2222/2046/2222 542/2051/542 2289/2056/2289
f 2351/2055/2351 4231/2054/4229 2289/2056/2289 534/2057/534
f 574/2047/574 2363/2058/2363 4232/2059/4230 2353/2048/2353
f 2363/2058/2363 575/2060/575 2354/2061/2354 4232/2059/4230
f 4232/2059/4230 2354/2061/2354 531/2062/531 2292/2063/2292
f 2353/2048/2353 4232/2059/4230 2292/2063/2292 535/2049/535
f 575/2060/575 2362/2064/2362 4233/2065/4231 2354/2061/2354
f 2362/2064/2362 576/2066/576 2225/2067/2225 4233/2065/4231
f 4233/2065/4231 2225/2067/2225 539/2068/539 2285/2069/2285
f 2354/2061/2354 4233/2065/4231 2285/2069/2285 531/2062/531
f 610/2070/610 2441/2071/2441 4234/2072/4232 2425/2073/2425
f 2441/2071/2441 603/2074/603 2239/2075/2239 4234/2072/4232
f 4234/2072/4232 2239/2075/2239 506/1996/506 2199/1993/2199
f 2425/2073/2425 4234/2072/4232 2199/1993/2199 507/1992/507
f 611/2076/611 2440/2077/2440 4235/2078/4233 2426/2079/2426
f 2440/2077/2440 604/2080/604 2241/2081/2241 4235/2078/4233
f 4235/2078/4233 2241/2081/2241 472/2004/472 2200/2003/2200
f 2426/2079/2426 4235/2078/4233 2200/2003/2200 508/2002/508
f 612/2082/612 2439/2083/2439 4236/2084/4234 2427/2085/2427
f 2439/2083/2439 605/2086/605 2243/2087/2243 4236/2084/4234
f 4236/2084/4234 2243/2087/2243 511/2010/511 2201/2009/2201
f 2427/2085/2427 4236/2084/4234 2201/2009/2201 510/2008/510
f 613/2088/613 2438/2089/2438 4237/2090/4235 2428/2091/2428
f 2438/2089/2438 606/2092/606 2245/2093/2245 4237/2090/4235
f 4237/2090/4235 2245/2093/2245 512/2016/512 2202/2013/2202
f 2428/2091/2428 4237/2090/4235 2202/2013/2202 513/2012/513
f 614/2094/614 2437/2095/2437 4238/2096/4236 2429/2097/2429
f 2437/2095/2437 607/2098/607 2247/2099/2247 4238/2096/4236
f 4238/2096/4236 2247/2099/2247 514/2022/514 2203/2019/2203
f 2429/2097/2429 4238/2096/4236 2203/2019/2203 515/2018/515
f 605/2086/605 2436/2100/2436 4239/2101/4237 2243/2087/2243
f 2436/2100/2436 608/2102/608 2248/2103/2248 4239/2101/4237
f 4239/2101/4237 2248/2103/2248 516/2026/516 2204/2024/2204
f 2243/2087/2243 4239/2101/4237 2204/2024/2204 511/2010/511
f 603/2074/603 2435/2104/2435 4240/2105/4238 2239/2075/2239
f 2435/2104/2435 609/2106/609 2249/2107/2249 4240/2105/4238
f 4240/2105/4238 2249/2107/2249 517/1998/517 2212/1997/2212
f 2239/2075/2239 4240/2105/4238 2212/1997/2212 506/1996/506
f 609/2106/609 2434/2108/2434 4241/2109/4239 2249/2107/2249
f 2434/2108/2434 611/2076/611 2426/2079/2426 4241/2109/4239
f 4241/2109/4239 2426/2079/2426 508/2002/508 2213/2000/2213
f 2249/2107/2249 4241/2109/4239 2213/2000/2213 517/1998/517
f 604/2080/604 2433/2110/2433 4242/2111/4240 2241/2081/2241
f 2433/2110/2433 612/2082/612 2427/2085/2427 4242/2111/4240
f 4242/2111/4240 2427/2085/2427 510/2008/510 2214/2006/2214
f 2241/2081/2241 4242/2111/4240 2214/2006/2214 472/2004/472
f 606/2092/606 2432/2112/2432 4243/2113/4241 2245/2093/2245
f 2432/2112/2432 610/2070/610 2425/2073/2425 4243/2113/4241
f 4243/2113/4241 2425/2073/2425 507/1992/507 2215/2017/2215
f 2245/2093/2245 4243/2113/4241 2215/2017/2215 512/2016/512
f 607/2098/607 2431/2114/2431 4244/2115/4242 2247/2099/2247
f 2431/2114/2431 613/2088/613 2428/2091/2428 4244/2115/4242
f 4244/2115/4242 2428/2091/2428 513/2012/513 2216/2023/2216
f 2247/2099/2247 4244/2115/4242 2216/2023/2216 514/2022/514
f 608/2102/608 2430/2116/2430 4245/2117/4243 2248/2103/2248
f 2430/2116/2430 614/2094/614 2429/2097/2429 4245/2117/4243
f 4245/2117/4243 2429/2097/2429 515/2018/515 2217/2027/2217
f 2248/2103/2248 4245/2117/4243 2217/2027/2217 516/2026/516
f 579/2118/579 2393/2119/2393 4246/2120/4244 2370/2121/2370
f 2393/2119/2393 580/2122/580 2263/2123/2263 4246/2120/4244
f 4246/2120/4244 2263/2123/2263 499/2124/499 2226/2125/2226
f 2370/2121/2370 4246/2120/4244 2226/2125/2226 519/2126/519
f 581/2127/581 2392/2128/2392 4247/2129/4245 2372/2130/2372
f 2392/2128/2392 582/2131/582 2265/2132/2265 4247/2129/4245
f 4247/2129/4245 2265/2132/2265 509/2133/509 2227/2134/2227
f 2372/2130/2372 4247/2129/4245 2227/2134/2227 500/2135/500
f 583/2136/583 2391/2137/2391 4248/2138/4246 2374/2139/2374
f 2391/2137/2391 584/2140/584 2267/2141/2267 4248/2138/4246
f 4248/2138/4246 2267/2141/2267 523/2142/523 2228/2143/2228
f 2374/2139/2374 4248/2138/4246 2228/2143/2228 501/2144/501
f 585/2145/585 2390/2146/2390 4249/2147/4247 2376/2148/2376
f 2390/2146/2390 586/2149/586 2269/2150/2269 4249/2147/4247
f 4249/2147/4247 2269/2150/2269 502/2151/502 2229/2152/2229
f 2376/2148/2376 4249/2147/4247 2229/2152/2229 488/2153/488
f 587/2154/587 2389/2155/2389 4250/2156/4248 2378/2157/2378
f 2389/2155/2389 588/2158/588 2271/2159/2271 4250/2156/4248
f 4250/2156/4248 2271/2159/2271 503/2160/503 2230/2161/2230
f 2378/2157/2378 4250/2156/4248 2230/2161/2230 527/2162/527
f 584/2140/584 2388/2163/2388 4251/2164/4249 2267/2141/2267
f 2388/2163/2388 589/2165/589 2272/2166/2272 4251/2164/4249
f 4251/2164/4249 2272/2166/2272 504/2167/504 2231/2168/2231
f 2267/2141/2267 4251/2164/4249 2231/2168/2231 523/2142/523
f 580/2122/580 2387/2169/2387 4252/2170/4250 2263/2123/2263
f 2387/2169/2387 590/2171/590 2273/2172/2273 4252/2170/4250
f 4252/2170/4250 2273/2172/2273 529/2173/529 2232/2174/2232
f 2263/2123/2263 4252/2170/4250 2232/2174/2232 499/2124/499
f 590/2171/590 2386/2175/2386 4253/2176/4251 2273/2172/2273
f 2386/2175/2386 581/2127/581 2372/2130/2372 4253/2176/4251
f 4253/2176/4251 2372/2130/2372 500/2135/500 2233/2177/2233
f 2273/2172/2273 4253/2176/4251 2233/2177/2233 529/2173/529
f 582/2131/582 2385/2178/2385 4254/2179/4252 2265/2132/2265
f 2385/2178/2385 583/2136/583 2374/2139/2374 4254/2179/4252
f 4254/2179/4252 2374/2139/2374 501/2144/501 2234/2180/2234
f 2265/2132/2265 4254/2179/4252 2234/2180/2234 509/2133/509
f 586/2149/586 2384/2181/2384 4255/2182/4253 2269/2150/2269
f 2384/2181/2384 579/2118/579 2370/2121/2370 4255/2182/4253
f 4255/2182/4253 2370/2121/2370 519/2126/519 2235/2183/2235
f 2269/2150/2269 4255/2182/4253 2235/2183/2235 502/2151/502
f 588/2158/588 2383/2184/2383 4256/2185/4254 2271/2159/2271
f 2383/2184/2383 585/2145/585 2376/2148/2376 4256/2185/4254
f 4256/2185/4254 2376/2148/2376 488/2153/488 2236/2186/2236
f 2271/2159/2271 4256/2185/4254 2236/2186/2236 503/2160/503
f 589/2165/589 2382/2187/2382 4257/2188/4255 2272/2166/2272
f 2382/2187/2382 587/2154/587 2378/2157/2378 4257/2188/4255
f 4257/2188/4255 2378/2157/2378 527/2162/527 2237/2189/2237
f 2272/2166/2272 4257/2188/4255 2237/2189/2237 504/2167/504
f 532/1942/532 2294/1941/2294 4258/2190/4256 2274/2191/2274
f 2294/1941/2294 536/1940/536 2320/2192/2320 4258/2190/4256
f 4258/2190/4256 2320/2192/2320 547/2193/547 2318/2194/2318
f 2274/2191/2274 4258/2190/4256 2318/2194/2318 498/2195/498
f 540/1948/540 2287/1947/2287 4259/2196/4257 2278/2197/2278
f 2287/1947/2287 532/1942/532 2274/2191/2274 4259/2196/4257
f 4259/2196/4257 2274/2191/2274 498/2195/498 2311/2198/2311
f 2278/2197/2278 4259/2196/4257 2311/2198/2311 550/2199/550
f 544/2036/544 2290/2035/2290 4260/2200/4258 2275/2201/2275
f 2290/2035/2290 538/2034/538 2276/2202/2276 4260/2200/4258
f 4260/2200/4258 2276/2202/2276 548/2203/548 2314/2204/2314
f 2275/2201/2275 4260/2200/4258 2314/2204/2314 554/2205/554
f 541/2042/541 2293/2041/2293 4261/2206/4259 2277/2207/2277
f 2293/2041/2293 540/1948/540 2278/2197/2278 4261/2206/4259
f 4261/2206/4259 2278/2197/2278 550/2199/550 2317/2208/2317
f 2277/2207/2277 4261/2206/4259 2317/2208/2317 551/2209/551
f 542/2051/542 2286/2050/2286 4262/2210/4260 2280/2211/2280
f 2286/2050/2286 535/2049/535 2281/2212/2281 4262/2210/4260
f 4262/2210/4260 2281/2212/2281 546/2213/546 2310/2214/2310
f 2280/2211/2280 4262/2210/4260 2310/2214/2310 552/2215/552
f 534/2057/534 2289/2056/2289 4263/2216/4261 2279/2217/2279
f 2289/2056/2289 542/2051/542 2280/2211/2280 4263/2216/4261
f 4263/2216/4261 2280/2211/2280 552/2215/552 2313/2218/2313
f 2279/2217/2279 4263/2216/4261 2313/2218/2313 545/2219/545
f 535/2049/535 2292/2063/2292 4264/2220/4262 2281/2212/2281
f 2292/2063/2292 531/2062/531 2282/2221/2282 4264/2220/4262
f 4264/2220/4262 2282/2221/2282 505/2222/505 2316/2223/2316
f 2281/2212/2281 4264/2220/4262 2316/2223/2316 546/2213/546
f 531/2062/531 2285/2069/2285 4265/2224/4263 2282/2221/2282
f 2285/2069/2285 539/2068/539 2283/2225/2283 4265/2224/4263
f 4265/2224/4263 2283/2225/2283 549/2226/549 2309/2227/2309
f 2282/2221/2282 4265/2224/4263 2309/2227/2309 505/2222/505
f 569/2032/569 2361/2228/2361 4266/2229/4264 2218/2033/2218
f 2361/2228/2361 570/2037/570 2349/2040/2349 4266/2229/4264
f 4266/2229/4264 2349/2040/2349 541/2042/541 2284/2230/2284
f 2218/2033/2218 4266/2229/4264 2284/2230/2284 538/2034/538
f 576/2066/576 2360/2231/2360 4267/2232/4265 2225/2067/2225
f 2360/2231/2360 568/2028/568 2347/2031/2347 4267/2232/4265
f 4267/2232/4265 2347/2031/2347 544/2036/544 2291/2233/2291
f 2225/2067/2225 4267/2232/4265 2291/2233/2291 539/2068/539
f 577/1938/577 2359/2234/2359 4268/2235/4266 2296/1939/2296
f 2359/2234/2359 578/2236/578 2297/2237/2297 4268/2235/4266
f 4268/2235/4266 2297/2237/2297 543/2238/543 2288/2239/2288
f 2296/1939/2296 4268/2235/4266 2288/2239/2288 536/1940/536
f 578/2236/578 2358/2240/2358 4269/2241/4267 2297/2237/2297
f 2358/2240/2358 572/2052/572 2351/2055/2351 4269/2241/4267
f 4269/2241/4267 2351/2055/2351 534/2057/534 2295/2242/2295
f 2297/2237/2297 4269/2241/4267 2295/2242/2295 543/2238/543
f 550/2199/550 2311/2198/2311 4270/2243/4268 2301/2244/2301
f 2311/2198/2311 498/2195/498 2344/2245/2344 4270/2243/4268
f 4270/2243/4268 2344/2245/2344 530/2246/530 2335/2247/2335
f 2301/2244/2301 4270/2243/4268 2335/2247/2335 562/2248/562
f 554/2205/554 2314/2204/2314 4271/2249/4269 2298/2250/2298
f 2314/2204/2314 548/2203/548 2299/2251/2299 4271/2249/4269
f 4271/2249/4269 2299/2251/2299 560/2252/560 2338/2253/2338
f 2298/2250/2298 4271/2249/4269 2338/2253/2338 566/2254/566
f 551/2209/551 2317/2208/2317 4272/2255/4270 2300/2256/2300
f 2317/2208/2317 550/2199/550 2301/2244/2301 4272/2255/4270
f 4272/2255/4270 2301/2244/2301 562/2248/562 2341/2257/2341
f 2300/2256/2300 4272/2255/4270 2341/2257/2341 563/2258/563
f 552/2215/552 2310/2214/2310 4273/2259/4271 2302/2260/2302
f 2310/2214/2310 546/2213/546 2303/2261/2303 4273/2259/4271
f 4273/2259/4271 2303/2261/2303 557/2262/557 2334/2263/2334
f 2302/2260/2302 4273/2259/4271 2334/2263/2334 564/2264/564
f 545/2219/545 2313/2218/2313 4274/2265/4272 2307/2266/2307
f 2313/2218/2313 552/2215/552 2302/2260/2302 4274/2265/4272
f 4274/2265/4272 2302/2260/2302 564/2264/564 2337/2267/2337
f 2307/2266/2307 4274/2265/4272 2337/2267/2337 556/2268/556
f 546/2213/546 2316/2223/2316 4275/2269/4273 2303/2261/2303
f 2316/2223/2316 505/2222/505 2304/2270/2304 4275/2269/4273
f 4275/2269/4273 2304/2270/2304 533/2271/533 2340/2272/2340
f 2303/2261/2303 4275/2269/4273 2340/2272/2340 557/2262/557
f 505/2222/505 2309/2227/2309 4276/2273/4274 2304/2270/2304
f 2309/2227/2309 549/2226/549 2305/2274/2305 4276/2273/4274
f 4276/2273/4274 2305/2274/2305 561/2275/561 2333/2276/2333
f 2304/2270/2304 4276/2273/4274 2333/2276/2333 533/2271/533
f 553/2277/553 2319/2278/2319 4277/2279/4275 2306/2280/2306
f 2319/2278/2319 545/2219/545 2307/2266/2307 4277/2279/4275
f 4277/2279/4275 2307/2266/2307 556/2268/556 2343/2281/2343
f 2306/2280/2306 4277/2279/4275 2343/2281/2343 565/2282/565
f 538/2034/538 2284/2230/2284 4278/2283/4276 2276/2202/2276
f 2284/2230/2284 541/2042/541 2277/2207/2277 4278/2283/4276
f 4278/2283/4276 2277/2207/2277 551/2209/551 2308/2284/2308
f 2276/2202/2276 4278/2283/4276 2308/2284/2308 548/2203/548
f 539/2068/539 2291/2233/2291 4279/2285/4277 2283/2225/2283
f 2291/2233/2291 544/2036/544 2275/2201/2275 4279/2285/4277
f 4279/2285/4277 2275/2201/2275 554/2205/554 2315/2286/2315
f 2283/2225/2283 4279/2285/4277 2315/2286/2315 549/2226/549
f 536/1940/536 2288/2239/2288 4280/2287/4278 2320/2192/2320
f 2288/2239/2288 543/2238/543 2321/2288/2321 4280/2287/4278
f 4280/2287/4278 2321/2288/2321 553/2277/553 2312/2289/2312
f 2320/2192/2320 4280/2287/4278 2312/2289/2312 547/2193/547
f 543/2238/543 2295/2242/2295 4281/2290/4279 2321/2288/2321
f 2295/2242/2295 534/2057/534 2279/2217/2279 4281/2290/4279
f 4281/2290/4279 2279/2217/2279 545/2219/545 2319/2278/2319
f 2321/2288/2321 4281/2290/4279 2319/2278/2319 553/2277/553
f 559/2291/559 2331/2292/2331 4282/2293/4280 2328/2294/2328
f 2331/2292/2331 562/2248/562 2335/2247/2335 4282/2293/4280
f 4282/2293/4280 2335/2247/2335 530/2246/530 2323/2295/2323
f 2328/2294/2328 4282/2293/4280 2323/2295/2323 537/2296/537
f 555/2297/555 2327/2298/2327 4283/2299/4281 2324/2300/2324
f 2327/2298/2327 558/2301/558 2336/2302/2336 4283/2299/4281
f 4283/2299/4281 2336/2302/2336 565/2282/565 2343/2281/2343
f 2324/2300/2324 4283/2299/4281 2343/2281/2343 556/2268/556
f 557/2262/557 2326/2303/2326 4284/2304/4282 2334/2263/2334
f 2326/2303/2326 555/2297/555 2324/2300/2324 4284/2304/4282
f 4284/2304/4282 2324/2300/2324 556/2268/556 2337/2267/2337
f 2334/2263/2334 4284/2304/4282 2337/2267/2337 564/2264/564
f 533/2271/533 2322/2305/2322 4285/2306/4283 2340/2272/2340
f 2322/2305/2322 537/2296/537 2325/2307/2325 4285/2306/4283
f 4285/2306/4283 2325/2307/2325 555/2297/555 2326/2303/2326
f 2340/2272/2340 4285/2306/4283 2326/2303/2326 557/2262/557
f 537/2296/537 2323/2295/2323 4286/2308/4284 2325/2307/2325
f 2323/2295/2323 530/2246/530 2342/2309/2342 4286/2308/4284
f 4286/2308/4284 2342/2309/2342 558/2301/558 2327/2298/2327
f 2325/2307/2325 4286/2308/4284 2327/2298/2327 555/2297/555
f 561/2275/561 2330/2310/2330 4287/2311/4285 2333/2276/2333
f 2330/2310/2330 559/2291/559 2328/2294/2328 4287/2311/4285
f 4287/2311/4285 2328/2294/2328 537/2296/537 2322/2305/2322
f 2333/2276/2333 4287/2311/4285 2322/2305/2322 533/2271/533
f 566/2254/566 2338/2253/2338 4288/2312/4286 2339/2313/2339
f 2338/2253/2338 560/2252/560 2329/2314/2329 4288/2312/4286
f 4288/2312/4286 2329/2314/2329 559/2291/559 2330/2310/2330
f 2339/2313/2339 4288/2312/4286 2330/2310/2330 561/2275/561
f 560/2252/560 2332/2315/2332 4289/2316/4287 2329/2314/2329
f 2332/2315/2332 563/2258/563 2341/2257/2341 4289/2316/4287
f 4289/2316/4287 2341/2257/2341 562/2248/562 2331/2292/2331
f 2329/2314/2329 4289/2316/4287 2331/2292/2331 559/2291/559
f 498/2195/498 2318/2194/2318 4290/2317/4288 2344/2245/2344
f 2318/2194/2318 547/2193/547 2345/2318/2345 4290/2317/4288
f 4290/2317/4288 2345/2318/2345 558/2301/558 2342/2309/2342
f 2344/2245/2344 4290/2317/4288 2342/2309/2342 530/2246/530
f 548/2203/548 2308/2284/2308 4291/2319/4289 2299/2251/2299
f 2308/2284/2308 551/2209/551 2300/2256/2300 4291/2319/4289
f 4291/2319/4289 2300/2256/2300 563/2258/563 2332/2315/2332
f 2299/2251/2299 4291/2319/4289 2332/2315/2332 560/2252/560
f 549/2226/549 2315/2286/2315 4292/2320/4290 2305/2274/2305
f 2315/2286/2315 554/2205/554 2298/2250/2298 4292/2320/4290
f 4292/2320/4290 2298/2250/2298 566/2254/566 2339/2313/2339
f 2305/2274/2305 4292/2320/4290 2339/2313/2339 561/2275/561
f 547/2193/547 2312/2289/2312 4293/2321/4291 2345/2318/2345
f 2312/2289/2312 553/2277/553 2306/2280/2306 4293/2321/4291
f 4293/2321/4291 2306/2280/2306 565/2282/565 2336/2302/2336
f 2345/2318/2345 4293/2321/4291 2336/2302/2336 558/2301/558
f 489/2322/489 2261/2323/2261 4294/2324/4292 2357/2325/2357
f 2261/2323/2261 528/2326/528 2221/2327/2221 4294/2324/4292
f 4294/2324/4292 2221/2327/2221 572/2052/572 2358/2240/2358
f 2357/2325/2357 4294/2324/4292 2358/2240/2358 578/2236/578
f 526/2328/526 2254/2329/2254 4295/2330/4293 2356/2331/2356
f 2254/2329/2254 489/2322/489 2357/2325/2357 4295/2330/4293
f 4295/2330/4293 2357/2325/2357 578/2236/578 2359/2234/2359
f 2356/2331/2356 4295/2330/4293 2359/2234/2359 577/1938/577
f 520/2332/520 2257/2333/2257 4296/2334/4294 2355/2335/2355
f 2257/2333/2257 19/2336/19 2211/2337/2211 4296/2334/4294
f 4296/2334/4294 2211/2337/2211 568/2028/568 2360/2231/2360
f 2355/2335/2355 4296/2334/4294 2360/2231/2360 576/2066/576
f 518/2338/518 2250/2339/2250 4297/2340/4295 2348/2341/2348
f 2250/2339/2250 176/2342/176 2219/2343/2219 4297/2340/4295
f 4297/2340/4295 2219/2343/2219 570/2037/570 2361/2228/2361
f 2348/2341/2348 4297/2340/4295 2361/2228/2361 569/2032/569
f 521/2344/521 2251/2345/2251 4298/2346/4296 2224/2347/2224
f 2251/2345/2251 520/2332/520 2355/2335/2355 4298/2346/4296
f 4298/2346/4296 2355/2335/2355 576/2066/576 2362/2064/2362
f 2224/2347/2224 4298/2346/4296 2362/2064/2362 575/2060/575
f 522/2348/522 2258/2349/2258 4299/2350/4297 2223/2351/2223
f 2258/2349/2258 521/2344/521 2224/2347/2224 4299/2350/4297
f 4299/2350/4297 2224/2347/2224 575/2060/575 2363/2058/2363
f 2223/2351/2223 4299/2350/4297 2363/2058/2363 574/2047/574
f 528/2326/528 2255/2352/2255 4300/2353/4298 2221/2327/2221
f 2255/2352/2255 473/2354/473 2352/2355/2352 4300/2353/4298
f 4300/2353/4298 2352/2355/2352 573/2043/573 2364/2053/2364
f 2221/2327/2221 4300/2353/4298 2364/2053/2364 572/2052/572
f 473/2354/473 2252/2356/2252 4301/2357/4299 2352/2355/2352
f 2252/2356/2252 522/2348/522 2223/2351/2223 4301/2357/4299
f 4301/2357/4299 2223/2351/2223 574/2047/574 2365/2044/2365
f 2352/2355/2352 4301/2357/4299 2365/2044/2365 573/2043/573
f 176/2342/176 2259/2358/2259 4302/2359/4300 2219/2343/2219
f 2259/2358/2259 524/2360/524 2350/2361/2350 4302/2359/4300
f 4302/2359/4300 2350/2361/2350 571/1943/571 2366/2038/2366
f 2219/2343/2219 4302/2359/4300 2366/2038/2366 570/2037/570
f 19/2336/19 2256/2362/2256 4303/2363/4301 2211/2337/2211
f 2256/2362/2256 518/2338/518 2348/2341/2348 4303/2363/4301
f 4303/2363/4301 2348/2341/2348 569/2032/569 2367/2029/2367
f 2211/2337/2211 4303/2363/4301 2367/2029/2367 568/2028/568
f 524/2360/524 2253/2364/2253 4304/2365/4302 2350/2361/2350
f 2253/2364/2253 525/2366/525 2346/2367/2346 4304/2365/4302
f 4304/2365/4302 2346/2367/2346 567/1934/567 2368/1944/2368
f 2350/2361/2350 4304/2365/4302 2368/1944/2368 571/1943/571
f 525/2366/525 2260/2368/2260 4305/2369/4303 2346/2367/2346
f 2260/2368/2260 526/2328/526 2356/2331/2356 4305/2369/4303
f 4305/2369/4303 2356/2331/2356 577/1938/577 2369/1935/2369
f 2346/2367/2346 4305/2369/4303 2369/1935/2369 567/1934/567
f 528/2370/528 2261/2371/2261 4306/2372/4304 2380/2373/2380
f 2261/2371/2261 489/2374/489 2270/2375/2270 4306/2372/4304
f 4306/2372/4304 2270/2375/2270 587/2154/587 2382/2187/2382
f 2380/2373/2380 4306/2372/4304 2382/2187/2382 589/2165/589
f 526/2376/526 2260/2377/2260 4307/2378/4305 2379/2379/2379
f 2260/2377/2260 525/2380/525 2268/2381/2268 4307/2378/4305
f 4307/2378/4305 2268/2381/2268 585/2145/585 2383/2184/2383
f 2379/2379/2379 4307/2378/4305 2383/2184/2383 588/2158/588
f 524/2382/524 2259/2383/2259 4308/2384/4306 2377/2385/2377
f 2259/2383/2259 176/2386/176 2262/2387/2262 4308/2384/4306
f 4308/2384/4306 2262/2387/2262 579/2118/579 2384/2181/2384
f 2377/2385/2377 4308/2384/4306 2384/2181/2384 586/2149/586
f 521/2388/521 2258/2389/2258 4309/2390/4307 2373/2391/2373
f 2258/2389/2258 522/2392/522 2266/2393/2266 4309/2390/4307
f 4309/2390/4307 2266/2393/2266 583/2136/583 2385/2178/2385
f 2373/2391/2373 4309/2390/4307 2385/2178/2385 582/2131/582
f 19/2394/19 2257/2395/2257 4310/2396/4308 2381/2397/2381
f 2257/2395/2257 520/2398/520 2264/2399/2264 4310/2396/4308
f 4310/2396/4308 2264/2399/2264 581/2127/581 2386/2175/2386
f 2381/2397/2381 4310/2396/4308 2386/2175/2386 590/2171/590
f 518/2400/518 2256/2401/2256 4311/2402/4309 2371/2403/2371
f 2256/2401/2256 19/2394/19 2381/2397/2381 4311/2402/4309
f 4311/2402/4309 2381/2397/2381 590/2171/590 2387/2169/2387
f 2371/2403/2371 4311/2402/4309 2387/2169/2387 580/2122/580
f 473/2404/473 2255/2405/2255 4312/2406/4310 2375/2407/2375
f 2255/2405/2255 528/2370/528 2380/2373/2380 4312/2406/4310
f 4312/2406/4310 2380/2373/2380 589/2165/589 2388/2163/2388
f 2375/2407/2375 4312/2406/4310 2388/2163/2388 584/2140/584
f 489/2374/489 2254/2408/2254 4313/2409/4311 2270/2375/2270
f 2254/2408/2254 526/2376/526 2379/2379/2379 4313/2409/4311
f 4313/2409/4311 2379/2379/2379 588/2158/588 2389/2155/2389
f 2270/2375/2270 4313/2409/4311 2389/2155/2389 587/2154/587
f 525/2380/525 2253/2410/2253 4314/2411/4312 2268/2381/2268
f 2253/2410/2253 524/2382/524 2377/2385/2377 4314/2411/4312
f 4314/2411/4312 2377/2385/2377 586/2149/586 2390/2146/2390
f 2268/2381/2268 4314/2411/4312 2390/2146/2390 585/2145/585
f 522/2392/522 2252/2412/2252 4315/2413/4313 2266/2393/2266
f 2252/2412/2252 473/2404/473 2375/2407/2375 4315/2413/4313
f 4315/2413/4313 2375/2407/2375 584/2140/584 2391/2137/2391
f 2266/2393/2266 4315/2413/4313 2391/2137/2391 583/2136/583
f 520/2398/520 2251/2414/2251 4316/2415/4314 2264/2399/2264
f 2251/2414/2251 521/2388/521 2373/2391/2373 4316/2415/4314
f 4316/2415/4314 2373/2391/2373 582/2131/582 2392/2128/2392
f 2264/2399/2264 4316/2415/4314 2392/2128/2392 581/2127/581
f 176/2386/176 2250/2416/2250 4317/2417/4315 2262/2387/2262
f 2250/2416/2250 518/2400/518 2371/2403/2371 4317/2417/4315
f 4317/2417/4315 2371/2403/2371 580/2122/580 2393/2119/2393
f 2262/2387/2262 4317/2417/4315 2393/2119/2393 579/2118/579
f 504/2167/504 2237/2189/2237 4318/2418/4316 2404/2419/2404
f 2237/2189/2237 527/2162/527 2246/2420/2246 4318/2418/4316
f 4318/2418/4316 2246/2420/2246 599/2421/599 2406/2422/2406
f 2404/2419/2404 4318/2418/4316 2406/2422/2406 601/2423/601
f 503/2160/503 2236/2186/2236 4319/2424/4317 2403/2425/2403
f 2236/2186/2236 488/2153/488 2244/2426/2244 4319/2424/4317
f 4319/2424/4317 2244/2426/2244 597/2427/597 2407/2428/2407
f 2403/2425/2403 4319/2424/4317 2407/2428/2407 600/2429/600
f 502/2151/502 2235/2183/2235 4320/2430/4318 2401/2431/2401
f 2235/2183/2235 519/2126/519 2238/2432/2238 4320/2430/4318
f 4320/2430/4318 2238/2432/2238 591/2433/591 2408/2434/2408
f 2401/2431/2401 4320/2430/4318 2408/2434/2408 598/2435/598
f 509/2133/509 2234/2180/2234 4321/2436/4319 2397/2437/2397
f 2234/2180/2234 501/2144/501 2242/2438/2242 4321/2436/4319
f 4321/2436/4319 2242/2438/2242 595/2439/595 2409/2440/2409
f 2397/2437/2397 4321/2436/4319 2409/2440/2409 594/2441/594
f 529/2173/529 2233/2177/2233 4322/2442/4320 2405/2443/2405
f 2233/2177/2233 500/2135/500 2240/2444/2240 4322/2442/4320
f 4322/2442/4320 2240/2444/2240 593/2445/593 2410/2446/2410
f 2405/2443/2405 4322/2442/4320 2410/2446/2410 602/2447/602
f 499/2124/499 2232/2174/2232 4323/2448/4321 2395/2449/2395
f 2232/2174/2232 529/2173/529 2405/2443/2405 4323/2448/4321
f 4323/2448/4321 2405/2443/2405 602/2447/602 2411/2450/2411
f 2395/2449/2395 4323/2448/4321 2411/2450/2411 592/2451/592
f 523/2142/523 2231/2168/2231 4324/2452/4322 2399/2453/2399
f 2231/2168/2231 504/2167/504 2404/2419/2404 4324/2452/4322
f 4324/2452/4322 2404/2419/2404 601/2423/601 2412/2454/2412
f 2399/2453/2399 4324/2452/4322 2412/2454/2412 596/2455/596
f 527/2162/527 2230/2161/2230 4325/2456/4323 2246/2420/2246
f 2230/2161/2230 503/2160/503 2403/2425/2403 4325/2456/4323
f 4325/2456/4323 2403/2425/2403 600/2429/600 2413/2457/2413
f 2246/2420/2246 4325/2456/4323 2413/2457/2413 599/2421/599
f 488/2153/488 2229/2152/2229 4326/2458/4324 2244/2426/2244
f 2229/2152/2229 502/2151/502 2401/2431/2401 4326/2458/4324
f 4326/2458/4324 2401/2431/2401 598/2435/598 2414/2459/2414
f 2244/2426/2244 4326/2458/4324 2414/2459/2414 597/2427/597
f 501/2144/501 2228/2143/2228 4327/2460/4325 2242/2438/2242
f 2228/2143/2228 523/2142/523 2399/2453/2399 4327/2460/4325
f 4327/2460/4325 2399/2453/2399 596/2455/596 2415/2461/2415
f 2242/2438/2242 4327/2460/4325 2415/2461/2415 595/2439/595
f 500/2135/500 2227/2134/2227 4328/2462/4326 2240/2444/2240
f 2227/2134/2227 509/2133/509 2397/2437/2397 4328/2462/4326
f 4328/2462/4326 2397/2437/2397 594/2441/594 2416/2463/2416
f 2240/2444/2240 4328/2462/4326 2416/2463/2416 593/2445/593
f 519/2126/519 2226/2125/2226 4329/2464/4327 2238/2432/2238
f 2226/2125/2226 499/2124/499 2395/2449/2395 4329/2464/4327
f 4329/2464/4327 2395/2449/2395 592/2451/592 2417/2465/2417
f 2238/2432/2238 4329/2464/4327 2417/2465/2417 591/2433/591
f 601/2423/601 2406/2422/2406 4330/2466/4328 2423/2467/2423
f 2406/2422/2406 599/2421/599 2402/2468/2402 4330/2466/4328
f 4330/2466/4328 2402/2468/2402 614/2094/614 2430/2116/2430
f 2423/2467/2423 4330/2466/4328 2430/2116/2430 608/2102/608
f 600/2429/600 2407/2428/2407 4331/2469/4329 2422/2470/2422
f 2407/2428/2407 597/2427/597 2400/2471/2400 4331/2469/4329
f 4331/2469/4329 2400/2471/2400 613/2088/613 2431/2114/2431
f 2422/2470/2422 4331/2469/4329 2431/2114/2431 607/2098/607
f 598/2435/598 2408/2434/2408 4332/2472/4330 2421/2473/2421
f 2408/2434/2408 591/2433/591 2394/2474/2394 4332/2472/4330
f 4332/2472/4330 2394/2474/2394 610/2070/610 2432/2112/2432
f 2421/2473/2421 4332/2472/4330 2432/2112/2432 606/2092/606
f 594/2441/594 2409/2440/2409 4333/2475/4331 2419/2476/2419
f 2409/2440/2409 595/2439/595 2398/2477/2398 4333/2475/4331
f 4333/2475/4331 2398/2477/2398 612/2082/612 2433/2110/2433
f 2419/2476/2419 4333/2475/4331 2433/2110/2433 604/2080/604
f 602/2447/602 2410/2446/2410 4334/2478/4332 2424/2479/2424
f 2410/2446/2410 593/2445/593 2396/2480/2396 4334/2478/4332
f 4334/2478/4332 2396/2480/2396 611/2076/611 2434/2108/2434
f 2424/2479/2424 4334/2478/4332 2434/2108/2434 609/2106/609
f 592/2451/592 2411/2450/2411 4335/2481/4333 2418/2482/2418
f 2411/2450/2411 602/2447/602 2424/2479/2424 4335/2481/4333
f 4335/2481/4333 2424/2479/2424 609/2106/609 2435/2104/2435
f 2418/2482/2418 4335/2481/4333 2435/2104/2435 603/2074/603
f 596/2455/596 2412/2454/2412 4336/2483/4334 2420/2484/2420
f 2412/2454/2412 601/2423/601 2423/2467/2423 4336/2483/4334
f 4336/2483/4334 2423/2467/2423 608/2102/608 2436/2100/2436
f 2420/2484/2420 4336/2483/4334 2436/2100/2436 605/2086/605
f 599/2421/599 2413/2457/2413 4337/2485/4335 2402/2468/2402
f 2413/2457/2413 600/2429/600 2422/2470/2422 4337/2485/4335
f 4337/2485/4335 2422/2470/2422 607/2098/607 2437/2095/2437
f 2402/2468/2402 4337/2485/4335 2437/2095/2437 614/2094/614
f 597/2427/597 2414/2459/2414 4338/2486/4336 2400/2471/2400
f 2414/2459/2414 598/2435/598 2421/2473/2421 4338/2486/4336
f 4338/2486/4336 2421/2473/2421 606/2092/606 2438/2089/2438
f 2400/2471/2400 4338/2486/4336 2438/2089/2438 613/2088/613
f 595/2439/595 2415/2461/2415 4339/2487/4337 2398/2477/2398
f 2415/2461/2415 596/2455/596 2420/2484/2420 4339/2487/4337
f 4339/2487/4337 2420/2484/2420 605/2086/605 2439/2083/2439
f 2398/2477/2398 4339/2487/4337 2439/2083/2439 612/2082/612
f 593/2445/593 2416/2463/2416 4340/2488/4338 2396/2480/2396
f 2416/2463/2416 594/2441/594 2419/2476/2419 4340/2488/4338
f 4340/2488/4338 2419/2476/2419 604/2080/604 2440/2077/2440
f 2396/2480/2396 4340/2488/4338 2440/2077/2440 611/2076/611
f 591/2433/591 2417/2465/2417 4341/2489/4339 2394/2474/2394
f 2417/2465/2417 592/2451/592 2418/2482/2418 4341/2489/4339
f 4341/2489/4339 2418/2482/2418 603/2074/603 2441/2071/2441
f 2394/2474/2394 4341/2489/4339 2441/2071/2441 610/2070/610
f 58/2490/58 2442/2491/2442 4342/2492/4340 2448/2493/2448
f 2442/2491/2442 621/2494/621 2449/2495/2449 4342/2492/4340
f 4342/2492/4340 2449/2495/2449 615/54/615 1338/289/1338
f 2448/2493/2448 4342/2492/4340 1338/289/1338 616/284/616
f 621/2494/621 2443/2496/2443 4343/2497/4341 2449/2495/2449
f 2443/2496/2443 623/2498/623 2450/2499/2450 4343/2497/4341
f 4343/2497/4341 2450/2499/2450 617/46/617 1402/49/1402
f 2449/2495/2449 4343/2497/4341 1402/49/1402 615/54/615
f 624/2500/624 2444/2501/2444 4344/2502/4342 2451/2503/2451
f 2444/2501/2444 625/2504/625 2452/2505/2452 4344/2502/4342
f 4344/2502/4342 2452/2505/2452 619/280/619 1460/473/1460
f 2451/2503/2451 4344/2502/4342 1460/473/1460 618/472/618
f 625/2504/625 2445/2506/2445 4345/2507/4343 2452/2505/2452
f 2445/2506/2445 58/2490/58 2448/2493/2448 4345/2507/4343
f 4345/2507/4343 2448/2493/2448 616/284/616 1468/281/1468
f 2452/2505/2452 4345/2507/4343 1468/281/1468 619/280/619
f 623/2498/623 2446/2508/2446 4346/2509/4344 2450/2499/2450
f 2446/2508/2446 620/2510/620 2453/2511/2453 4346/2509/4344
f 4346/2509/4344 2453/2511/2453 291/1247/291 1831/1246/1831
f 2450/2499/2450 4346/2509/4344 1831/1246/1831 617/46/617
f 620/2510/620 2447/2512/2447 4347/2513/4345 2453/2511/2453
f 2447/2512/2447 624/2500/624 2451/2503/2451 4347/2513/4345
f 4347/2513/4345 2451/2503/2451 618/472/618 1832/1249/1832
f 2453/2511/2453 4347/2513/4345 1832/1249/1832 291/1247/291
f 622/2514/622 2454/2515/2454 4348/2516/4346 2460/2517/2460
f 2454/2515/2454 57/2518/57 2461/2519/2461 4348/2516/4346
f 4348/2516/4346 2461/2519/2461 621/2494/621 2442/2491/2442
f 2460/2517/2460 4348/2516/4346 2442/2491/2442 58/2490/58
f 57/2518/57 2455/2520/2455 4349/2521/4347 2461/2519/2461
f 2455/2520/2455 292/2522/292 2462/2523/2462 4349/2521/4347
f 4349/2521/4347 2462/2523/2462 623/2498/623 2443/2496/2443
f 2461/2519/2461 4349/2521/4347 2443/2496/2443 621/2494/621
f 293/2524/293 2456/2525/2456 4350/2526/4348 2463/2527/2463
f 2456/2525/2456 113/2528/113 2464/2529/2464 4350/2526/4348
f 4350/2526/4348 2464/2529/2464 625/2504/625 2444/2501/2444
f 2463/2527/2463 4350/2526/4348 2444/2501/2444 624/2500/624
f 113/2528/113 2457/2530/2457 4351/2531/4349 2464/2529/2464
f 2457/2530/2457 622/2514/622 2460/2517/2460 4351/2531/4349
f 4351/2531/4349 2460/2517/2460 58/2490/58 2445/2506/2445
f 2464/2529/2464 4351/2531/4349 2445/2506/2445 625/2504/625
f 292/2522/292 2458/2532/2458 4352/2533/4350 2462/2523/2462
f 2458/2532/2458 626/2534/626 2465/2535/2465 4352/2533/4350
f 4352/2533/4350 2465/2535/2465 620/2510/620 2446/2508/2446
f 2462/2523/2462 4352/2533/4350 2446/2508/2446 623/2498/623
f 626/2534/626 2459/2536/2459 4353/2537/4351 2465/2535/2465
f 2459/2536/2459 293/2524/293 2463/2527/2463 4353/2537/4351
f 4353/2537/4351 2463/2527/2463 624/2500/624 2447/2512/2447
f 2465/2535/2465 4353/2537/4351 2447/2512/2447 620/2510/620
f 628/306/628 2470/305/2470 4354/2538/4352 2487/2539/2487
f 2470/305/2470 632/304/632 2486/2540/2486 4354/2538/4352
f 4354/2538/4352 2486/2540/2486 638/2541/638 2482/2542/2482
f 2487/2539/2487 4354/2538/4352 2482/2542/2482 634/2543/634
f 631/315/631 2472/314/2472 4355/2544/4353 2485/2545/2485
f 2472/314/2472 627/313/627 2466/2546/2466 4355/2544/4353
f 4355/2544/4353 2466/2546/2466 633/2547/633 2484/2548/2484
f 2485/2545/2485 4355/2544/4353 2484/2548/2484 637/2549/637
f 650/2550/650 2511/2551/2511 4356/2552/4354 2507/2553/2507
f 2511/2551/2511 649/2554/649 2476/2555/2476 4356/2552/4354
f 4356/2552/4354 2476/2555/2476 629/2556/629 2468/2557/2468
f 2507/2553/2507 4356/2552/4354 2468/2557/2468 630/2558/630
f 645/311/645 2510/2559/2510 4357/2560/4355 1401/312/1401
f 2510/2559/2510 650/2550/650 2507/2553/2507 4357/2560/4355
f 4357/2560/4355 2507/2553/2507 630/2558/630 2471/2561/2471
f 1401/312/1401 4357/2560/4355 2471/2561/2471 627/313/627
f 647/2562/647 2509/2563/2509 4358/2564/4356 2474/2565/2474
f 2509/2563/2509 646/307/646 2503/310/2503 4358/2564/4356
f 4358/2564/4356 2503/310/2503 631/315/631 2469/2566/2469
f 2474/2565/2474 4358/2564/4356 2469/2566/2469 632/2567/632
f 649/2568/649 2508/2569/2508 4359/2570/4357 2476/2571/2476
f 2508/2569/2508 648/298/648 2505/301/2505 4359/2570/4357
f 4359/2570/4357 2505/301/2505 628/306/628 2467/2572/2467
f 2476/2571/2476 4359/2570/4357 2467/2572/2467 629/2573/629
f 654/2574/654 2525/2575/2525 4360/2576/4358 2517/2577/2517
f 2525/2575/2525 653/2578/653 2498/2579/2498 4360/2576/4358
f 4360/2576/4358 2498/2579/2498 643/2580/643 2493/2581/2493
f 2517/2577/2517 4360/2576/4358 2493/2581/2493 644/2582/644
f 652/2583/652 2524/2584/2524 4361/2585/4359 2515/2586/2515
f 2524/2584/2524 651/2587/651 2478/2588/2478 4361/2585/4359
f 4361/2585/4359 2478/2588/2478 642/2589/642 2495/2590/2495
f 2515/2586/2515 4361/2585/4359 2495/2590/2495 639/2591/639
f 630/2558/630 2468/2557/2468 4362/2592/4360 2489/2593/2489
f 2468/2557/2468 629/2556/629 2488/2594/2488 4362/2592/4360
f 4362/2592/4360 2488/2594/2488 635/2595/635 2480/2596/2480
f 2489/2593/2489 4362/2592/4360 2480/2596/2480 636/2597/636
f 627/313/627 2471/2561/2471 4363/2598/4361 2466/2546/2466
f 2471/2561/2471 630/2558/630 2489/2593/2489 4363/2598/4361
f 4363/2598/4361 2489/2593/2489 636/2597/636 2483/2599/2483
f 2466/2546/2466 4363/2598/4361 2483/2599/2483 633/2547/633
f 632/2567/632 2469/2566/2469 4364/2600/4362 2486/2601/2486
f 2469/2566/2469 631/315/631 2485/2545/2485 4364/2600/4362
f 4364/2600/4362 2485/2545/2485 637/2549/637 2481/2602/2481
f 2486/2601/2486 4364/2600/4362 2481/2602/2481 638/2603/638
f 629/2573/629 2467/2572/2467 4365/2604/4363 2488/2605/2488
f 2467/2572/2467 628/306/628 2487/2539/2487 4365/2604/4363
f 4365/2604/4363 2487/2539/2487 634/2543/634 2479/2606/2479
f 2488/2605/2488 4365/2604/4363 2479/2606/2479 635/2607/635
f 643/2580/643 2496/2608/2496 4366/2609/4364 2493/2581/2493
f 2496/2608/2496 639/2591/639 2490/2610/2490 4366/2609/4364
f 4366/2609/4364 2490/2610/2490 640/2611/640 2494/2612/2494
f 2493/2581/2493 4366/2609/4364 2494/2612/2494 644/2582/644
f 639/2591/639 2495/2590/2495 4367/2613/4365 2490/2610/2490
f 2495/2590/2495 642/2589/642 2492/2614/2492 4367/2613/4365
f 4367/2613/4365 2492/2614/2492 641/2615/641 2491/2616/2491
f 2490/2610/2490 4367/2613/4365 2491/2616/2491 640/2611/640
f 656/2617/656 2523/2618/2523 4368/2619/4366 2519/2620/2519
f 2523/2618/2523 655/2621/655 2500/2622/2500 4368/2619/4366
f 4368/2619/4366 2500/2622/2500 640/2623/640 2491/2624/2491
f 2519/2620/2519 4368/2619/4366 2491/2624/2491 641/2625/641
f 653/2578/653 2522/2626/2522 4369/2627/4367 2498/2579/2498
f 2522/2626/2522 652/2583/652 2515/2586/2515 4369/2627/4367
f 4369/2627/4367 2515/2586/2515 639/2591/639 2496/2608/2496
f 2498/2579/2498 4369/2627/4367 2496/2608/2496 643/2580/643
f 655/2621/655 2521/2628/2521 4370/2629/4368 2500/2622/2500
f 2521/2628/2521 654/2630/654 2517/2631/2517 4370/2629/4368
f 4370/2629/4368 2517/2631/2517 644/2632/644 2494/2633/2494
f 2500/2622/2500 4370/2629/4368 2494/2633/2494 640/2623/640
f 651/2587/651 2520/2634/2520 4371/2635/4369 2478/2588/2478
f 2520/2634/2520 656/2636/656 2519/2637/2519 4371/2635/4369
f 4371/2635/4369 2519/2637/2519 641/2615/641 2492/2614/2492
f 2478/2588/2478 4371/2635/4369 2492/2614/2492 642/2589/642
f 57/2638/57 2454/2639/2454 4372/2640/4370 2506/2641/2506
f 2454/2639/2454 622/2642/622 2475/2643/2475 4372/2640/4370
f 4372/2640/4370 2475/2643/2475 648/298/648 2508/2569/2508
f 2506/2641/2506 4372/2640/4370 2508/2569/2508 649/2568/649
f 113/2644/113 2456/2645/2456 4373/2646/4371 2504/2647/2504
f 2456/2645/2456 293/2648/293 2473/2649/2473 4373/2646/4371
f 4373/2646/4371 2473/2649/2473 646/307/646 2509/2563/2509
f 2504/2647/2504 4373/2646/4371 2509/2563/2509 647/2562/647
f 626/2650/626 2458/2651/2458 4374/2652/4372 2502/2653/2502
f 2458/2651/2458 292/2654/292 2477/2655/2477 4374/2652/4372
f 4374/2652/4372 2477/2655/2477 650/2550/650 2510/2559/2510
f 2502/2653/2502 4374/2652/4372 2510/2559/2510 645/311/645
f 292/2654/292 2455/2656/2455 4375/2657/4373 2477/2655/2477
f 2455/2656/2455 57/2658/57 2506/2659/2506 4375/2657/4373
f 4375/2657/4373 2506/2659/2506 649/2554/649 2511/2551/2511
f 2477/2655/2477 4375/2657/4373 2511/2551/2511 650/2550/650
f 293/2648/293 2459/2660/2459 4376/2661/4374 2473/2649/2473
f 2459/2660/2459 626/2650/626 2502/2653/2502 4376/2661/4374
f 4376/2661/4374 2502/2653/2502 645/311/645 2512/308/2512
f 2473/2649/2473 4376/2661/4374 2512/308/2512 646/307/646
f 622/2642/622 2457/2662/2457 4377/2663/4375 2475/2643/2475
f 2457/2662/2457 113/2664/113 2504/2665/2504 4377/2663/4375
f 4377/2663/4375 2504/2665/2504 647/302/647 2513/299/2513
f 2475/2643/2475 4377/2663/4375 2513/299/2513 648/298/648
f 636/2597/636 2480/2596/2480 4378/2666/4376 2514/2667/2514
f 2480/2596/2480 635/2595/635 2501/2668/2501 4378/2666/4376
f 4378/2666/4376 2501/2668/2501 656/2636/656 2520/2634/2520
f 2514/2667/2514 4378/2666/4376 2520/2634/2520 651/2587/651
f 634/2543/634 2482/2542/2482 4379/2669/4377 2518/2670/2518
f 2482/2542/2482 638/2541/638 2499/2671/2499 4379/2669/4377
f 4379/2669/4377 2499/2671/2499 654/2630/654 2521/2628/2521
f 2518/2670/2518 4379/2669/4377 2521/2628/2521 655/2621/655
f 637/2549/637 2484/2548/2484 4380/2672/4378 2516/2673/2516
f 2484/2548/2484 633/2547/633 2497/2674/2497 4380/2672/4378
f 4380/2672/4378 2497/2674/2497 652/2583/652 2522/2626/2522
f 2516/2673/2516 4380/2672/4378 2522/2626/2522 653/2578/653
f 635/2607/635 2479/2606/2479 4381/2675/4379 2501/2676/2501
f 2479/2606/2479 634/2543/634 2518/2670/2518 4381/2675/4379
f 4381/2675/4379 2518/2670/2518 655/2621/655 2523/2618/2523
f 2501/2676/2501 4381/2675/4379 2523/2618/2523 656/2617/656
f 633/2547/633 2483/2599/2483 4382/2677/4380 2497/2674/2497
f 2483/2599/2483 636/2597/636 2514/2667/2514 4382/2677/4380
f 4382/2677/4380 2514/2667/2514 651/2587/651 2524/2584/2524
f 2497/2674/2497 4382/2677/4380 2524/2584/2524 652/2583/652
f 638/2603/638 2481/2602/2481 4383/2678/4381 2499/2679/2499
f 2481/2602/2481 637/2549/637 2516/2673/2516 4383/2678/4381
f 4383/2678/4381 2516/2673/2516 653/2578/653 2525/2575/2525
f 2499/2679/2499 4383/2678/4381 2525/2575/2525 654/2574/654
f 657/2680/657 2530/2681/2530 4384/2682/4382 1656/2683/1656
f 2530/2681/2530 658/2684/658 1453/2685/1453 4384/2682/4382
f 4384/2682/4382 1453/2685/1453 100/609/100 1565/606/1565
f 1656/2683/1656 4384/2682/4382 1565/606/1565 160/605/160
f 663/2686/663 2531/2687/2531 4385/2688/4383 1423/2689/1423
f 2531/2687/2531 664/2690/664 2537/2691/2537 4385/2688/4383
f 4385/2688/4383 2537/2691/2537 102/388/102 1427/458/1427
f 1423/2689/1423 4385/2688/4383 1427/458/1427 92/383/92
f 661/2692/661 2533/2693/2533 4386/2694/4384 1474/2695/1474
f 2533/2693/2533 657/2680/657 1656/2683/1656 4386/2694/4384
f 4386/2694/4384 1656/2683/1656 160/605/160 1455/909/1455
f 1474/2695/1474 4386/2694/4384 1455/909/1455 120/427/120
f 102/388/102 2537/2691/2537 4387/2696/4385 1456/430/1456
f 2537/2691/2537 664/2690/664 2532/2697/2532 4387/2696/4385
f 4387/2696/4385 2532/2697/2532 661/2692/661 1474/2695/1474
f 1456/430/1456 4387/2696/4385 1474/2695/1474 120/427/120
f 90/379/90 2538/438/2538 4388/2698/4386 1428/380/1428
f 2538/438/2538 665/437/665 2536/2699/2536 4388/2698/4386
f 4388/2698/4386 2536/2699/2536 663/2686/663 1423/2689/1423
f 1428/380/1428 4388/2698/4386 1423/2689/1423 92/383/92
f 675/2700/675 2572/2701/2570 4389/2702/4387 2556/2703/2555
f 2572/2701/2570 676/2704/676 2548/2705/2548 4389/2702/4387
f 4389/2702/4387 2548/2705/2548 670/2706/670 2543/2707/2543
f 2556/2703/2555 4389/2702/4387 2543/2707/2543 666/2708/666
f 677/2709/677 2571/2710/2569 4390/2711/4388 2558/2712/2557
f 2571/2710/2569 678/2713/678 2550/2714/2550 4390/2711/4388
f 4390/2711/4388 2550/2714/2550 672/2715/672 2541/2716/2541
f 2558/2712/2557 4390/2711/4388 2541/2716/2541 673/2717/673
f 679/2718/679 2570/2719/2568 4391/2720/4389 2560/2721/2559
f 2570/2719/2568 680/2722/680 2552/2723/671 4391/2720/4389
f 4391/2720/4389 2552/2723/671 671/2724/671 2539/2725/2539
f 2560/2721/2559 4391/2720/4389 2539/2725/2539 669/2726/669
f 678/2713/678 2569/2727/2567 4392/2728/4390 2550/2714/2550
f 2569/2727/2567 681/2729/681 2553/2730/2552 4392/2728/4390
f 4392/2728/4390 2553/2730/2552 674/2731/674 2546/2732/2546
f 2550/2714/2550 4392/2728/4390 2546/2732/2546 672/2715/672
f 682/2733/682 2568/2734/2566 4393/2735/4391 2563/2736/2562
f 2568/2734/2566 679/2718/679 2560/2721/2559 4393/2735/4391
f 4393/2735/4391 2560/2721/2559 669/2726/669 2544/2737/2544
f 2563/2736/2562 4393/2735/4391 2544/2737/2544 668/2738/668
f 676/2704/676 2567/2739/2565 4394/2740/4392 2548/2705/2548
f 2567/2739/2565 677/2709/677 2558/2712/2557 4394/2740/4392
f 4394/2740/4392 2558/2712/2557 673/2717/673 2542/2741/2542
f 2548/2705/2548 4394/2740/4392 2542/2741/2542 670/2706/670
f 683/2742/683 2566/2743/2564 4395/2744/4393 2564/2745/667
f 2566/2743/2564 675/2700/675 2556/2703/2555 4395/2744/4393
f 4395/2744/4393 2556/2703/2555 666/2708/666 2540/2746/2540
f 2564/2745/667 4395/2744/4393 2540/2746/2540 667/2747/667
f 681/2729/681 2565/2748/2563 4396/2749/4394 2553/2730/2552
f 2565/2748/2563 682/2733/682 2563/2736/2562 4396/2749/4394
f 4396/2749/4394 2563/2736/2562 668/2738/668 2545/2750/2545
f 2553/2730/2552 4396/2749/4394 2545/2750/2545 674/2731/674
f 665/2751/665 2535/2752/2535 4397/2753/4395 2562/2754/2561
f 2535/2752/2535 659/2755/659 2554/2756/2553 4397/2753/4395
f 4397/2753/4395 2554/2756/2553 682/2733/682 2565/2748/2563
f 2562/2754/2561 4397/2753/4395 2565/2748/2563 681/2729/681
f 658/2757/658 2530/2758/2530 4398/2759/4396 2555/2760/2554
f 2530/2758/2530 657/2761/657 2547/2762/2547 4398/2759/4396
f 4398/2759/4396 2547/2762/2547 675/2700/675 2566/2743/2564
f 2555/2760/2554 4398/2759/4396 2566/2743/2564 683/2742/683
f 661/2763/661 2532/2764/2532 4399/2765/4397 2557/2766/2556
f 2532/2764/2532 664/2767/664 2549/2768/2549 4399/2765/4397
f 4399/2765/4397 2549/2768/2549 677/2709/677 2567/2739/2565
f 2557/2766/2556 4399/2765/4397 2567/2739/2565 676/2704/676
f 659/2755/659 2534/2769/2534 4400/2770/4398 2554/2756/2553
f 2534/2769/2534 660/2771/660 2551/2772/2551 4400/2770/4398
f 4400/2770/4398 2551/2772/2551 679/2718/679 2568/2734/2566
f 2554/2756/2553 4400/2770/4398 2568/2734/2566 682/2733/682
f 663/2773/663 2536/2774/2536 4401/2775/4399 2559/2776/2558
f 2536/2774/2536 665/2751/665 2562/2754/2561 4401/2775/4399
f 4401/2775/4399 2562/2754/2561 681/2729/681 2569/2727/2567
f 2559/2776/2558 4401/2775/4399 2569/2727/2567 678/2713/678
f 660/2771/660 2529/2777/2529 4402/2778/4400 2551/2772/2551
f 2529/2777/2529 662/2779/662 2561/2780/2560 4402/2778/4400
f 4402/2778/4400 2561/2780/2560 680/2722/680 2570/2719/2568
f 2551/2772/2551 4402/2778/4400 2570/2719/2568 679/2718/679
f 664/2767/664 2531/2781/2531 4403/2782/4401 2549/2768/2549
f 2531/2781/2531 663/2773/663 2559/2776/2558 4403/2782/4401
f 4403/2782/4401 2559/2776/2558 678/2713/678 2571/2710/2569
f 2549/2768/2549 4403/2782/4401 2571/2710/2569 677/2709/677
f 657/2761/657 2533/2783/2533 4404/2784/4402 2547/2762/2547
f 2533/2783/2533 661/2763/661 2557/2766/2556 4404/2784/4402
f 4404/2784/4402 2557/2766/2556 676/2704/676 2572/2701/2570
f 2547/2762/2547 4404/2784/4402 2572/2701/2570 675/2700/675
f 782/2785/782 2727/2786/2725 4405/2787/4403 2745/2788/2743
f 2727/2786/2725 722/2789/722 2626/2790/2624 4405/2787/4403
f 4405/2787/4403 2626/2790/2624 687/2791/687 2575/2792/2573
f 2745/2788/2743 4405/2787/4403 2575/2792/2573 778/2793/778
f 777/2794/777 2724/2795/2722 4406/2796/4404 2736/2797/2734
f 2724/2795/2722 725/2798/725 2629/2799/2627 4406/2796/4404
f 4406/2796/4404 2629/2799/2627 704/2800/704 2592/2801/2590
f 2736/2797/2734 4406/2796/4404 2592/2801/2590 774/2802/774
f 1073/2803/1073 2721/2804/2719 4407/2805/4405 3410/2806/3408
f 2721/2804/2719 728/2807/728 2632/2808/2630 4407/2805/4405
f 4407/2805/4405 2632/2808/2630 705/2809/705 2593/2810/2591
f 3410/2806/3408 4407/2805/4405 2593/2810/2591 1067/2811/1067
f 728/2807/728 2718/2812/2716 4408/2813/4406 2632/2808/2630
f 2718/2812/2716 731/2814/731 2635/2815/2633 4408/2813/4406
f 4408/2813/4406 2635/2815/2633 706/2816/706 2594/2817/2592
f 2632/2808/2630 4408/2813/4406 2594/2817/2592 705/2809/705
f 731/2814/731 2715/2818/2713 4409/2819/4407 2635/2815/2633
f 2715/2818/2713 734/2820/734 2638/2821/2636 4409/2819/4407
f 4409/2819/4407 2638/2821/2636 707/2822/707 2595/2823/2593
f 2635/2815/2633 4409/2819/4407 2595/2823/2593 706/2816/706
f 734/2820/734 2712/2824/2710 4410/2825/4408 2638/2821/2636
f 2712/2824/2710 737/2826/737 2641/2827/2639 4410/2825/4408
f 4410/2825/4408 2641/2827/2639 708/2828/708 2596/2829/2594
f 2638/2821/2636 4410/2825/4408 2596/2829/2594 707/2822/707
f 1205/2830/1205 2709/2831/2707 4411/2832/4409 3095/2833/3093
f 2709/2831/2707 1203/2834/1203 2644/2835/2642 4411/2832/4409
f 4411/2832/4409 2644/2835/2642 709/2836/709 2597/2837/2595
f 3095/2833/3093 4411/2832/4409 2597/2837/2595 928/2838/928
f 1203/2834/1203 2706/2839/2704 4412/2840/4410 2644/2835/2642
f 2706/2839/2704 743/2841/743 2647/2842/2645 4412/2840/4410
f 4412/2840/4410 2647/2842/2645 710/2843/710 2598/2844/2596
f 2644/2835/2642 4412/2840/4410 2598/2844/2596 709/2836/709
f 884/2845/884 2703/2846/2701 4413/2847/4411 2990/2848/2988
f 2703/2846/2701 746/2849/746 2650/2850/2648 4413/2847/4411
f 4413/2847/4411 2650/2850/2648 711/2851/711 2599/2852/2597
f 2990/2848/2988 4413/2847/4411 2599/2852/2597 887/2853/887
f 746/2849/746 2700/2854/2698 4414/2855/4412 2650/2850/2648
f 2700/2854/2698 749/2856/749 2653/2857/2651 4414/2855/4412
f 4414/2855/4412 2653/2857/2651 712/2858/712 2600/2859/2598
f 2650/2850/2648 4414/2855/4412 2600/2859/2598 711/2851/711
f 749/2856/749 2697/2860/2695 4415/2861/4413 2653/2857/2651
f 2697/2860/2695 752/2862/752 2656/2863/2654 4415/2861/4413
f 4415/2861/4413 2656/2863/2654 713/2864/713 2601/2865/2599
f 2653/2857/2651 4415/2861/4413 2601/2865/2599 712/2858/712
f 917/2866/917 2694/2867/2692 4416/2868/4414 3071/2869/3069
f 2694/2867/2692 755/2870/755 2659/2871/2657 4416/2868/4414
f 4416/2868/4414 2659/2871/2657 714/2872/714 2602/2873/2600
f 3071/2869/3069 4416/2868/4414 2602/2873/2600 914/2874/914
f 755/2870/755 2691/2875/2689 4417/2876/4415 2659/2871/2657
f 2691/2875/2689 758/2877/758 2662/2878/2660 4417/2876/4415
f 4417/2876/4415 2662/2878/2660 715/2879/715 2603/2880/2601
f 2659/2871/2657 4417/2876/4415 2603/2880/2601 714/2872/714
f 758/2877/758 2688/2881/2686 4418/2882/4416 2662/2878/2660
f 2688/2881/2686 761/2883/761 2665/2884/2663 4418/2882/4416
f 4418/2882/4416 2665/2884/2663 716/2885/716 2604/2886/2602
f 2662/2878/2660 4418/2882/4416 2604/2886/2602 715/2879/715
f 909/2887/909 2685/2888/2683 4419/2889/4417 3052/2890/3050
f 2685/2888/2683 764/2891/764 2668/2892/2666 4419/2889/4417
f 4419/2889/4417 2668/2892/2666 717/2893/717 2605/2894/2603
f 3052/2890/3050 4419/2889/4417 2605/2894/2603 906/2895/906
f 764/2891/764 2682/2896/2680 4420/2897/4418 2668/2892/2666
f 2682/2896/2680 767/2898/767 2671/2899/2669 4420/2897/4418
f 4420/2897/4418 2671/2899/2669 718/2900/718 2606/2901/2604
f 2668/2892/2666 4420/2897/4418 2606/2901/2604 717/2893/717
f 767/2898/767 2679/2902/2677 4421/2903/4419 2671/2899/2669
f 2679/2902/2677 770/2904/770 2674/2905/2672 4421/2903/4419
f 4421/2903/4419 2674/2905/2672 719/2906/719 2607/2907/2605
f 2671/2899/2669 4421/2903/4419 2607/2907/2605 718/2900/718
f 689/2908/689 2578/2909/2576 4422/2910/4420 2622/2911/2620
f 2578/2909/2576 688/2912/688 2623/2913/2621 4422/2910/4420
f 4422/2910/4420 2623/2913/2621 772/2914/772 2677/2915/2675
f 2622/2911/2620 4422/2910/4420 2677/2915/2675 769/2916/769
f 786/2917/786 2772/2918/2770 4423/2919/4421 2756/2920/2754
f 2772/2918/2770 785/2921/785 2758/2922/2756 4423/2919/4421
f 4423/2919/4421 2758/2922/2756 771/2923/771 2678/2924/2676
f 2756/2920/2754 4423/2919/4421 2678/2924/2676 768/2925/768
f 768/2925/768 2678/2924/2676 4424/2926/4422 2672/2927/2670
f 2678/2924/2676 771/2923/771 2675/2928/2673 4424/2926/4422
f 4424/2926/4422 2675/2928/2673 770/2904/770 2679/2902/2677
f 2672/2927/2670 4424/2926/4422 2679/2902/2677 767/2898/767
f 690/2929/690 2579/2930/2577 4425/2931/4423 2621/2932/2619
f 2579/2930/2577 689/2908/689 2622/2911/2620 4425/2931/4423
f 4425/2931/4423 2622/2911/2620 769/2916/769 2680/2933/2678
f 2621/2932/2619 4425/2931/4423 2680/2933/2678 766/2934/766
f 787/2935/787 2746/2936/2744 4426/2937/4424 2779/2938/2777
f 2746/2936/2744 786/2917/786 2756/2920/2754 4426/2937/4424
f 4426/2937/4424 2756/2920/2754 768/2925/768 2681/2939/2679
f 2779/2938/2777 4426/2937/4424 2681/2939/2679 765/2940/765
f 765/2940/765 2681/2939/2679 4427/2941/4425 2669/2942/2667
f 2681/2939/2679 768/2925/768 2672/2927/2670 4427/2941/4425
f 4427/2941/4425 2672/2927/2670 767/2898/767 2682/2896/2680
f 2669/2942/2667 4427/2941/4425 2682/2896/2680 764/2891/764
f 905/2943/905 3036/2944/3034 4428/2945/4426 3051/2946/3049
f 3036/2944/3034 690/2929/690 2621/2932/2619 4428/2945/4426
f 4428/2945/4426 2621/2932/2619 766/2934/766 2683/2947/2681
f 3051/2946/3049 4428/2945/4426 2683/2947/2681 907/2948/907
f 910/2949/910 2771/2950/2769 4429/2951/4427 3050/2952/3048
f 2771/2950/2769 787/2935/787 2779/2938/2777 4429/2951/4427
f 4429/2951/4427 2779/2938/2777 765/2940/765 2684/2953/2682
f 3050/2952/3048 4429/2951/4427 2684/2953/2682 908/2954/908
f 908/2954/908 2684/2953/2682 4430/2955/4428 3049/2956/3047
f 2684/2953/2682 765/2940/765 2669/2942/2667 4430/2955/4428
f 4430/2955/4428 2669/2942/2667 764/2891/764 2685/2888/2683
f 3049/2956/3047 4430/2955/4428 2685/2888/2683 909/2887/909
f 692/2957/692 2581/2958/2579 4431/2959/4429 2619/2960/2617
f 2581/2958/2579 691/2961/691 2620/2962/2618 4431/2959/4429
f 4431/2959/4429 2620/2962/2618 763/2963/763 2686/2964/2684
f 2619/2960/2617 4431/2959/4429 2686/2964/2684 760/2965/760
f 789/2966/789 2747/2967/2745 4432/2968/4430 2778/2969/2776
f 2747/2967/2745 788/2970/788 2757/2971/2755 4432/2968/4430
f 4432/2968/4430 2757/2971/2755 762/2972/762 2687/2973/2685
f 2778/2969/2776 4432/2968/4430 2687/2973/2685 759/2974/759
f 759/2974/759 2687/2973/2685 4433/2975/4431 2663/2976/2661
f 2687/2973/2685 762/2972/762 2666/2977/2664 4433/2975/4431
f 4433/2975/4431 2666/2977/2664 761/2883/761 2688/2881/2686
f 2663/2976/2661 4433/2975/4431 2688/2881/2686 758/2877/758
f 693/2978/693 2582/2979/2580 4434/2980/4432 2618/2981/2616
f 2582/2979/2580 692/2957/692 2619/2960/2617 4434/2980/4432
f 4434/2980/4432 2619/2960/2617 760/2965/760 2689/2982/2687
f 2618/2981/2616 4434/2980/4432 2689/2982/2687 757/2983/757
f 790/2984/790 2770/2985/2768 4435/2986/4433 2777/2987/2775
f 2770/2985/2768 789/2966/789 2778/2969/2776 4435/2986/4433
f 4435/2986/4433 2778/2969/2776 759/2974/759 2690/2988/2688
f 2777/2987/2775 4435/2986/4433 2690/2988/2688 756/2989/756
f 756/2989/756 2690/2988/2688 4436/2990/4434 2660/2991/2658
f 2690/2988/2688 759/2974/759 2663/2976/2661 4436/2990/4434
f 4436/2990/4434 2663/2976/2661 758/2877/758 2691/2875/2689
f 2660/2991/2658 4436/2990/4434 2691/2875/2689 755/2870/755
f 921/2992/921 3061/2993/3059 4437/2994/4435 3070/2995/3068
f 3061/2993/3059 693/2978/693 2618/2981/2616 4437/2994/4435
f 4437/2994/4435 2618/2981/2616 757/2983/757 2692/2996/2690
f 3070/2995/3068 4437/2994/4435 2692/2996/2690 915/2997/915
f 918/2998/918 2769/2999/2767 4438/3000/4436 3069/3001/3067
f 2769/2999/2767 790/2984/790 2777/2987/2775 4438/3000/4436
f 4438/3000/4436 2777/2987/2775 756/2989/756 2693/3002/2691
f 3069/3001/3067 4438/3000/4436 2693/3002/2691 916/3003/916
f 916/3003/916 2693/3002/2691 4439/3004/4437 3068/3005/3066
f 2693/3002/2691 756/2989/756 2660/2991/2658 4439/3004/4437
f 4439/3004/4437 2660/2991/2658 755/2870/755 2694/2867/2692
f 3068/3005/3066 4439/3004/4437 2694/2867/2692 917/2866/917
f 695/3006/695 2584/3007/2582 4440/3008/4438 2616/3009/2614
f 2584/3007/2582 694/3010/694 2617/3011/2615 4440/3008/4438
f 4440/3008/4438 2617/3011/2615 754/3012/754 2695/3013/2693
f 2616/3009/2614 4440/3008/4438 2695/3013/2693 751/3014/751
f 792/3015/792 2748/3016/2746 4441/3017/4439 2792/3018/2790
f 2748/3016/2746 791/3019/791 2775/3020/2773 4441/3017/4439
f 4441/3017/4439 2775/3020/2773 753/3021/753 2696/3022/2694
f 2792/3018/2790 4441/3017/4439 2696/3022/2694 750/3023/750
f 750/3023/750 2696/3022/2694 4442/3024/4440 2654/3025/2652
f 2696/3022/2694 753/3021/753 2657/3026/2655 4442/3024/4440
f 4442/3024/4440 2657/3026/2655 752/2862/752 2697/2860/2695
f 2654/3025/2652 4442/3024/4440 2697/2860/2695 749/2856/749
f 696/3027/696 2585/3028/2583 4443/3029/4441 2615/3030/2613
f 2585/3028/2583 695/3006/695 2616/3009/2614 4443/3029/4441
f 4443/3029/4441 2616/3009/2614 751/3014/751 2698/3031/2696
f 2615/3030/2613 4443/3029/4441 2698/3031/2696 748/3032/748
f 793/3033/793 2768/3034/2766 4444/3035/4442 2776/3036/2774
f 2768/3034/2766 792/3015/792 2792/3018/2790 4444/3035/4442
f 4444/3035/4442 2792/3018/2790 750/3023/750 2699/3037/2697
f 2776/3036/2774 4444/3035/4442 2699/3037/2697 747/3038/747
f 747/3038/747 2699/3037/2697 4445/3039/4443 2651/3040/2649
f 2699/3037/2697 750/3023/750 2654/3025/2652 4445/3039/4443
f 4445/3039/4443 2654/3025/2652 749/2856/749 2700/2854/2698
f 2651/3040/2649 4445/3039/4443 2700/2854/2698 746/2849/746
f 881/3041/881 2997/3042/2995 4446/3043/4444 2995/3044/2993
f 2997/3042/2995 696/3027/696 2615/3030/2613 4446/3043/4444
f 4446/3043/4444 2615/3030/2613 748/3032/748 2701/3045/2699
f 2995/3044/2993 4446/3043/4444 2701/3045/2699 886/3046/886
f 883/3047/883 2749/3048/2747 4447/3049/4445 2992/3050/2990
f 2749/3048/2747 793/3033/793 2776/3036/2774 4447/3049/4445
f 4447/3049/4445 2776/3036/2774 747/3038/747 2702/3051/2700
f 2992/3050/2990 4447/3049/4445 2702/3051/2700 885/3052/885
f 885/3052/885 2702/3051/2700 4448/3053/4446 2828/3054/2826
f 2702/3051/2700 747/3038/747 2651/3040/2649 4448/3053/4446
f 4448/3053/4446 2651/3040/2649 746/2849/746 2703/2846/2701
f 2828/3054/2826 4448/3053/4446 2703/2846/2701 884/2845/884
f 698/3055/698 2586/3056/2584 4449/3057/4447 2613/3058/2611
f 2586/3056/2584 697/3059/697 2614/3060/2612 4449/3057/4447
f 4449/3057/4447 2614/3060/2612 745/3061/745 2704/3062/2702
f 2613/3058/2611 4449/3057/4447 2704/3062/2702 742/3063/742
f 1207/3064/1207 2767/3065/2765 4450/3066/4448 2774/3067/2772
f 2767/3065/2765 794/3068/794 2808/3069/2806 4450/3066/4448
f 4450/3066/4448 2808/3069/2806 744/3070/744 2705/3071/2703
f 2774/3067/2772 4450/3066/4448 2705/3071/2703 1204/3072/1204
f 1204/3072/1204 2705/3071/2703 4451/3073/4449 2645/3074/2643
f 2705/3071/2703 744/3070/744 2648/3075/2646 4451/3073/4449
f 4451/3073/4449 2648/3075/2646 743/2841/743 2706/2839/2704
f 2645/3074/2643 4451/3073/4449 2706/2839/2704 1203/2834/1203
f 927/3076/927 3080/3077/3078 4452/3078/4450 3094/3079/3092
f 3080/3077/3078 698/3055/698 2613/3058/2611 4452/3078/4450
f 4452/3078/4450 2613/3058/2611 742/3063/742 2707/3080/2705
f 3094/3079/3092 4452/3078/4450 2707/3080/2705 929/3081/929
f 1236/3082/1236 3717/3083/3715 4453/3084/4451 3725/3085/3723
f 3717/3083/3715 1216/3086/1216 3682/3087/3680 4453/3084/4451
f 4453/3084/4451 3682/3087/3680 1220/3088/1220 3686/3089/3684
f 3725/3085/3723 4453/3084/4451 3686/3089/3684 1235/3090/1235
f 1234/3091/1234 3715/3092/3713 4454/3093/4452 3724/3094/3722
f 3715/3092/3713 1219/3095/1219 3684/3096/3682 4454/3093/4452
f 4454/3093/4452 3684/3096/3682 1215/3097/1215 2708/3098/2706
f 3724/3094/3722 4454/3093/4452 2708/3098/2706 1233/3099/1233
f 700/3100/700 2588/3101/2586 4455/3102/4453 2611/3103/2609
f 2588/3101/2586 699/3104/699 2612/3105/2610 4455/3102/4453
f 4455/3102/4453 2612/3105/2610 739/3106/739 2710/3107/2708
f 2611/3103/2609 4455/3102/4453 2710/3107/2708 736/3108/736
f 797/3109/797 2750/3110/2748 4456/3111/4454 2783/3112/2781
f 2750/3110/2748 796/3113/796 2773/3114/2771 4456/3111/4454
f 4456/3111/4454 2773/3114/2771 738/3115/738 2711/3116/2709
f 2783/3112/2781 4456/3111/4454 2711/3116/2709 735/3117/735
f 735/3117/735 2711/3116/2709 4457/3118/4455 2639/3119/2637
f 2711/3116/2709 738/3115/738 2642/3120/2640 4457/3118/4455
f 4457/3118/4455 2642/3120/2640 737/2826/737 2712/2824/2710
f 2639/3119/2637 4457/3118/4455 2712/2824/2710 734/2820/734
f 701/3121/701 2589/3122/2587 4458/3123/4456 2610/3124/2608
f 2589/3122/2587 700/3100/700 2611/3103/2609 4458/3123/4456
f 4458/3123/4456 2611/3103/2609 736/3108/736 2713/3125/2711
f 2610/3124/2608 4458/3123/4456 2713/3125/2711 733/3126/733
f 798/3127/798 2765/3128/2763 4459/3129/4457 2789/3130/2787
f 2765/3128/2763 797/3109/797 2783/3112/2781 4459/3129/4457
f 4459/3129/4457 2783/3112/2781 735/3117/735 2714/3131/2712
f 2789/3130/2787 4459/3129/4457 2714/3131/2712 732/3132/732
f 732/3132/732 2714/3131/2712 4460/3133/4458 2636/3134/2634
f 2714/3131/2712 735/3117/735 2639/3119/2637 4460/3133/4458
f 4460/3133/4458 2639/3119/2637 734/2820/734 2715/2818/2713
f 2636/3134/2634 4460/3133/4458 2715/2818/2713 731/2814/731
f 1080/3135/1080 2590/3136/2588 4461/3137/4459 2609/3138/2607
f 2590/3136/2588 701/3121/701 2610/3124/2608 4461/3137/4459
f 4461/3137/4459 2610/3124/2608 733/3126/733 2716/3139/2714
f 2609/3138/2607 4461/3137/4459 2716/3139/2714 730/3140/730
f 799/3141/799 2751/3142/2749 4462/3143/4460 2782/3144/2780
f 2751/3142/2749 798/3127/798 2789/3130/2787 4462/3143/4460
f 4462/3143/4460 2789/3130/2787 732/3132/732 2717/3145/2715
f 2782/3144/2780 4462/3143/4460 2717/3145/2715 729/3146/729
f 729/3146/729 2717/3145/2715 4463/3147/4461 2633/3148/2631
f 2717/3145/2715 732/3132/732 2636/3134/2634 4463/3147/4461
f 4463/3147/4461 2636/3134/2634 731/2814/731 2718/2812/2716
f 2633/3148/2631 4463/3147/4461 2718/2812/2716 728/2807/728
f 1082/3149/1082 3377/3150/3375 4464/3151/4462 3408/3152/3406
f 3377/3150/3375 1080/3135/1080 2609/3138/2607 4464/3151/4462
f 4464/3151/4462 2609/3138/2607 730/3140/730 2719/3153/2717
f 3408/3152/3406 4464/3151/4462 2719/3153/2717 1069/3154/1069
f 1075/3155/1075 2764/3156/2762 4465/3157/4463 3406/3158/3404
f 2764/3156/2762 799/3141/799 2782/3144/2780 4465/3157/4463
f 4465/3157/4463 2782/3144/2780 729/3146/729 2720/3159/2718
f 3406/3158/3404 4465/3157/4463 2720/3159/2718 1071/3160/1071
f 1071/3160/1071 2720/3159/2718 4466/3161/4464 3404/3162/3402
f 2720/3159/2718 729/3146/729 2633/3148/2631 4466/3161/4464
f 4466/3161/4464 2633/3148/2631 728/2807/728 2721/2804/2719
f 3404/3162/3402 4466/3161/4464 2721/2804/2719 1073/2803/1073
f 773/3163/773 2728/3164/2726 4467/3165/4465 2735/3166/2733
f 2728/3164/2726 703/3167/703 2608/3168/2606 4467/3165/4465
f 4467/3165/4465 2608/3168/2606 727/3169/727 2722/3170/2720
f 2735/3166/2733 4467/3165/4465 2722/3170/2720 775/3171/775
f 784/3172/784 2763/3173/2761 4468/3174/4466 2759/3175/2757
f 2763/3173/2761 800/3176/800 2799/3177/2797 4468/3174/4466
f 4468/3174/4466 2799/3177/2797 726/3178/726 2723/3179/2721
f 2759/3175/2757 4468/3174/4466 2723/3179/2721 776/3180/776
f 776/3180/776 2723/3179/2721 4469/3181/4467 2733/3182/2731
f 2723/3179/2721 726/3178/726 2630/3183/2628 4469/3181/4467
f 4469/3181/4467 2630/3183/2628 725/2798/725 2724/2795/2722
f 2733/3182/2731 4469/3181/4467 2724/2795/2722 777/2794/777
f 779/3184/779 2738/3185/2736 4470/3186/4468 2744/3187/2742
f 2738/3185/2736 686/3188/686 2576/3189/2574 4470/3186/4468
f 4470/3186/4468 2576/3189/2574 724/3190/724 2725/3191/2723
f 2744/3187/2742 4470/3186/4468 2725/3191/2723 780/3192/780
f 783/3193/783 2752/3194/2750 4471/3195/4469 2755/3196/2753
f 2752/3194/2750 801/3197/801 2781/3198/2779 4471/3195/4469
f 4471/3195/4469 2781/3198/2779 723/3199/723 2726/3200/2724
f 2755/3196/2753 4471/3195/4469 2726/3200/2724 781/3201/781
f 781/3201/781 2726/3200/2724 4472/3202/4470 2742/3203/2740
f 2726/3200/2724 723/3199/723 2627/3204/2625 4472/3202/4470
f 4472/3202/4470 2627/3204/2625 722/2789/722 2727/2786/2725
f 2742/3203/2740 4472/3202/4470 2727/2786/2725 782/2785/782
f 720/3205/720 2731/3206/2729 4473/3207/4471 2625/3208/2623
f 2731/3206/2729 776/3180/776 2733/3182/2731 4473/3207/4471
f 4473/3207/4471 2733/3182/2731 777/2794/777 2732/3209/2730
f 2625/3208/2623 4473/3207/4471 2732/3209/2730 721/3210/721
f 802/3211/802 2762/3212/2760 4474/3213/4472 2624/3214/2622
f 2762/3212/2760 784/3172/784 2759/3175/2757 4474/3213/4472
f 4474/3213/4472 2759/3175/2757 776/3180/776 2731/3206/2729
f 2624/3214/2622 4474/3213/4472 2731/3206/2729 720/3205/720
f 684/3215/684 2573/3216/2571 4475/3217/4473 3738/3218/3736
f 2573/3216/2571 773/3163/773 3749/3219/3747 4475/3217/4473
f 4475/3217/4473 3749/3219/3747 1251/3220/1251 3746/3221/3744
f 3738/3218/3736 4475/3217/4473 3746/3221/3744 1246/3222/1246
f 721/3210/721 2732/3209/2730 4476/3223/4474 2574/3224/2572
f 2732/3209/2730 777/2794/777 2736/2797/2734 4476/3223/4474
f 4476/3223/4474 2736/2797/2734 774/2802/774 2729/3225/2727
f 2574/3224/2572 4476/3223/4474 2729/3225/2727 685/3226/685
f 771/2923/771 2740/3227/2738 4477/3228/4475 2675/2928/2673
f 2740/3227/2738 781/3201/781 2742/3203/2740 4477/3228/4475
f 4477/3228/4475 2742/3203/2740 782/2785/782 2741/3229/2739
f 2675/2928/2673 4477/3228/4475 2741/3229/2739 770/2904/770
f 785/2921/785 2753/3230/2751 4478/3231/4476 2758/2922/2756
f 2753/3230/2751 783/3193/783 2755/3196/2753 4478/3231/4476
f 4478/3231/4476 2755/3196/2753 781/3201/781 2740/3227/2738
f 2758/2922/2756 4478/3231/4476 2740/3227/2738 771/2923/771
f 688/2912/688 2577/3232/2575 4479/3233/4477 2623/2913/2621
f 2577/3232/2575 779/3184/779 2744/3187/2742 4479/3233/4477
f 4479/3233/4477 2744/3187/2742 780/3192/780 2739/3234/2737
f 2623/2913/2621 4479/3233/4477 2739/3234/2737 772/2914/772
f 770/2904/770 2741/3229/2739 4480/3235/4478 2674/2905/2672
f 2741/3229/2739 782/2785/782 2745/2788/2743 4480/3235/4478
f 4480/3235/4478 2745/2788/2743 778/2793/778 2737/3236/2735
f 2674/2905/2672 4480/3235/4478 2737/3236/2735 719/2906/719
f 772/2914/772 2739/3234/2737 4481/3237/4479 2676/3238/2674
f 2739/3234/2737 780/3192/780 2743/3239/2741 4481/3237/4479
f 4481/3237/4479 2743/3239/2741 783/3193/783 2753/3230/2751
f 2676/3238/2674 4481/3237/4479 2753/3230/2751 785/2921/785
f 780/3192/780 2725/3191/2723 4482/3240/4480 2743/3239/2741
f 2725/3191/2723 724/3190/724 2628/3241/2626 4482/3240/4480
f 4482/3240/4480 2628/3241/2626 801/3197/801 2752/3194/2750
f 2743/3239/2741 4482/3240/4480 2752/3194/2750 783/3193/783
f 775/3171/775 2722/3170/2720 4483/3242/4481 2734/3243/2732
f 2722/3170/2720 727/3169/727 2631/3244/2629 4483/3242/4481
f 4483/3242/4481 2631/3244/2629 800/3176/800 2763/3173/2761
f 2734/3243/2732 4483/3242/4481 2763/3173/2761 784/3172/784
f 1069/3154/1069 2719/3153/2717 4484/3245/4482 3402/3246/3400
f 2719/3153/2717 730/3140/730 2634/3247/2632 4484/3245/4482
f 4484/3245/4482 2634/3247/2632 799/3141/799 2764/3156/2762
f 3402/3246/3400 4484/3245/4482 2764/3156/2762 1075/3155/1075
f 730/3140/730 2716/3139/2714 4485/3248/4483 2634/3247/2632
f 2716/3139/2714 733/3126/733 2637/3249/2635 4485/3248/4483
f 4485/3248/4483 2637/3249/2635 798/3127/798 2751/3142/2749
f 2634/3247/2632 4485/3248/4483 2751/3142/2749 799/3141/799
f 733/3126/733 2713/3125/2711 4486/3250/4484 2637/3249/2635
f 2713/3125/2711 736/3108/736 2640/3251/2638 4486/3250/4484
f 4486/3250/4484 2640/3251/2638 797/3109/797 2765/3128/2763
f 2637/3249/2635 4486/3250/4484 2765/3128/2763 798/3127/798
f 736/3108/736 2710/3107/2708 4487/3252/4485 2640/3251/2638
f 2710/3107/2708 739/3106/739 2643/3253/2641 4487/3252/4485
f 4487/3252/4485 2643/3253/2641 796/3113/796 2750/3110/2748
f 2640/3251/2638 4487/3252/4485 2750/3110/2748 797/3109/797
f 929/3081/929 2707/3080/2705 4488/3254/4486 3091/3255/3089
f 2707/3080/2705 742/3063/742 2646/3256/2644 4488/3254/4486
f 4488/3254/4486 2646/3256/2644 1207/3064/1207 2766/3257/2764
f 3091/3255/3089 4488/3254/4486 2766/3257/2764 1206/3258/1206
f 742/3063/742 2704/3062/2702 4489/3259/4487 2646/3256/2644
f 2704/3062/2702 745/3061/745 2649/3260/2647 4489/3259/4487
f 4489/3259/4487 2649/3260/2647 794/3068/794 2767/3065/2765
f 2646/3256/2644 4489/3259/4487 2767/3065/2765 1207/3064/1207
f 886/3046/886 2701/3045/2699 4490/3261/4488 2993/3262/2991
f 2701/3045/2699 748/3032/748 2652/3263/2650 4490/3261/4488
f 4490/3261/4488 2652/3263/2650 793/3033/793 2749/3048/2747
f 2993/3262/2991 4490/3261/4488 2749/3048/2747 883/3047/883
f 748/3032/748 2698/3031/2696 4491/3264/4489 2652/3263/2650
f 2698/3031/2696 751/3014/751 2655/3265/2653 4491/3264/4489
f 4491/3264/4489 2655/3265/2653 792/3015/792 2768/3034/2766
f 2652/3263/2650 4491/3264/4489 2768/3034/2766 793/3033/793
f 751/3014/751 2695/3013/2693 4492/3266/4490 2655/3265/2653
f 2695/3013/2693 754/3012/754 2658/3267/2656 4492/3266/4490
f 4492/3266/4490 2658/3267/2656 791/3019/791 2748/3016/2746
f 2655/3265/2653 4492/3266/4490 2748/3016/2746 792/3015/792
f 915/2997/915 2692/2996/2690 4493/3268/4491 3067/3269/3065
f 2692/2996/2690 757/2983/757 2661/3270/2659 4493/3268/4491
f 4493/3268/4491 2661/3270/2659 790/2984/790 2769/2999/2767
f 3067/3269/3065 4493/3268/4491 2769/2999/2767 918/2998/918
f 757/2983/757 2689/2982/2687 4494/3271/4492 2661/3270/2659
f 2689/2982/2687 760/2965/760 2664/3272/2662 4494/3271/4492
f 4494/3271/4492 2664/3272/2662 789/2966/789 2770/2985/2768
f 2661/3270/2659 4494/3271/4492 2770/2985/2768 790/2984/790
f 760/2965/760 2686/2964/2684 4495/3273/4493 2664/3272/2662
f 2686/2964/2684 763/2963/763 2667/3274/2665 4495/3273/4493
f 4495/3273/4493 2667/3274/2665 788/2970/788 2747/2967/2745
f 2664/3272/2662 4495/3273/4493 2747/2967/2745 789/2966/789
f 907/2948/907 2683/2947/2681 4496/3275/4494 3048/3276/3046
f 2683/2947/2681 766/2934/766 2670/3277/2668 4496/3275/4494
f 4496/3275/4494 2670/3277/2668 787/2935/787 2771/2950/2769
f 3048/3276/3046 4496/3275/4494 2771/2950/2769 910/2949/910
f 766/2934/766 2680/2933/2678 4497/3278/4495 2670/3277/2668
f 2680/2933/2678 769/2916/769 2673/3279/2671 4497/3278/4495
f 4497/3278/4495 2673/3279/2671 786/2917/786 2746/2936/2744
f 2670/3277/2668 4497/3278/4495 2746/2936/2744 787/2935/787
f 769/2916/769 2677/2915/2675 4498/3280/4496 2673/3279/2671
f 2677/2915/2675 772/2914/772 2676/3238/2674 4498/3280/4496
f 4498/3280/4496 2676/3238/2674 785/2921/785 2772/2918/2770
f 2673/3279/2671 4498/3280/4496 2772/2918/2770 786/2917/786
f 947/3281/947 2754/3282/2752 4499/3283/4497 3164/3284/3162
f 2754/3282/2752 941/3285/941 3108/3286/3106 4499/3283/4497
f 4499/3283/4497 3108/3286/3106 940/3287/940 3117/3288/3115
f 3164/3284/3162 4499/3283/4497 3117/3288/3115 948/3289/948
f 852/3290/852 2927/3291/2925 4500/3292/4498 2827/3293/2825
f 2927/3291/2925 811/3294/811 2842/3295/2840 4500/3292/4498
f 4500/3292/4498 2842/3295/2840 125/3296/125 1525/3297/1525
f 2827/3293/2825 4500/3292/4498 1525/3297/1525 158/3298/158
f 964/3299/964 3133/3300/3131 4501/3301/4499 3160/3302/3158
f 3133/3300/3131 939/3303/939 3109/3304/3107 4501/3301/4499
f 4501/3301/4499 3109/3304/3107 943/3305/943 3129/3306/3127
f 3160/3302/3158 4501/3301/4499 3129/3306/3127 960/3307/960
f 850/3308/850 2925/3309/2923 4502/3310/4500 2825/3311/2823
f 2925/3309/2923 809/3312/809 2841/3313/2839 4502/3310/4500
f 4502/3310/4500 2841/3313/2839 123/3314/123 1526/3315/1526
f 2825/3311/2823 4502/3310/4500 1526/3315/1526 156/3316/156
f 825/3317/825 2924/3318/2922 4503/3319/4501 2803/3320/2801
f 2924/3318/2922 817/3321/817 2848/3322/2846 4503/3319/4501
f 4503/3319/4501 2848/3322/2846 157/3323/157 1527/3324/1527
f 2803/3320/2801 4503/3319/4501 1527/3324/1527 131/3325/131
f 935/3326/935 2923/3327/2921 4504/3328/4502 3090/3329/3088
f 2923/3327/2921 852/3290/852 2827/3293/2825 4504/3328/4502
f 4504/3328/4502 2827/3293/2825 158/3298/158 1528/3330/1528
f 3090/3329/3088 4504/3328/4502 1528/3330/1528 294/3331/294
f 948/3289/948 3117/3288/3115 4505/3332/4503 3156/3333/3154
f 3117/3288/3115 940/3287/940 3111/3334/3109 4505/3332/4503
f 4505/3332/4503 3111/3334/3109 942/3335/942 2838/3336/2836
f 3156/3333/3154 4505/3332/4503 2838/3336/2836 959/3337/959
f 847/3338/847 2921/3339/2919 4506/3340/4504 2822/3341/2820
f 2921/3339/2919 850/3308/850 2825/3311/2823 4506/3340/4504
f 4506/3340/4504 2825/3311/2823 156/3316/156 1529/3342/1529
f 2822/3341/2820 4506/3340/4504 1529/3342/1529 153/3343/153
f 848/3344/848 2920/3345/2918 4507/3346/4505 2823/3347/2821
f 2920/3345/2918 815/3348/815 2846/3349/2844 4507/3346/4505
f 4507/3346/4505 2846/3349/2844 147/3350/147 1530/3351/1530
f 2823/3347/2821 4507/3346/4505 1530/3351/1530 154/3352/154
f 846/3353/846 2919/3354/2917 4508/3355/4506 2821/3356/2819
f 2919/3354/2917 849/3357/849 2824/3358/2822 4508/3355/4506
f 4508/3355/4506 2824/3358/2822 155/3359/155 1531/3360/1531
f 2821/3356/2819 4508/3355/4506 1531/3360/1531 152/3361/152
f 845/3362/845 2918/3363/2916 4509/3364/4507 2820/3365/2818
f 2918/3363/2916 848/3344/848 2823/3347/2821 4509/3364/4507
f 4509/3364/4507 2823/3347/2821 154/3352/154 1532/3366/1532
f 2820/3365/2818 4509/3364/4507 1532/3366/1532 151/3367/151
f 882/3368/882 2917/3369/2915 4510/3370/4508 2996/3371/2994
f 2917/3369/2915 847/3338/847 2822/3341/2820 4510/3370/4508
f 4510/3370/4508 2822/3341/2820 153/3343/153 1533/3372/1533
f 2996/3371/2994 4510/3370/4508 1533/3372/1533 242/3373/242
f 837/3374/837 2916/3375/2914 4511/3376/4509 2814/3377/2812
f 2916/3375/2914 816/3378/816 2847/3379/2845 4511/3376/4509
f 4511/3376/4509 2847/3379/2845 150/3380/150 1534/3381/1534
f 2814/3377/2812 4511/3376/4509 1534/3381/1534 145/3382/145
f 743/2841/743 2985/3383/2983 4512/3384/4510 2647/2842/2645
f 2985/3383/2983 873/3385/873 2973/3386/2971 4512/3384/4510
f 4512/3384/4510 2973/3386/2971 870/3387/870 2982/3388/2980
f 2647/2842/2645 4512/3384/4510 2982/3388/2980 710/2843/710
f 807/3389/807 2915/3390/2913 4513/3391/4511 2839/3392/2837
f 2915/3390/2913 845/3362/845 2820/3365/2818 4513/3391/4511
f 4513/3391/4511 2820/3365/2818 151/3367/151 1535/3393/1535
f 2839/3392/2837 4513/3391/4511 1535/3393/1535 100/3394/100
f 149/3395/149 2817/3396/2815 4514/3397/4512 1720/3398/1720
f 2817/3396/2815 1011/3399/1011 3100/3400/3098 4514/3397/4512
f 4514/3397/4512 3100/3400/3098 1010/3401/1010 2819/3402/2817
f 1720/3398/1720 4514/3397/4512 2819/3402/2817 232/3403/232
f 841/3404/841 2913/3405/2911 4515/3406/4513 3027/3407/3025
f 2913/3405/2911 843/3408/843 3021/3409/3019 4515/3406/4513
f 4515/3406/4513 3021/3409/3019 899/3410/899 2975/3411/2973
f 3027/3407/3025 4515/3406/4513 2975/3411/2973 898/3412/898
f 816/3378/816 3739/3413/3737 4516/3414/4514 2847/3379/2845
f 3739/3413/3737 1247/3415/1247 3740/3416/3738 4516/3414/4514
f 4516/3414/4514 3740/3416/3738 662/3417/662 2528/3418/2528
f 2847/3379/2845 4516/3414/4514 2528/3418/2528 150/3380/150
f 839/3419/839 2911/3420/2909 4517/3421/4515 3022/3422/3020
f 2911/3420/2909 841/3404/841 3027/3407/3025 4517/3421/4515
f 4517/3421/4515 3027/3407/3025 898/3412/898 2829/3423/2827
f 3022/3422/3020 4517/3421/4515 2829/3423/2827 900/3424/900
f 838/3425/838 2910/3426/2908 4518/3427/4516 2815/3428/2813
f 2910/3426/2908 840/3429/840 2816/3430/2814 4518/3427/4516
f 4518/3427/4516 2816/3430/2814 148/3431/148 1537/3432/1537
f 2815/3428/2813 4518/3427/4516 1537/3432/1537 146/3433/146
f 815/3348/815 2909/3434/2907 4519/3435/4517 2846/3349/2844
f 2909/3434/2907 814/3436/814 2845/3437/2843 4519/3435/4517
f 4519/3435/4517 2845/3437/2843 138/3438/138 1538/3439/1538
f 2846/3349/2844 4519/3435/4517 1538/3439/1538 147/3350/147
f 868/3440/868 3018/3441/3016 4520/3442/4518 2989/3443/2987
f 3018/3441/3016 894/3444/894 2991/3445/2989 4520/3442/4518
f 4520/3442/4518 2991/3445/2989 896/3446/896 2818/3447/2816
f 2989/3443/2987 4520/3442/4518 2818/3447/2816 219/3448/219
f 835/3449/835 2907/3450/2905 4521/3451/4519 2813/3452/2811
f 2907/3450/2905 838/3425/838 2815/3428/2813 4521/3451/4519
f 4521/3451/4519 2815/3428/2813 146/3433/146 1540/3453/1540
f 2813/3452/2811 4521/3451/4519 1540/3453/1540 143/3454/143
f 827/3455/827 2906/3456/2904 4522/3457/4520 2804/3458/2802
f 2906/3456/2904 837/3374/837 2814/3377/2812 4522/3457/4520
f 4522/3457/4520 2814/3377/2812 145/3382/145 1541/3459/1541
f 2804/3458/2802 4522/3457/4520 1541/3459/1541 134/3460/134
f 834/3461/834 2905/3462/2903 4523/3463/4521 3028/3464/3026
f 2905/3462/2903 836/3465/836 3030/3466/3028 4523/3463/4521
f 4523/3463/4521 3030/3466/3028 903/3467/903 3033/3468/3031
f 3028/3464/3026 4523/3463/4521 3033/3468/3031 901/3469/901
f 833/3470/833 2904/3471/2902 4524/3472/4522 2811/3473/2809
f 2904/3471/2902 835/3449/835 2813/3452/2811 4524/3472/4522
f 4524/3472/4522 2813/3452/2811 143/3454/143 1543/3474/1543
f 2811/3473/2809 4524/3472/4522 1543/3474/1543 141/3475/141
f 832/3476/832 2903/3477/2901 4525/3478/4523 2810/3479/2808
f 2903/3477/2901 813/3480/813 2844/3481/2842 4525/3478/4523
f 4525/3478/4523 2844/3481/2842 132/3482/132 1544/3483/1544
f 2810/3479/2808 4525/3478/4523 1544/3483/1544 140/3484/140
f 831/3485/831 2902/3486/2900 4526/3487/4524 3029/3488/3027
f 2902/3486/2900 834/3461/834 3028/3464/3026 4526/3487/4524
f 4526/3487/4524 3028/3464/3026 901/3469/901 3035/3489/3033
f 3029/3488/3027 4526/3487/4524 3035/3489/3033 902/3490/902
f 1079/3491/1079 2901/3492/2899 4527/3493/4525 3400/3494/3398
f 2901/3492/2899 833/3470/833 2811/3473/2809 4527/3493/4525
f 4527/3493/4525 2811/3473/2809 141/3475/141 1546/3495/1546
f 3400/3494/3398 4527/3493/4525 1546/3495/1546 485/3496/485
f 829/3497/829 2900/3498/2898 4528/3499/4526 2806/3500/2804
f 2900/3498/2898 832/3476/832 2810/3479/2808 4528/3499/4526
f 4528/3499/4526 2810/3479/2808 140/3484/140 1547/3501/1547
f 2806/3500/2804 4528/3499/4526 1547/3501/1547 136/3502/136
f 828/3503/828 3044/3504/3042 4529/3505/4527 2805/3506/2803
f 3044/3504/3042 913/3507/913 3053/3508/3051 4529/3505/4527
f 4529/3505/4527 3053/3508/3051 904/3509/904 3032/3510/3030
f 2805/3506/2803 4529/3505/4527 3032/3510/3030 135/3511/135
f 814/3436/814 2898/3512/2896 4530/3513/4528 2845/3437/2843
f 2898/3512/2896 830/3514/830 2807/3515/2805 4530/3513/4528
f 4530/3513/4528 2807/3515/2805 137/3516/137 1549/3517/1549
f 2845/3437/2843 4530/3513/4528 1549/3517/1549 138/3438/138
f 866/3518/866 3060/3519/3058 4531/3520/4529 2951/3521/2949
f 3060/3519/3058 920/3522/920 3078/3523/3076 4531/3520/4529
f 4531/3520/4529 3078/3523/3076 925/3524/925 3073/3525/3071
f 2951/3521/2949 4531/3520/4529 3073/3525/3071 221/3526/221
f 818/3527/818 2896/3528/2894 4532/3529/4530 2796/3530/2794
f 2896/3528/2894 812/3531/812 2843/3532/2841 4532/3529/4530
f 4532/3529/4530 2843/3532/2841 127/3533/127 1551/3534/1551
f 2796/3530/2794 4532/3529/4530 1551/3534/1551 121/3535/121
f 824/3536/824 2895/3537/2893 4533/3538/4531 2802/3539/2800
f 2895/3537/2893 828/3503/828 2805/3506/2803 4533/3538/4531
f 4533/3538/4531 2805/3506/2803 135/3511/135 1552/3540/1552
f 2802/3539/2800 4533/3538/4531 1552/3540/1552 130/3541/130
f 1085/3542/1085 2894/3543/2892 4534/3544/4532 3398/3545/3396
f 2894/3543/2892 827/3455/827 2804/3458/2802 4534/3544/4532
f 4534/3544/4532 2804/3458/2802 134/3460/134 1553/3546/1553
f 3398/3545/3396 4534/3544/4532 1553/3546/1553 487/3547/487
f 822/3548/822 2893/3549/2891 4535/3550/4533 2837/3551/2835
f 2893/3549/2891 826/3552/826 3066/3553/3064 4535/3550/4533
f 4535/3550/4533 3066/3553/3064 924/3554/924 3077/3555/3075
f 2837/3551/2835 4535/3550/4533 3077/3555/3075 919/3556/919
f 813/3480/813 2892/3557/2890 4536/3558/4534 2844/3481/2842
f 2892/3557/2890 825/3317/825 2803/3320/2801 4536/3558/4534
f 4536/3558/4534 2803/3320/2801 131/3325/131 1555/3559/1555
f 2844/3481/2842 4536/3558/4534 1555/3559/1555 132/3482/132
f 821/3560/821 2891/3561/2889 4537/3562/4535 2798/3563/2796
f 2891/3561/2889 824/3536/824 2802/3539/2800 4537/3562/4535
f 4537/3562/4535 2802/3539/2800 130/3541/130 1556/3564/1556
f 2798/3563/2796 4537/3562/4535 1556/3564/1556 126/3565/126
f 820/3566/820 2890/3567/2888 4538/3568/4536 2797/3569/2795
f 2890/3567/2888 1081/3570/1081 2801/3571/2799 4538/3568/4536
f 4538/3568/4536 2801/3571/2799 129/3572/129 1557/3573/1557
f 2797/3569/2795 4538/3568/4536 1557/3573/1557 124/3574/124
f 819/3575/819 2889/3576/2887 4539/3577/4537 2833/3578/2831
f 2889/3576/2887 822/3548/822 2837/3551/2835 4539/3577/4537
f 4539/3577/4537 2837/3551/2835 919/3556/919 3076/3579/3074
f 2833/3578/2831 4539/3577/4537 3076/3579/3074 911/3580/911
f 812/3531/812 2888/3581/2886 4540/3582/4538 2843/3532/2841
f 2888/3581/2886 821/3560/821 2798/3563/2796 4540/3582/4538
f 4540/3582/4538 2798/3563/2796 126/3565/126 1559/3583/1559
f 2843/3532/2841 4540/3582/4538 1559/3583/1559 127/3533/127
f 811/3294/811 2887/3584/2885 4541/3585/4539 2842/3295/2840
f 2887/3584/2885 820/3566/820 2797/3569/2795 4541/3585/4539
f 4541/3585/4539 2797/3569/2795 124/3574/124 1560/3586/1560
f 2842/3295/2840 4541/3585/4539 1560/3586/1560 125/3296/125
f 960/3307/960 3129/3306/3127 4542/3587/4540 3152/3588/3150
f 3129/3306/3127 943/3305/943 3106/3589/3104 4542/3587/4540
f 4542/3587/4540 3106/3589/3104 306/3590/306 1568/3591/1568
f 3152/3588/3150 4542/3587/4540 1568/3591/1568 339/3592/339
f 952/3593/952 3121/3594/3119 4543/3595/4541 3148/3596/3146
f 3121/3594/3119 938/3597/938 3107/3598/3105 4543/3595/4541
f 4543/3595/4541 3107/3598/3105 941/3285/941 2754/3282/2752
f 3148/3596/3146 4543/3595/4541 2754/3282/2752 947/3281/947
f 724/3190/724 2576/3189/2574 4544/3599/4542 2784/3600/2782
f 2576/3189/2574 686/3188/686 2849/3601/2847 4544/3599/4542
f 4544/3599/4542 2849/3601/2847 818/3527/818 2884/3602/2882
f 2784/3600/2782 4544/3599/4542 2884/3602/2882 808/3603/808
f 914/2874/914 2602/2873/2600 4545/3604/4543 3065/3605/3063
f 2602/2873/2600 714/2872/714 2850/3606/2848 4545/3604/4543
f 4545/3604/4543 2850/3606/2848 819/3575/819 2885/3607/2883
f 3065/3605/3063 4545/3604/4543 2885/3607/2883 920/3522/920
f 801/3197/801 2628/3241/2626 4546/3608/4544 2760/3609/2758
f 2628/3241/2626 724/3190/724 2784/3600/2782 4546/3608/4544
f 4546/3608/4544 2784/3600/2782 808/3603/808 2886/3610/2884
f 2760/3609/2758 4546/3608/4544 2886/3610/2884 806/3611/806
f 700/3100/700 2589/3122/2587 4547/3612/4545 2787/3613/2785
f 2589/3122/2587 701/3121/701 2851/3614/2849 4547/3612/4545
f 4547/3612/4545 2851/3614/2849 820/3566/820 2887/3584/2885
f 2787/3613/2785 4547/3612/4545 2887/3584/2885 811/3294/811
f 779/3184/779 2577/3232/2575 4548/3615/4546 2788/3616/2786
f 2577/3232/2575 688/2912/688 2852/3617/2850 4548/3615/4546
f 4548/3615/4546 2852/3617/2850 821/3560/821 2888/3581/2886
f 2788/3616/2786 4548/3615/4546 2888/3581/2886 812/3531/812
f 714/2872/714 2603/2880/2601 4549/3618/4547 2850/3606/2848
f 2603/2880/2601 715/2879/715 2853/3619/2851 4549/3618/4547
f 4549/3618/4547 2853/3619/2851 822/3548/822 2889/3576/2887
f 2850/3606/2848 4549/3618/4547 2889/3576/2887 819/3575/819
f 701/3121/701 2590/3136/2588 4550/3620/4548 2851/3614/2849
f 2590/3136/2588 1080/3135/1080 2854/3621/2852 4550/3620/4548
f 4550/3620/4548 2854/3621/2852 1081/3570/1081 2890/3567/2888
f 2851/3614/2849 4550/3620/4548 2890/3567/2888 820/3566/820
f 688/2912/688 2578/2909/2576 4551/3622/4549 2852/3617/2850
f 2578/2909/2576 689/2908/689 2855/3623/2853 4551/3622/4549
f 4551/3622/4549 2855/3623/2853 824/3536/824 2891/3561/2889
f 2852/3617/2850 4551/3622/4549 2891/3561/2889 821/3560/821
f 719/2906/719 2737/3236/2735 4552/3624/4550 2790/3625/2788
f 2737/3236/2735 778/2793/778 2856/3626/2854 4552/3624/4550
f 4552/3624/4550 2856/3626/2854 825/3317/825 2892/3557/2890
f 2790/3625/2788 4552/3624/4550 2892/3557/2890 813/3480/813
f 715/2879/715 2604/2886/2602 4553/3627/4551 2853/3619/2851
f 2604/2886/2602 716/2885/716 2857/3628/2855 4553/3627/4551
f 4553/3627/4551 2857/3628/2855 826/3552/826 2893/3549/2891
f 2853/3619/2851 4553/3627/4551 2893/3549/2891 822/3548/822
f 1083/3629/1083 2591/3630/2589 4554/3631/4552 3396/3632/3394
f 2591/3630/2589 703/3167/703 2858/3633/2856 4554/3631/4552
f 4554/3631/4552 2858/3633/2856 827/3455/827 2894/3543/2892
f 3396/3632/3394 4554/3631/4552 2894/3543/2892 1085/3542/1085
f 689/2908/689 2579/2930/2577 4555/3634/4553 2855/3623/2853
f 2579/2930/2577 690/2929/690 2859/3635/2857 4555/3634/4553
f 4555/3634/4553 2859/3635/2857 828/3503/828 2895/3537/2893
f 2855/3623/2853 4555/3634/4553 2895/3537/2893 824/3536/824
f 686/3188/686 2738/3185/2736 4556/3636/4554 2849/3601/2847
f 2738/3185/2736 779/3184/779 2788/3616/2786 4556/3636/4554
f 4556/3636/4554 2788/3616/2786 812/3531/812 2896/3528/2894
f 2849/3601/2847 4556/3636/4554 2896/3528/2894 818/3527/818
f 906/2895/906 2605/2894/2603 4557/3637/4555 3046/3638/3044
f 2605/2894/2603 717/2893/717 2860/3639/2858 4557/3637/4555
f 4557/3637/4555 2860/3639/2858 829/3497/829 2897/3640/2895
f 3046/3638/3044 4557/3637/4555 2897/3640/2895 912/3641/912
f 774/2802/774 2592/2801/2590 4558/3642/4556 2791/3643/2789
f 2592/2801/2590 704/2800/704 2861/3644/2859 4558/3642/4556
f 4558/3642/4556 2861/3644/2859 830/3514/830 2898/3512/2896
f 2791/3643/2789 4558/3642/4556 2898/3512/2896 814/3436/814
f 905/2943/905 2580/3645/2578 4559/3646/4557 3045/3647/3043
f 2580/3645/2578 691/2961/691 2862/3648/2860 4559/3646/4557
f 4559/3646/4557 2862/3648/2860 831/3485/831 2899/3649/2897
f 3045/3647/3043 4559/3646/4557 2899/3649/2897 913/3507/913
f 717/2893/717 2606/2901/2604 4560/3650/4558 2860/3639/2858
f 2606/2901/2604 718/2900/718 2863/3651/2861 4560/3650/4558
f 4560/3650/4558 2863/3651/2861 832/3476/832 2900/3498/2898
f 2860/3639/2858 4560/3650/4558 2900/3498/2898 829/3497/829
f 1067/2811/1067 2593/2810/2591 4561/3652/4559 3394/3653/3392
f 2593/2810/2591 705/2809/705 2864/3654/2862 4561/3652/4559
f 4561/3652/4559 2864/3654/2862 833/3470/833 2901/3492/2899
f 3394/3653/3392 4561/3652/4559 2901/3492/2899 1079/3491/1079
f 691/2961/691 2581/2958/2579 4562/3655/4560 2862/3648/2860
f 2581/2958/2579 692/2957/692 2865/3656/2863 4562/3655/4560
f 4562/3655/4560 2865/3656/2863 834/3461/834 2902/3486/2900
f 2862/3648/2860 4562/3655/4560 2902/3486/2900 831/3485/831
f 718/2900/718 2607/2907/2605 4563/3657/4561 2863/3651/2861
f 2607/2907/2605 719/2906/719 2790/3625/2788 4563/3657/4561
f 4563/3657/4561 2790/3625/2788 813/3480/813 2903/3477/2901
f 2863/3651/2861 4563/3657/4561 2903/3477/2901 832/3476/832
f 705/2809/705 2594/2817/2592 4564/3658/4562 2864/3654/2862
f 2594/2817/2592 706/2816/706 2866/3659/2864 4564/3658/4562
f 4564/3658/4562 2866/3659/2864 835/3449/835 2904/3471/2902
f 2864/3654/2862 4564/3658/4562 2904/3471/2902 833/3470/833
f 692/2957/692 2582/2979/2580 4565/3660/4563 2865/3656/2863
f 2582/2979/2580 693/2978/693 2867/3661/2865 4565/3660/4563
f 4565/3660/4563 2867/3661/2865 836/3465/836 2905/3462/2903
f 2865/3656/2863 4565/3660/4563 2905/3462/2903 834/3461/834
f 703/3167/703 2728/3164/2726 4566/3662/4564 2858/3633/2856
f 2728/3164/2726 773/3163/773 2868/3663/2866 4566/3662/4564
f 4566/3662/4564 2868/3663/2866 837/3374/837 2906/3456/2904
f 2858/3633/2856 4566/3662/4564 2906/3456/2904 827/3455/827
f 706/2816/706 2595/2823/2593 4567/3664/4565 2866/3659/2864
f 2595/2823/2593 707/2822/707 2869/3665/2867 4567/3664/4565
f 4567/3664/4565 2869/3665/2867 838/3425/838 2907/3450/2905
f 2866/3659/2864 4567/3664/4565 2907/3450/2905 835/3449/835
f 895/3666/895 2583/3667/2581 4568/3668/4566 3008/3669/3006
f 2583/3667/2581 694/3010/694 2870/3670/2868 4568/3668/4566
f 4568/3668/4566 2870/3670/2868 839/3419/839 2908/3671/2906
f 3008/3669/3006 4568/3668/4566 2908/3671/2906 894/3444/894
f 685/3226/685 2729/3225/2727 4569/3672/4567 2793/3673/2791
f 2729/3225/2727 774/2802/774 2791/3643/2789 4569/3672/4567
f 4569/3672/4567 2791/3643/2789 814/3436/814 2909/3434/2907
f 2793/3673/2791 4569/3672/4567 2909/3434/2907 815/3348/815
f 707/2822/707 2596/2829/2594 4570/3674/4568 2869/3665/2867
f 2596/2829/2594 708/2828/708 2871/3675/2869 4570/3674/4568
f 4570/3674/4568 2871/3675/2869 840/3429/840 2910/3426/2908
f 2869/3665/2867 4570/3674/4568 2910/3426/2908 838/3425/838
f 694/3010/694 2584/3007/2582 4571/3676/4569 2870/3670/2868
f 2584/3007/2582 695/3006/695 2872/3677/2870 4571/3676/4569
f 4571/3676/4569 2872/3677/2870 841/3404/841 2911/3420/2909
f 2870/3670/2868 4571/3676/4569 2911/3420/2909 839/3419/839
f 928/2838/928 2597/2837/2595 4572/3678/4570 3089/3679/3087
f 2597/2837/2595 709/2836/709 2873/3680/2871 4572/3678/4570
f 4572/3678/4570 2873/3680/2871 1008/3681/1008 2912/3682/2910
f 3089/3679/3087 4572/3678/4570 2912/3682/2910 1007/3683/1007
f 684/3215/684 3738/3218/3736 4573/3684/4571 2794/3685/2792
f 3738/3218/3736 1246/3222/1246 3745/3686/3743 4573/3684/4571
f 4573/3684/4571 3745/3686/3743 1247/3415/1247 3739/3413/3737
f 2794/3685/2792 4573/3684/4571 3739/3413/3737 816/3378/816
f 695/3006/695 2585/3028/2583 4574/3687/4572 2872/3677/2870
f 2585/3028/2583 696/3027/696 2874/3688/2872 4574/3687/4572
f 4574/3687/4572 2874/3688/2872 843/3408/843 2913/3405/2911
f 2872/3677/2870 4574/3687/4572 2913/3405/2911 841/3404/841
f 709/2836/709 2598/2844/2596 4575/3689/4573 2873/3680/2871
f 2598/2844/2596 710/2843/710 2875/3690/2873 4575/3689/4573
f 4575/3689/4573 2875/3690/2873 1009/3691/1009 2914/3692/2912
f 2873/3680/2871 4575/3689/4573 2914/3692/2912 1008/3681/1008
f 802/3211/802 2624/3214/2622 4576/3693/4574 2761/3694/2759
f 2624/3214/2622 720/3205/720 2876/3695/2874 4576/3693/4574
f 4576/3693/4574 2876/3695/2874 845/3362/845 2915/3390/2913
f 2761/3694/2759 4576/3693/4574 2915/3390/2913 807/3389/807
f 773/3163/773 2573/3216/2571 4577/3696/4575 2868/3663/2866
f 2573/3216/2571 684/3215/684 2794/3685/2792 4577/3696/4575
f 4577/3696/4575 2794/3685/2792 816/3378/816 2916/3375/2914
f 2868/3663/2866 4577/3696/4575 2916/3375/2914 837/3374/837
f 887/2853/887 2599/2852/2597 4578/3697/4576 2994/3698/2992
f 2599/2852/2597 711/2851/711 2878/3699/2876 4578/3697/4576
f 4578/3697/4576 2878/3699/2876 847/3338/847 2917/3369/2915
f 2994/3698/2992 4578/3697/4576 2917/3369/2915 882/3368/882
f 720/3205/720 2625/3208/2623 4579/3700/4577 2876/3695/2874
f 2625/3208/2623 721/3210/721 2879/3701/2877 4579/3700/4577
f 4579/3700/4577 2879/3701/2877 848/3344/848 2918/3363/2916
f 2876/3695/2874 4579/3700/4577 2918/3363/2916 845/3362/845
f 697/3059/697 2586/3056/2584 4580/3702/4578 2877/3703/2875
f 2586/3056/2584 698/3055/698 2880/3704/2878 4580/3702/4578
f 4580/3702/4578 2880/3704/2878 849/3357/849 2919/3354/2917
f 2877/3703/2875 4580/3702/4578 2919/3354/2917 846/3353/846
f 721/3210/721 2574/3224/2572 4581/3705/4579 2879/3701/2877
f 2574/3224/2572 685/3226/685 2793/3673/2791 4581/3705/4579
f 4581/3705/4579 2793/3673/2791 815/3348/815 2920/3345/2918
f 2879/3701/2877 4581/3705/4579 2920/3345/2918 848/3344/848
f 711/2851/711 2600/2859/2598 4582/3706/4580 2878/3699/2876
f 2600/2859/2598 712/2858/712 2881/3707/2879 4582/3706/4580
f 4582/3706/4580 2881/3707/2879 850/3308/850 2921/3339/2919
f 2878/3699/2876 4582/3706/4580 2921/3339/2919 847/3338/847
f 687/2791/687 2626/2790/2624 4583/3708/4581 2795/3709/2793
f 2626/2790/2624 722/2789/722 2882/3710/2880 4583/3708/4581
f 4583/3708/4581 2882/3710/2880 851/3711/851 2922/3712/2920
f 2795/3709/2793 4583/3708/4581 2922/3712/2920 817/3321/817
f 927/3076/927 2587/3713/2585 4584/3714/4582 3088/3715/3086
f 2587/3713/2585 699/3104/699 2883/3716/2881 4584/3714/4582
f 4584/3714/4582 2883/3716/2881 852/3290/852 2923/3327/2921
f 3088/3715/3086 4584/3714/4582 2923/3327/2921 935/3326/935
f 778/2793/778 2575/2792/2573 4585/3717/4583 2856/3626/2854
f 2575/2792/2573 687/2791/687 2795/3709/2793 4585/3717/4583
f 4585/3717/4583 2795/3709/2793 817/3321/817 2924/3318/2922
f 2856/3626/2854 4585/3717/4583 2924/3318/2922 825/3317/825
f 712/2858/712 2601/2865/2599 4586/3718/4584 2881/3707/2879
f 2601/2865/2599 713/2864/713 2785/3719/2783 4586/3718/4584
f 4586/3718/4584 2785/3719/2783 809/3312/809 2925/3309/2923
f 2881/3707/2879 4586/3718/4584 2925/3309/2923 850/3308/850
f 722/2789/722 2627/3204/2625 4587/3720/4585 2882/3710/2880
f 2627/3204/2625 723/3199/723 2786/3721/2784 4587/3720/4585
f 4587/3720/4585 2786/3721/2784 810/3722/810 2926/3723/2924
f 2882/3710/2880 4587/3720/4585 2926/3723/2924 851/3711/851
f 699/3104/699 2588/3101/2586 4588/3724/4586 2883/3716/2881
f 2588/3101/2586 700/3100/700 2787/3613/2785 4588/3724/4586
f 4588/3724/4586 2787/3613/2785 811/3294/811 2927/3291/2925
f 2883/3716/2881 4588/3724/4586 2927/3291/2925 852/3290/852
f 723/3199/723 2781/3198/2779 4589/3725/4587 2786/3721/2784
f 2781/3198/2779 801/3197/801 2760/3609/2758 4589/3725/4587
f 4589/3725/4587 2760/3609/2758 806/3611/806 2928/3726/2926
f 2786/3721/2784 4589/3725/4587 2928/3726/2926 810/3722/810
f 921/2992/921 2930/3727/2928 4590/3728/4588 3064/3729/3062
f 2930/3727/2928 853/3730/853 2946/3731/2944 4590/3728/4588
f 4590/3728/4588 2946/3731/2944 867/3732/867 2944/3733/2942
f 3064/3729/3062 4590/3728/4588 2944/3733/2942 922/3734/922
f 853/3730/853 2931/3735/2929 4591/3736/4589 2946/3731/2944
f 2931/3735/2929 854/3737/854 2947/3738/2945 4591/3736/4589
f 4591/3736/4589 2947/3738/2945 868/3440/868 2945/3739/2943
f 2946/3731/2944 4591/3736/4589 2945/3739/2943 867/3732/867
f 893/3740/893 2932/3741/2930 4592/3742/4590 3019/3743/3017
f 2932/3741/2930 855/3744/855 2948/3745/2946 4592/3742/4590
f 4592/3742/4590 2948/3745/2946 865/3746/865 2942/3747/2940
f 3019/3743/3017 4592/3742/4590 2942/3747/2940 888/3748/888
f 855/3744/855 2933/3749/2931 4593/3750/4591 2948/3745/2946
f 2933/3749/2931 856/3751/856 2949/3752/2947 4593/3750/4591
f 4593/3750/4591 2949/3752/2947 866/3518/866 2943/3753/2941
f 2948/3745/2946 4593/3750/4591 2943/3753/2941 865/3746/865
f 888/3748/888 2942/3747/2940 4594/3754/4592 3001/3755/2999
f 2942/3747/2940 865/3746/865 2950/3756/2948 4594/3754/4592
f 4594/3754/4592 2950/3756/2948 220/3757/220 1671/3758/1671
f 3001/3755/2999 4594/3754/4592 1671/3758/1671 249/3759/249
f 865/3746/865 2943/3753/2941 4595/3760/4593 2950/3756/2948
f 2943/3753/2941 866/3518/866 2951/3521/2949 4595/3760/4593
f 4595/3760/4593 2951/3521/2949 221/3526/221 1672/3761/1672
f 2950/3756/2948 4595/3760/4593 1672/3761/1672 220/3757/220
f 1050/3762/1050 3344/3763/3342 4596/3764/4594 3352/3765/3350
f 3344/3763/3342 980/3766/980 3199/3767/3197 4596/3764/4594
f 4596/3764/4594 3199/3767/3197 983/3768/983 3343/3769/3341
f 3352/3765/3350 4596/3764/4594 3343/3769/3341 1049/3770/1049
f 867/3732/867 2945/3739/2943 4597/3771/4595 2952/3772/2950
f 2945/3739/2943 868/3440/868 2989/3443/2987 4597/3771/4595
f 4597/3771/4595 2989/3443/2987 219/3448/219 1670/3773/1670
f 2952/3772/2950 4597/3771/4595 1670/3773/1670 218/3774/218
f 892/3775/892 2934/3776/2932 4598/3777/4596 3002/3778/3000
f 2934/3776/2932 857/3779/857 2953/3780/2951 4598/3777/4596
f 4598/3777/4596 2953/3780/2951 863/3781/863 2940/3782/2938
f 3002/3778/3000 4598/3777/4596 2940/3782/2938 889/3783/889
f 857/3779/857 2935/3784/2933 4599/3785/4597 2953/3780/2951
f 2935/3784/2933 858/3786/858 2954/3787/2952 4599/3785/4597
f 4599/3785/4597 2954/3787/2952 864/3788/864 2941/3789/2939
f 2953/3780/2951 4599/3785/4597 2941/3789/2939 863/3781/863
f 891/3790/891 2936/3791/2934 4600/3792/4598 3006/3793/3004
f 2936/3791/2934 859/3794/859 2955/3795/2953 4600/3792/4598
f 4600/3792/4598 2955/3795/2953 861/3796/861 2938/3797/2936
f 3006/3793/3004 4600/3792/4598 2938/3797/2936 890/3798/890
f 859/3794/859 2937/3799/2935 4601/3800/4599 2955/3795/2953
f 2937/3799/2935 860/3801/860 2956/3802/2954 4601/3800/4599
f 4601/3800/4599 2956/3802/2954 862/3803/862 2939/3804/2937
f 2955/3795/2953 4601/3800/4599 2939/3804/2937 861/3796/861
f 889/3783/889 2940/3782/2938 4602/3805/4600 3005/3806/3003
f 2940/3782/2938 863/3781/863 2957/3807/2955 4602/3805/4600
f 4602/3805/4600 2957/3807/2955 859/3794/859 2936/3791/2934
f 3005/3806/3003 4602/3805/4600 2936/3791/2934 891/3790/891
f 863/3781/863 2941/3789/2939 4603/3808/4601 2957/3807/2955
f 2941/3789/2939 864/3788/864 2958/3809/2956 4603/3808/4601
f 4603/3808/4601 2958/3809/2956 860/3801/860 2937/3799/2935
f 2957/3807/2955 4603/3808/4601 2937/3799/2935 859/3794/859
f 895/3666/895 3024/3810/3022 4604/3811/4602 3020/3812/3018
f 3024/3810/3022 854/3737/854 2959/3813/2957 4604/3811/4602
f 4604/3811/4602 2959/3813/2957 857/3779/857 2934/3776/2932
f 3020/3812/3018 4604/3811/4602 2934/3776/2932 892/3775/892
f 854/3737/854 2931/3735/2929 4605/3814/4603 2959/3813/2957
f 2931/3735/2929 853/3730/853 2960/3815/2958 4605/3814/4603
f 4605/3814/4603 2960/3815/2958 858/3786/858 2935/3784/2933
f 2959/3813/2957 4605/3814/4603 2935/3784/2933 857/3779/857
f 890/3798/890 2938/3797/2936 4606/3816/4604 3003/3817/3001
f 2938/3797/2936 861/3796/861 2961/3818/2959 4606/3816/4604
f 4606/3816/4604 2961/3818/2959 855/3744/855 2932/3741/2930
f 3003/3817/3001 4606/3816/4604 2932/3741/2930 893/3740/893
f 861/3796/861 2939/3804/2937 4607/3819/4605 2961/3818/2959
f 2939/3804/2937 862/3803/862 2962/3820/2960 4607/3819/4605
f 4607/3819/4605 2962/3820/2960 856/3751/856 2933/3749/2931
f 2961/3818/2959 4607/3819/4605 2933/3749/2931 855/3744/855
f 869/3821/869 2980/3822/2978 4608/3823/4606 2966/3824/2964
f 2980/3822/2978 697/3059/697 2877/3703/2875 4608/3823/4606
f 4608/3823/4606 2877/3703/2875 846/3353/846 2981/3825/2979
f 2966/3824/2964 4608/3823/4606 2981/3825/2979 875/3826/875
f 881/3041/881 2963/3827/2961 4609/3828/4607 3012/3829/3010
f 2963/3827/2961 869/3821/869 2966/3824/2964 4609/3828/4607
f 4609/3828/4607 2966/3824/2964 875/3826/875 2964/3830/2962
f 3012/3829/3010 4609/3828/4607 2964/3830/2962 880/3831/880
f 843/3408/843 3011/3832/3009 4610/3833/4608 3021/3409/3019
f 3011/3832/3009 880/3831/880 2988/3834/2986 4610/3833/4608
f 4610/3833/4608 2988/3834/2986 897/3835/897 3023/3836/3021
f 3021/3409/3019 4610/3833/4608 3023/3836/3021 899/3410/899
f 710/2843/710 2982/3388/2980 4611/3837/4609 2875/3690/2873
f 2982/3388/2980 870/3387/870 2965/3838/2963 4611/3837/4609
f 4611/3837/4609 2965/3838/2963 876/3839/876 2987/3840/2985
f 2875/3690/2873 4611/3837/4609 2987/3840/2985 1009/3691/1009
f 745/3061/745 2983/3841/2981 4612/3842/4610 2649/3260/2647
f 2983/3841/2981 871/3843/871 2969/3844/2967 4612/3842/4610
f 4612/3842/4610 2969/3844/2967 874/3845/874 2986/3846/2984
f 2649/3260/2647 4612/3842/4610 2986/3846/2984 794/3068/794
f 744/3070/744 2984/3847/2982 4613/3848/4611 2648/3075/2646
f 2984/3847/2982 872/3849/872 2970/3850/2968 4613/3848/4611
f 4613/3848/4611 2970/3850/2968 873/3385/873 2985/3383/2983
f 2648/3075/2646 4613/3848/4611 2985/3383/2983 743/2841/743
f 794/3068/794 2986/3846/2984 4614/3851/4612 2808/3069/2806
f 2986/3846/2984 874/3845/874 2971/3852/2969 4614/3851/4612
f 4614/3851/4612 2971/3852/2969 872/3849/872 2984/3847/2982
f 2808/3069/2806 4614/3851/4612 2984/3847/2982 744/3070/744
f 697/3059/697 2980/3822/2978 4615/3853/4613 2614/3060/2612
f 2980/3822/2978 869/3821/869 2972/3854/2970 4615/3853/4613
f 4615/3853/4613 2972/3854/2970 871/3843/871 2983/3841/2981
f 2614/3060/2612 4615/3853/4613 2983/3841/2981 745/3061/745
f 869/3821/869 2963/3827/2961 4616/3855/4614 2972/3854/2970
f 2963/3827/2961 881/3041/881 2995/3044/2993 4616/3855/4614
f 4616/3855/4614 2995/3044/2993 886/3046/886 3000/3856/2998
f 2972/3854/2970 4616/3855/4614 3000/3856/2998 871/3843/871
f 894/3444/894 2908/3671/2906 4617/3857/4615 2991/3445/2989
f 2908/3671/2906 839/3419/839 3022/3422/3020 4617/3857/4615
f 4617/3857/4615 3022/3422/3020 900/3424/900 3026/3858/3024
f 2991/3445/2989 4617/3857/4615 3026/3858/3024 896/3446/896
f 876/3839/876 2998/3859/2996 4618/3860/4616 2968/3861/2966
f 2998/3859/2996 882/3368/882 2996/3371/2994 4618/3860/4616
f 4618/3860/4616 2996/3371/2994 242/3373/242 1742/3862/1742
f 2968/3861/2966 4618/3860/4616 1742/3862/1742 232/3403/232
f 874/3845/874 3007/3863/3005 4619/3864/4617 2971/3852/2969
f 3007/3863/3005 883/3047/883 2992/3050/2990 4619/3864/4617
f 4619/3864/4617 2992/3050/2990 885/3052/885 2999/3865/2997
f 2971/3852/2969 4619/3864/4617 2999/3865/2997 872/3849/872
f 873/3385/873 3010/3866/3008 4620/3867/4618 2973/3386/2971
f 3010/3866/3008 884/2845/884 2990/2848/2988 4620/3867/4618
f 4620/3867/4618 2990/2848/2988 887/2853/887 3009/3868/3007
f 2973/3386/2971 4620/3867/4618 3009/3868/3007 870/3387/870
f 872/3849/872 2999/3865/2997 4621/3869/4619 2970/3850/2968
f 2999/3865/2997 885/3052/885 2828/3054/2826 4621/3869/4619
f 4621/3869/4619 2828/3054/2826 884/2845/884 3010/3866/3008
f 2970/3850/2968 4621/3869/4619 3010/3866/3008 873/3385/873
f 152/3361/152 1708/3870/1708 4622/3871/4620 2821/3356/2819
f 1708/3870/1708 236/3872/236 2967/3873/2965 4622/3871/4620
f 4622/3871/4620 2967/3873/2965 875/3826/875 2981/3825/2979
f 2821/3356/2819 4622/3871/4620 2981/3825/2979 846/3353/846
f 880/3831/880 2964/3830/2962 4623/3874/4621 2988/3834/2986
f 2964/3830/2962 875/3826/875 2967/3873/2965 4623/3874/4621
f 4623/3874/4621 2967/3873/2965 236/3872/236 3025/3875/3023
f 2988/3834/2986 4623/3874/4621 3025/3875/3023 897/3835/897
f 871/3843/871 3000/3856/2998 4624/3876/4622 2969/3844/2967
f 3000/3856/2998 886/3046/886 2993/3262/2991 4624/3876/4622
f 4624/3876/4622 2993/3262/2991 883/3047/883 3007/3863/3005
f 2969/3844/2967 4624/3876/4622 3007/3863/3005 874/3845/874
f 694/3010/694 2583/3667/2581 4625/3877/4623 2617/3011/2615
f 2583/3667/2581 895/3666/895 3020/3812/3018 4625/3877/4623
f 4625/3877/4623 3020/3812/3018 892/3775/892 3013/3878/3011
f 2617/3011/2615 4625/3877/4623 3013/3878/3011 754/3012/754
f 791/3019/791 3016/3879/3014 4626/3880/4624 2775/3020/2773
f 3016/3879/3014 889/3783/889 3005/3806/3003 4626/3880/4624
f 4626/3880/4624 3005/3806/3003 891/3790/891 3014/3881/3012
f 2775/3020/2773 4626/3880/4624 3014/3881/3012 753/3021/753
f 870/3387/870 3009/3868/3007 4627/3882/4625 2965/3838/2963
f 3009/3868/3007 887/2853/887 2994/3698/2992 4627/3882/4625
f 4627/3882/4625 2994/3698/2992 882/3368/882 2998/3859/2996
f 2965/3838/2963 4627/3882/4625 2998/3859/2996 876/3839/876
f 696/3027/696 2997/3042/2995 4628/3883/4626 2874/3688/2872
f 2997/3042/2995 881/3041/881 3012/3829/3010 4628/3883/4626
f 4628/3883/4626 3012/3829/3010 880/3831/880 3011/3832/3009
f 2874/3688/2872 4628/3883/4626 3011/3832/3009 843/3408/843
f 754/3012/754 3013/3878/3011 4629/3884/4627 2658/3267/2656
f 3013/3878/3011 892/3775/892 3002/3778/3000 4629/3884/4627
f 4629/3884/4627 3002/3778/3000 889/3783/889 3016/3879/3014
f 2658/3267/2656 4629/3884/4627 3016/3879/3014 791/3019/791
f 809/3312/809 3004/3885/3002 4630/3886/4628 2841/3313/2839
f 3004/3885/3002 888/3748/888 3001/3755/2999 4630/3886/4628
f 4630/3886/4628 3001/3755/2999 249/3759/249 1748/3887/1748
f 2841/3313/2839 4630/3886/4628 1748/3887/1748 123/3314/123
f 753/3021/753 3014/3881/3012 4631/3888/4629 2657/3026/2655
f 3014/3881/3012 891/3790/891 3006/3793/3004 4631/3888/4629
f 4631/3888/4629 3006/3793/3004 890/3798/890 3015/3889/3013
f 2657/3026/2655 4631/3888/4629 3015/3889/3013 752/2862/752
f 854/3737/854 3024/3810/3022 4632/3890/4630 2947/3738/2945
f 3024/3810/3022 895/3666/895 3008/3669/3006 4632/3890/4630
f 4632/3890/4630 3008/3669/3006 894/3444/894 3018/3441/3016
f 2947/3738/2945 4632/3890/4630 3018/3441/3016 868/3440/868
f 713/2864/713 3017/3891/3015 4633/3892/4631 2785/3719/2783
f 3017/3891/3015 893/3740/893 3019/3743/3017 4633/3892/4631
f 4633/3892/4631 3019/3743/3017 888/3748/888 3004/3885/3002
f 2785/3719/2783 4633/3892/4631 3004/3885/3002 809/3312/809
f 356/3893/356 1935/3894/1935 4634/3895/4632 3184/3896/3182
f 1935/3894/1935 352/3897/352 3172/3898/3170 4634/3895/4632
f 4634/3895/4632 3172/3898/3170 972/3899/972 3175/3900/3173
f 3184/3896/3182 4634/3895/4632 3175/3900/3173 877/3901/877
f 878/3902/878 2974/3903/2972 4635/3904/4633 3183/3905/3181
f 2974/3903/2972 969/3906/969 3166/3907/3164 4635/3904/4633
f 4635/3904/4633 3166/3907/3164 970/3908/970 2978/3909/2976
f 3183/3905/3181 4635/3904/4633 2978/3909/2976 973/3910/973
f 879/3911/879 2977/3912/2975 4636/3913/4634 3182/3914/3180
f 2977/3912/2975 971/3915/971 3168/3916/3166 4636/3913/4634
f 4636/3913/4634 3168/3916/3166 969/3906/969 2974/3903/2972
f 3182/3914/3180 4636/3913/4634 2974/3903/2972 878/3902/878
f 877/3901/877 3175/3900/3173 4637/3917/4635 3181/3918/3179
f 3175/3900/3173 972/3899/972 3171/3919/3169 4637/3917/4635
f 4637/3917/4635 3171/3919/3169 971/3915/971 2977/3912/2975
f 3181/3918/3179 4637/3917/4635 2977/3912/2975 879/3911/879
f 752/2862/752 3015/3889/3013 4638/3920/4636 2656/2863/2654
f 3015/3889/3013 890/3798/890 3003/3817/3001 4638/3920/4636
f 4638/3920/4636 3003/3817/3001 893/3740/893 3017/3891/3015
f 2656/2863/2654 4638/3920/4636 3017/3891/3015 713/2864/713
f 690/2929/690 3036/2944/3034 4639/3921/4637 2859/3635/2857
f 3036/2944/3034 905/2943/905 3045/3647/3043 4639/3921/4637
f 4639/3921/4637 3045/3647/3043 913/3507/913 3044/3504/3042
f 2859/3635/2857 4639/3921/4637 3044/3504/3042 828/3503/828
f 1051/3922/1051 3345/3923/3343 4640/3924/4638 3351/3925/3349
f 3345/3923/3343 984/3926/984 3202/3927/3200 4640/3924/4638
f 4640/3924/4638 3202/3927/3200 982/3928/982 3346/3929/3344
f 3351/3925/3349 4640/3924/4638 3346/3929/3344 1052/3930/1052
f 1052/3930/1052 3346/3929/3344 4641/3931/4639 3350/3932/3348
f 3346/3929/3344 982/3928/982 3201/3933/3199 4641/3931/4639
f 4641/3931/4639 3201/3933/3199 981/3934/981 2809/3935/2807
f 3350/3932/3348 4641/3931/4639 2809/3935/2807 1048/3936/1048
f 903/3467/903 3030/3466/3028 4642/3937/4640 3034/3938/3032
f 3030/3466/3028 836/3465/836 3062/3939/3060 4642/3937/4640
f 4642/3937/4640 3062/3939/3060 922/3734/922 3063/3940/3061
f 3034/3938/3032 4642/3937/4640 3063/3940/3061 923/3941/923
f 1049/3770/1049 3343/3769/3341 4643/3942/4641 3349/3943/3347
f 3343/3769/3341 983/3768/983 3200/3944/3198 4643/3942/4641
f 4643/3942/4641 3200/3944/3198 371/3945/371 1510/3946/1510
f 3349/3943/3347 4643/3942/4641 1510/3946/1510 451/3947/451
f 716/2885/716 3037/3948/3035 4644/3949/4642 2857/3628/2855
f 3037/3948/3035 906/2895/906 3046/3638/3044 4644/3949/4642
f 4644/3949/4642 3046/3638/3044 912/3641/912 3043/3950/3041
f 2857/3628/2855 4644/3949/4642 3043/3950/3041 826/3552/826
f 128/3951/128 2008/3952/2008 4645/3953/4643 3246/3954/3244
f 2008/3952/2008 392/3955/392 3232/3956/3230 4645/3953/4643
f 4645/3953/4643 3232/3956/3230 997/3957/997 2835/3958/2833
f 3246/3954/3244 4645/3953/4643 2835/3958/2833 999/3959/999
f 763/2963/763 3038/3960/3036 4646/3961/4644 2667/3274/2665
f 3038/3960/3036 907/2948/907 3048/3276/3046 4646/3961/4644
f 4646/3961/4644 3048/3276/3046 910/2949/910 3041/3962/3039
f 2667/3274/2665 4646/3961/4644 3041/3962/3039 788/2970/788
f 762/2972/762 3039/3963/3037 4647/3964/4645 2666/2977/2664
f 3039/3963/3037 908/2954/908 3049/2956/3047 4647/3964/4645
f 4647/3964/4645 3049/2956/3047 909/2887/909 3040/3965/3038
f 2666/2977/2664 4647/3964/4645 3040/3965/3038 761/2883/761
f 788/2970/788 3041/3962/3039 4648/3966/4646 2757/2971/2755
f 3041/3962/3039 910/2949/910 3050/2952/3048 4648/3966/4646
f 4648/3966/4646 3050/2952/3048 908/2954/908 3039/3963/3037
f 2757/2971/2755 4648/3966/4646 3039/3963/3037 762/2972/762
f 691/2961/691 2580/3645/2578 4649/3967/4647 2620/2962/2618
f 2580/3645/2578 905/2943/905 3051/2946/3049 4649/3967/4647
f 4649/3967/4647 3051/2946/3049 907/2948/907 3038/3960/3036
f 2620/2962/2618 4649/3967/4647 3038/3960/3036 763/2963/763
f 761/2883/761 3040/3965/3038 4650/3968/4648 2665/2884/2663
f 3040/3965/3038 909/2887/909 3052/2890/3050 4650/3968/4648
f 4650/3968/4648 3052/2890/3050 906/2895/906 3037/3948/3035
f 2665/2884/2663 4650/3968/4648 3037/3948/3035 716/2885/716
f 913/3507/913 2899/3649/2897 4651/3969/4649 3053/3508/3051
f 2899/3649/2897 831/3485/831 3029/3488/3027 4651/3969/4649
f 4651/3969/4649 3029/3488/3027 902/3490/902 3031/3970/3029
f 3053/3508/3051 4651/3969/4649 3031/3970/3029 904/3509/904
f 693/2978/693 3061/2993/3059 4652/3971/4650 2867/3661/2865
f 3061/2993/3059 921/2992/921 3064/3729/3062 4652/3971/4650
f 4652/3971/4650 3064/3729/3062 922/3734/922 3062/3939/3060
f 2867/3661/2865 4652/3971/4650 3062/3939/3060 836/3465/836
f 856/3751/856 3054/3972/3052 4653/3973/4651 2949/3752/2947
f 3054/3972/3052 914/2874/914 3065/3605/3063 4653/3973/4651
f 4653/3973/4651 3065/3605/3063 920/3522/920 3060/3519/3058
f 2949/3752/2947 4653/3973/4651 3060/3519/3058 866/3518/866
f 998/3974/998 3237/3975/3235 4654/3976/4652 3245/3977/3243
f 3237/3975/3235 995/3978/995 3235/3979/3233 4654/3976/4652
f 4654/3976/4652 3235/3979/3233 994/3980/994 3239/3981/3237
f 3245/3977/3243 4654/3976/4652 3239/3981/3237 1000/3982/1000
f 858/3786/858 3055/3983/3053 4655/3984/4653 2954/3787/2952
f 3055/3983/3053 915/2997/915 3067/3269/3065 4655/3984/4653
f 4655/3984/4653 3067/3269/3065 918/2998/918 3058/3985/3056
f 2954/3787/2952 4655/3984/4653 3058/3985/3056 864/3788/864
f 860/3801/860 3056/3986/3054 4656/3987/4654 2956/3802/2954
f 3056/3986/3054 916/3003/916 3068/3005/3066 4656/3987/4654
f 4656/3987/4654 3068/3005/3066 917/2866/917 3057/3988/3055
f 2956/3802/2954 4656/3987/4654 3057/3988/3055 862/3803/862
f 864/3788/864 3058/3985/3056 4657/3989/4655 2958/3809/2956
f 3058/3985/3056 918/2998/918 3069/3001/3067 4657/3989/4655
f 4657/3989/4655 3069/3001/3067 916/3003/916 3056/3986/3054
f 2958/3809/2956 4657/3989/4655 3056/3986/3054 860/3801/860
f 853/3730/853 2930/3727/2928 4658/3990/4656 2960/3815/2958
f 2930/3727/2928 921/2992/921 3070/2995/3068 4658/3990/4656
f 4658/3990/4656 3070/2995/3068 915/2997/915 3055/3983/3053
f 2960/3815/2958 4658/3990/4656 3055/3983/3053 858/3786/858
f 862/3803/862 3057/3988/3055 4659/3991/4657 2962/3820/2960
f 3057/3988/3055 917/2866/917 3071/2869/3069 4659/3991/4657
f 4659/3991/4657 3071/2869/3069 914/2874/914 3054/3972/3052
f 2962/3820/2960 4659/3991/4657 3054/3972/3052 856/3751/856
f 218/3774/218 3072/3992/3070 4660/3993/4658 2952/3772/2950
f 3072/3992/3070 923/3941/923 3063/3940/3061 4660/3993/4658
f 4660/3993/4658 3063/3940/3061 922/3734/922 2944/3733/2942
f 2952/3772/2950 4660/3993/4658 2944/3733/2942 867/3732/867
f 826/3552/826 3043/3950/3041 4661/3994/4659 3066/3553/3064
f 3043/3950/3041 912/3641/912 3079/3995/3077 4661/3994/4659
f 4661/3994/4659 3079/3995/3077 926/3996/926 3075/3997/3073
f 3066/3553/3064 4661/3994/4659 3075/3997/3073 924/3554/924
f 803/3998/803 3236/3999/3234 4662/4000/4660 3244/4001/3242
f 3236/3999/3234 996/4002/996 3231/4003/3229 4662/4000/4660
f 4662/4000/4660 3231/4003/3229 394/4004/394 1499/4005/1499
f 3244/4001/3242 4662/4000/4660 1499/4005/1499 133/4006/133
f 1000/3982/1000 3239/3981/3237 4663/4007/4661 3243/4008/3241
f 3239/3981/3237 994/3980/994 3234/4009/3232 4663/4007/4661
f 4663/4007/4661 3234/4009/3232 993/4010/993 3059/4011/3057
f 3243/4008/3241 4663/4007/4661 3059/4011/3057 1001/4012/1001
f 920/3522/920 2885/3607/2883 4664/4013/4662 3078/3523/3076
f 2885/3607/2883 819/3575/819 2833/3578/2831 4664/4013/4662
f 4664/4013/4662 2833/3578/2831 911/3580/911 3047/4014/3045
f 3078/3523/3076 4664/4013/4662 3047/4014/3045 925/3524/925
f 912/3641/912 2897/3640/2895 4665/4015/4663 3079/3995/3077
f 2897/3640/2895 829/3497/829 2806/3500/2804 4665/4015/4663
f 4665/4015/4663 2806/3500/2804 136/3502/136 3074/4016/3072
f 3079/3995/3077 4665/4015/4663 3074/4016/3072 926/3996/926
f 698/3055/698 3080/3077/3078 4666/4017/4664 2880/3704/2878
f 3080/3077/3078 927/3076/927 3088/3715/3086 4666/4017/4664
f 4666/4017/4664 3088/3715/3086 935/3326/935 3087/4018/3085
f 2880/3704/2878 4666/4017/4664 3087/4018/3085 849/3357/849
f 708/2828/708 3081/4019/3079 4667/4020/4665 2871/3675/2869
f 3081/4019/3079 928/2838/928 3089/3679/3087 4667/4020/4665
f 4667/4020/4665 3089/3679/3087 1007/3683/1007 3086/4021/3084
f 2871/3675/2869 4667/4020/4665 3086/4021/3084 840/3429/840
f 849/3357/849 3087/4018/3085 4668/4022/4666 2824/3358/2822
f 3087/4018/3085 935/3326/935 3090/3329/3088 4668/4022/4666
f 4668/4022/4666 3090/3329/3088 294/3331/294 1823/4023/1823
f 2824/3358/2822 4668/4022/4666 1823/4023/1823 155/3359/155
f 739/3106/739 3082/4024/3080 4669/4025/4667 2643/3253/2641
f 3082/4024/3080 929/3081/929 3091/3255/3089 4669/4025/4667
f 4669/4025/4667 3091/3255/3089 1206/3258/1206 3085/4026/3083
f 2643/3253/2641 4669/4025/4667 3085/4026/3083 796/3113/796
f 738/3115/738 3083/4027/3081 4670/4028/4668 2642/3120/2640
f 3083/4027/3081 930/4029/930 3092/4030/3090 4670/4028/4668
f 4670/4028/4668 3092/4030/3090 1205/2830/1205 3084/4031/3082
f 2642/3120/2640 4670/4028/4668 3084/4031/3082 737/2826/737
f 796/3113/796 3085/4026/3083 4671/4032/4669 2773/3114/2771
f 3085/4026/3083 1206/3258/1206 3093/4033/3091 4671/4032/4669
f 4671/4032/4669 3093/4033/3091 930/4029/930 3083/4027/3081
f 2773/3114/2771 4671/4032/4669 3083/4027/3081 738/3115/738
f 699/3104/699 2587/3713/2585 4672/4034/4670 2612/3105/2610
f 2587/3713/2585 927/3076/927 3094/3079/3092 4672/4034/4670
f 4672/4034/4670 3094/3079/3092 929/3081/929 3082/4024/3080
f 2612/3105/2610 4672/4034/4670 3082/4024/3080 739/3106/739
f 737/2826/737 3084/4031/3082 4673/4035/4671 2641/2827/2639
f 3084/4031/3082 1205/2830/1205 3095/2833/3093 4673/4035/4671
f 4673/4035/4671 3095/2833/3093 928/2838/928 3081/4019/3079
f 2641/2827/2639 4673/4035/4671 3081/4019/3079 708/2828/708
f 840/3429/840 3086/4021/3084 4674/4036/4672 2816/3430/2814
f 3086/4021/3084 1007/3683/1007 3099/4037/3097 4674/4036/4672
f 4674/4036/4672 3099/4037/3097 1012/4038/1012 3098/4039/3096
f 2816/3430/2814 4674/4036/4672 3098/4039/3096 148/3431/148
f 1011/3399/1011 2817/3396/2815 4675/4040/4673 3097/4041/3095
f 2817/3396/2815 149/3395/149 1824/4042/1824 4675/4040/4673
f 4675/4040/4673 1824/4042/1824 148/3431/148 3098/4039/3096
f 3097/4041/3095 4675/4040/4673 3098/4039/3096 1012/4038/1012
f 1009/3691/1009 2987/3840/2985 4676/4043/4674 3096/4044/3094
f 2987/3840/2985 876/3839/876 2968/3861/2966 4676/4043/4674
f 4676/4043/4674 2968/3861/2966 232/3403/232 2819/3402/2817
f 3096/4044/3094 4676/4043/4674 2819/3402/2817 1010/3401/1010
f 942/3335/942 3111/3334/3109 4677/4045/4675 3105/4046/3103
f 3111/3334/3109 940/3287/940 3103/4047/3101 4677/4045/4675
f 4677/4045/4675 3103/4047/3101 301/4048/301 1840/4049/1840
f 3105/4046/3103 4677/4045/4675 1840/4049/1840 300/4050/300
f 939/3303/939 3110/4051/3108 4678/4052/4676 3102/4053/3100
f 3110/4051/3108 942/3335/942 3105/4046/3103 4678/4052/4676
f 4678/4052/4676 3105/4046/3103 300/4050/300 1843/4054/1843
f 3102/4053/3100 4678/4052/4676 1843/4054/1843 305/4055/305
f 943/3305/943 3109/3304/3107 4679/4056/4677 3106/3589/3104
f 3109/3304/3107 939/3303/939 3102/4053/3100 4679/4056/4677
f 4679/4056/4677 3102/4053/3100 305/4055/305 1844/4057/1844
f 3106/3589/3104 4679/4056/4677 1844/4057/1844 306/3590/306
f 940/3287/940 3108/3286/3106 4680/4058/4678 3103/4047/3101
f 3108/3286/3106 941/3285/941 3104/4059/3102 4680/4058/4678
f 4680/4058/4678 3104/4059/3102 307/4060/307 1845/4061/1845
f 3103/4047/3101 4680/4058/4678 1845/4061/1845 301/4048/301
f 941/3285/941 3107/3598/3105 4681/4062/4679 3104/4059/3102
f 3107/3598/3105 938/3597/938 3101/4063/3099 4681/4062/4679
f 4681/4062/4679 3101/4063/3099 303/4064/303 1846/4065/1846
f 3104/4059/3102 4681/4062/4679 1846/4065/1846 307/4060/307
f 959/3337/959 2838/3336/2836 4682/4066/4680 3144/4067/3142
f 2838/3336/2836 942/3335/942 3110/4051/3108 4682/4066/4680
f 4682/4066/4680 3110/4051/3108 939/3303/939 3133/3300/3131
f 3144/4067/3142 4682/4066/4680 3133/3300/3131 964/3299/964
f 324/4068/324 1869/4069/1869 4683/4070/4681 3140/4071/3138
f 1869/4069/1869 303/4064/303 3101/4063/3099 4683/4070/4681
f 4683/4070/4681 3101/4063/3099 938/3597/938 3121/3594/3119
f 3140/4071/3138 4683/4070/4681 3121/3594/3119 952/3593/952
f 466/4072/466 2148/4073/2148 4684/4074/4682 3376/4075/3374
f 2148/4073/2148 327/4076/327 3137/4077/3135 4684/4074/4682
f 4684/4074/4682 3137/4077/3135 955/4078/955 3365/4079/3363
f 3376/4075/3374 4684/4074/4682 3365/4079/3363 1059/4080/1059
f 327/4076/327 1872/4081/1872 4685/4082/4683 3137/4077/3135
f 1872/4081/1872 326/4083/326 3138/4084/3136 4685/4082/4683
f 4685/4082/4683 3138/4084/3136 954/4085/954 3124/4086/3122
f 3137/4077/3135 4685/4082/4683 3124/4086/3122 955/4078/955
f 326/4083/326 1871/4087/1871 4686/4088/4684 3138/4084/3136
f 1871/4087/1871 325/4089/325 3139/4090/3137 4686/4088/4684
f 4686/4088/4684 3139/4090/3137 953/4091/953 3123/4092/3121
f 3138/4084/3136 4686/4088/4684 3123/4092/3121 954/4085/954
f 325/4089/325 1870/4093/1870 4687/4094/4685 3139/4090/3137
f 1870/4093/1870 324/4068/324 3140/4071/3138 4687/4094/4685
f 4687/4094/4685 3140/4071/3138 952/3593/952 3122/4095/3120
f 3139/4090/3137 4687/4094/4685 3122/4095/3120 953/4091/953
f 1063/4096/1063 3125/4097/3123 4688/4098/4686 3375/4099/3373
f 3125/4097/3123 956/4100/956 3141/4101/3139 4688/4098/4686
f 4688/4098/4686 3141/4101/3139 967/4102/967 3367/4103/3365
f 3375/4099/3373 4688/4098/4686 3367/4103/3365 1061/4104/1061
f 956/4100/956 3126/4105/3124 4689/4106/4687 3141/4101/3139
f 3126/4105/3124 957/4107/957 3142/4108/3140 4689/4106/4687
f 4689/4106/4687 3142/4108/3140 966/4109/966 3136/4110/3134
f 3141/4101/3139 4689/4106/4687 3136/4110/3134 967/4102/967
f 957/4107/957 3127/4111/3125 4690/4112/4688 3142/4108/3140
f 3127/4111/3125 958/4113/958 3143/4114/3141 4690/4112/4688
f 4690/4112/4688 3143/4114/3141 965/4115/965 3135/4116/3133
f 3142/4108/3140 4690/4112/4688 3135/4116/3133 966/4109/966
f 958/4113/958 3128/4117/3126 4691/4118/4689 3143/4114/3141
f 3128/4117/3126 959/3337/959 3144/4067/3142 4691/4118/4689
f 4691/4118/4689 3144/4067/3142 964/3299/964 3134/4119/3132
f 3143/4114/3141 4691/4118/4689 3134/4119/3132 965/4115/965
f 1059/4080/1059 3365/4079/3363 4692/4120/4690 3374/4121/3372
f 3365/4079/3363 955/4078/955 3145/4122/3143 4692/4120/4690
f 4692/4120/4690 3145/4122/3143 944/4123/944 3113/4124/3111
f 3374/4121/3372 4692/4120/4690 3113/4124/3111 1062/4125/1062
f 955/4078/955 3124/4086/3122 4693/4126/4691 3145/4122/3143
f 3124/4086/3122 954/4085/954 3146/4127/3144 4693/4126/4691
f 4693/4126/4691 3146/4127/3144 945/4128/945 3114/4129/3112
f 3145/4122/3143 4693/4126/4691 3114/4129/3112 944/4123/944
f 954/4085/954 3123/4092/3121 4694/4130/4692 3146/4127/3144
f 3123/4092/3121 953/4091/953 3147/4131/3145 4694/4130/4692
f 4694/4130/4692 3147/4131/3145 946/4132/946 3115/4133/3113
f 3146/4127/3144 4694/4130/4692 3115/4133/3113 945/4128/945
f 953/4091/953 3122/4095/3120 4695/4134/4693 3147/4131/3145
f 3122/4095/3120 952/3593/952 3148/3596/3146 4695/4134/4693
f 4695/4134/4693 3148/3596/3146 947/3281/947 3116/4135/3114
f 3147/4131/3145 4695/4134/4693 3116/4135/3114 946/4132/946
f 1060/4136/1060 3366/4137/3364 4696/4138/4694 3373/4139/3371
f 3366/4137/3364 963/4140/963 3149/4141/3147 4696/4138/4694
f 4696/4138/4694 3149/4141/3147 336/4142/336 1881/4143/1881
f 3373/4139/3371 4696/4138/4694 1881/4143/1881 471/4144/471
f 963/4140/963 3132/4145/3130 4697/4146/4695 3149/4141/3147
f 3132/4145/3130 962/4147/962 3150/4148/3148 4697/4146/4695
f 4697/4146/4695 3150/4148/3148 337/4149/337 1882/4150/1882
f 3149/4141/3147 4697/4146/4695 1882/4150/1882 336/4142/336
f 962/4147/962 3131/4151/3129 4698/4152/4696 3150/4148/3148
f 3131/4151/3129 961/4153/961 3151/4154/3149 4698/4152/4696
f 4698/4152/4696 3151/4154/3149 338/4155/338 1883/4156/1883
f 3150/4148/3148 4698/4152/4696 1883/4156/1883 337/4149/337
f 961/4153/961 3130/4157/3128 4699/4158/4697 3151/4154/3149
f 3130/4157/3128 960/3307/960 3152/3588/3150 4699/4158/4697
f 4699/4158/4697 3152/3588/3150 339/3592/339 1884/4159/1884
f 3151/4154/3149 4699/4158/4697 1884/4159/1884 338/4155/338
f 1058/4160/1058 3364/4161/3362 4700/4162/4698 3372/4163/3370
f 3364/4161/3362 951/4164/951 3153/4165/3151 4700/4162/4698
f 4700/4162/4698 3153/4165/3151 956/4100/956 3125/4097/3123
f 3372/4163/3370 4700/4162/4698 3125/4097/3123 1063/4096/1063
f 951/4164/951 3120/4166/3118 4701/4167/4699 3153/4165/3151
f 3120/4166/3118 950/4168/950 3154/4169/3152 4701/4167/4699
f 4701/4167/4699 3154/4169/3152 957/4107/957 3126/4105/3124
f 3153/4165/3151 4701/4167/4699 3126/4105/3124 956/4100/956
f 950/4168/950 3119/4170/3117 4702/4171/4700 3154/4169/3152
f 3119/4170/3117 949/4172/949 3155/4173/3153 4702/4171/4700
f 4702/4171/4700 3155/4173/3153 958/4113/958 3127/4111/3125
f 3154/4169/3152 4702/4171/4700 3127/4111/3125 957/4107/957
f 949/4172/949 3118/4174/3116 4703/4175/4701 3155/4173/3153
f 3118/4174/3116 948/3289/948 3156/3333/3154 4703/4175/4701
f 4703/4175/4701 3156/3333/3154 959/3337/959 3128/4117/3126
f 3155/4173/3153 4703/4175/4701 3128/4117/3126 958/4113/958
f 1061/4104/1061 3367/4103/3365 4704/4176/4702 3371/4177/3369
f 3367/4103/3365 967/4102/967 3157/4178/3155 4704/4176/4702
f 4704/4176/4702 3157/4178/3155 963/4140/963 3366/4137/3364
f 3371/4177/3369 4704/4176/4702 3366/4137/3364 1060/4136/1060
f 967/4102/967 3136/4110/3134 4705/4179/4703 3157/4178/3155
f 3136/4110/3134 966/4109/966 3158/4180/3156 4705/4179/4703
f 4705/4179/4703 3158/4180/3156 962/4147/962 3132/4145/3130
f 3157/4178/3155 4705/4179/4703 3132/4145/3130 963/4140/963
f 966/4109/966 3135/4116/3133 4706/4181/4704 3158/4180/3156
f 3135/4116/3133 965/4115/965 3159/4182/3157 4706/4181/4704
f 4706/4181/4704 3159/4182/3157 961/4153/961 3131/4151/3129
f 3158/4180/3156 4706/4181/4704 3131/4151/3129 962/4147/962
f 965/4115/965 3134/4119/3132 4707/4183/4705 3159/4182/3157
f 3134/4119/3132 964/3299/964 3160/3302/3158 4707/4183/4705
f 4707/4183/4705 3160/3302/3158 960/3307/960 3130/4157/3128
f 3159/4182/3157 4707/4183/4705 3130/4157/3128 961/4153/961
f 1062/4125/1062 3113/4124/3111 4708/4184/4706 3370/4185/3368
f 3113/4124/3111 944/4123/944 3161/4186/3159 4708/4184/4706
f 4708/4184/4706 3161/4186/3159 951/4164/951 3364/4161/3362
f 3370/4185/3368 4708/4184/4706 3364/4161/3362 1058/4160/1058
f 944/4123/944 3114/4129/3112 4709/4187/4707 3161/4186/3159
f 3114/4129/3112 945/4128/945 3162/4188/3160 4709/4187/4707
f 4709/4187/4707 3162/4188/3160 950/4168/950 3120/4166/3118
f 3161/4186/3159 4709/4187/4707 3120/4166/3118 951/4164/951
f 945/4128/945 3115/4133/3113 4710/4189/4708 3162/4188/3160
f 3115/4133/3113 946/4132/946 3163/4190/3161 4710/4189/4708
f 4710/4189/4708 3163/4190/3161 949/4172/949 3119/4170/3117
f 3162/4188/3160 4710/4189/4708 3119/4170/3117 950/4168/950
f 946/4132/946 3116/4135/3114 4711/4191/4709 3163/4190/3161
f 3116/4135/3114 947/3281/947 3164/3284/3162 4711/4191/4709
f 4711/4191/4709 3164/3284/3162 948/3289/948 3118/4174/3116
f 3163/4190/3161 4711/4191/4709 3118/4174/3116 949/4172/949
f 971/3915/971 3170/4192/3168 4712/4193/4710 3168/3916/3166
f 3170/4192/3168 351/4194/351 1923/4195/1923 4712/4193/4710
f 4712/4193/4710 1923/4195/1923 348/4196/348 3167/4197/3165
f 3168/3916/3166 4712/4193/4710 3167/4197/3165 969/3906/969
f 970/3908/970 3169/4198/3167 4713/4199/4711 3173/4200/3171
f 3169/4198/3167 350/4201/350 1926/4202/1926 4713/4199/4711
f 4713/4199/4711 1926/4202/1926 345/4203/345 3165/4204/3163
f 3173/4200/3171 4713/4199/4711 3165/4204/3163 968/4205/968
f 352/3897/352 1924/4206/1924 4714/4207/4712 3172/3898/3170
f 1924/4206/1924 351/4194/351 3170/4192/3168 4714/4207/4712
f 4714/4207/4712 3170/4192/3168 971/3915/971 3171/3919/3169
f 3172/3898/3170 4714/4207/4712 3171/3919/3169 972/3899/972
f 969/3906/969 3167/4197/3165 4715/4208/4713 3166/3907/3164
f 3167/4197/3165 348/4196/348 1925/4209/1925 4715/4208/4713
f 4715/4208/4713 1925/4209/1925 350/4201/350 3169/4198/3167
f 3166/3907/3164 4715/4208/4713 3169/4198/3167 970/3908/970
f 974/4210/974 3178/4211/3176 4716/4212/4714 3180/4213/3178
f 3178/4211/3176 968/4205/968 3165/4204/3163 4716/4212/4714
f 4716/4212/4714 3165/4204/3163 345/4203/345 1711/4214/1711
f 3180/4213/3178 4716/4212/4714 1711/4214/1711 355/4215/355
f 973/3910/973 2978/3909/2976 4717/4216/4715 3179/4217/3177
f 2978/3909/2976 970/3908/970 3173/4200/3171 4717/4216/4715
f 4717/4216/4715 3173/4200/3171 968/4205/968 3178/4211/3176
f 3179/4217/3177 4717/4216/4715 3178/4211/3176 974/4210/974
f 1045/4218/1045 3177/4219/3175 4718/4220/4716 3341/4221/3339
f 3177/4219/3175 973/3910/973 3179/4217/3177 4718/4220/4716
f 4718/4220/4716 3179/4217/3177 974/4210/974 3335/4222/3333
f 3341/4221/3339 4718/4220/4716 3335/4222/3333 1047/4223/1047
f 1047/4223/1047 3335/4222/3333 4719/4224/4717 3340/4225/3338
f 3335/4222/3333 974/4210/974 3180/4213/3178 4719/4224/4717
f 4719/4224/4717 3180/4213/3178 355/4215/355 1934/4226/1934
f 3340/4225/3338 4719/4224/4717 1934/4226/1934 446/4227/446
f 1046/4228/1046 3334/4229/3332 4720/4230/4718 3339/4231/3337
f 3334/4229/3332 877/3901/877 3181/3918/3179 4720/4230/4718
f 4720/4230/4718 3181/3918/3179 879/3911/879 3176/4232/3174
f 3339/4231/3337 4720/4230/4718 3176/4232/3174 1044/4233/1044
f 1044/4233/1044 3176/4232/3174 4721/4234/4719 3338/4235/3336
f 3176/4232/3174 879/3911/879 3182/3914/3180 4721/4234/4719
f 4721/4234/4719 3182/3914/3180 878/3902/878 2979/4236/2977
f 3338/4235/3336 4721/4234/4719 2979/4236/2977 1043/4237/1043
f 1043/4237/1043 2979/4236/2977 4722/4238/4720 3337/4239/3335
f 2979/4236/2977 878/3902/878 3183/3905/3181 4722/4238/4720
f 4722/4238/4720 3183/3905/3181 973/3910/973 3177/4219/3175
f 3337/4239/3335 4722/4238/4720 3177/4219/3175 1045/4218/1045
f 448/4240/448 2112/4241/2112 4723/4242/4721 3336/4243/3334
f 2112/4241/2112 356/3893/356 3184/3896/3182 4723/4242/4721
f 4723/4242/4721 3184/3896/3182 877/3901/877 3334/4229/3332
f 3336/4243/3334 4723/4242/4721 3334/4229/3332 1046/4228/1046
f 236/4244/236 1724/4245/1724 4724/4246/4722 3025/4247/3023
f 1724/4245/1724 360/4248/360 3190/4249/3188 4724/4246/4722
f 4724/4246/4722 3190/4249/3188 975/4250/975 2976/4251/2974
f 3025/4247/3023 4724/4246/4722 2976/4251/2974 897/4252/897
f 898/4253/898 3186/4254/3184 4725/4255/4723 2829/4256/2827
f 3186/4254/3184 976/4257/976 3191/4258/3189 4725/4255/4723
f 4725/4255/4723 3191/4258/3189 979/4259/979 3189/4260/3187
f 2829/4256/2827 4725/4255/4723 3189/4260/3187 900/4261/900
f 899/4262/899 3188/4263/3186 4726/4264/4724 2975/4265/2973
f 3188/4263/3186 978/4266/978 3192/4267/3190 4726/4264/4724
f 4726/4264/4724 3192/4267/3190 976/4257/976 3186/4254/3184
f 2975/4265/2973 4726/4264/4724 3186/4254/3184 898/4253/898
f 897/4252/897 2976/4251/2974 4727/4268/4725 3023/4269/3021
f 2976/4251/2974 975/4250/975 3193/4270/3191 4727/4268/4725
f 4727/4268/4725 3193/4270/3191 978/4266/978 3188/4263/3186
f 3023/4269/3021 4727/4268/4725 3188/4263/3186 899/4262/899
f 896/4271/896 3174/4272/3172 4728/4273/4726 2818/4274/2816
f 3174/4272/3172 977/4275/977 3194/4276/3192 4728/4273/4726
f 4728/4273/4726 3194/4276/3192 364/4277/364 1949/4278/1949
f 2818/4274/2816 4728/4273/4726 1949/4278/1949 219/4279/219
f 900/4261/900 3189/4260/3187 4729/4280/4727 3026/4281/3024
f 3189/4260/3187 979/4259/979 3195/4282/3193 4729/4280/4727
f 4729/4280/4727 3195/4282/3193 977/4275/977 3174/4272/3172
f 3026/4281/3024 4729/4280/4727 3174/4272/3172 896/4271/896
f 984/3926/984 3204/4283/3202 4730/4284/4728 3202/3927/3200
f 3204/4283/3202 372/4285/372 1962/4286/1962 4730/4284/4728
f 4730/4284/4728 1962/4286/1962 370/4287/370 3198/4288/3196
f 3202/3927/3200 4730/4284/4728 3198/4288/3196 982/3928/982
f 980/3766/980 3196/4289/3194 4731/4290/4729 3199/3767/3197
f 3196/4289/3194 366/4291/366 1961/4292/1961 4731/4290/4729
f 4731/4290/4729 1961/4292/1961 371/3945/371 3200/3944/3198
f 3199/3767/3197 4731/4290/4729 3200/3944/3198 983/3768/983
f 982/3928/982 3198/4288/3196 4732/4293/4730 3201/3933/3199
f 3198/4288/3196 370/4287/370 1959/4294/1959 4732/4293/4730
f 4732/4293/4730 1959/4294/1959 368/4295/368 3197/4296/3195
f 3201/3933/3199 4732/4293/4730 3197/4296/3195 981/3934/981
f 981/3934/981 3197/4296/3195 4733/4297/4731 3203/4298/3201
f 3197/4296/3195 368/4295/368 1960/4299/1960 4733/4297/4731
f 4733/4297/4731 1960/4299/1960 366/4291/366 3196/4289/3194
f 3203/4298/3201 4733/4297/4731 3196/4289/3194 980/3766/980
f 455/4300/455 2125/4301/2125 4734/4302/4732 3348/4303/3346
f 2125/4301/2125 372/4285/372 3204/4283/3202 4734/4302/4732
f 4734/4302/4732 3204/4283/3202 984/3926/984 3345/3923/3343
f 3348/4303/3346 4734/4302/4732 3345/3923/3343 1051/3922/1051
f 1048/3936/1048 2809/3935/2807 4735/4304/4733 3347/4305/3345
f 2809/3935/2807 981/3934/981 3203/4298/3201 4735/4304/4733
f 4735/4304/4733 3203/4298/3201 980/3766/980 3344/3763/3342
f 3347/4305/3345 4735/4304/4733 3344/3763/3342 1050/3762/1050
f 1053/4306/1053 2832/4307/2830 4736/4308/4734 3363/4309/3361
f 2832/4307/2830 805/4310/805 3210/4311/3208 4736/4308/4734
f 4736/4308/4734 3210/4311/3208 985/4312/985 3355/4313/3353
f 3363/4309/3361 4736/4308/4734 3355/4313/3353 1055/4314/1055
f 462/4315/462 2138/4316/2138 4737/4317/4735 3362/4318/3360
f 2138/4316/2138 377/4319/377 3211/4320/3209 4737/4317/4735
f 4737/4317/4735 3211/4320/3209 986/4321/986 3356/4322/3354
f 3362/4318/3360 4737/4317/4735 3356/4322/3354 1056/4323/1056
f 1054/4324/1054 3354/4325/3352 4738/4326/4736 3361/4327/3359
f 3354/4325/3352 804/4328/804 3212/4329/3210 4738/4326/4736
f 4738/4326/4736 3212/4329/3210 139/4330/139 1971/4331/1971
f 3361/4327/3359 4738/4326/4736 1971/4331/1971 458/4332/458
f 1057/4333/1057 3357/4334/3355 4739/4335/4737 3360/4336/3358
f 3357/4334/3355 987/4337/987 3213/4338/3211 4739/4335/4737
f 4739/4335/4737 3213/4338/3211 805/4310/805 2832/4307/2830
f 3360/4336/3358 4739/4335/4737 2832/4307/2830 1053/4306/1053
f 1056/4323/1056 3356/4322/3354 4740/4339/4738 3359/4340/3357
f 3356/4322/3354 986/4321/986 3214/4341/3212 4740/4339/4738
f 4740/4339/4738 3214/4341/3212 987/4337/987 3357/4334/3355
f 3359/4340/3357 4740/4339/4738 3357/4334/3355 1057/4333/1057
f 1055/4314/1055 3355/4313/3353 4741/4342/4739 3358/4343/3356
f 3355/4313/3353 985/4312/985 3215/4344/3213 4741/4342/4739
f 4741/4342/4739 3215/4344/3213 804/4328/804 3354/4325/3352
f 3358/4343/3356 4741/4342/4739 3354/4325/3352 1054/4324/1054
f 902/4345/902 2830/4346/2828 4742/4347/4740 3031/4348/3029
f 2830/4346/2828 989/4349/989 3221/4350/3219 4742/4347/4740
f 4742/4347/4740 3221/4350/3219 988/4351/988 2812/4352/2810
f 3031/4348/3029 4742/4347/4740 2812/4352/2810 904/4353/904
f 923/4354/923 2831/4355/2829 4743/4356/4741 3034/4357/3032
f 2831/4355/2829 990/4358/990 3222/4359/3220 4743/4356/4741
f 4743/4356/4741 3222/4359/3220 992/4360/992 3205/4361/3203
f 3034/4357/3032 4743/4356/4741 3205/4361/3203 903/4362/903
f 903/4362/903 3205/4361/3203 4744/4363/4742 3033/4364/3031
f 3205/4361/3203 992/4360/992 3223/4365/3221 4744/4363/4742
f 4744/4363/4742 3223/4365/3221 991/4366/991 3219/4367/3217
f 3033/4364/3031 4744/4363/4742 3219/4367/3217 901/4368/901
f 904/4353/904 2812/4352/2810 4745/4369/4743 3032/4370/3030
f 2812/4352/2810 988/4351/988 3224/4371/3222 4745/4369/4743
f 4745/4369/4743 3224/4371/3222 385/4372/385 1988/4373/1988
f 3032/4370/3030 4745/4369/4743 1988/4373/1988 135/4374/135
f 218/4375/218 1669/4376/1669 4746/4377/4744 3072/4378/3070
f 1669/4376/1669 383/4379/383 3225/4380/3223 4746/4377/4744
f 4746/4377/4744 3225/4380/3223 990/4358/990 2831/4355/2829
f 3072/4378/3070 4746/4377/4744 2831/4355/2829 923/4354/923
f 901/4368/901 3219/4367/3217 4747/4381/4745 3035/4382/3033
f 3219/4367/3217 991/4366/991 3226/4383/3224 4747/4381/4745
f 4747/4381/4745 3226/4383/3224 989/4349/989 2830/4346/2828
f 3035/4382/3033 4747/4381/4745 2830/4346/2828 902/4345/902
f 392/3955/392 2000/4384/2000 4748/4385/4746 3232/3956/3230
f 2000/4384/2000 391/4386/391 3229/4387/3227 4748/4385/4746
f 4748/4385/4746 3229/4387/3227 995/3978/995 3233/4388/3231
f 3232/3956/3230 4748/4385/4746 3233/4388/3231 997/3957/997
f 993/4010/993 3227/4389/3225 4749/4390/4747 3230/4391/3228
f 3227/4389/3225 387/4392/387 2002/4393/2002 4749/4390/4747
f 4749/4390/4747 2002/4393/2002 394/4004/394 3231/4003/3229
f 3230/4391/3228 4749/4390/4747 3231/4003/3229 996/4002/996
f 994/3980/994 3228/4394/3226 4750/4395/4748 3234/4009/3232
f 3228/4394/3226 389/4396/389 1999/4397/1999 4750/4395/4748
f 4750/4395/4748 1999/4397/1999 387/4392/387 3227/4389/3225
f 3234/4009/3232 4750/4395/4748 3227/4389/3225 993/4010/993
f 995/3978/995 3229/4387/3227 4751/4398/4749 3235/3979/3233
f 3229/4387/3227 391/4386/391 1998/4399/1998 4751/4398/4749
f 4751/4398/4749 1998/4399/1998 389/4396/389 3228/4394/3226
f 3235/3979/3233 4751/4398/4749 3228/4394/3226 994/3980/994
f 1001/4012/1001 3059/4011/3057 4752/4400/4750 3242/4401/3240
f 3059/4011/3057 993/4010/993 3230/4391/3228 4752/4400/4750
f 4752/4400/4750 3230/4391/3228 996/4002/996 3236/3999/3234
f 3242/4401/3240 4752/4400/4750 3236/3999/3234 803/3998/803
f 999/3959/999 2835/3958/2833 4753/4402/4751 3241/4403/3239
f 2835/3958/2833 997/3957/997 3233/4388/3231 4753/4402/4751
f 4753/4402/4751 3233/4388/3231 995/3978/995 3237/3975/3235
f 3241/4403/3239 4753/4402/4751 3237/3975/3235 998/3974/998
f 1005/4404/1005 3238/4405/3236 4754/4406/4752 3257/4407/3255
f 3238/4405/3236 999/3959/999 3241/4403/3239 4754/4406/4752
f 4754/4406/4752 3241/4403/3239 998/3974/998 3248/4408/3246
f 3257/4407/3255 4754/4406/4752 3248/4408/3246 1003/4409/1003
f 1006/4410/1006 3240/4411/3238 4755/4412/4753 3256/4413/3254
f 3240/4411/3238 1001/4012/1001 3242/4401/3240 4755/4412/4753
f 4755/4412/4753 3242/4401/3240 803/3998/803 3247/4414/3245
f 3256/4413/3254 4755/4412/4753 3247/4414/3245 1002/4415/1002
f 1004/4416/1004 3249/4417/3247 4756/4418/4754 3255/4419/3253
f 3249/4417/3247 1000/3982/1000 3243/4008/3241 4756/4418/4754
f 4756/4418/4754 3243/4008/3241 1001/4012/1001 3240/4411/3238
f 3255/4419/3253 4756/4418/4754 3240/4411/3238 1006/4410/1006
f 1002/4415/1002 3247/4414/3245 4757/4420/4755 3254/4421/3252
f 3247/4414/3245 803/3998/803 3244/4001/3242 4757/4420/4755
f 4757/4420/4755 3244/4001/3242 133/4006/133 2010/4422/2010
f 3254/4421/3252 4757/4420/4755 2010/4422/2010 404/4423/404
f 1003/4409/1003 3248/4408/3246 4758/4424/4756 3253/4425/3251
f 3248/4408/3246 998/3974/998 3245/3977/3243 4758/4424/4756
f 4758/4424/4756 3245/3977/3243 1000/3982/1000 3249/4417/3247
f 3253/4425/3251 4758/4424/4756 3249/4417/3247 1004/4416/1004
f 400/4426/400 2021/4427/2021 4759/4428/4757 3252/4429/3250
f 2021/4427/2021 128/3951/128 3246/3954/3244 4759/4428/4757
f 4759/4428/4757 3246/3954/3244 999/3959/999 3238/4405/3236
f 3252/4429/3250 4759/4428/4757 3238/4405/3236 1005/4404/1005
f 136/4430/136 1491/4431/1491 4760/4432/4758 3074/4433/3072
f 1491/4431/1491 400/4426/400 3252/4429/3250 4760/4432/4758
f 4760/4432/4758 3252/4429/3250 1005/4404/1005 3250/4434/3248
f 3074/4433/3072 4760/4432/4758 3250/4434/3248 926/4435/926
f 924/4436/924 2834/4437/2832 4761/4438/4759 3077/4439/3075
f 2834/4437/2832 1003/4409/1003 3253/4425/3251 4761/4438/4759
f 4761/4438/4759 3253/4425/3251 1004/4416/1004 3042/4440/3040
f 3077/4439/3075 4761/4438/4759 3042/4440/3040 919/4441/919
f 925/4442/925 2800/4443/2798 4762/4444/4760 3073/4445/3071
f 2800/4443/2798 1002/4415/1002 3254/4421/3252 4762/4444/4760
f 4762/4444/4760 3254/4421/3252 404/4423/404 2025/4446/2025
f 3073/4445/3071 4762/4444/4760 2025/4446/2025 221/4447/221
f 919/4441/919 3042/4440/3040 4763/4448/4761 3076/4449/3074
f 3042/4440/3040 1004/4416/1004 3255/4419/3253 4763/4448/4761
f 4763/4448/4761 3255/4419/3253 1006/4410/1006 3251/4450/3249
f 3076/4449/3074 4763/4448/4761 3251/4450/3249 911/4451/911
f 911/4451/911 3251/4450/3249 4764/4452/4762 3047/4453/3045
f 3251/4450/3249 1006/4410/1006 3256/4413/3254 4764/4452/4762
f 4764/4452/4762 3256/4413/3254 1002/4415/1002 2800/4443/2798
f 3047/4453/3045 4764/4452/4762 2800/4443/2798 925/4442/925
f 926/4435/926 3250/4434/3248 4765/4454/4763 3075/4455/3073
f 3250/4434/3248 1005/4404/1005 3257/4407/3255 4765/4454/4763
f 4765/4454/4763 3257/4407/3255 1003/4409/1003 2834/4437/2832
f 3075/4455/3073 4765/4454/4763 2834/4437/2832 924/4436/924
f 1040/4456/1040 3322/4457/3320 4766/4458/4764 3330/4459/3328
f 3322/4457/3320 1015/4460/1015 3276/4461/3274 4766/4458/4764
f 4766/4458/4764 3276/4461/3274 1018/4462/1018 3279/4463/3277
f 3330/4459/3328 4766/4458/4764 3279/4463/3277 1039/4464/1039
f 1038/4465/1038 3320/4466/3318 4767/4467/4765 3329/4468/3327
f 3320/4466/3318 1016/4469/1016 3273/4470/3271 4767/4467/4765
f 4767/4467/4765 3273/4470/3271 1013/4471/1013 3258/4472/3256
f 3329/4468/3327 4767/4467/4765 3258/4472/3256 1037/4473/1037
f 934/4474/934 3265/4475/3263 4768/4476/4766 3259/4477/3257
f 3265/4475/3263 1007/3683/1007 2912/3682/2910 4768/4476/4766
f 4768/4476/4766 2912/3682/2910 1008/3681/1008 3266/4478/3264
f 3259/4477/3257 4768/4476/4766 3266/4478/3264 842/4479/842
f 842/4479/842 3266/4478/3264 4769/4480/4767 3260/4481/3258
f 3266/4478/3264 1008/3681/1008 2914/3692/2912 4769/4480/4767
f 4769/4480/4767 2914/3692/2912 1009/3691/1009 3267/4482/3265
f 3260/4481/3258 4769/4480/4767 3267/4482/3265 844/4483/844
f 844/4483/844 3267/4482/3265 4770/4484/4768 3261/4485/3259
f 3267/4482/3265 1009/3691/1009 3096/4044/3094 4770/4484/4768
f 4770/4484/4768 3096/4044/3094 1010/3401/1010 3268/4486/3266
f 3261/4485/3259 4770/4484/4768 3268/4486/3266 937/4487/937
f 933/4488/933 3269/4489/3267 4771/4490/4769 3262/4491/3260
f 3269/4489/3267 1011/3399/1011 3097/4041/3095 4771/4490/4769
f 4771/4490/4769 3097/4041/3095 1012/4038/1012 3270/4492/3268
f 3262/4491/3260 4771/4490/4769 3270/4492/3268 936/4493/936
f 936/4493/936 3270/4492/3268 4772/4494/4770 3263/4495/3261
f 3270/4492/3268 1012/4038/1012 3099/4037/3097 4772/4494/4770
f 4772/4494/4770 3099/4037/3097 1007/3683/1007 3265/4475/3263
f 3263/4495/3261 4772/4494/4770 3265/4475/3263 934/4474/934
f 937/4487/937 3268/4486/3266 4773/4496/4771 3264/4497/3262
f 3268/4486/3266 1010/3401/1010 3100/3400/3098 4773/4496/4771
f 4773/4496/4771 3100/3400/3098 1011/3399/1011 3269/4489/3267
f 3264/4497/3262 4773/4496/4771 3269/4489/3267 933/4488/933
f 1017/4498/1017 3292/4499/3290 4774/4500/4772 3274/4501/3272
f 3292/4499/3290 1023/4502/1023 3286/4503/3284 4774/4500/4772
f 4774/4500/4772 3286/4503/3284 1022/4504/1022 3291/4505/3289
f 3274/4501/3272 4774/4500/4772 3291/4505/3289 1016/4469/1016
f 1015/4460/1015 3290/4506/3288 4775/4507/4773 3276/4461/3274
f 3290/4506/3288 1021/4508/1021 3288/4509/3286 4775/4507/4773
f 4775/4507/4773 3288/4509/3286 1024/4510/1024 3271/4511/3269
f 3276/4461/3274 4775/4507/4773 3271/4511/3269 1018/4462/1018
f 1041/4512/1041 3323/4513/3321 4776/4514/4774 3328/4515/3326
f 3323/4513/3321 1017/4498/1017 3274/4501/3272 4776/4514/4774
f 4776/4514/4774 3274/4501/3272 1016/4469/1016 3320/4466/3318
f 3328/4515/3326 4776/4514/4774 3320/4466/3318 1038/4465/1038
f 1037/4473/1037 3258/4472/3256 4777/4516/4775 3327/4517/3325
f 3258/4472/3256 1013/4471/1013 3272/4518/3270 4777/4516/4775
f 4777/4516/4775 3272/4518/3270 1015/4460/1015 3322/4457/3320
f 3327/4517/3325 4777/4516/4775 3322/4457/3320 1040/4456/1040
f 1042/4519/1042 3324/4520/3322 4778/4521/4776 3326/4522/3324
f 3324/4520/3322 1014/4523/1014 3277/4524/3275 4778/4521/4776
f 4778/4521/4776 3277/4524/3275 1017/4525/1017 3323/4526/3321
f 3326/4522/3324 4778/4521/4776 3323/4526/3321 1041/4527/1041
f 1039/4528/1039 3279/4529/3277 4779/4530/4777 3325/4531/3323
f 3279/4529/3277 1018/4532/1018 3275/4533/3273 4779/4530/4777
f 4779/4530/4777 3275/4533/3273 1014/4523/1014 3324/4520/3322
f 3325/4531/3323 4779/4530/4777 3324/4520/3322 1042/4519/1042
f 1024/4534/1024 3303/4535/3301 4780/4536/4778 3287/4537/3285
f 3303/4535/3301 1030/4538/1030 3299/4539/3297 4780/4536/4778
f 4780/4536/4778 3299/4539/3297 1026/4540/1026 3302/4541/3300
f 3287/4537/3285 4780/4536/4778 3302/4541/3300 1020/4542/1020
f 1020/4542/1020 3302/4541/3300 4781/4543/4779 3289/4544/3287
f 3302/4541/3300 1026/4540/1026 3301/4545/3299 4781/4543/4779
f 4781/4543/4779 3301/4545/3299 1029/4546/1029 3283/4547/3281
f 3289/4544/3287 4781/4543/4779 3283/4547/3281 1023/4548/1023
f 1013/4471/1013 3293/4549/3291 4782/4550/4780 3272/4518/3270
f 3293/4549/3291 1019/4551/1019 3284/4552/3282 4782/4550/4780
f 4782/4550/4780 3284/4552/3282 1021/4508/1021 3290/4506/3288
f 3272/4518/3270 4782/4550/4780 3290/4506/3288 1015/4460/1015
f 1014/4523/1014 3294/4553/3292 4783/4554/4781 3277/4524/3275
f 3294/4553/3292 1020/4542/1020 3289/4544/3287 4783/4554/4781
f 4783/4554/4781 3289/4544/3287 1023/4548/1023 3292/4555/3290
f 3277/4524/3275 4783/4554/4781 3292/4555/3290 1017/4525/1017
f 1018/4532/1018 3271/4556/3269 4784/4557/4782 3275/4533/3273
f 3271/4556/3269 1024/4534/1024 3287/4537/3285 4784/4557/4782
f 4784/4557/4782 3287/4537/3285 1020/4542/1020 3294/4553/3292
f 3275/4533/3273 4784/4557/4782 3294/4553/3292 1014/4523/1014
f 1016/4469/1016 3291/4505/3289 4785/4558/4783 3273/4470/3271
f 3291/4505/3289 1022/4504/1022 3285/4559/3283 4785/4558/4783
f 4785/4558/4783 3285/4559/3283 1019/4551/1019 3293/4549/3291
f 3273/4470/3271 4785/4558/4783 3293/4549/3291 1013/4471/1013
f 1029/4560/1029 3316/4561/3314 4786/4562/4784 3298/4563/3296
f 3316/4561/3314 1035/4564/1035 3310/4565/3308 4786/4562/4784
f 4786/4562/4784 3310/4565/3308 1034/4566/1034 3315/4567/3313
f 3298/4563/3296 4786/4562/4784 3315/4567/3313 1028/4568/1028
f 1027/4569/1027 3314/4570/3312 4787/4571/4785 3300/4572/3298
f 3314/4570/3312 1033/4573/1033 3312/4574/3310 4787/4571/4785
f 4787/4571/4785 3312/4574/3310 1036/4575/1036 3295/4576/3293
f 3300/4572/3298 4787/4571/4785 3295/4576/3293 1030/4577/1030
f 1022/4504/1022 3305/4578/3303 4788/4579/4786 3285/4559/3283
f 3305/4578/3303 1028/4568/1028 3297/4580/3295 4788/4579/4786
f 4788/4579/4786 3297/4580/3295 1025/4581/1025 3304/4582/3302
f 3285/4559/3283 4788/4579/4786 3304/4582/3302 1019/4551/1019
f 1021/4508/1021 3306/4583/3304 4789/4584/4787 3288/4509/3286
f 3306/4583/3304 1027/4569/1027 3300/4572/3298 4789/4584/4787
f 4789/4584/4787 3300/4572/3298 1030/4577/1030 3303/4585/3301
f 3288/4509/3286 4789/4584/4787 3303/4585/3301 1024/4510/1024
f 1023/4502/1023 3283/4586/3281 4790/4587/4788 3286/4503/3284
f 3283/4586/3281 1029/4560/1029 3298/4563/3296 4790/4587/4788
f 4790/4587/4788 3298/4563/3296 1028/4568/1028 3305/4578/3303
f 3286/4503/3284 4790/4587/4788 3305/4578/3303 1022/4504/1022
f 1019/4551/1019 3304/4582/3302 4791/4588/4789 3284/4552/3282
f 3304/4582/3302 1025/4581/1025 3296/4589/3294 4791/4588/4789
f 4791/4588/4789 3296/4589/3294 1027/4569/1027 3306/4583/3304
f 3284/4552/3282 4791/4588/4789 3306/4583/3304 1021/4508/1021
f 1031/4590/1031 3309/4591/3307 4792/4592/4790 3307/4593/3305
f 3309/4591/3307 1034/4566/1034 3310/4565/3308 4792/4592/4790
f 4792/4592/4790 3310/4565/3308 1035/4564/1035 3313/4594/3311
f 3307/4593/3305 4792/4592/4790 3313/4594/3311 1032/4595/1032
f 1033/4573/1033 3308/4596/3306 4793/4597/4791 3312/4574/3310
f 3308/4596/3306 1031/4590/1031 3307/4593/3305 4793/4597/4791
f 4793/4597/4791 3307/4593/3305 1032/4595/1032 3311/4598/3309
f 3312/4574/3310 4793/4597/4791 3311/4598/3309 1036/4575/1036
f 1025/4581/1025 3317/4599/3315 4794/4600/4792 3296/4589/3294
f 3317/4599/3315 1031/4590/1031 3308/4596/3306 4794/4600/4792
f 4794/4600/4792 3308/4596/3306 1033/4573/1033 3314/4570/3312
f 3296/4589/3294 4794/4600/4792 3314/4570/3312 1027/4569/1027
f 1026/4540/1026 3318/4601/3316 4795/4602/4793 3301/4545/3299
f 3318/4601/3316 1032/4603/1032 3313/4604/3311 4795/4602/4793
f 4795/4602/4793 3313/4604/3311 1035/4605/1035 3316/4606/3314
f 3301/4545/3299 4795/4602/4793 3316/4606/3314 1029/4546/1029
f 1030/4538/1030 3295/4607/3293 4796/4608/4794 3299/4539/3297
f 3295/4607/3293 1036/4609/1036 3311/4610/3309 4796/4608/4794
f 4796/4608/4794 3311/4610/3309 1032/4603/1032 3318/4601/3316
f 3299/4539/3297 4796/4608/4794 3318/4601/3316 1026/4540/1026
f 1028/4568/1028 3315/4567/3313 4797/4611/4795 3297/4580/3295
f 3315/4567/3313 1034/4566/1034 3309/4591/3307 4797/4611/4795
f 4797/4611/4795 3309/4591/3307 1031/4590/1031 3317/4599/3315
f 3297/4580/3295 4797/4611/4795 3317/4599/3315 1025/4581/1025
f 936/4612/936 3321/4613/3319 4798/4614/4796 3262/4615/3260
f 3321/4613/3319 1039/4528/1039 3325/4531/3323 4798/4614/4796
f 4798/4614/4796 3325/4531/3323 1042/4519/1042 3282/4616/3280
f 3262/4615/3260 4798/4614/4796 3282/4616/3280 933/4617/933
f 933/4617/933 3282/4616/3280 4799/4618/4797 3264/4619/3262
f 3282/4616/3280 1042/4519/1042 3326/4522/3324 4799/4618/4797
f 4799/4618/4797 3326/4522/3324 1041/4527/1041 3281/4620/3279
f 3264/4619/3262 4799/4618/4797 3281/4620/3279 937/4621/937
f 842/4622/842 3319/4623/3317 4800/4624/4798 3259/4625/3257
f 3319/4623/3317 1037/4473/1037 3327/4517/3325 4800/4624/4798
f 4800/4624/4798 3327/4517/3325 1040/4456/1040 3280/4626/3278
f 3259/4625/3257 4800/4624/4798 3280/4626/3278 934/4627/934
f 937/4628/937 3281/4629/3279 4801/4630/4799 3261/4631/3259
f 3281/4629/3279 1041/4512/1041 3328/4515/3326 4801/4630/4799
f 4801/4630/4799 3328/4515/3326 1038/4465/1038 3278/4632/3276
f 3261/4631/3259 4801/4630/4799 3278/4632/3276 844/4633/844
f 844/4633/844 3278/4632/3276 4802/4634/4800 3260/4635/3258
f 3278/4632/3276 1038/4465/1038 3329/4468/3327 4802/4634/4800
f 4802/4634/4800 3329/4468/3327 1037/4473/1037 3319/4623/3317
f 3260/4635/3258 4802/4634/4800 3319/4623/3317 842/4622/842
f 934/4627/934 3280/4626/3278 4803/4636/4801 3263/4637/3261
f 3280/4626/3278 1040/4456/1040 3330/4459/3328 4803/4636/4801
f 4803/4636/4801 3330/4459/3328 1039/4464/1039 3321/4638/3319
f 3263/4637/3261 4803/4636/4801 3321/4638/3319 936/4639/936
f 360/4248/360 1945/4640/1945 4804/4641/4802 3190/4249/3188
f 1945/4640/1945 448/4240/448 3336/4243/3334 4804/4641/4802
f 4804/4641/4802 3336/4243/3334 1046/4228/1046 3185/4642/3183
f 3190/4249/3188 4804/4641/4802 3185/4642/3183 975/4250/975
f 976/4257/976 3331/4643/3329 4805/4644/4803 3191/4258/3189
f 3331/4643/3329 1043/4237/1043 3337/4239/3335 4805/4644/4803
f 4805/4644/4803 3337/4239/3335 1045/4218/1045 3333/4645/3331
f 3191/4258/3189 4805/4644/4803 3333/4645/3331 979/4259/979
f 978/4266/978 3332/4646/3330 4806/4647/4804 3192/4267/3190
f 3332/4646/3330 1044/4233/1044 3338/4235/3336 4806/4647/4804
f 4806/4647/4804 3338/4235/3336 1043/4237/1043 3331/4643/3329
f 3192/4267/3190 4806/4647/4804 3331/4643/3329 976/4257/976
f 975/4250/975 3185/4642/3183 4807/4648/4805 3193/4270/3191
f 3185/4642/3183 1046/4228/1046 3339/4231/3337 4807/4648/4805
f 4807/4648/4805 3339/4231/3337 1044/4233/1044 3332/4646/3330
f 3193/4270/3191 4807/4648/4805 3332/4646/3330 978/4266/978
f 977/4275/977 3187/4649/3185 4808/4650/4806 3194/4276/3192
f 3187/4649/3185 1047/4223/1047 3340/4225/3338 4808/4650/4806
f 4808/4650/4806 3340/4225/3338 446/4227/446 2110/4651/2110
f 3194/4276/3192 4808/4650/4806 2110/4651/2110 364/4277/364
f 979/4259/979 3333/4645/3331 4809/4652/4807 3195/4282/3193
f 3333/4645/3331 1045/4218/1045 3341/4221/3339 4809/4652/4807
f 4809/4652/4807 3341/4221/3339 1047/4223/1047 3187/4649/3185
f 3195/4282/3193 4809/4652/4807 3187/4649/3185 977/4275/977
f 805/4310/805 3342/4653/3340 4810/4654/4808 3210/4311/3208
f 3342/4653/3340 1048/3936/1048 3347/4305/3345 4810/4654/4808
f 4810/4654/4808 3347/4305/3345 1050/3762/1050 3207/4655/3205
f 3210/4311/3208 4810/4654/4808 3207/4655/3205 985/4312/985
f 377/4319/377 1974/4656/1974 4811/4657/4809 3211/4320/3209
f 1974/4656/1974 455/4300/455 3348/4303/3346 4811/4657/4809
f 4811/4657/4809 3348/4303/3346 1051/3922/1051 3208/4658/3206
f 3211/4320/3209 4811/4657/4809 3208/4658/3206 986/4321/986
f 804/4328/804 3206/4659/3204 4812/4660/4810 3212/4329/3210
f 3206/4659/3204 1049/3770/1049 3349/3943/3347 4812/4660/4810
f 4812/4660/4810 3349/3943/3347 451/3947/451 2121/4661/2121
f 3212/4329/3210 4812/4660/4810 2121/4661/2121 139/4330/139
f 987/4337/987 3209/4662/3207 4813/4663/4811 3213/4338/3211
f 3209/4662/3207 1052/3930/1052 3350/3932/3348 4813/4663/4811
f 4813/4663/4811 3350/3932/3348 1048/3936/1048 3342/4653/3340
f 3213/4338/3211 4813/4663/4811 3342/4653/3340 805/4310/805
f 986/4321/986 3208/4658/3206 4814/4664/4812 3214/4341/3212
f 3208/4658/3206 1051/3922/1051 3351/3925/3349 4814/4664/4812
f 4814/4664/4812 3351/3925/3349 1052/3930/1052 3209/4662/3207
f 3214/4341/3212 4814/4664/4812 3209/4662/3207 987/4337/987
f 985/4312/985 3207/4655/3205 4815/4665/4813 3215/4344/3213
f 3207/4655/3205 1050/3762/1050 3352/3765/3350 4815/4665/4813
f 4815/4665/4813 3352/3765/3350 1049/3770/1049 3206/4659/3204
f 3215/4344/3213 4815/4665/4813 3206/4659/3204 804/4328/804
f 989/4349/989 3217/4666/3215 4816/4667/4814 3221/4350/3219
f 3217/4666/3215 1055/4314/1055 3358/4343/3356 4816/4667/4814
f 4816/4667/4814 3358/4343/3356 1054/4324/1054 3216/4668/3214
f 3221/4350/3219 4816/4667/4814 3216/4668/3214 988/4351/988
f 990/4358/990 3218/4669/3216 4817/4670/4815 3222/4359/3220
f 3218/4669/3216 1056/4323/1056 3359/4340/3357 4817/4670/4815
f 4817/4670/4815 3359/4340/3357 1057/4333/1057 3220/4671/3218
f 3222/4359/3220 4817/4670/4815 3220/4671/3218 992/4360/992
f 992/4360/992 3220/4671/3218 4818/4672/4816 3223/4365/3221
f 3220/4671/3218 1057/4333/1057 3360/4336/3358 4818/4672/4816
f 4818/4672/4816 3360/4336/3358 1053/4306/1053 3353/4673/3351
f 3223/4365/3221 4818/4672/4816 3353/4673/3351 991/4366/991
f 988/4351/988 3216/4668/3214 4819/4674/4817 3224/4371/3222
f 3216/4668/3214 1054/4324/1054 3361/4327/3359 4819/4674/4817
f 4819/4674/4817 3361/4327/3359 458/4332/458 2134/4675/2134
f 3224/4371/3222 4819/4674/4817 2134/4675/2134 385/4372/385
f 383/4379/383 1986/4676/1986 4820/4677/4818 3225/4380/3223
f 1986/4676/1986 462/4315/462 3362/4318/3360 4820/4677/4818
f 4820/4677/4818 3362/4318/3360 1056/4323/1056 3218/4669/3216
f 3225/4380/3223 4820/4677/4818 3218/4669/3216 990/4358/990
f 991/4366/991 3353/4673/3351 4821/4678/4819 3226/4383/3224
f 3353/4673/3351 1053/4306/1053 3363/4309/3361 4821/4678/4819
f 4821/4678/4819 3363/4309/3361 1055/4314/1055 3217/4666/3215
f 3226/4383/3224 4821/4678/4819 3217/4666/3215 989/4349/989
f 808/4679/808 3368/4680/3366 4822/4681/4820 2886/4682/2884
f 3368/4680/3366 1062/4125/1062 3370/4185/3368 4822/4681/4820
f 4822/4681/4820 3370/4185/3368 1058/4160/1058 2826/4683/2824
f 2886/4682/2884 4822/4681/4820 2826/4683/2824 806/4684/806
f 851/4685/851 3112/4686/3110 4823/4687/4821 2922/4688/2920
f 3112/4686/3110 1061/4104/1061 3371/4177/3369 4823/4687/4821
f 4823/4687/4821 3371/4177/3369 1060/4136/1060 2840/4689/2838
f 2922/4688/2920 4823/4687/4821 2840/4689/2838 817/4690/817
f 806/4684/806 2826/4683/2824 4824/4691/4822 2928/4692/2926
f 2826/4683/2824 1058/4160/1058 3372/4163/3370 4824/4691/4822
f 4824/4691/4822 3372/4163/3370 1063/4096/1063 3369/4693/3367
f 2928/4692/2926 4824/4691/4822 3369/4693/3367 810/4694/810
f 817/4690/817 2840/4689/2838 4825/4695/4823 2848/4696/2846
f 2840/4689/2838 1060/4136/1060 3373/4139/3371 4825/4695/4823
f 4825/4695/4823 3373/4139/3371 471/4144/471 2153/4697/2153
f 2848/4696/2846 4825/4695/4823 2153/4697/2153 157/4698/157
f 818/4699/818 2836/4700/2834 4826/4701/4824 2884/4702/2882
f 2836/4700/2834 1059/4080/1059 3374/4121/3372 4826/4701/4824
f 4826/4701/4824 3374/4121/3372 1062/4125/1062 3368/4680/3366
f 2884/4702/2882 4826/4701/4824 3368/4680/3366 808/4679/808
f 810/4694/810 3369/4693/3367 4827/4703/4825 2926/4704/2924
f 3369/4693/3367 1063/4096/1063 3375/4099/3373 4827/4703/4825
f 4827/4703/4825 3375/4099/3373 1061/4104/1061 3112/4686/3110
f 2926/4704/2924 4827/4703/4825 3112/4686/3110 851/4685/851
f 121/4705/121 1563/4706/1563 4828/4707/4826 2796/4708/2794
f 1563/4706/1563 466/4072/466 3376/4075/3374 4828/4707/4826
f 4828/4707/4826 3376/4075/3374 1059/4080/1059 2836/4700/2834
f 2796/4708/2794 4828/4707/4826 2836/4700/2834 818/4699/818
f 704/2800/704 3379/4709/3377 4829/4710/4827 2861/3644/2859
f 3379/4709/3377 1066/4711/1066 3393/4712/3391 4829/4710/4827
f 4829/4710/4827 3393/4712/3391 1078/4713/1078 3391/4714/3389
f 2861/3644/2859 4829/4710/4827 3391/4714/3389 830/3514/830
f 1066/4711/1066 3380/4715/3378 4830/4716/4828 3393/4712/3391
f 3380/4715/3378 1067/2811/1067 3394/3653/3392 4830/4716/4828
f 4830/4716/4828 3394/3653/3392 1079/3491/1079 3392/4717/3390
f 3393/4712/3391 4830/4716/4828 3392/4717/3390 1078/4713/1078
f 1155/4718/1155 3395/4719/3393 4831/4720/4829 3581/4721/3579
f 3395/4719/3393 1120/4722/1120 3506/4723/3504 4831/4720/4829
f 4831/4720/4829 3506/4723/3504 1124/4724/1124 3508/4725/3506
f 3581/4721/3579 4831/4720/4829 3508/4725/3506 1165/4726/1165
f 1159/4727/1159 3432/4728/3430 4832/4729/4830 3580/4730/3578
f 3432/4728/3430 1128/4731/1128 3499/4732/3497 4832/4729/4830
f 4832/4729/4830 3499/4732/3497 1120/4722/1120 3395/4719/3393
f 3580/4730/3578 4832/4729/4830 3395/4719/3393 1155/4718/1155
f 1081/3570/1081 3389/4733/3387 4833/4734/4831 2801/3571/2799
f 3389/4733/3387 1084/4735/1084 3397/4736/3395 4833/4734/4831
f 4833/4734/4831 3397/4736/3395 486/4737/486 2175/4738/2175
f 2801/3571/2799 4833/4734/4831 2175/4738/2175 129/3572/129
f 1084/4735/1084 3390/4739/3388 4834/4740/4832 3397/4736/3395
f 3390/4739/3388 1085/3542/1085 3398/3545/3396 4834/4740/4832
f 4834/4740/4832 3398/3545/3396 487/3547/487 2176/4741/2176
f 3397/4736/3395 4834/4740/4832 2176/4741/2176 486/4737/486
f 830/3514/830 3391/4714/3389 4835/4742/4833 2807/3515/2805
f 3391/4714/3389 1078/4713/1078 3399/4743/3397 4835/4742/4833
f 4835/4742/4833 3399/4743/3397 484/4744/484 2173/4745/2173
f 2807/3515/2805 4835/4742/4833 2173/4745/2173 137/3516/137
f 1078/4713/1078 3392/4717/3390 4836/4746/4834 3399/4743/3397
f 3392/4717/3390 1079/3491/1079 3400/3494/3398 4836/4746/4834
f 4836/4746/4834 3400/3494/3398 485/3496/485 2174/4747/2174
f 3399/4743/3397 4836/4746/4834 2174/4747/2174 484/4744/484
f 727/3169/727 3381/4748/3379 4837/4749/4835 2631/3244/2629
f 3381/4748/3379 1068/4750/1068 3401/4751/3399 4837/4749/4835
f 4837/4749/4835 3401/4751/3399 1074/4752/1074 3387/4753/3385
f 2631/3244/2629 4837/4749/4835 3387/4753/3385 800/3176/800
f 1068/4750/1068 3382/4754/3380 4838/4755/4836 3401/4751/3399
f 3382/4754/3380 1069/3154/1069 3402/3246/3400 4838/4755/4836
f 4838/4755/4836 3402/3246/3400 1075/3155/1075 3388/4756/3386
f 3401/4751/3399 4838/4755/4836 3388/4756/3386 1074/4752/1074
f 726/3178/726 3383/4757/3381 4839/4758/4837 2630/3183/2628
f 3383/4757/3381 1070/4759/1070 3403/4760/3401 4839/4758/4837
f 4839/4758/4837 3403/4760/3401 1072/4761/1072 3385/4762/3383
f 2630/3183/2628 4839/4758/4837 3385/4762/3383 725/2798/725
f 1070/4759/1070 3384/4763/3382 4840/4764/4838 3403/4760/3401
f 3384/4763/3382 1071/3160/1071 3404/3162/3402 4840/4764/4838
f 4840/4764/4838 3404/3162/3402 1073/2803/1073 3386/4765/3384
f 3403/4760/3401 4840/4764/4838 3386/4765/3384 1072/4761/1072
f 800/3176/800 3387/4753/3385 4841/4766/4839 2799/3177/2797
f 3387/4753/3385 1074/4752/1074 3405/4767/3403 4841/4766/4839
f 4841/4766/4839 3405/4767/3403 1070/4759/1070 3383/4757/3381
f 2799/3177/2797 4841/4766/4839 3383/4757/3381 726/3178/726
f 1074/4752/1074 3388/4756/3386 4842/4768/4840 3405/4767/3403
f 3388/4756/3386 1075/3155/1075 3406/3158/3404 4842/4768/4840
f 4842/4768/4840 3406/3158/3404 1071/3160/1071 3384/4763/3382
f 3405/4767/3403 4842/4768/4840 3384/4763/3382 1070/4759/1070
f 703/3167/703 2591/3630/2589 4843/4769/4841 2608/3168/2606
f 2591/3630/2589 1083/3629/1083 3407/4770/3405 4843/4769/4841
f 4843/4769/4841 3407/4770/3405 1068/4750/1068 3381/4748/3379
f 2608/3168/2606 4843/4769/4841 3381/4748/3379 727/3169/727
f 1083/3629/1083 3378/4771/3376 4844/4772/4842 3407/4770/3405
f 3378/4771/3376 1082/3149/1082 3408/3152/3406 4844/4772/4842
f 4844/4772/4842 3408/3152/3406 1069/3154/1069 3382/4754/3380
f 3407/4770/3405 4844/4772/4842 3382/4754/3380 1068/4750/1068
f 725/2798/725 3385/4762/3383 4845/4773/4843 2629/2799/2627
f 3385/4762/3383 1072/4761/1072 3409/4774/3407 4845/4773/4843
f 4845/4773/4843 3409/4774/3407 1066/4711/1066 3379/4709/3377
f 2629/2799/2627 4845/4773/4843 3379/4709/3377 704/2800/704
f 1072/4761/1072 3386/4765/3384 4846/4775/4844 3409/4774/3407
f 3386/4765/3384 1073/2803/1073 3410/2806/3408 4846/4775/4844
f 4846/4775/4844 3410/2806/3408 1067/2811/1067 3380/4715/3378
f 3409/4774/3407 4846/4775/4844 3380/4715/3378 1066/4711/1066
f 1095/4776/1095 3417/4777/3415 4847/4778/4845 3411/4779/3409
f 1081/3570/1081 2854/3621/2852 4847/4778/4845 3417/4777/3415
f 1080/3135/1080 3418/4780/3416 4847/4778/4845 2854/3621/2852
f 1105/4781/1105 3424/4782/3422 4847/4778/4845 3418/4780/3416
f 1094/4783/1094 3411/4779/3409 4847/4778/4845 3424/4782/3422
f 1105/4781/1105 3418/4780/3416 4848/4784/4846 3425/4785/3423
f 1080/3135/1080 3377/3150/3375 4848/4784/4846 3418/4780/3416
f 1082/3149/1082 3419/4786/3417 4848/4784/4846 3377/3150/3375
f 1064/4787/1064 3412/4788/3410 4848/4784/4846 3419/4786/3417
f 1096/4789/1096 3425/4785/3423 4848/4784/4846 3412/4788/3410
f 1064/4787/1064 3419/4786/3417 4849/4790/4847 3426/4791/3424
f 1082/3149/1082 3378/4771/3376 4849/4790/4847 3419/4786/3417
f 1083/3629/1083 3420/4792/3418 4849/4790/4847 3378/4771/3376
f 1099/4793/1099 3413/4794/3411 4849/4790/4847 3420/4792/3418
f 1098/4795/1098 3426/4791/3424 4849/4790/4847 3413/4794/3411
f 1101/4796/1101 3421/4797/3419 4850/4798/4848 3414/4799/3412
f 1084/4735/1084 3389/4733/3387 4850/4798/4848 3421/4797/3419
f 1081/3570/1081 3417/4777/3415 4850/4798/4848 3389/4733/3387
f 1095/4776/1095 3427/4800/3425 4850/4798/4848 3417/4777/3415
f 1100/4801/1100 3414/4799/3412 4850/4798/4848 3427/4800/3425
f 1103/4802/1103 3422/4803/3420 4851/4804/4849 3415/4805/3413
f 1085/3542/1085 3390/4739/3388 4851/4804/4849 3422/4803/3420
f 1084/4735/1084 3421/4797/3419 4851/4804/4849 3390/4739/3388
f 1101/4796/1101 3428/4806/3426 4851/4804/4849 3421/4797/3419
f 1102/4807/1102 3415/4805/3413 4851/4804/4849 3428/4806/3426
f 1099/4793/1099 3420/4792/3418 4852/4808/4850 3416/4809/3414
f 1083/3629/1083 3396/3632/3394 4852/4808/4850 3420/4792/3418
f 1085/3542/1085 3422/4803/3420 4852/4808/4850 3396/3632/3394
f 1103/4802/1103 3429/4810/3427 4852/4808/4850 3422/4803/3420
f 1104/4811/1104 3416/4809/3414 4852/4808/4850 3429/4810/3427
f 1156/4812/1156 3559/4813/3557 4853/4814/4851 3579/4815/3577
f 3559/4813/3557 1132/4816/1132 3502/4817/3500 4853/4814/4851
f 4853/4814/4851 3502/4817/3500 1126/4818/1126 3430/4819/3428
f 3579/4815/3577 4853/4814/4851 3430/4819/3428 1157/4820/1157
f 1158/4821/1158 3561/4822/3559 4854/4823/4852 3578/4824/3576
f 3561/4822/3559 1129/4825/1129 3505/4826/3503 4854/4823/4852
f 4854/4823/4852 3505/4826/3503 1128/4731/1128 3432/4728/3430
f 3578/4824/3576 4854/4823/4852 3432/4728/3430 1159/4727/1159
f 1161/4827/1161 3434/4828/3432 4855/4829/4853 3577/4830/3575
f 3434/4828/3432 1130/4831/1130 3498/4832/3496 4855/4829/4853
f 4855/4829/4853 3498/4832/3496 1123/4833/1123 3565/4834/3563
f 3577/4830/3575 4855/4829/4853 3565/4834/3563 1162/4835/1162
f 1160/4836/1160 3563/4837/3561 4856/4838/4854 3576/4839/3574
f 3563/4837/3561 1122/4840/1122 3501/4841/3499 4856/4838/4854
f 4856/4838/4854 3501/4841/3499 1130/4831/1130 3434/4828/3432
f 3576/4839/3574 4856/4838/4854 3434/4828/3432 1161/4827/1161
f 1162/4835/1162 3565/4834/3563 4857/4842/4855 3575/4843/3573
f 3565/4834/3563 1123/4833/1123 3504/4844/3502 4857/4842/4855
f 4857/4842/4855 3504/4844/3502 1119/4845/1119 3566/4846/3564
f 3575/4843/3573 4857/4842/4855 3566/4846/3564 1163/4847/1163
f 1163/4847/1163 3566/4846/3564 4858/4848/4856 3574/4849/3572
f 3566/4846/3564 1119/4845/1119 3497/4850/3495 4858/4848/4856
f 4858/4848/4856 3497/4850/3495 1127/4851/1127 3437/4852/3435
f 3574/4849/3572 4858/4848/4856 3437/4852/3435 1164/4853/1164
f 1198/4854/1198 3637/4855/3635 4859/4856/4857 3653/4857/3651
f 3637/4855/3635 1095/4776/1095 3411/4779/3409 4859/4856/4857
f 4859/4856/4857 3411/4779/3409 1094/4783/1094 3451/4858/3449
f 3653/4857/3651 4859/4856/4857 3451/4858/3449 1191/4859/1191
f 1199/4860/1199 3638/4861/3636 4860/4862/4858 3652/4863/3650
f 3638/4861/3636 1096/4789/1096 3412/4788/3410 4860/4862/4858
f 4860/4862/4858 3412/4788/3410 1064/4787/1064 3453/4864/3451
f 3652/4863/3650 4860/4862/4858 3453/4864/3451 1192/4865/1192
f 1200/4866/1200 3639/4867/3637 4861/4868/4859 3651/4869/3649
f 3639/4867/3637 1098/4795/1098 3413/4794/3411 4861/4868/4859
f 4861/4868/4859 3413/4794/3411 1099/4793/1099 3455/4870/3453
f 3651/4869/3649 4861/4868/4859 3455/4870/3453 1193/4871/1193
f 1201/4872/1201 3640/4873/3638 4862/4874/4860 3650/4875/3648
f 3640/4873/3638 1101/4796/1101 3414/4799/3412 4862/4874/4860
f 4862/4874/4860 3414/4799/3412 1100/4801/1100 3457/4876/3455
f 3650/4875/3648 4862/4874/4860 3457/4876/3455 1194/4877/1194
f 1202/4878/1202 3641/4879/3639 4863/4880/4861 3649/4881/3647
f 3641/4879/3639 1103/4802/1103 3415/4805/3413 4863/4880/4861
f 4863/4880/4861 3415/4805/3413 1102/4807/1102 3459/4882/3457
f 3649/4881/3647 4863/4880/4861 3459/4882/3457 1195/4883/1195
f 1193/4871/1193 3455/4870/3453 4864/4884/4862 3648/4885/3646
f 3455/4870/3453 1099/4793/1099 3416/4809/3414 4864/4884/4862
f 4864/4884/4862 3416/4809/3414 1104/4811/1104 3460/4886/3458
f 3648/4885/3646 4864/4884/4862 3460/4886/3458 1196/4887/1196
f 1191/4859/1191 3451/4858/3449 4865/4888/4863 3647/4889/3645
f 3451/4858/3449 1094/4783/1094 3424/4782/3422 4865/4888/4863
f 4865/4888/4863 3424/4782/3422 1105/4781/1105 3461/4890/3459
f 3647/4889/3645 4865/4888/4863 3461/4890/3459 1197/4891/1197
f 1197/4891/1197 3461/4890/3459 4866/4892/4864 3646/4893/3644
f 3461/4890/3459 1105/4781/1105 3425/4785/3423 4866/4892/4864
f 4866/4892/4864 3425/4785/3423 1096/4789/1096 3638/4861/3636
f 3646/4893/3644 4866/4892/4864 3638/4861/3636 1199/4860/1199
f 1192/4865/1192 3453/4864/3451 4867/4894/4865 3645/4895/3643
f 3453/4864/3451 1064/4787/1064 3426/4791/3424 4867/4894/4865
f 4867/4894/4865 3426/4791/3424 1098/4795/1098 3639/4867/3637
f 3645/4895/3643 4867/4894/4865 3639/4867/3637 1200/4866/1200
f 1194/4877/1194 3457/4876/3455 4868/4896/4866 3644/4897/3642
f 3457/4876/3455 1100/4801/1100 3427/4800/3425 4868/4896/4866
f 4868/4896/4866 3427/4800/3425 1095/4776/1095 3637/4855/3635
f 3644/4897/3642 4868/4896/4866 3637/4855/3635 1198/4854/1198
f 1195/4883/1195 3459/4882/3457 4869/4898/4867 3643/4899/3641
f 3459/4882/3457 1102/4807/1102 3428/4806/3426 4869/4898/4867
f 4869/4898/4867 3428/4806/3426 1101/4796/1101 3640/4873/3638
f 3643/4899/3641 4869/4898/4867 3640/4873/3638 1201/4872/1201
f 1196/4887/1196 3460/4886/3458 4870/4900/4868 3642/4901/3640
f 3460/4886/3458 1104/4811/1104 3429/4810/3427 4870/4900/4868
f 4870/4900/4868 3429/4810/3427 1103/4802/1103 3641/4879/3639
f 3642/4901/3640 4870/4900/4868 3641/4879/3639 1202/4878/1202
f 1167/4902/1167 3582/4903/3580 4871/4904/4869 3605/4905/3603
f 3582/4903/3580 1107/4906/1107 3438/4907/3436 4871/4904/4869
f 4871/4904/4869 3438/4907/3436 1087/4908/1087 3475/4909/3473
f 3605/4905/3603 4871/4904/4869 3475/4909/3473 1168/4910/1168
f 1169/4911/1169 3584/4912/3582 4872/4913/4870 3604/4914/3602
f 3584/4912/3582 1088/4915/1088 3439/4916/3437 4872/4913/4870
f 4872/4913/4870 3439/4916/3437 1097/4917/1097 3477/4918/3475
f 3604/4914/3602 4872/4913/4870 3477/4918/3475 1170/4919/1170
f 1171/4920/1171 3586/4921/3584 4873/4922/4871 3603/4923/3601
f 3586/4921/3584 1089/4924/1089 3440/4925/3438 4873/4922/4871
f 4873/4922/4871 3440/4925/3438 1111/4926/1111 3479/4927/3477
f 3603/4923/3601 4873/4922/4871 3479/4927/3477 1172/4928/1172
f 1173/4929/1173 3588/4930/3586 4874/4931/4872 3602/4932/3600
f 3588/4930/3586 1076/4933/1076 3441/4934/3439 4874/4931/4872
f 4874/4931/4872 3441/4934/3439 1090/4935/1090 3481/4936/3479
f 3602/4932/3600 4874/4931/4872 3481/4936/3479 1174/4937/1174
f 1175/4938/1175 3590/4939/3588 4875/4940/4873 3601/4941/3599
f 3590/4939/3588 1115/4942/1115 3442/4943/3440 4875/4940/4873
f 4875/4940/4873 3442/4943/3440 1091/4944/1091 3483/4945/3481
f 3601/4941/3599 4875/4940/4873 3483/4945/3481 1176/4946/1176
f 1172/4928/1172 3479/4927/3477 4876/4947/4874 3600/4948/3598
f 3479/4927/3477 1111/4926/1111 3443/4949/3441 4876/4947/4874
f 4876/4947/4874 3443/4949/3441 1092/4950/1092 3484/4951/3482
f 3600/4948/3598 4876/4947/4874 3484/4951/3482 1177/4952/1177
f 1168/4910/1168 3475/4909/3473 4877/4953/4875 3599/4954/3597
f 3475/4909/3473 1087/4908/1087 3444/4955/3442 4877/4953/4875
f 4877/4953/4875 3444/4955/3442 1117/4956/1117 3485/4957/3483
f 3599/4954/3597 4877/4953/4875 3485/4957/3483 1178/4958/1178
f 1178/4958/1178 3485/4957/3483 4878/4959/4876 3598/4960/3596
f 3485/4957/3483 1117/4956/1117 3445/4961/3443 4878/4959/4876
f 4878/4959/4876 3445/4961/3443 1088/4915/1088 3584/4912/3582
f 3598/4960/3596 4878/4959/4876 3584/4912/3582 1169/4911/1169
f 1170/4919/1170 3477/4918/3475 4879/4962/4877 3597/4963/3595
f 3477/4918/3475 1097/4917/1097 3446/4964/3444 4879/4962/4877
f 4879/4962/4877 3446/4964/3444 1089/4924/1089 3586/4921/3584
f 3597/4963/3595 4879/4962/4877 3586/4921/3584 1171/4920/1171
f 1174/4937/1174 3481/4936/3479 4880/4965/4878 3596/4966/3594
f 3481/4936/3479 1090/4935/1090 3447/4967/3445 4880/4965/4878
f 4880/4965/4878 3447/4967/3445 1107/4906/1107 3582/4903/3580
f 3596/4966/3594 4880/4965/4878 3582/4903/3580 1167/4902/1167
f 1176/4946/1176 3483/4945/3481 4881/4968/4879 3595/4969/3593
f 3483/4945/3481 1091/4944/1091 3448/4970/3446 4881/4968/4879
f 4881/4968/4879 3448/4970/3446 1076/4933/1076 3588/4930/3586
f 3595/4969/3593 4881/4968/4879 3588/4930/3586 1173/4929/1173
f 1177/4952/1177 3484/4951/3482 4882/4971/4880 3594/4972/3592
f 3484/4951/3482 1092/4950/1092 3449/4973/3447 4882/4971/4880
f 4882/4971/4880 3449/4973/3447 1115/4942/1115 3590/4939/3588
f 3594/4972/3592 4882/4971/4880 3590/4939/3588 1175/4938/1175
f 1120/4722/1120 3486/4974/3484 4883/4975/4881 3506/4723/3504
f 3486/4974/3484 1086/4976/1086 3530/4977/3528 4883/4975/4881
f 4883/4975/4881 3530/4977/3528 1135/4978/1135 3532/4979/3530
f 3506/4723/3504 4883/4975/4881 3532/4979/3530 1124/4724/1124
f 1128/4731/1128 3490/4980/3488 4884/4981/4882 3499/4732/3497
f 3490/4980/3488 1138/4982/1138 3523/4983/3521 4884/4981/4882
f 4884/4981/4882 3523/4983/3521 1086/4976/1086 3486/4974/3484
f 3499/4732/3497 4884/4981/4882 3486/4974/3484 1120/4722/1120
f 1132/4816/1132 3487/4984/3485 4885/4985/4883 3502/4817/3500
f 3487/4984/3485 1142/4986/1142 3526/4987/3524 4885/4985/4883
f 4885/4985/4883 3526/4987/3524 1136/4988/1136 3488/4989/3486
f 3502/4817/3500 4885/4985/4883 3488/4989/3486 1126/4818/1126
f 1129/4825/1129 3489/4990/3487 4886/4991/4884 3505/4826/3503
f 3489/4990/3487 1139/4992/1139 3529/4993/3527 4886/4991/4884
f 4886/4991/4884 3529/4993/3527 1138/4982/1138 3490/4980/3488
f 3505/4826/3503 4886/4991/4884 3490/4980/3488 1128/4731/1128
f 1130/4831/1130 3492/4994/3490 4887/4995/4885 3498/4832/3496
f 3492/4994/3490 1140/4996/1140 3522/4997/3520 4887/4995/4885
f 4887/4995/4885 3522/4997/3520 1134/4998/1134 3493/4999/3491
f 3498/4832/3496 4887/4995/4885 3493/4999/3491 1123/4833/1123
f 1122/4840/1122 3491/5000/3489 4888/5001/4886 3501/4841/3499
f 3491/5000/3489 1133/5002/1133 3525/5003/3523 4888/5001/4886
f 4888/5001/4886 3525/5003/3523 1140/4996/1140 3492/4994/3490
f 3501/4841/3499 4888/5001/4886 3492/4994/3490 1130/4831/1130
f 1123/4833/1123 3493/4999/3491 4889/5004/4887 3504/4844/3502
f 3493/4999/3491 1134/4998/1134 3528/5005/3526 4889/5004/4887
f 4889/5004/4887 3528/5005/3526 1093/5006/1093 3494/5007/3492
f 3504/4844/3502 4889/5004/4887 3494/5007/3492 1119/4845/1119
f 1119/4845/1119 3494/5007/3492 4890/5008/4888 3497/4850/3495
f 3494/5007/3492 1093/5006/1093 3521/5009/3519 4890/5008/4888
f 4890/5008/4888 3521/5009/3519 1137/5010/1137 3495/5011/3493
f 3497/4850/3495 4890/5008/4888 3495/5011/3493 1127/4851/1127
f 1157/4820/1157 3430/4819/3428 4891/5012/4889 3573/5013/3571
f 3430/4819/3428 1126/4818/1126 3496/5014/3494 4891/5012/4889
f 4891/5012/4889 3496/5014/3494 1129/4825/1129 3561/4822/3559
f 3573/5013/3571 4891/5012/4889 3561/4822/3559 1158/4821/1158
f 1164/4853/1164 3437/4852/3435 4892/5015/4890 3572/5016/3570
f 3437/4852/3435 1127/4851/1127 3503/5017/3501 4892/5015/4890
f 4892/5015/4890 3503/5017/3501 1132/4816/1132 3559/4813/3557
f 3572/5016/3570 4892/5015/4890 3559/4813/3557 1156/4812/1156
f 1165/4726/1165 3508/4725/3506 4893/5018/4891 3571/5019/3569
f 3508/4725/3506 1124/4724/1124 3500/5020/3498 4893/5018/4891
f 4893/5018/4891 3500/5020/3498 1131/5021/1131 3509/5022/3507
f 3571/5019/3569 4893/5018/4891 3509/5022/3507 1166/5023/1166
f 1166/5023/1166 3509/5022/3507 4894/5024/4892 3570/5025/3568
f 3509/5022/3507 1131/5021/1131 3507/5026/3505 4894/5024/4892
f 4894/5024/4892 3507/5026/3505 1122/4840/1122 3563/4837/3561
f 3570/5025/3568 4894/5024/4892 3563/4837/3561 1160/4836/1160
f 1138/4982/1138 3513/5027/3511 4895/5028/4893 3523/4983/3521
f 3513/5027/3511 1150/5029/1150 3547/5030/3545 4895/5028/4893
f 4895/5028/4893 3547/5030/3545 1118/5031/1118 3556/5032/3554
f 3523/4983/3521 4895/5028/4893 3556/5032/3554 1086/4976/1086
f 1142/4986/1142 3510/5033/3508 4896/5034/4894 3526/4987/3524
f 3510/5033/3508 1154/5035/1154 3550/5036/3548 4896/5034/4894
f 4896/5034/4894 3550/5036/3548 1148/5037/1148 3511/5038/3509
f 3526/4987/3524 4896/5034/4894 3511/5038/3509 1136/4988/1136
f 1139/4992/1139 3512/5039/3510 4897/5040/4895 3529/4993/3527
f 3512/5039/3510 1151/5041/1151 3553/5042/3551 4897/5040/4895
f 4897/5040/4895 3553/5042/3551 1150/5029/1150 3513/5027/3511
f 3529/4993/3527 4897/5040/4895 3513/5027/3511 1138/4982/1138
f 1140/4996/1140 3514/5043/3512 4898/5044/4896 3522/4997/3520
f 3514/5043/3512 1152/5045/1152 3546/5046/3544 4898/5044/4896
f 4898/5044/4896 3546/5046/3544 1145/5047/1145 3515/5048/3513
f 3522/4997/3520 4898/5044/4896 3515/5048/3513 1134/4998/1134
f 1133/5002/1133 3519/5049/3517 4899/5050/4897 3525/5003/3523
f 3519/5049/3517 1144/5051/1144 3549/5052/3547 4899/5050/4897
f 4899/5050/4897 3549/5052/3547 1152/5045/1152 3514/5043/3512
f 3525/5003/3523 4899/5050/4897 3514/5043/3512 1140/4996/1140
f 1134/4998/1134 3515/5048/3513 4900/5053/4898 3528/5005/3526
f 3515/5048/3513 1145/5047/1145 3552/5054/3550 4900/5053/4898
f 4900/5053/4898 3552/5054/3550 1121/5055/1121 3516/5056/3514
f 3528/5005/3526 4900/5053/4898 3516/5056/3514 1093/5006/1093
f 1093/5006/1093 3516/5056/3514 4901/5057/4899 3521/5009/3519
f 3516/5056/3514 1121/5055/1121 3545/5058/3543 4901/5057/4899
f 4901/5057/4899 3545/5058/3543 1149/5059/1149 3517/5060/3515
f 3521/5009/3519 4901/5057/4899 3517/5060/3515 1137/5010/1137
f 1141/5061/1141 3518/5062/3516 4902/5063/4900 3531/5064/3529
f 3518/5062/3516 1153/5065/1153 3555/5066/3553 4902/5063/4900
f 4902/5063/4900 3555/5066/3553 1144/5051/1144 3519/5049/3517
f 3531/5064/3529 4902/5063/4900 3519/5049/3517 1133/5002/1133
f 1126/4818/1126 3488/4989/3486 4903/5067/4901 3496/5014/3494
f 3488/4989/3486 1136/4988/1136 3520/5068/3518 4903/5067/4901
f 4903/5067/4901 3520/5068/3518 1139/4992/1139 3489/4990/3487
f 3496/5014/3494 4903/5067/4901 3489/4990/3487 1129/4825/1129
f 1127/4851/1127 3495/5011/3493 4904/5069/4902 3503/5017/3501
f 3495/5011/3493 1137/5010/1137 3527/5070/3525 4904/5069/4902
f 4904/5069/4902 3527/5070/3525 1142/4986/1142 3487/4984/3485
f 3503/5017/3501 4904/5069/4902 3487/4984/3485 1132/4816/1132
f 1124/4724/1124 3532/4979/3530 4905/5071/4903 3500/5020/3498
f 3532/4979/3530 1135/4978/1135 3524/5072/3522 4905/5071/4903
f 4905/5071/4903 3524/5072/3522 1141/5061/1141 3533/5073/3531
f 3500/5020/3498 4905/5071/4903 3533/5073/3531 1131/5021/1131
f 1131/5021/1131 3533/5073/3531 4906/5074/4904 3507/5026/3505
f 3533/5073/3531 1141/5061/1141 3531/5064/3529 4906/5074/4904
f 4906/5074/4904 3531/5064/3529 1133/5002/1133 3491/5000/3489
f 3507/5026/3505 4906/5074/4904 3491/5000/3489 1122/4840/1122
f 1147/5075/1147 3540/5076/3538 4907/5077/4905 3543/5078/3541
f 3540/5076/3538 1125/5079/1125 3535/5080/3533 4907/5077/4905
f 4907/5077/4905 3535/5080/3533 1118/5031/1118 3547/5030/3545
f 3543/5078/3541 4907/5077/4905 3547/5030/3545 1150/5029/1150
f 1143/5081/1143 3536/5082/3534 4908/5083/4906 3539/5084/3537
f 3536/5082/3534 1144/5051/1144 3555/5066/3553 4908/5083/4906
f 4908/5083/4906 3555/5066/3553 1153/5065/1153 3548/5085/3546
f 3539/5084/3537 4908/5083/4906 3548/5085/3546 1146/5086/1146
f 1145/5047/1145 3546/5046/3544 4909/5087/4907 3538/5088/3536
f 3546/5046/3544 1152/5045/1152 3549/5052/3547 4909/5087/4907
f 4909/5087/4907 3549/5052/3547 1144/5051/1144 3536/5082/3534
f 3538/5088/3536 4909/5087/4907 3536/5082/3534 1143/5081/1143
f 1121/5055/1121 3552/5054/3550 4910/5089/4908 3534/5090/3532
f 3552/5054/3550 1145/5047/1145 3538/5088/3536 4910/5089/4908
f 4910/5089/4908 3538/5088/3536 1143/5081/1143 3537/5091/3535
f 3534/5090/3532 4910/5089/4908 3537/5091/3535 1125/5079/1125
f 1125/5079/1125 3537/5091/3535 4911/5092/4909 3535/5080/3533
f 3537/5091/3535 1143/5081/1143 3539/5084/3537 4911/5092/4909
f 4911/5092/4909 3539/5084/3537 1146/5086/1146 3554/5093/3552
f 3535/5080/3533 4911/5092/4909 3554/5093/3552 1118/5031/1118
f 1149/5059/1149 3545/5058/3543 4912/5094/4910 3542/5095/3540
f 3545/5058/3543 1121/5055/1121 3534/5090/3532 4912/5094/4910
f 4912/5094/4910 3534/5090/3532 1125/5079/1125 3540/5076/3538
f 3542/5095/3540 4912/5094/4910 3540/5076/3538 1147/5075/1147
f 1154/5035/1154 3551/5096/3549 4913/5097/4911 3550/5036/3548
f 3551/5096/3549 1149/5059/1149 3542/5095/3540 4913/5097/4911
f 4913/5097/4911 3542/5095/3540 1147/5075/1147 3541/5098/3539
f 3550/5036/3548 4913/5097/4911 3541/5098/3539 1148/5037/1148
f 1148/5037/1148 3541/5098/3539 4914/5099/4912 3544/5100/3542
f 3541/5098/3539 1147/5075/1147 3543/5078/3541 4914/5099/4912
f 4914/5099/4912 3543/5078/3541 1150/5029/1150 3553/5042/3551
f 3544/5100/3542 4914/5099/4912 3553/5042/3551 1151/5041/1151
f 1086/4976/1086 3556/5032/3554 4915/5101/4913 3530/4977/3528
f 3556/5032/3554 1118/5031/1118 3554/5093/3552 4915/5101/4913
f 4915/5101/4913 3554/5093/3552 1146/5086/1146 3557/5102/3555
f 3530/4977/3528 4915/5101/4913 3557/5102/3555 1135/4978/1135
f 1136/4988/1136 3511/5038/3509 4916/5103/4914 3520/5068/3518
f 3511/5038/3509 1148/5037/1148 3544/5100/3542 4916/5103/4914
f 4916/5103/4914 3544/5100/3542 1151/5041/1151 3512/5039/3510
f 3520/5068/3518 4916/5103/4914 3512/5039/3510 1139/4992/1139
f 1137/5010/1137 3517/5060/3515 4917/5104/4915 3527/5070/3525
f 3517/5060/3515 1149/5059/1149 3551/5096/3549 4917/5104/4915
f 4917/5104/4915 3551/5096/3549 1154/5035/1154 3510/5033/3508
f 3527/5070/3525 4917/5104/4915 3510/5033/3508 1142/4986/1142
f 1135/4978/1135 3557/5102/3555 4918/5105/4916 3524/5072/3522
f 3557/5102/3555 1146/5086/1146 3548/5085/3546 4918/5105/4916
f 4918/5105/4916 3548/5085/3546 1153/5065/1153 3518/5062/3516
f 3524/5072/3522 4918/5105/4916 3518/5062/3516 1141/5061/1141
f 1077/5106/1077 3569/5107/3567 4919/5108/4917 3473/5109/3471
f 3569/5107/3567 1166/5023/1166 3570/5025/3568 4919/5108/4917
f 4919/5108/4917 3570/5025/3568 1160/4836/1160 3433/5110/3431
f 3473/5109/3471 4919/5108/4917 3433/5110/3431 1116/5111/1116
f 1114/5112/1114 3568/5113/3566 4920/5114/4918 3466/5115/3464
f 3568/5113/3566 1165/4726/1165 3571/5019/3569 4920/5114/4918
f 4920/5114/4918 3571/5019/3569 1166/5023/1166 3569/5107/3567
f 3466/5115/3464 4920/5114/4918 3569/5107/3567 1077/5106/1077
f 1108/5116/1108 3567/5117/3565 4921/5118/4919 3469/5119/3467
f 3567/5117/3565 1164/4853/1164 3572/5016/3570 4921/5118/4919
f 4921/5118/4919 3572/5016/3570 1156/4812/1156 3423/5120/3421
f 3469/5119/3467 4921/5118/4919 3423/5120/3421 702/5121/702
f 1106/5122/1106 3560/5123/3558 4922/5124/4920 3462/5125/3460
f 3560/5123/3558 1157/4820/1157 3573/5013/3571 4922/5124/4920
f 4922/5124/4920 3573/5013/3571 1158/4821/1158 3431/5126/3429
f 3462/5125/3460 4922/5124/4920 3431/5126/3429 823/5127/823
f 1109/5128/1109 3436/5129/3434 4923/5130/4921 3463/5131/3461
f 3436/5129/3434 1163/4847/1163 3574/4849/3572 4923/5130/4921
f 4923/5130/4921 3574/4849/3572 1164/4853/1164 3567/5117/3565
f 3463/5131/3461 4923/5130/4921 3567/5117/3565 1108/5116/1108
f 1110/5132/1110 3435/5133/3433 4924/5134/4922 3470/5135/3468
f 3435/5133/3433 1162/4835/1162 3575/4843/3573 4924/5134/4922
f 4924/5134/4922 3575/4843/3573 1163/4847/1163 3436/5129/3434
f 3470/5135/3468 4924/5134/4922 3436/5129/3434 1109/5128/1109
f 1116/5111/1116 3433/5110/3431 4925/5136/4923 3467/5137/3465
f 3433/5110/3431 1160/4836/1160 3576/4839/3574 4925/5136/4923
f 4925/5136/4923 3576/4839/3574 1161/4827/1161 3564/5138/3562
f 3467/5137/3465 4925/5136/4923 3564/5138/3562 1065/5139/1065
f 1065/5139/1065 3564/5138/3562 4926/5140/4924 3464/5141/3462
f 3564/5138/3562 1161/4827/1161 3577/4830/3575 4926/5140/4924
f 4926/5140/4924 3577/4830/3575 1162/4835/1162 3435/5133/3433
f 3464/5141/3462 4926/5140/4924 3435/5133/3433 1110/5132/1110
f 823/5127/823 3431/5126/3429 4927/5142/4925 3471/5143/3469
f 3431/5126/3429 1158/4821/1158 3578/4824/3576 4927/5142/4925
f 4927/5142/4925 3578/4824/3576 1159/4727/1159 3562/5144/3560
f 3471/5143/3469 4927/5142/4925 3562/5144/3560 1112/5145/1112
f 702/5121/702 3423/5120/3421 4928/5146/4926 3468/5147/3466
f 3423/5120/3421 1156/4812/1156 3579/4815/3577 4928/5146/4926
f 4928/5146/4926 3579/4815/3577 1157/4820/1157 3560/5123/3558
f 3468/5147/3466 4928/5146/4926 3560/5123/3558 1106/5122/1106
f 1112/5145/1112 3562/5144/3560 4929/5148/4927 3465/5149/3463
f 3562/5144/3560 1159/4727/1159 3580/4730/3578 4929/5148/4927
f 4929/5148/4927 3580/4730/3578 1155/4718/1155 3558/5150/3556
f 3465/5149/3463 4929/5148/4927 3558/5150/3556 1113/5151/1113
f 1113/5151/1113 3558/5150/3556 4930/5152/4928 3472/5153/3470
f 3558/5150/3556 1155/4718/1155 3581/4721/3579 4930/5152/4928
f 4930/5152/4928 3581/4721/3579 1165/4726/1165 3568/5113/3566
f 3472/5153/3470 4930/5152/4928 3568/5113/3566 1114/5112/1114
f 1116/5154/1116 3592/5155/3590 4931/5156/4929 3473/5157/3471
f 3592/5155/3590 1177/4952/1177 3594/4972/3592 4931/5156/4929
f 4931/5156/4929 3594/4972/3592 1175/4938/1175 3482/5158/3480
f 3473/5157/3471 4931/5156/4929 3482/5158/3480 1077/5159/1077
f 1114/5160/1114 3591/5161/3589 4932/5162/4930 3472/5163/3470
f 3591/5161/3589 1176/4946/1176 3595/4969/3593 4932/5162/4930
f 4932/5162/4930 3595/4969/3593 1173/4929/1173 3480/5164/3478
f 3472/5163/3470 4932/5162/4930 3480/5164/3478 1113/5165/1113
f 1112/5166/1112 3589/5167/3587 4933/5168/4931 3471/5169/3469
f 3589/5167/3587 1174/4937/1174 3596/4966/3594 4933/5168/4931
f 4933/5168/4931 3596/4966/3594 1167/4902/1167 3474/5170/3472
f 3471/5169/3469 4933/5168/4931 3474/5170/3472 823/5171/823
f 1109/5172/1109 3585/5173/3583 4934/5174/4932 3470/5175/3468
f 3585/5173/3583 1170/4919/1170 3597/4963/3595 4934/5174/4932
f 4934/5174/4932 3597/4963/3595 1171/4920/1171 3478/5176/3476
f 3470/5175/3468 4934/5174/4932 3478/5176/3476 1110/5177/1110
f 702/5178/702 3593/5179/3591 4935/5180/4933 3469/5181/3467
f 3593/5179/3591 1178/4958/1178 3598/4960/3596 4935/5180/4933
f 4935/5180/4933 3598/4960/3596 1169/4911/1169 3476/5182/3474
f 3469/5181/3467 4935/5180/4933 3476/5182/3474 1108/5183/1108
f 1106/5184/1106 3583/5185/3581 4936/5186/4934 3468/5187/3466
f 3583/5185/3581 1168/4910/1168 3599/4954/3597 4936/5186/4934
f 4936/5186/4934 3599/4954/3597 1178/4958/1178 3593/5179/3591
f 3468/5187/3466 4936/5186/4934 3593/5179/3591 702/5178/702
f 1065/5188/1065 3587/5189/3585 4937/5190/4935 3467/5191/3465
f 3587/5189/3585 1172/4928/1172 3600/4948/3598 4937/5190/4935
f 4937/5190/4935 3600/4948/3598 1177/4952/1177 3592/5155/3590
f 3467/5191/3465 4937/5190/4935 3592/5155/3590 1116/5154/1116
f 1077/5159/1077 3482/5158/3480 4938/5192/4936 3466/5193/3464
f 3482/5158/3480 1175/4938/1175 3601/4941/3599 4938/5192/4936
f 4938/5192/4936 3601/4941/3599 1176/4946/1176 3591/5161/3589
f 3466/5193/3464 4938/5192/4936 3591/5161/3589 1114/5160/1114
f 1113/5165/1113 3480/5164/3478 4939/5194/4937 3465/5195/3463
f 3480/5164/3478 1173/4929/1173 3602/4932/3600 4939/5194/4937
f 4939/5194/4937 3602/4932/3600 1174/4937/1174 3589/5167/3587
f 3465/5195/3463 4939/5194/4937 3589/5167/3587 1112/5166/1112
f 1110/5177/1110 3478/5176/3476 4940/5196/4938 3464/5197/3462
f 3478/5176/3476 1171/4920/1171 3603/4923/3601 4940/5196/4938
f 4940/5196/4938 3603/4923/3601 1172/4928/1172 3587/5189/3585
f 3464/5197/3462 4940/5196/4938 3587/5189/3585 1065/5188/1065
f 1108/5183/1108 3476/5182/3474 4941/5198/4939 3463/5199/3461
f 3476/5182/3474 1169/4911/1169 3604/4914/3602 4941/5198/4939
f 4941/5198/4939 3604/4914/3602 1170/4919/1170 3585/5173/3583
f 3463/5199/3461 4941/5198/4939 3585/5173/3583 1109/5172/1109
f 823/5171/823 3474/5170/3472 4942/5200/4940 3462/5201/3460
f 3474/5170/3472 1167/4902/1167 3605/4905/3603 4942/5200/4940
f 4942/5200/4940 3605/4905/3603 1168/4910/1168 3583/5185/3581
f 3462/5201/3460 4942/5200/4940 3583/5185/3581 1106/5184/1106
f 1092/4950/1092 3616/5202/3614 4943/5203/4941 3449/4973/3447
f 3616/5202/3614 1189/5204/1189 3618/5205/3616 4943/5203/4941
f 4943/5203/4941 3618/5205/3616 1187/5206/1187 3458/5207/3456
f 3449/4973/3447 4943/5203/4941 3458/5207/3456 1115/4942/1115
f 1091/4944/1091 3615/5208/3613 4944/5209/4942 3448/4970/3446
f 3615/5208/3613 1188/5210/1188 3619/5211/3617 4944/5209/4942
f 4944/5209/4942 3619/5211/3617 1185/5212/1185 3456/5213/3454
f 3448/4970/3446 4944/5209/4942 3456/5213/3454 1076/4933/1076
f 1090/4935/1090 3613/5214/3611 4945/5215/4943 3447/4967/3445
f 3613/5214/3611 1186/5216/1186 3620/5217/3618 4945/5215/4943
f 4945/5215/4943 3620/5217/3618 1179/5218/1179 3450/5219/3448
f 3447/4967/3445 4945/5215/4943 3450/5219/3448 1107/4906/1107
f 1097/4917/1097 3609/5220/3607 4946/5221/4944 3446/4964/3444
f 3609/5220/3607 1182/5222/1182 3621/5223/3619 4946/5221/4944
f 4946/5221/4944 3621/5223/3619 1183/5224/1183 3454/5225/3452
f 3446/4964/3444 4946/5221/4944 3454/5225/3452 1089/4924/1089
f 1117/4956/1117 3617/5226/3615 4947/5227/4945 3445/4961/3443
f 3617/5226/3615 1190/5228/1190 3622/5229/3620 4947/5227/4945
f 4947/5227/4945 3622/5229/3620 1181/5230/1181 3452/5231/3450
f 3445/4961/3443 4947/5227/4945 3452/5231/3450 1088/4915/1088
f 1087/4908/1087 3607/5232/3605 4948/5233/4946 3444/4955/3442
f 3607/5232/3605 1180/5234/1180 3623/5235/3621 4948/5233/4946
f 4948/5233/4946 3623/5235/3621 1190/5228/1190 3617/5226/3615
f 3444/4955/3442 4948/5233/4946 3617/5226/3615 1117/4956/1117
f 1111/4926/1111 3611/5236/3609 4949/5237/4947 3443/4949/3441
f 3611/5236/3609 1184/5238/1184 3624/5239/3622 4949/5237/4947
f 4949/5237/4947 3624/5239/3622 1189/5204/1189 3616/5202/3614
f 3443/4949/3441 4949/5237/4947 3616/5202/3614 1092/4950/1092
f 1115/4942/1115 3458/5207/3456 4950/5240/4948 3442/4943/3440
f 3458/5207/3456 1187/5206/1187 3625/5241/3623 4950/5240/4948
f 4950/5240/4948 3625/5241/3623 1188/5210/1188 3615/5208/3613
f 3442/4943/3440 4950/5240/4948 3615/5208/3613 1091/4944/1091
f 1076/4933/1076 3456/5213/3454 4951/5242/4949 3441/4934/3439
f 3456/5213/3454 1185/5212/1185 3626/5243/3624 4951/5242/4949
f 4951/5242/4949 3626/5243/3624 1186/5216/1186 3613/5214/3611
f 3441/4934/3439 4951/5242/4949 3613/5214/3611 1090/4935/1090
f 1089/4924/1089 3454/5225/3452 4952/5244/4950 3440/4925/3438
f 3454/5225/3452 1183/5224/1183 3627/5245/3625 4952/5244/4950
f 4952/5244/4950 3627/5245/3625 1184/5238/1184 3611/5236/3609
f 3440/4925/3438 4952/5244/4950 3611/5236/3609 1111/4926/1111
f 1088/4915/1088 3452/5231/3450 4953/5246/4951 3439/4916/3437
f 3452/5231/3450 1181/5230/1181 3628/5247/3626 4953/5246/4951
f 4953/5246/4951 3628/5247/3626 1182/5222/1182 3609/5220/3607
f 3439/4916/3437 4953/5246/4951 3609/5220/3607 1097/4917/1097
f 1107/4906/1107 3450/5219/3448 4954/5248/4952 3438/4907/3436
f 3450/5219/3448 1179/5218/1179 3629/5249/3627 4954/5248/4952
f 4954/5248/4952 3629/5249/3627 1180/5234/1180 3607/5232/3605
f 3438/4907/3436 4954/5248/4952 3607/5232/3605 1087/4908/1087
f 1189/5204/1189 3635/5250/3633 4955/5251/4953 3618/5205/3616
f 3635/5250/3633 1196/4887/1196 3642/4901/3640 4955/5251/4953
f 4955/5251/4953 3642/4901/3640 1202/4878/1202 3614/5252/3612
f 3618/5205/3616 4955/5251/4953 3614/5252/3612 1187/5206/1187
f 1188/5210/1188 3634/5253/3632 4956/5254/4954 3619/5211/3617
f 3634/5253/3632 1195/4883/1195 3643/4899/3641 4956/5254/4954
f 4956/5254/4954 3643/4899/3641 1201/4872/1201 3612/5255/3610
f 3619/5211/3617 4956/5254/4954 3612/5255/3610 1185/5212/1185
f 1186/5216/1186 3633/5256/3631 4957/5257/4955 3620/5217/3618
f 3633/5256/3631 1194/4877/1194 3644/4897/3642 4957/5257/4955
f 4957/5257/4955 3644/4897/3642 1198/4854/1198 3606/5258/3604
f 3620/5217/3618 4957/5257/4955 3606/5258/3604 1179/5218/1179
f 1182/5222/1182 3631/5259/3629 4958/5260/4956 3621/5223/3619
f 3631/5259/3629 1192/4865/1192 3645/4895/3643 4958/5260/4956
f 4958/5260/4956 3645/4895/3643 1200/4866/1200 3610/5261/3608
f 3621/5223/3619 4958/5260/4956 3610/5261/3608 1183/5224/1183
f 1190/5228/1190 3636/5262/3634 4959/5263/4957 3622/5229/3620
f 3636/5262/3634 1197/4891/1197 3646/4893/3644 4959/5263/4957
f 4959/5263/4957 3646/4893/3644 1199/4860/1199 3608/5264/3606
f 3622/5229/3620 4959/5263/4957 3608/5264/3606 1181/5230/1181
f 1180/5234/1180 3630/5265/3628 4960/5266/4958 3623/5235/3621
f 3630/5265/3628 1191/4859/1191 3647/4889/3645 4960/5266/4958
f 4960/5266/4958 3647/4889/3645 1197/4891/1197 3636/5262/3634
f 3623/5235/3621 4960/5266/4958 3636/5262/3634 1190/5228/1190
f 1184/5238/1184 3632/5267/3630 4961/5268/4959 3624/5239/3622
f 3632/5267/3630 1193/4871/1193 3648/4885/3646 4961/5268/4959
f 4961/5268/4959 3648/4885/3646 1196/4887/1196 3635/5250/3633
f 3624/5239/3622 4961/5268/4959 3635/5250/3633 1189/5204/1189
f 1187/5206/1187 3614/5252/3612 4962/5269/4960 3625/5241/3623
f 3614/5252/3612 1202/4878/1202 3649/4881/3647 4962/5269/4960
f 4962/5269/4960 3649/4881/3647 1195/4883/1195 3634/5253/3632
f 3625/5241/3623 4962/5269/4960 3634/5253/3632 1188/5210/1188
f 1185/5212/1185 3612/5255/3610 4963/5270/4961 3626/5243/3624
f 3612/5255/3610 1201/4872/1201 3650/4875/3648 4963/5270/4961
f 4963/5270/4961 3650/4875/3648 1194/4877/1194 3633/5256/3631
f 3626/5243/3624 4963/5270/4961 3633/5256/3631 1186/5216/1186
f 1183/5224/1183 3610/5261/3608 4964/5271/4962 3627/5245/3625
f 3610/5261/3608 1200/4866/1200 3651/4869/3649 4964/5271/4962
f 4964/5271/4962 3651/4869/3649 1193/4871/1193 3632/5267/3630
f 3627/5245/3625 4964/5271/4962 3632/5267/3630 1184/5238/1184
f 1181/5230/1181 3608/5264/3606 4965/5272/4963 3628/5247/3626
f 3608/5264/3606 1199/4860/1199 3652/4863/3650 4965/5272/4963
f 4965/5272/4963 3652/4863/3650 1192/4865/1192 3631/5259/3629
f 3628/5247/3626 4965/5272/4963 3631/5259/3629 1182/5222/1182
f 1179/5218/1179 3606/5258/3604 4966/5273/4964 3629/5249/3627
f 3606/5258/3604 1198/4854/1198 3653/4857/3651 4966/5273/4964
f 4966/5273/4964 3653/4857/3651 1191/4859/1191 3630/5265/3628
f 3629/5249/3627 4966/5273/4964 3630/5265/3628 1180/5234/1180
f 741/5274/741 3660/5275/3658 4967/5276/4965 3654/5277/3652
f 3660/5275/3658 1204/3072/1204 2645/3074/2643 4967/5276/4965
f 4967/5276/4965 2645/3074/2643 1203/2834/1203 3661/5278/3659
f 3654/5277/3652 4967/5276/4965 3661/5278/3659 1209/5279/1209
f 1209/5279/1209 3661/5278/3659 4968/5280/4966 3655/5281/3653
f 3661/5278/3659 1203/2834/1203 2709/2831/2707 4968/5280/4966
f 4968/5280/4966 2709/2831/2707 1205/2830/1205 3662/5282/3660
f 3655/5281/3653 4968/5280/4966 3662/5282/3660 1211/5283/1211
f 1212/5284/1212 3663/5285/3661 4969/5286/4967 3656/5287/3654
f 3663/5285/3661 1206/3258/1206 2766/3257/2764 4969/5286/4967
f 4969/5286/4967 2766/3257/2764 1207/3064/1207 3664/5288/3662
f 3656/5287/3654 4969/5286/4967 3664/5288/3662 1213/5289/1213
f 1213/5289/1213 3664/5288/3662 4970/5290/4968 3657/5291/3655
f 3664/5288/3662 1207/3064/1207 2774/3067/2772 4970/5290/4968
f 4970/5290/4968 2774/3067/2772 1204/3072/1204 3660/5275/3658
f 3657/5291/3655 4970/5290/4968 3660/5275/3658 741/5274/741
f 1211/5283/1211 3662/5282/3660 4971/5292/4969 3658/5293/3656
f 3662/5282/3660 1205/2830/1205 3092/4030/3090 4971/5292/4969
f 4971/5292/4969 3092/4030/3090 930/4029/930 3665/5294/3663
f 3658/5293/3656 4971/5292/4969 3665/5294/3663 1208/5295/1208
f 1208/5295/1208 3665/5294/3663 4972/5296/4970 3659/5297/3657
f 3665/5294/3663 930/4029/930 3093/4033/3091 4972/5296/4970
f 4972/5296/4970 3093/4033/3091 1206/3258/1206 3663/5285/3661
f 3659/5297/3657 4972/5296/4970 3663/5285/3661 1212/5284/1212
f 1210/5298/1210 3672/5299/3670 4973/5300/4971 3666/5301/3664
f 3672/5299/3670 741/5274/741 3654/5277/3652 4973/5300/4971
f 4973/5300/4971 3654/5277/3652 1209/5279/1209 3673/5302/3671
f 3666/5301/3664 4973/5300/4971 3673/5302/3671 740/5303/740
f 740/5303/740 3673/5302/3671 4974/5304/4972 3667/5305/3665
f 3673/5302/3671 1209/5279/1209 3655/5281/3653 4974/5304/4972
f 4974/5304/4972 3655/5281/3653 1211/5283/1211 3674/5306/3672
f 3667/5305/3665 4974/5304/4972 3674/5306/3672 931/5307/931
f 932/5308/932 3675/5309/3673 4975/5310/4973 3668/5311/3666
f 3675/5309/3673 1212/5284/1212 3656/5287/3654 4975/5310/4973
f 4975/5310/4973 3656/5287/3654 1213/5289/1213 3676/5312/3674
f 3668/5311/3666 4975/5310/4973 3676/5312/3674 795/5313/795
f 795/5313/795 3676/5312/3674 4976/5314/4974 3669/5315/3667
f 3676/5312/3674 1213/5289/1213 3657/5291/3655 4976/5314/4974
f 4976/5314/4974 3657/5291/3655 741/5274/741 3672/5299/3670
f 3669/5315/3667 4976/5314/4974 3672/5299/3670 1210/5298/1210
f 931/5307/931 3674/5306/3672 4977/5316/4975 3670/5317/3668
f 3674/5306/3672 1211/5283/1211 3658/5293/3656 4977/5316/4975
f 4977/5316/4975 3658/5293/3656 1208/5295/1208 3677/5318/3675
f 3670/5317/3668 4977/5316/4975 3677/5318/3675 1214/5319/1214
f 1214/5319/1214 3677/5318/3675 4978/5320/4976 3671/5321/3669
f 3677/5318/3675 1208/5295/1208 3659/5297/3657 4978/5320/4976
f 4978/5320/4976 3659/5297/3657 1212/5284/1212 3675/5309/3673
f 3671/5321/3669 4978/5320/4976 3675/5309/3673 932/5308/932
f 1216/3086/1216 3699/5322/3697 4979/5323/4977 3682/3087/3680
f 3699/5322/3697 1222/5324/1222 3694/5325/3692 4979/5323/4977
f 4979/5323/4977 3694/5325/3692 1226/5326/1226 3698/5327/3696
f 3682/3087/3680 4979/5323/4977 3698/5327/3696 1220/3088/1220
f 1219/3095/1219 3697/5328/3695 4980/5329/4978 3684/3096/3682
f 3697/5328/3695 1225/5330/1225 3696/5331/3694 4980/5329/4978
f 4980/5329/4978 3696/5331/3694 1221/5332/1221 3678/5333/3676
f 3684/3096/3682 4980/5329/4978 3678/5333/3676 1215/3097/1215
f 1238/5334/1238 3719/5335/3717 4981/5336/4979 3723/5337/3721
f 3719/5335/3717 1218/5338/1218 3680/5339/3678 4981/5336/4979
f 4981/5336/4979 3680/5339/3678 1217/5340/1217 3688/5341/3686
f 3723/5337/3721 4981/5336/4979 3688/5341/3686 1237/5342/1237
f 1233/3099/1233 2708/3098/2706 4982/5343/4980 3722/5344/3720
f 2708/3098/2706 1215/3097/1215 3683/5345/3681 4982/5343/4980
f 4982/5343/4980 3683/5345/3681 1218/5338/1218 3719/5335/3717
f 3722/5344/3720 4982/5343/4980 3719/5335/3717 1238/5334/1238
f 1235/5346/1235 3686/5347/3684 4983/5348/4981 3721/5349/3719
f 3686/5347/3684 1220/5350/1220 3681/5351/3679 4983/5348/4981
f 4983/5348/4981 3681/5351/3679 1219/3095/1219 3715/3092/3713
f 3721/5349/3719 4983/5348/4981 3715/3092/3713 1234/3091/1234
f 1237/5352/1237 3688/5353/3686 4984/5354/4982 3720/5355/3718
f 3688/5353/3686 1217/5356/1217 3679/5357/3677 4984/5354/4982
f 4984/5354/4982 3679/5357/3677 1216/3086/1216 3717/3083/3715
f 3720/5355/3718 4984/5354/4982 3717/3083/3715 1236/3082/1236
f 1242/5358/1242 3729/5359/3727 4985/5360/4983 3737/5361/3735
f 3729/5359/3727 1232/5362/1232 3705/5363/3703 4985/5360/4983
f 4985/5360/4983 3705/5363/3703 1231/5364/1231 3710/5365/3708
f 3737/5361/3735 4985/5360/4983 3710/5365/3708 1241/5366/1241
f 1240/5367/1240 3727/5368/3725 4986/5369/4984 3736/5370/3734
f 3727/5368/3725 1227/5371/1227 3707/5372/3705 4986/5369/4984
f 4986/5369/4984 3707/5372/3705 1230/5373/1230 3690/5374/3688
f 3736/5370/3734 4986/5369/4984 3690/5374/3688 1239/5375/1239
f 1218/5338/1218 3701/5376/3699 4987/5377/4985 3680/5339/3678
f 3701/5376/3699 1224/5378/1224 3692/5379/3690 4987/5377/4985
f 4987/5377/4985 3692/5379/3690 1223/5380/1223 3700/5381/3698
f 3680/5339/3678 4987/5377/4985 3700/5381/3698 1217/5340/1217
f 1215/3097/1215 3678/5333/3676 4988/5382/4986 3683/5345/3681
f 3678/5333/3676 1221/5332/1221 3695/5383/3693 4988/5382/4986
f 4988/5382/4986 3695/5383/3693 1224/5378/1224 3701/5376/3699
f 3683/5345/3681 4988/5382/4986 3701/5376/3699 1218/5338/1218
f 1220/5350/1220 3698/5384/3696 4989/5385/4987 3681/5351/3679
f 3698/5384/3696 1226/5386/1226 3693/5387/3691 4989/5385/4987
f 4989/5385/4987 3693/5387/3691 1225/5330/1225 3697/5328/3695
f 3681/5351/3679 4989/5385/4987 3697/5328/3695 1219/3095/1219
f 1217/5356/1217 3700/5388/3698 4990/5389/4988 3679/5357/3677
f 3700/5388/3698 1223/5390/1223 3691/5391/3689 4990/5389/4988
f 4990/5389/4988 3691/5391/3689 1222/5324/1222 3699/5322/3697
f 3679/5357/3677 4990/5389/4988 3699/5322/3697 1216/3086/1216
f 1231/5364/1231 3705/5363/3703 4991/5392/4989 3708/5393/3706
f 3705/5363/3703 1232/5362/1232 3706/5394/3704 4991/5392/4989
f 4991/5392/4989 3706/5394/3704 1228/5395/1228 3702/5396/3700
f 3708/5393/3706 4991/5392/4989 3702/5396/3700 1227/5371/1227
f 1227/5371/1227 3702/5396/3700 4992/5397/4990 3707/5372/3705
f 3702/5396/3700 1228/5395/1228 3703/5398/3701 4992/5397/4990
f 4992/5397/4990 3703/5398/3701 1229/5399/1229 3704/5400/3702
f 3707/5372/3705 4992/5397/4990 3704/5400/3702 1230/5373/1230
f 1244/5401/1244 3731/5402/3729 4993/5403/4991 3735/5404/3733
f 3731/5402/3729 1229/5405/1229 3703/5406/3701 4993/5403/4991
f 4993/5403/4991 3703/5406/3701 1228/5407/1228 3712/5408/3710
f 3735/5404/3733 4993/5403/4991 3712/5408/3710 1243/5409/1243
f 1241/5366/1241 3710/5365/3708 4994/5410/4992 3734/5411/3732
f 3710/5365/3708 1231/5364/1231 3708/5393/3706 4994/5410/4992
f 4994/5410/4992 3708/5393/3706 1227/5371/1227 3727/5368/3725
f 3734/5411/3732 4994/5410/4992 3727/5368/3725 1240/5367/1240
f 1243/5409/1243 3712/5408/3710 4995/5412/4993 3733/5413/3731
f 3712/5408/3710 1228/5407/1228 3706/5414/3704 4995/5412/4993
f 4995/5412/4993 3706/5414/3704 1232/5415/1232 3729/5416/3727
f 3733/5413/3731 4995/5412/4993 3729/5416/3727 1242/5417/1242
f 1239/5375/1239 3690/5374/3688 4996/5418/4994 3732/5419/3730
f 3690/5374/3688 1230/5373/1230 3704/5400/3702 4996/5418/4994
f 4996/5418/4994 3704/5400/3702 1229/5399/1229 3731/5420/3729
f 3732/5419/3730 4996/5418/4994 3731/5420/3729 1244/5421/1244
f 740/5422/740 3718/5423/3716 4997/5424/4995 3666/5425/3664
f 3718/5423/3716 1237/5352/1237 3720/5355/3718 4997/5424/4995
f 4997/5424/4995 3720/5355/3718 1236/3082/1236 3687/5426/3685
f 3666/5425/3664 4997/5424/4995 3687/5426/3685 1210/5427/1210
f 795/5428/795 3716/5429/3714 4998/5430/4996 3668/5431/3666
f 3716/5429/3714 1235/5346/1235 3721/5349/3719 4998/5430/4996
f 4998/5430/4996 3721/5349/3719 1234/3091/1234 3685/5432/3683
f 3668/5431/3666 4998/5430/4996 3685/5432/3683 932/5433/932
f 1214/5434/1214 3714/5435/3712 4999/5436/4997 3670/5437/3668
f 3714/5435/3712 1233/3099/1233 3722/5344/3720 4999/5436/4997
f 4999/5436/4997 3722/5344/3720 1238/5334/1238 3689/5438/3687
f 3670/5437/3668 4999/5436/4997 3689/5438/3687 931/5439/931
f 931/5439/931 3689/5438/3687 5000/5440/4998 3667/5441/3665
f 3689/5438/3687 1238/5334/1238 3723/5337/3721 5000/5440/4998
f 5000/5440/4998 3723/5337/3721 1237/5342/1237 3718/5442/3716
f 3667/5441/3665 5000/5440/4998 3718/5442/3716 740/5443/740
f 932/5433/932 3685/5432/3683 5001/5444/4999 3671/5445/3669
f 3685/5432/3683 1234/3091/1234 3724/3094/3722 5001/5444/4999
f 5001/5444/4999 3724/3094/3722 1233/3099/1233 3714/5435/3712
f 3671/5445/3669 5001/5444/4999 3714/5435/3712 1214/5434/1214
f 1210/5427/1210 3687/5426/3685 5002/5446/5000 3669/5447/3667
f 3687/5426/3685 1236/3082/1236 3725/3085/3723 5002/5446/5000
f 5002/5446/5000 3725/3085/3723 1235/3090/1235 3716/5448/3714
f 3669/5447/3667 5002/5446/5000 3716/5448/3714 795/5449/795
f 1224/5378/1224 3726/5450/3724 5003/5451/5001 3692/5379/3690
f 3726/5450/3724 1239/5375/1239 3732/5419/3730 5003/5451/5001
f 5003/5451/5001 3732/5419/3730 1244/5421/1244 3713/5452/3711
f 3692/5379/3690 5003/5451/5001 3713/5452/3711 1223/5380/1223
f 1222/5324/1222 3730/5453/3728 5004/5454/5002 3694/5325/3692
f 3730/5453/3728 1243/5409/1243 3733/5413/3731 5004/5454/5002
f 5004/5454/5002 3733/5413/3731 1242/5417/1242 3711/5455/3709
f 3694/5325/3692 5004/5454/5002 3711/5455/3709 1226/5326/1226
f 1225/5330/1225 3728/5456/3726 5005/5457/5003 3696/5331/3694
f 3728/5456/3726 1241/5366/1241 3734/5411/3732 5005/5457/5003
f 5005/5457/5003 3734/5411/3732 1240/5367/1240 3709/5458/3707
f 3696/5331/3694 5005/5457/5003 3709/5458/3707 1221/5332/1221
f 1223/5390/1223 3713/5459/3711 5006/5460/5004 3691/5391/3689
f 3713/5459/3711 1244/5401/1244 3735/5404/3733 5006/5460/5004
f 5006/5460/5004 3735/5404/3733 1243/5409/1243 3730/5453/3728
f 3691/5391/3689 5006/5460/5004 3730/5453/3728 1222/5324/1222
f 1221/5332/1221 3709/5458/3707 5007/5461/5005 3695/5383/3693
f 3709/5458/3707 1240/5367/1240 3736/5370/3734 5007/5461/5005
f 5007/5461/5005 3736/5370/3734 1239/5375/1239 3726/5450/3724
f 3695/5383/3693 5007/5461/5005 3726/5450/3724 1224/5378/1224
f 1226/5386/1226 3711/5462/3709 5008/5463/5006 3693/5387/3691
f 3711/5462/3709 1242/5358/1242 3737/5361/3735 5008/5463/5006
f 5008/5463/5006 3737/5361/3735 1241/5366/1241 3728/5456/3726
f 3693/5387/3691 5008/5463/5006 3728/5456/3726 1225/5330/1225
f 1245/5464/1245 2929/5465/2927 5009/5466/5007 3741/5467/3739
f 2929/5465/2927 807/3389/807 2839/3392/2837 5009/5466/5007
f 5009/5466/5007 2839/3392/2837 100/3394/100 1453/5468/1453
f 3741/5467/3739 5009/5466/5007 1453/5468/1453 658/5469/658
f 1249/5470/1249 2730/5471/2728 5010/5472/5008 3742/5473/3740
f 2730/5471/2728 775/3171/775 2734/3243/2732 5010/5472/5008
f 5010/5472/5008 2734/3243/2732 784/3172/784 3748/5474/3746
f 3742/5473/3740 5010/5472/5008 3748/5474/3746 1250/5475/1250
f 1248/5476/1248 2780/5477/2778 5011/5478/5009 3744/5479/3742
f 2780/5477/2778 802/3211/802 2761/3694/2759 5011/5478/5009
f 5011/5478/5009 2761/3694/2759 807/3389/807 2929/5465/2927
f 3744/5479/3742 5011/5478/5009 2929/5465/2927 1245/5464/1245
f 784/3172/784 2762/3212/2760 5012/5480/5010 3748/5474/3746
f 2762/3212/2760 802/3211/802 2780/5477/2778 5012/5480/5010
f 5012/5480/5010 2780/5477/2778 1248/5476/1248 3743/5481/3741
f 3748/5474/3746 5012/5480/5010 3743/5481/3741 1250/5475/1250
f 773/3163/773 2735/3166/2733 5013/5482/5011 3749/3219/3747
f 2735/3166/2733 775/3171/775 2730/5471/2728 5013/5482/5011
f 5013/5482/5011 2730/5471/2728 1249/5470/1249 3747/5483/3745
f 3749/3219/3747 5013/5482/5011 3747/5483/3745 1251/3220/1251
f 1259/5484/1259 3765/5485/3763 5014/5486/5012 3779/5487/3777
f 3765/5485/3763 1252/5488/1252 3754/5489/3752 5014/5486/5012
f 5014/5486/5012 3754/5489/3752 1255/5490/1255 3759/5491/3757
f 3779/5487/3777 5014/5486/5012 3759/5491/3757 1260/5492/1260
f 1261/5493/1261 3767/5494/3765 5015/5495/5013 3778/5496/3776
f 3767/5494/3765 1257/5497/1257 3752/5498/3750 5015/5495/5013
f 5015/5495/5013 3752/5498/3750 1256/5499/1256 3761/5500/3759
f 3778/5496/3776 5015/5495/5013 3761/5500/3759 1262/5501/1262
f 1263/5502/1263 3769/5503/3767 5016/5504/5014 3777/5505/3775
f 3769/5503/3767 1254/5506/1254 3750/5507/3748 5016/5504/5014
f 5016/5504/5014 3750/5507/3748 671/2724/671 2552/2723/671
f 3777/5505/3775 5016/5504/5014 2552/2723/671 680/2722/680
f 1262/5501/1262 3761/5500/3759 5017/5508/5015 3776/5509/3774
f 3761/5500/3759 1256/5499/1256 3757/5510/3755 5017/5508/5015
f 5017/5508/5015 3757/5510/3755 1258/5511/1258 3763/5512/3761
f 3776/5509/3774 5017/5508/5015 3763/5512/3761 1264/5513/1264
f 1265/5514/1265 3771/5515/3769 5018/5516/5016 3775/5517/3773
f 3771/5515/3769 1253/5518/1253 3755/5519/3753 5018/5516/5016
f 5018/5516/5016 3755/5519/3753 1254/5506/1254 3769/5503/3767
f 3775/5517/3773 5018/5516/5016 3769/5503/3767 1263/5502/1263
f 1260/5492/1260 3759/5491/3757 5019/5520/5017 3774/5521/3772
f 3759/5491/3757 1255/5490/1255 3753/5522/3751 5019/5520/5017
f 5019/5520/5017 3753/5522/3751 1257/5497/1257 3767/5494/3765
f 3774/5521/3772 5019/5520/5017 3767/5494/3765 1261/5493/1261
f 683/2742/683 2564/2745/667 5020/5523/5018 3773/5524/3771
f 2564/2745/667 667/2747/667 3751/5525/3749 5020/5523/5018
f 5020/5523/5018 3751/5525/3749 1252/5488/1252 3765/5485/3763
f 3773/5524/3771 5020/5523/5018 3765/5485/3763 1259/5484/1259
f 1264/5513/1264 3763/5512/3761 5021/5526/5019 3772/5527/3770
f 3763/5512/3761 1258/5511/1258 3756/5528/3754 5021/5526/5019
f 5021/5526/5019 3756/5528/3754 1253/5518/1253 3771/5515/3769
f 3772/5527/3770 5021/5526/5019 3771/5515/3769 1265/5514/1265
f 1251/5529/1251 3770/5530/3768 5022/5531/5020 3746/5532/3744
f 3770/5530/3768 1264/5513/1264 3772/5527/3770 5022/5531/5020
f 5022/5531/5020 3772/5527/3770 1265/5514/1265 3764/5533/3762
f 3746/5532/3744 5022/5531/5020 3764/5533/3762 1246/5534/1246
f 658/2757/658 2555/2760/2554 5023/5535/5021 3741/5536/3739
f 2555/2760/2554 683/2742/683 3773/5524/3771 5023/5535/5021
f 5023/5535/5021 3773/5524/3771 1259/5484/1259 3758/5537/3756
f 3741/5536/3739 5023/5535/5021 3758/5537/3756 1245/5538/1245
f 1248/5539/1248 3766/5540/3764 5024/5541/5022 3743/5542/3741
f 3766/5540/3764 1260/5492/1260 3774/5521/3772 5024/5541/5022
f 5024/5541/5022 3774/5521/3772 1261/5493/1261 3760/5543/3758
f 3743/5542/3741 5024/5541/5022 3760/5543/3758 1250/5544/1250
f 1246/5534/1246 3764/5533/3762 5025/5545/5023 3745/5546/3743
f 3764/5533/3762 1265/5514/1265 3775/5517/3773 5025/5545/5023
f 5025/5545/5023 3775/5517/3773 1263/5502/1263 3762/5547/3760
f 3745/5546/3743 5025/5545/5023 3762/5547/3760 1247/5548/1247
f 1249/5549/1249 3768/5550/3766 5026/5551/5024 3747/5552/3745
f 3768/5550/3766 1262/5501/1262 3776/5509/3774 5026/5551/5024
f 5026/5551/5024 3776/5509/3774 1264/5513/1264 3770/5530/3768
f 3747/5552/3745 5026/5551/5024 3770/5530/3768 1251/5529/1251
f 1247/5548/1247 3762/5547/3760 5027/5553/5025 3740/5554/3738
f 3762/5547/3760 1263/5502/1263 3777/5505/3775 5027/5553/5025
f 5027/5553/5025 3777/5505/3775 680/2722/680 2561/2780/2560
f 3740/5554/3738 5027/5553/5025 2561/2780/2560 662/2779/662
f 1250/5544/1250 3760/5543/3758 5028/5555/5026 3742/5556/3740
f 3760/5543/3758 1261/5493/1261 3778/5496/3776 5028/5555/5026
f 5028/5555/5026 3778/5496/3776 1262/5501/1262 3768/5550/3766
f 3742/5556/3740 5028/5555/5026 3768/5550/3766 1249/5549/1249
f 1245/5538/1245 3758/5537/3756 5029/5557/5027 3744/5558/3742
f 3758/5537/3756 1259/5484/1259 3779/5487/3777 5029/5557/5027
f 5029/5557/5027 3779/5487/3777 1260/5492/1260 3766/5540/3764
f 3744/5558/3742 5029/5557/5027 3766/5540/3764 1248/5539/1248
o NurbsPath
v 0.323443 1.437251 3.886454
v 0.323443 1.437251 3.896455
v 0.314783 1.437251 3.901454
v 0.306123 1.437251 3.896455
v 0.306123 1.437251 3.886454
v 0.314783 1.437251 3.881454
v 0.323443 1.344566 3.886454
v 0.323443 1.344566 3.896455
v 0.314783 1.344566 3.901454
v 0.306123 1.344566 3.896455
v 0.306123 1.344566 3.886454
v 0.314783 1.344566 3.881454
v 0.323443 1.251880 3.886454
v 0.323443 1.251880 3.896455
v 0.314783 1.251880 3.901454
v 0.306123 1.251880 3.896455
v 0.306123 1.251880 3.886454
v 0.314783 1.251880 3.881454
v 0.323443 1.159195 3.886454
v 0.323443 1.159195 3.896455
v 0.314783 1.159195 3.901454
v 0.306123 1.159195 3.896455
v 0.306123 1.159195 3.886454
v 0.314783 1.159195 3.881454
v 0.323443 1.066510 3.886454
v 0.323443 1.066510 3.896455
v 0.314783 1.066510 3.901454
v 0.306123 1.066510 3.896455
v 0.306123 1.066510 3.886454
v 0.314783 1.066510 3.881454
v 0.323443 0.973824 3.886454
v 0.323443 0.973824 3.896455
v 0.314783 0.973824 3.901454
v 0.306123 0.973824 3.896455
v 0.306123 0.973824 3.886454
v 0.314783 0.973824 3.881454
v 0.323443 0.881139 3.886454
v 0.323443 0.881139 3.896455
v 0.314783 0.881139 3.901454
v 0.306123 0.881139 3.896455
v 0.306123 0.881139 3.886454
v 0.314783 0.881139 3.881454
v 0.323443 0.788454 3.886454
v 0.323443 0.788454 3.896455
v 0.314783 0.788454 3.901454
v 0.306123 0.788454 3.896455
v 0.306123 0.788454 3.886454
v 0.314783 0.788454 3.881454
v 0.323443 0.695768 3.886454
v 0.323443 0.695768 3.896455
v 0.314783 0.695768 3.901454
v 0.306123 0.695768 3.896455
v 0.306123 0.695768 3.886454
v 0.314783 0.695768 3.881454
v 0.323443 0.603083 3.886454
v 0.323443 0.603083 3.896455
v 0.314783 0.603083 3.901454
v 0.306123 0.603083 3.896455
v 0.306123 0.603083 3.886454
v 0.314783 0.603083 3.881454
v 0.323443 0.510398 3.886454
v 0.323443 0.510398 3.896455
v 0.314783 0.510398 3.901454
v 0.306123 0.510398 3.896455
v 0.306123 0.510398 3.886454
v 0.314783 0.510398 3.881454
v 0.323444 0.417712 3.886454
v 0.323444 0.417712 3.896455
v 0.314783 0.417712 3.901454
v 0.306123 0.417712 3.896455
v 0.306123 0.417712 3.886454
v 0.314783 0.417712 3.881454
vn 0.8660 -0.0000 -0.5000
vn 0.8660 -0.0000 0.5000
vn -0.0000 -0.0000 1.0000
vn -0.8660 -0.0000 0.5000
vn -0.8660 -0.0000 -0.5000
vn -0.0000 -0.0000 -1.0000
vt 0.000000 1.000000
vt 0.090909 1.000000
vt 0.090909 0.833333
vt 0.000000 0.833333
vt 0.000000 0.166667
vt 0.090909 0.166667
vt 0.090909 0.000000
vt 0.000000 0.000000
vt 0.000000 0.333333
vt 0.090909 0.333333
vt 0.000000 0.500000
vt 0.090909 0.500000
vt 0.000000 0.666667
vt 0.090909 0.666667
vt 0.181818 1.000000
vt 0.181818 0.833333
vt 0.181818 0.166667
vt 0.181818 0.000000
vt 0.181818 0.333333
vt 0.181818 0.500000
vt 0.181818 0.666667
vt 0.272727 1.000000
vt 0.272727 0.833333
vt 0.272727 0.166667
vt 0.272727 0.000000
vt 0.272727 0.333333
vt 0.272727 0.500000
vt 0.272727 0.666667
vt 0.363636 1.000000
vt 0.363636 0.833333
vt 0.363636 0.166667
vt 0.363636 0.000000
vt 0.363636 0.333333
vt 0.363636 0.500000
vt 0.363636 0.666667
vt 0.454545 1.000000
vt 0.454545 0.833333
vt 0.454545 0.166667
vt 0.454545 0.000000
vt 0.454545 0.333333
vt 0.454545 0.500000
vt 0.454545 0.666667
vt 0.545455 1.000000
vt 0.545455 0.833333
vt 0.545455 0.166667
vt 0.545455 0.000000
vt 0.545455 0.333333
vt 0.545455 0.500000
vt 0.545455 0.666667
vt 0.636364 1.000000
vt 0.636364 0.833333
vt 0.636364 0.166667
vt 0.636364 0.000000
vt 0.636364 0.333333
vt 0.636364 0.500000
vt 0.636364 0.666667
vt 0.727273 1.000000
vt 0.727273 0.833333
vt 0.727273 0.166667
vt 0.727273 0.000000
vt 0.727273 0.333333
vt 0.727273 0.500000
vt 0.727273 0.666667
vt 0.818182 1.000000
vt 0.818182 0.833333
vt 0.818182 0.166667
vt 0.818182 0.000000
vt 0.818182 0.333333
vt 0.818182 0.500000
vt 0.818182 0.666667
vt 0.909091 1.000000
vt 0.909091 0.833333
vt 0.909091 0.166667
vt 0.909091 0.000000
vt 0.909091 0.333333
vt 0.909091 0.500000
vt 0.909091 0.666667
vt 1.000000 1.000000
vt 1.000000 0.833333
vt 1.000000 0.166667
vt 1.000000 0.000000
vt 1.000000 0.333333
vt 1.000000 0.500000
vt 1.000000 0.666667
s 1
usemtl Material.001
f 5030/5559/5028 5036/5560/5028 5041/5561/5033 5035/5562/5033
f 5031/5563/5029 5037/5564/5029 5036/5565/5028 5030/5566/5028
f 5032/5567/5030 5038/5568/5030 5037/5564/5029 5031/5563/5029
f 5033/5569/5031 5039/5570/5031 5038/5568/5030 5032/5567/5030
f 5034/5571/5032 5040/5572/5032 5039/5570/5031 5033/5569/5031
f 5035/5562/5033 5041/5561/5033 5040/5572/5032 5034/5571/5032
f 5036/5560/5028 5042/5573/5028 5047/5574/5033 5041/5561/5033
f 5037/5564/5029 5043/5575/5029 5042/5576/5028 5036/5565/5028
f 5038/5568/5030 5044/5577/5030 5043/5575/5029 5037/5564/5029
f 5039/5570/5031 5045/5578/5031 5044/5577/5030 5038/5568/5030
f 5040/5572/5032 5046/5579/5032 5045/5578/5031 5039/5570/5031
f 5041/5561/5033 5047/5574/5033 5046/5579/5032 5040/5572/5032
f 5042/5573/5028 5048/5580/5028 5053/5581/5033 5047/5574/5033
f 5043/5575/5029 5049/5582/5029 5048/5583/5028 5042/5576/5028
f 5044/5577/5030 5050/5584/5030 5049/5582/5029 5043/5575/5029
f 5045/5578/5031 5051/5585/5031 5050/5584/5030 5044/5577/5030
f 5046/5579/5032 5052/5586/5032 5051/5585/5031 5045/5578/5031
f 5047/5574/5033 5053/5581/5033 5052/5586/5032 5046/5579/5032
f 5048/5580/5028 5054/5587/5028 5059/5588/5033 5053/5581/5033
f 5049/5582/5029 5055/5589/5029 5054/5590/5028 5048/5583/5028
f 5050/5584/5030 5056/5591/5030 5055/5589/5029 5049/5582/5029
f 5051/5585/5031 5057/5592/5031 5056/5591/5030 5050/5584/5030
f 5052/5586/5032 5058/5593/5032 5057/5592/5031 5051/5585/5031
f 5053/5581/5033 5059/5588/5033 5058/5593/5032 5052/5586/5032
f 5054/5587/5028 5060/5594/5028 5065/5595/5033 5059/5588/5033
f 5055/5589/5029 5061/5596/5029 5060/5597/5028 5054/5590/5028
f 5056/5591/5030 5062/5598/5030 5061/5596/5029 5055/5589/5029
f 5057/5592/5031 5063/5599/5031 5062/5598/5030 5056/5591/5030
f 5058/5593/5032 5064/5600/5032 5063/5599/5031 5057/5592/5031
f 5059/5588/5033 5065/5595/5033 5064/5600/5032 5058/5593/5032
f 5060/5594/5028 5066/5601/5028 5071/5602/5033 5065/5595/5033
f 5061/5596/5029 5067/5603/5029 5066/5604/5028 5060/5597/5028
f 5062/5598/5030 5068/5605/5030 5067/5603/5029 5061/5596/5029
f 5063/5599/5031 5069/5606/5031 5068/5605/5030 5062/5598/5030
f 5064/5600/5032 5070/5607/5032 5069/5606/5031 5063/5599/5031
f 5065/5595/5033 5071/5602/5033 5070/5607/5032 5064/5600/5032
f 5066/5601/5028 5072/5608/5028 5077/5609/5033 5071/5602/5033
f 5067/5603/5029 5073/5610/5029 5072/5611/5028 5066/5604/5028
f 5068/5605/5030 5074/5612/5030 5073/5610/5029 5067/5603/5029
f 5069/5606/5031 5075/5613/5031 5074/5612/5030 5068/5605/5030
f 5070/5607/5032 5076/5614/5032 5075/5613/5031 5069/5606/5031
f 5071/5602/5033 5077/5609/5033 5076/5614/5032 5070/5607/5032
f 5072/5608/5028 5078/5615/5028 5083/5616/5033 5077/5609/5033
f 5073/5610/5029 5079/5617/5029 5078/5618/5028 5072/5611/5028
f 5074/5612/5030 5080/5619/5030 5079/5617/5029 5073/5610/5029
f 5075/5613/5031 5081/5620/5031 5080/5619/5030 5074/5612/5030
f 5076/5614/5032 5082/5621/5032 5081/5620/5031 5075/5613/5031
f 5077/5609/5033 5083/5616/5033 5082/5621/5032 5076/5614/5032
f 5078/5615/5028 5084/5622/5028 5089/5623/5033 5083/5616/5033
f 5079/5617/5029 5085/5624/5029 5084/5625/5028 5078/5618/5028
f 5080/5619/5030 5086/5626/5030 5085/5624/5029 5079/5617/5029
f 5081/5620/5031 5087/5627/5031 5086/5626/5030 5080/5619/5030
f 5082/5621/5032 5088/5628/5032 5087/5627/5031 5081/5620/5031
f 5083/5616/5033 5089/5623/5033 5088/5628/5032 5082/5621/5032
f 5084/5622/5028 5090/5629/5028 5095/5630/5033 5089/5623/5033
f 5085/5624/5029 5091/5631/5029 5090/5632/5028 5084/5625/5028
f 5086/5626/5030 5092/5633/5030 5091/5631/5029 5085/5624/5029
f 5087/5627/5031 5093/5634/5031 5092/5633/5030 5086/5626/5030
f 5088/5628/5032 5094/5635/5032 5093/5634/5031 5087/5627/5031
f 5089/5623/5033 5095/5630/5033 5094/5635/5032 5088/5628/5032
f 5090/5629/5028 5096/5636/5028 5101/5637/5033 5095/5630/5033
f 5091/5631/5029 5097/5638/5029 5096/5639/5028 5090/5632/5028
f 5092/5633/5030 5098/5640/5030 5097/5638/5029 5091/5631/5029
f 5093/5634/5031 5099/5641/5031 5098/5640/5030 5092/5633/5030
f 5094/5635/5032 5100/5642/5032 5099/5641/5031 5093/5634/5031
f 5095/5630/5033 5101/5637/5033 5100/5642/5032 5094/5635/5032
o NurbsPath
v 0.323443 1.437251 3.886454
v 0.323443 1.437251 3.896455
v 0.314783 1.437251 3.901454
v 0.306123 1.437251 3.896455
v 0.306123 1.437251 3.886454
v 0.314783 1.437251 3.881454
v 0.323443 1.344566 3.886454
v 0.323443 1.344566 3.896455
v 0.314783 1.344566 3.901454
v 0.306123 1.344566 3.896455
v 0.306123 1.344566 3.886454
v 0.314783 1.344566 3.881454
v 0.323443 1.251880 3.886454
v 0.323443 1.251880 3.896455
v 0.314783 1.251880 3.901454
v 0.306123 1.251880 3.896455
v 0.306123 1.251880 3.886454
v 0.314783 1.251880 3.881454
v 0.323443 1.159195 3.886454
v 0.323443 1.159195 3.896455
v 0.314783 1.159195 3.901454
v 0.306123 1.159195 3.896455
v 0.306123 1.159195 3.886454
v 0.314783 1.159195 3.881454
v 0.323443 1.066510 3.886454
v 0.323443 1.066510 3.896455
v 0.314783 1.066510 3.901454
v 0.306123 1.066510 3.896455
v 0.306123 1.066510 3.886454
v 0.314783 1.066510 3.881454
v 0.323443 0.973824 3.886454
v 0.323443 0.973824 3.896455
v 0.314783 0.973824 3.901454
v 0.306123 0.973824 3.896455
v 0.306123 0.973824 3.886454
v 0.314783 0.973824 3.881454
v 0.323443 0.881139 3.886454
v 0.323443 0.881139 3.896455
v 0.314783 0.881139 3.901454
v 0.306123 0.881139 3.896455
v 0.306123 0.881139 3.886454
v 0.314783 0.881139 3.881454
v 0.323443 0.788454 3.886454
v 0.323443 0.788454 3.896455
v 0.314783 0.788454 3.901454
v 0.306123 0.788454 3.896455
v 0.306123 0.788454 3.886454
v 0.314783 0.788454 3.881454
v 0.323443 0.695768 3.886454
v 0.323443 0.695768 3.896455
v 0.314783 0.695768 3.901454
v 0.306123 0.695768 3.896455
v 0.306123 0.695768 3.886454
v 0.314783 0.695768 3.881454
v 0.323443 0.603083 3.886454
v 0.323443 0.603083 3.896455
v 0.314783 0.603083 3.901454
v 0.306123 0.603083 3.896455
v 0.306123 0.603083 3.886454
v 0.314783 0.603083 3.881454
v 0.323443 0.510398 3.886454
v 0.323443 0.510398 3.896455
v 0.314783 0.510398 3.901454
v 0.306123 0.510398 3.896455
v 0.306123 0.510398 3.886454
v 0.314783 0.510398 3.881454
v 0.323444 0.417712 3.886454
v 0.323444 0.417712 3.896455
v 0.314783 0.417712 3.901454
v 0.306123 0.417712 3.896455
v 0.306123 0.417712 3.886454
v 0.314783 0.417712 3.881454
vn 0.8660 -0.0000 -0.5000
vn 0.8660 -0.0000 0.5000
vn -0.0000 -0.0000 1.0000
vn -0.8660 -0.0000 0.5000
vn -0.8660 -0.0000 -0.5000
vn -0.0000 -0.0000 -1.0000
vt 0.000000 1.000000
vt 0.090909 1.000000
vt 0.090909 0.833333
vt 0.000000 0.833333
vt 0.000000 0.166667
vt 0.090909 0.166667
vt 0.090909 0.000000
vt 0.000000 0.000000
vt 0.000000 0.333333
vt 0.090909 0.333333
vt 0.000000 0.500000
vt 0.090909 0.500000
vt 0.000000 0.666667
vt 0.090909 0.666667
vt 0.181818 1.000000
vt 0.181818 0.833333
vt 0.181818 0.166667
vt 0.181818 0.000000
vt 0.181818 0.333333
vt 0.181818 0.500000
vt 0.181818 0.666667
vt 0.272727 1.000000
vt 0.272727 0.833333
vt 0.272727 0.166667
vt 0.272727 0.000000
vt 0.272727 0.333333
vt 0.272727 0.500000
vt 0.272727 0.666667
vt 0.363636 1.000000
vt 0.363636 0.833333
vt 0.363636 0.166667
vt 0.363636 0.000000
vt 0.363636 0.333333
vt 0.363636 0.500000
vt 0.363636 0.666667
vt 0.454545 1.000000
vt 0.454545 0.833333
vt 0.454545 0.166667
vt 0.454545 0.000000
vt 0.454545 0.333333
vt 0.454545 0.500000
vt 0.454545 0.666667
vt 0.545455 1.000000
vt 0.545455 0.833333
vt 0.545455 0.166667
vt 0.545455 0.000000
vt 0.545455 0.333333
vt 0.545455 0.500000
vt 0.545455 0.666667
vt 0.636364 1.000000
vt 0.636364 0.833333
vt 0.636364 0.166667
vt 0.636364 0.000000
vt 0.636364 0.333333
vt 0.636364 0.500000
vt 0.636364 0.666667
vt 0.727273 1.000000
vt 0.727273 0.833333
vt 0.727273 0.166667
vt 0.727273 0.000000
vt 0.727273 0.333333
vt 0.727273 0.500000
vt 0.727273 0.666667
vt 0.818182 1.000000
vt 0.818182 0.833333
vt 0.818182 0.166667
vt 0.818182 0.000000
vt 0.818182 0.333333
vt 0.818182 0.500000
vt 0.818182 0.666667
vt 0.909091 1.000000
vt 0.909091 0.833333
vt 0.909091 0.166667
vt 0.909091 0.000000
vt 0.909091 0.333333
vt 0.909091 0.500000
vt 0.909091 0.666667
vt 1.000000 1.000000
vt 1.000000 0.833333
vt 1.000000 0.166667
vt 1.000000 0.000000
vt 1.000000 0.333333
vt 1.000000 0.500000
vt 1.000000 0.666667
s 1
usemtl Material.001
f 5102/5643/5034 5108/5644/5034 5113/5645/5039 5107/5646/5039
f 5103/5647/5035 5109/5648/5035 5108/5649/5034 5102/5650/5034
f 5104/5651/5036 5110/5652/5036 5109/5648/5035 5103/5647/5035
f 5105/5653/5037 5111/5654/5037 5110/5652/5036 5104/5651/5036
f 5106/5655/5038 5112/5656/5038 5111/5654/5037 5105/5653/5037
f 5107/5646/5039 5113/5645/5039 5112/5656/5038 5106/5655/5038
f 5108/5644/5034 5114/5657/5034 5119/5658/5039 5113/5645/5039
f 5109/5648/5035 5115/5659/5035 5114/5660/5034 5108/5649/5034
f 5110/5652/5036 5116/5661/5036 5115/5659/5035 5109/5648/5035
f 5111/5654/5037 5117/5662/5037 5116/5661/5036 5110/5652/5036
f 5112/5656/5038 5118/5663/5038 5117/5662/5037 5111/5654/5037
f 5113/5645/5039 5119/5658/5039 5118/5663/5038 5112/5656/5038
f 5114/5657/5034 5120/5664/5034 5125/5665/5039 5119/5658/5039
f 5115/5659/5035 5121/5666/5035 5120/5667/5034 5114/5660/5034
f 5116/5661/5036 5122/5668/5036 5121/5666/5035 5115/5659/5035
f 5117/5662/5037 5123/5669/5037 5122/5668/5036 5116/5661/5036
f 5118/5663/5038 5124/5670/5038 5123/5669/5037 5117/5662/5037
f 5119/5658/5039 5125/5665/5039 5124/5670/5038 5118/5663/5038
f 5120/5664/5034 5126/5671/5034 5131/5672/5039 5125/5665/5039
f 5121/5666/5035 5127/5673/5035 5126/5674/5034 5120/5667/5034
f 5122/5668/5036 5128/5675/5036 5127/5673/5035 5121/5666/5035
f 5123/5669/5037 5129/5676/5037 5128/5675/5036 5122/5668/5036
f 5124/5670/5038 5130/5677/5038 5129/5676/5037 5123/5669/5037
f 5125/5665/5039 5131/5672/5039 5130/5677/5038 5124/5670/5038
f 5126/5671/5034 5132/5678/5034 5137/5679/5039 5131/5672/5039
f 5127/5673/5035 5133/5680/5035 5132/5681/5034 5126/5674/5034
f 5128/5675/5036 5134/5682/5036 5133/5680/5035 5127/5673/5035
f 5129/5676/5037 5135/5683/5037 5134/5682/5036 5128/5675/5036
f 5130/5677/5038 5136/5684/5038 5135/5683/5037 5129/5676/5037
f 5131/5672/5039 5137/5679/5039 5136/5684/5038 5130/5677/5038
f 5132/5678/5034 5138/5685/5034 5143/5686/5039 5137/5679/5039
f 5133/5680/5035 5139/5687/5035 5138/5688/5034 5132/5681/5034
f 5134/5682/5036 5140/5689/5036 5139/5687/5035 5133/5680/5035
f 5135/5683/5037 5141/5690/5037 5140/5689/5036 5134/5682/5036
f 5136/5684/5038 5142/5691/5038 5141/5690/5037 5135/5683/5037
f 5137/5679/5039 5143/5686/5039 5142/5691/5038 5136/5684/5038
f 5138/5685/5034 5144/5692/5034 5149/5693/5039 5143/5686/5039
f 5139/5687/5035 5145/5694/5035 5144/5695/5034 5138/5688/5034
f 5140/5689/5036 5146/5696/5036 5145/5694/5035 5139/5687/5035
f 5141/5690/5037 5147/5697/5037 5146/5696/5036 5140/5689/5036
f 5142/5691/5038 5148/5698/5038 5147/5697/5037 5141/5690/5037
f 5143/5686/5039 5149/5693/5039 5148/5698/5038 5142/5691/5038
f 5144/5692/5034 5150/5699/5034 5155/5700/5039 5149/5693/5039
f 5145/5694/5035 5151/5701/5035 5150/5702/5034 5144/5695/5034
f 5146/5696/5036 5152/5703/5036 5151/5701/5035 5145/5694/5035
f 5147/5697/5037 5153/5704/5037 5152/5703/5036 5146/5696/5036
f 5148/5698/5038 5154/5705/5038 5153/5704/5037 5147/5697/5037
f 5149/5693/5039 5155/5700/5039 5154/5705/5038 5148/5698/5038
f 5150/5699/5034 5156/5706/5034 5161/5707/5039 5155/5700/5039
f 5151/5701/5035 5157/5708/5035 5156/5709/5034 5150/5702/5034
f 5152/5703/5036 5158/5710/5036 5157/5708/5035 5151/5701/5035
f 5153/5704/5037 5159/5711/5037 5158/5710/5036 5152/5703/5036
f 5154/5705/5038 5160/5712/5038 5159/5711/5037 5153/5704/5037
f 5155/5700/5039 5161/5707/5039 5160/5712/5038 5154/5705/5038
f 5156/5706/5034 5162/5713/5034 5167/5714/5039 5161/5707/5039
f 5157/5708/5035 5163/5715/5035 5162/5716/5034 5156/5709/5034
f 5158/5710/5036 5164/5717/5036 5163/5715/5035 5157/5708/5035
f 5159/5711/5037 5165/5718/5037 5164/5717/5036 5158/5710/5036
f 5160/5712/5038 5166/5719/5038 5165/5718/5037 5159/5711/5037
f 5161/5707/5039 5167/5714/5039 5166/5719/5038 5160/5712/5038
f 5162/5713/5034 5168/5720/5034 5173/5721/5039 5167/5714/5039
f 5163/5715/5035 5169/5722/5035 5168/5723/5034 5162/5716/5034
f 5164/5717/5036 5170/5724/5036 5169/5722/5035 5163/5715/5035
f 5165/5718/5037 5171/5725/5037 5170/5724/5036 5164/5717/5036
f 5166/5719/5038 5172/5726/5038 5171/5725/5037 5165/5718/5037
f 5167/5714/5039 5173/5721/5039 5172/5726/5038 5166/5719/5038
o Cone
v 0.314783 1.427228 3.841452
v 0.364783 1.427228 3.891452
v 0.314783 1.427228 3.941452
v 0.264783 1.427228 3.891452
v 0.314783 1.527228 3.891452
vn 0.6667 0.3333 -0.6667
vn 0.6667 0.3333 0.6667
vn -0.0000 -1.0000 -0.0000
vn -0.6667 0.3333 0.6667
vn -0.6667 0.3333 -0.6667
vt 0.250000 0.490000
vt 0.250000 0.250000
vt 0.490000 0.250000
vt 0.250000 0.010000
vt 0.750000 0.490000
vt 0.990000 0.250000
vt 0.750000 0.010000
vt 0.510000 0.250000
vt 0.010000 0.250000
s 0
usemtl Material.001
f 5174/5727/5040 5178/5728/5040 5175/5729/5040
f 5175/5729/5041 5178/5728/5041 5176/5730/5041
f 5174/5731/5042 5175/5732/5042 5176/5733/5042 5177/5734/5042
f 5176/5730/5043 5178/5728/5043 5177/5735/5043
f 5177/5735/5044 5178/5728/5044 5174/5727/5044
o NurbsPath.001
v 0.008660 1.437251 4.434394
v 0.008660 1.437251 4.444394
v -0.000000 1.437251 4.449394
v -0.008660 1.437251 4.444394
v -0.008660 1.437251 4.434394
v -0.000000 1.437251 4.429394
v 0.008660 1.332792 4.434394
v 0.008660 1.332792 4.444394
v -0.000000 1.332792 4.449394
v -0.008660 1.332792 4.444394
v -0.008660 1.332792 4.434394
v -0.000000 1.332792 4.429394
v 0.008660 1.228333 4.434394
v 0.008660 1.228333 4.444394
v 0.000000 1.228333 4.449394
v -0.008660 1.228333 4.444394
v -0.008660 1.228333 4.434394
v -0.000000 1.228333 4.429394
v 0.008660 1.123874 4.434394
v 0.008660 1.123874 4.444394
v 0.000000 1.123874 4.449394
v -0.008660 1.123874 4.444394
v -0.008660 1.123874 4.434394
v 0.000000 1.123874 4.429394
v 0.008660 1.019415 4.434394
v 0.008660 1.019415 4.444394
v 0.000000 1.019415 4.449394
v -0.008660 1.019415 4.444394
v -0.008660 1.019415 4.434394
v 0.000000 1.019415 4.429394
v 0.008660 0.914955 4.434394
v 0.008660 0.914955 4.444394
v 0.000000 0.914955 4.449394
v -0.008660 0.914955 4.444394
v -0.008660 0.914955 4.434394
v 0.000000 0.914955 4.429394
v 0.008660 0.810496 4.434394
v 0.008660 0.810496 4.444394
v 0.000000 0.810496 4.449394
v -0.008660 0.810496 4.444394
v -0.008660 0.810496 4.434394
v 0.000000 0.810496 4.429394
v 0.008660 0.706037 4.434394
v 0.008660 0.706037 4.444394
v 0.000000 0.706037 4.449394
v -0.008660 0.706037 4.444394
v -0.008660 0.706037 4.434394
v 0.000000 0.706037 4.429394
v 0.008660 0.601578 4.434394
v 0.008660 0.601578 4.444394
v 0.000000 0.601578 4.449394
v -0.008660 0.601578 4.444394
v -0.008660 0.601578 4.434394
v 0.000000 0.601578 4.429394
v 0.008660 0.497119 4.434394
v 0.008660 0.497119 4.444394
v 0.000000 0.497119 4.449394
v -0.008660 0.497119 4.444394
v -0.008660 0.497119 4.434394
v 0.000000 0.497119 4.429394
v 0.008660 0.392660 4.434394
v 0.008660 0.392660 4.444394
v 0.000000 0.392660 4.449394
v -0.008660 0.392660 4.444394
v -0.008660 0.392660 4.434394
v 0.000000 0.392660 4.429394
v 0.008660 0.288201 4.434394
v 0.008660 0.288201 4.444394
v 0.000000 0.288201 4.449394
v -0.008660 0.288201 4.444394
v -0.008660 0.288201 4.434394
v 0.000000 0.288201 4.429394
vn 0.8660 -0.0000 -0.5000
vn 0.8660 -0.0000 0.5000
vn -0.0000 -0.0000 1.0000
vn -0.8660 -0.0000 0.5000
vn -0.8660 -0.0000 -0.5000
vn -0.0000 -0.0000 -1.0000
vt 0.000000 1.000000
vt 0.090909 1.000000
vt 0.090909 0.833333
vt 0.000000 0.833333
vt 0.000000 0.166667
vt 0.090909 0.166667
vt 0.090909 0.000000
vt 0.000000 0.000000
vt 0.000000 0.333333
vt 0.090909 0.333333
vt 0.000000 0.500000
vt 0.090909 0.500000
vt 0.000000 0.666667
vt 0.090909 0.666667
vt 0.181818 1.000000
vt 0.181818 0.833333
vt 0.181818 0.166667
vt 0.181818 0.000000
vt 0.181818 0.333333
vt 0.181818 0.500000
vt 0.181818 0.666667
vt 0.272727 1.000000
vt 0.272727 0.833333
vt 0.272727 0.166667
vt 0.272727 0.000000
vt 0.272727 0.333333
vt 0.272727 0.500000
vt 0.272727 0.666667
vt 0.363636 1.000000
vt 0.363636 0.833333
vt 0.363636 0.166667
vt 0.363636 0.000000
vt 0.363636 0.333333
vt 0.363636 0.500000
vt 0.363636 0.666667
vt 0.454545 1.000000
vt 0.454545 0.833333
vt 0.454545 0.166667
vt 0.454545 0.000000
vt 0.454545 0.333333
vt 0.454545 0.500000
vt 0.454545 0.666667
vt 0.545455 1.000000
vt 0.545455 0.833333
vt 0.545455 0.166667
vt 0.545455 0.000000
vt 0.545455 0.333333
vt 0.545455 0.500000
vt 0.545455 0.666667
vt 0.636364 1.000000
vt 0.636364 0.833333
vt 0.636364 0.166667
vt 0.636364 0.000000
vt 0.636364 0.333333
vt 0.636364 0.500000
vt 0.636364 0.666667
vt 0.727273 1.000000
vt 0.727273 0.833333
vt 0.727273 0.166667
vt 0.727273 0.000000
vt 0.727273 0.333333
vt 0.727273 0.500000
vt 0.727273 0.666667
vt 0.818182 1.000000
vt 0.818182 0.833333
vt 0.818182 0.166667
vt 0.818182 0.000000
vt 0.818182 0.333333
vt 0.818182 0.500000
vt 0.818182 0.666667
vt 0.909091 1.000000
vt 0.909091 0.833333
vt 0.909091 0.166667
vt 0.909091 0.000000
vt 0.909091 0.333333
vt 0.909091 0.500000
vt 0.909091 0.666667
vt 1.000000 1.000000
vt 1.000000 0.833333
vt 1.000000 0.166667
vt 1.000000 0.000000
vt 1.000000 0.333333
vt 1.000000 0.500000
vt 1.000000 0.666667
s 1
usemtl Material.001
f 5179/5736/5045 5185/5737/5045 5190/5738/5050 5184/5739/5050
f 5180/5740/5046 5186/5741/5046 5185/5742/5045 5179/5743/5045
f 5181/5744/5047 5187/5745/5047 5186/5741/5046 5180/5740/5046
f 5182/5746/5048 5188/5747/5048 5187/5745/5047 5181/5744/5047
f 5183/5748/5049 5189/5749/5049 5188/5747/5048 5182/5746/5048
f 5184/5739/5050 5190/5738/5050 5189/5749/5049 5183/5748/5049
f 5185/5737/5045 5191/5750/5045 5196/5751/5050 5190/5738/5050
f 5186/5741/5046 5192/5752/5046 5191/5753/5045 5185/5742/5045
f 5187/5745/5047 5193/5754/5047 5192/5752/5046 5186/5741/5046
f 5188/5747/5048 5194/5755/5048 5193/5754/5047 5187/5745/5047
f 5189/5749/5049 5195/5756/5049 5194/5755/5048 5188/5747/5048
f 5190/5738/5050 5196/5751/5050 5195/5756/5049 5189/5749/5049
f 5191/5750/5045 5197/5757/5045 5202/5758/5050 5196/5751/5050
f 5192/5752/5046 5198/5759/5046 5197/5760/5045 5191/5753/5045
f 5193/5754/5047 5199/5761/5047 5198/5759/5046 5192/5752/5046
f 5194/5755/5048 5200/5762/5048 5199/5761/5047 5193/5754/5047
f 5195/5756/5049 5201/5763/5049 5200/5762/5048 5194/5755/5048
f 5196/5751/5050 5202/5758/5050 5201/5763/5049 5195/5756/5049
f 5197/5757/5045 5203/5764/5045 5208/5765/5050 5202/5758/5050
f 5198/5759/5046 5204/5766/5046 5203/5767/5045 5197/5760/5045
f 5199/5761/5047 5205/5768/5047 5204/5766/5046 5198/5759/5046
f 5200/5762/5048 5206/5769/5048 5205/5768/5047 5199/5761/5047
f 5201/5763/5049 5207/5770/5049 5206/5769/5048 5200/5762/5048
f 5202/5758/5050 5208/5765/5050 5207/5770/5049 5201/5763/5049
f 5203/5764/5045 5209/5771/5045 5214/5772/5050 5208/5765/5050
f 5204/5766/5046 5210/5773/5046 5209/5774/5045 5203/5767/5045
f 5205/5768/5047 5211/5775/5047 5210/5773/5046 5204/5766/5046
f 5206/5769/5048 5212/5776/5048 5211/5775/5047 5205/5768/5047
f 5207/5770/5049 5213/5777/5049 5212/5776/5048 5206/5769/5048
f 5208/5765/5050 5214/5772/5050 5213/5777/5049 5207/5770/5049
f 5209/5771/5045 5215/5778/5045 5220/5779/5050 5214/5772/5050
f 5210/5773/5046 5216/5780/5046 5215/5781/5045 5209/5774/5045
f 5211/5775/5047 5217/5782/5047 5216/5780/5046 5210/5773/5046
f 5212/5776/5048 5218/5783/5048 5217/5782/5047 5211/5775/5047
f 5213/5777/5049 5219/5784/5049 5218/5783/5048 5212/5776/5048
f 5214/5772/5050 5220/5779/5050 5219/5784/5049 5213/5777/5049
f 5215/5778/5045 5221/5785/5045 5226/5786/5050 5220/5779/5050
f 5216/5780/5046 5222/5787/5046 5221/5788/5045 5215/5781/5045
f 5217/5782/5047 5223/5789/5047 5222/5787/5046 5216/5780/5046
f 5218/5783/5048 5224/5790/5048 5223/5789/5047 5217/5782/5047
f 5219/5784/5049 5225/5791/5049 5224/5790/5048 5218/5783/5048
f 5220/5779/5050 5226/5786/5050 5225/5791/5049 5219/5784/5049
f 5221/5785/5045 5227/5792/5045 5232/5793/5050 5226/5786/5050
f 5222/5787/5046 5228/5794/5046 5227/5795/5045 5221/5788/5045
f 5223/5789/5047 5229/5796/5047 5228/5794/5046 5222/5787/5046
f 5224/5790/5048 5230/5797/5048 5229/5796/5047 5223/5789/5047
f 5225/5791/5049 5231/5798/5049 5230/5797/5048 5224/5790/5048
f 5226/5786/5050 5232/5793/5050 5231/5798/5049 5225/5791/5049
f 5227/5792/5045 5233/5799/5045 5238/5800/5050 5232/5793/5050
f 5228/5794/5046 5234/5801/5046 5233/5802/5045 5227/5795/5045
f 5229/5796/5047 5235/5803/5047 5234/5801/5046 5228/5794/5046
f 5230/5797/5048 5236/5804/5048 5235/5803/5047 5229/5796/5047
f 5231/5798/5049 5237/5805/5049 5236/5804/5048 5230/5797/5048
f 5232/5793/5050 5238/5800/5050 5237/5805/5049 5231/5798/5049
f 5233/5799/5045 5239/5806/5045 5244/5807/5050 5238/5800/5050
f 5234/5801/5046 5240/5808/5046 5239/5809/5045 5233/5802/5045
f 5235/5803/5047 5241/5810/5047 5240/5808/5046 5234/5801/5046
f 5236/5804/5048 5242/5811/5048 5241/5810/5047 5235/5803/5047
f 5237/5805/5049 5243/5812/5049 5242/5811/5048 5236/5804/5048
f 5238/5800/5050 5244/5807/5050 5243/5812/5049 5237/5805/5049
f 5239/5806/5045 5245/5813/5045 5250/5814/5050 5244/5807/5050
f 5240/5808/5046 5246/5815/5046 5245/5816/5045 5239/5809/5045
f 5241/5810/5047 5247/5817/5047 5246/5815/5046 5240/5808/5046
f 5242/5811/5048 5248/5818/5048 5247/5817/5047 5241/5810/5047
f 5243/5812/5049 5249/5819/5049 5248/5818/5048 5242/5811/5048
f 5244/5807/5050 5250/5814/5050 5249/5819/5049 5243/5812/5049
o NurbsPath.001
v 0.008660 1.437251 4.434394
v 0.008660 1.437251 4.444394
v -0.000000 1.437251 4.449394
v -0.008660 1.437251 4.444394
v -0.008660 1.437251 4.434394
v -0.000000 1.437251 4.429394
v 0.008660 1.332792 4.434394
v 0.008660 1.332792 4.444394
v -0.000000 1.332792 4.449394
v -0.008660 1.332792 4.444394
v -0.008660 1.332792 4.434394
v -0.000000 1.332792 4.429394
v 0.008660 1.228333 4.434394
v 0.008660 1.228333 4.444394
v 0.000000 1.228333 4.449394
v -0.008660 1.228333 4.444394
v -0.008660 1.228333 4.434394
v -0.000000 1.228333 4.429394
v 0.008660 1.123874 4.434394
v 0.008660 1.123874 4.444394
v 0.000000 1.123874 4.449394
v -0.008660 1.123874 4.444394
v -0.008660 1.123874 4.434394
v 0.000000 1.123874 4.429394
v 0.008660 1.019415 4.434394
v 0.008660 1.019415 4.444394
v 0.000000 1.019415 4.449394
v -0.008660 1.019415 4.444394
v -0.008660 1.019415 4.434394
v 0.000000 1.019415 4.429394
v 0.008660 0.914955 4.434394
v 0.008660 0.914955 4.444394
v 0.000000 0.914955 4.449394
v -0.008660 0.914955 4.444394
v -0.008660 0.914955 4.434394
v 0.000000 0.914955 4.429394
v 0.008660 0.810496 4.434394
v 0.008660 0.810496 4.444394
v 0.000000 0.810496 4.449394
v -0.008660 0.810496 4.444394
v -0.008660 0.810496 4.434394
v 0.000000 0.810496 4.429394
v 0.008660 0.706037 4.434394
v 0.008660 0.706037 4.444394
v 0.000000 0.706037 4.449394
v -0.008660 0.706037 4.444394
v -0.008660 0.706037 4.434394
v 0.000000 0.706037 4.429394
v 0.008660 0.601578 4.434394
v 0.008660 0.601578 4.444394
v 0.000000 0.601578 4.449394
v -0.008660 0.601578 4.444394
v -0.008660 0.601578 4.434394
v 0.000000 0.601578 4.429394
v 0.008660 0.497119 4.434394
v 0.008660 0.497119 4.444394
v 0.000000 0.497119 4.449394
v -0.008660 0.497119 4.444394
v -0.008660 0.497119 4.434394
v 0.000000 0.497119 4.429394
v 0.008660 0.392660 4.434394
v 0.008660 0.392660 4.444394
v 0.000000 0.392660 4.449394
v -0.008660 0.392660 4.444394
v -0.008660 0.392660 4.434394
v 0.000000 0.392660 4.429394
v 0.008660 0.288201 4.434394
v 0.008660 0.288201 4.444394
v 0.000000 0.288201 4.449394
v -0.008660 0.288201 4.444394
v -0.008660 0.288201 4.434394
v 0.000000 0.288201 4.429394
vn 0.8660 -0.0000 -0.5000
vn 0.8660 -0.0000 0.5000
vn -0.0000 -0.0000 1.0000
vn -0.8660 -0.0000 0.5000
vn -0.8660 -0.0000 -0.5000
vn -0.0000 -0.0000 -1.0000
vt 0.000000 1.000000
vt 0.090909 1.000000
vt 0.090909 0.833333
vt 0.000000 0.833333
vt 0.000000 0.166667
vt 0.090909 0.166667
vt 0.090909 0.000000
vt 0.000000 0.000000
vt 0.000000 0.333333
vt 0.090909 0.333333
vt 0.000000 0.500000
vt 0.090909 0.500000
vt 0.000000 0.666667
vt 0.090909 0.666667
vt 0.181818 1.000000
vt 0.181818 0.833333
vt 0.181818 0.166667
vt 0.181818 0.000000
vt 0.181818 0.333333
vt 0.181818 0.500000
vt 0.181818 0.666667
vt 0.272727 1.000000
vt 0.272727 0.833333
vt 0.272727 0.166667
vt 0.272727 0.000000
vt 0.272727 0.333333
vt 0.272727 0.500000
vt 0.272727 0.666667
vt 0.363636 1.000000
vt 0.363636 0.833333
vt 0.363636 0.166667
vt 0.363636 0.000000
vt 0.363636 0.333333
vt 0.363636 0.500000
vt 0.363636 0.666667
vt 0.454545 1.000000
vt 0.454545 0.833333
vt 0.454545 0.166667
vt 0.454545 0.000000
vt 0.454545 0.333333
vt 0.454545 0.500000
vt 0.454545 0.666667
vt 0.545455 1.000000
vt 0.545455 0.833333
vt 0.545455 0.166667
vt 0.545455 0.000000
vt 0.545455 0.333333
vt 0.545455 0.500000
vt 0.545455 0.666667
vt 0.636364 1.000000
vt 0.636364 0.833333
vt 0.636364 0.166667
vt 0.636364 0.000000
vt 0.636364 0.333333
vt 0.636364 0.500000
vt 0.636364 0.666667
vt 0.727273 1.000000
vt 0.727273 0.833333
vt 0.727273 0.166667
vt 0.727273 0.000000
vt 0.727273 0.333333
vt 0.727273 0.500000
vt 0.727273 0.666667
vt 0.818182 1.000000
vt 0.818182 0.833333
vt 0.818182 0.166667
vt 0.818182 0.000000
vt 0.818182 0.333333
vt 0.818182 0.500000
vt 0.818182 0.666667
vt 0.909091 1.000000
vt 0.909091 0.833333
vt 0.909091 0.166667
vt 0.909091 0.000000
vt 0.909091 0.333333
vt 0.909091 0.500000
vt 0.909091 0.666667
vt 1.000000 1.000000
vt 1.000000 0.833333
vt 1.000000 0.166667
vt 1.000000 0.000000
vt 1.000000 0.333333
vt 1.000000 0.500000
vt 1.000000 0.666667
s 1
usemtl Material.001
f 5251/5820/5051 5257/5821/5051 5262/5822/5056 5256/5823/5056
f 5252/5824/5052 5258/5825/5052 5257/5826/5051 5251/5827/5051
f 5253/5828/5053 5259/5829/5053 5258/5825/5052 5252/5824/5052
f 5254/5830/5054 5260/5831/5054 5259/5829/5053 5253/5828/5053
f 5255/5832/5055 5261/5833/5055 5260/5831/5054 5254/5830/5054
f 5256/5823/5056 5262/5822/5056 5261/5833/5055 5255/5832/5055
f 5257/5821/5051 5263/5834/5051 5268/5835/5056 5262/5822/5056
f 5258/5825/5052 5264/5836/5052 5263/5837/5051 5257/5826/5051
f 5259/5829/5053 5265/5838/5053 5264/5836/5052 5258/5825/5052
f 5260/5831/5054 5266/5839/5054 5265/5838/5053 5259/5829/5053
f 5261/5833/5055 5267/5840/5055 5266/5839/5054 5260/5831/5054
f 5262/5822/5056 5268/5835/5056 5267/5840/5055 5261/5833/5055
f 5263/5834/5051 5269/5841/5051 5274/5842/5056 5268/5835/5056
f 5264/5836/5052 5270/5843/5052 5269/5844/5051 5263/5837/5051
f 5265/5838/5053 5271/5845/5053 5270/5843/5052 5264/5836/5052
f 5266/5839/5054 5272/5846/5054 5271/5845/5053 5265/5838/5053
f 5267/5840/5055 5273/5847/5055 5272/5846/5054 5266/5839/5054
f 5268/5835/5056 5274/5842/5056 5273/5847/5055 5267/5840/5055
f 5269/5841/5051 5275/5848/5051 5280/5849/5056 5274/5842/5056
f 5270/5843/5052 5276/5850/5052 5275/5851/5051 5269/5844/5051
f 5271/5845/5053 5277/5852/5053 5276/5850/5052 5270/5843/5052
f 5272/5846/5054 5278/5853/5054 5277/5852/5053 5271/5845/5053
f 5273/5847/5055 5279/5854/5055 5278/5853/5054 5272/5846/5054
f 5274/5842/5056 5280/5849/5056 5279/5854/5055 5273/5847/5055
f 5275/5848/5051 5281/5855/5051 5286/5856/5056 5280/5849/5056
f 5276/5850/5052 5282/5857/5052 5281/5858/5051 5275/5851/5051
f 5277/5852/5053 5283/5859/5053 5282/5857/5052 5276/5850/5052
f 5278/5853/5054 5284/5860/5054 5283/5859/5053 5277/5852/5053
f 5279/5854/5055 5285/5861/5055 5284/5860/5054 5278/5853/5054
f 5280/5849/5056 5286/5856/5056 5285/5861/5055 5279/5854/5055
f 5281/5855/5051 5287/5862/5051 5292/5863/5056 5286/5856/5056
f 5282/5857/5052 5288/5864/5052 5287/5865/5051 5281/5858/5051
f 5283/5859/5053 5289/5866/5053 5288/5864/5052 5282/5857/5052
f 5284/5860/5054 5290/5867/5054 5289/5866/5053 5283/5859/5053
f 5285/5861/5055 5291/5868/5055 5290/5867/5054 5284/5860/5054
f 5286/5856/5056 5292/5863/5056 5291/5868/5055 5285/5861/5055
f 5287/5862/5051 5293/5869/5051 5298/5870/5056 5292/5863/5056
f 5288/5864/5052 5294/5871/5052 5293/5872/5051 5287/5865/5051
f 5289/5866/5053 5295/5873/5053 5294/5871/5052 5288/5864/5052
f 5290/5867/5054 5296/5874/5054 5295/5873/5053 5289/5866/5053
f 5291/5868/5055 5297/5875/5055 5296/5874/5054 5290/5867/5054
f 5292/5863/5056 5298/5870/5056 5297/5875/5055 5291/5868/5055
f 5293/5869/5051 5299/5876/5051 5304/5877/5056 5298/5870/5056
f 5294/5871/5052 5300/5878/5052 5299/5879/5051 5293/5872/5051
f 5295/5873/5053 5301/5880/5053 5300/5878/5052 5294/5871/5052
f 5296/5874/5054 5302/5881/5054 5301/5880/5053 5295/5873/5053
f 5297/5875/5055 5303/5882/5055 5302/5881/5054 5296/5874/5054
f 5298/5870/5056 5304/5877/5056 5303/5882/5055 5297/5875/5055
f 5299/5876/5051 5305/5883/5051 5310/5884/5056 5304/5877/5056
f 5300/5878/5052 5306/5885/5052 5305/5886/5051 5299/5879/5051
f 5301/5880/5053 5307/5887/5053 5306/5885/5052 5300/5878/5052
f 5302/5881/5054 5308/5888/5054 5307/5887/5053 5301/5880/5053
f 5303/5882/5055 5309/5889/5055 5308/5888/5054 5302/5881/5054
f 5304/5877/5056 5310/5884/5056 5309/5889/5055 5303/5882/5055
f 5305/5883/5051 5311/5890/5051 5316/5891/5056 5310/5884/5056
f 5306/5885/5052 5312/5892/5052 5311/5893/5051 5305/5886/5051
f 5307/5887/5053 5313/5894/5053 5312/5892/5052 5306/5885/5052
f 5308/5888/5054 5314/5895/5054 5313/5894/5053 5307/5887/5053
f 5309/5889/5055 5315/5896/5055 5314/5895/5054 5308/5888/5054
f 5310/5884/5056 5316/5891/5056 5315/5896/5055 5309/5889/5055
f 5311/5890/5051 5317/5897/5051 5322/5898/5056 5316/5891/5056
f 5312/5892/5052 5318/5899/5052 5317/5900/5051 5311/5893/5051
f 5313/5894/5053 5319/5901/5053 5318/5899/5052 5312/5892/5052
f 5314/5895/5054 5320/5902/5054 5319/5901/5053 5313/5894/5053
f 5315/5896/5055 5321/5903/5055 5320/5902/5054 5314/5895/5054
f 5316/5891/5056 5322/5898/5056 5321/5903/5055 5315/5896/5055
o Cone.001
v 0.000000 1.427228 4.389391
v 0.050000 1.427228 4.439392
v 0.000000 1.427228 4.489392
v -0.050000 1.427228 4.439392
v 0.000000 1.527228 4.439392
vn 0.6667 0.3333 -0.6667
vn 0.6667 0.3333 0.6667
vn -0.0000 -1.0000 -0.0000
vn -0.6667 0.3333 0.6667
vn -0.6667 0.3333 -0.6667
vt 0.250000 0.490000
vt 0.250000 0.250000
vt 0.490000 0.250000
vt 0.250000 0.010000
vt 0.750000 0.490000
vt 0.990000 0.250000
vt 0.750000 0.010000
vt 0.510000 0.250000
vt 0.010000 0.250000
s 0
usemtl Material.001
f 5323/5904/5057 5327/5905/5057 5324/5906/5057
f 5324/5906/5058 5327/5905/5058 5325/5907/5058
f 5323/5908/5059 5324/5909/5059 5325/5910/5059 5326/5911/5059
f 5325/5907/5060 5327/5905/5060 5326/5912/5060
f 5326/5912/5061 5327/5905/5061 5323/5904/5061
o NurbsPath.002
v -1.240352 1.006423 1.337966
v -1.240352 1.006423 1.347966
v -1.249012 1.006423 1.352966
v -1.257672 1.006423 1.347966
v -1.257672 1.006423 1.337966
v -1.249012 1.006423 1.332966
v -1.240352 0.913738 1.337966
v -1.240352 0.913738 1.347966
v -1.249012 0.913738 1.352966
v -1.257672 0.913738 1.347966
v -1.257672 0.913738 1.337966
v -1.249012 0.913738 1.332966
v -1.240352 0.821052 1.337966
v -1.240352 0.821052 1.347966
v -1.249012 0.821052 1.352966
v -1.257672 0.821052 1.347966
v -1.257672 0.821052 1.337966
v -1.249012 0.821052 1.332966
v -1.240352 0.728367 1.337966
v -1.240352 0.728367 1.347966
v -1.249012 0.728367 1.352966
v -1.257672 0.728367 1.347966
v -1.257672 0.728367 1.337966
v -1.249012 0.728367 1.332966
v -1.240352 0.635682 1.337966
v -1.240352 0.635682 1.347966
v -1.249012 0.635682 1.352966
v -1.257672 0.635682 1.347966
v -1.257672 0.635682 1.337966
v -1.249012 0.635682 1.332966
v -1.240352 0.542996 1.337966
v -1.240352 0.542996 1.347966
v -1.249012 0.542996 1.352966
v -1.257672 0.542996 1.347966
v -1.257672 0.542996 1.337966
v -1.249012 0.542996 1.332966
v -1.240352 0.450311 1.337966
v -1.240352 0.450311 1.347966
v -1.249012 0.450311 1.352966
v -1.257672 0.450311 1.347966
v -1.257672 0.450311 1.337966
v -1.249012 0.450311 1.332966
v -1.240352 0.357626 1.337966
v -1.240352 0.357626 1.347966
v -1.249012 0.357626 1.352966
v -1.257672 0.357626 1.347966
v -1.257672 0.357626 1.337966
v -1.249012 0.357626 1.332966
v -1.240352 0.264940 1.337966
v -1.240352 0.264940 1.347966
v -1.249012 0.264940 1.352966
v -1.257672 0.264940 1.347966
v -1.257672 0.264940 1.337966
v -1.249012 0.264940 1.332966
v -1.240352 0.172255 1.337966
v -1.240352 0.172255 1.347966
v -1.249012 0.172255 1.352966
v -1.257672 0.172255 1.347966
v -1.257672 0.172255 1.337966
v -1.249012 0.172255 1.332966
v -1.240352 0.079570 1.337966
v -1.240352 0.079570 1.347966
v -1.249012 0.079570 1.352966
v -1.257672 0.079570 1.347966
v -1.257672 0.079570 1.337966
v -1.249012 0.079570 1.332966
v -1.240352 -0.013116 1.337966
v -1.240352 -0.013116 1.347966
v -1.249012 -0.013116 1.352966
v -1.257672 -0.013116 1.347966
v -1.257672 -0.013116 1.337966
v -1.249012 -0.013116 1.332966
vn 0.8660 -0.0000 -0.5000
vn 0.8660 -0.0000 0.5000
vn -0.0000 -0.0000 1.0000
vn -0.8660 -0.0000 0.5000
vn -0.8660 -0.0000 -0.5000
vn -0.0000 -0.0000 -1.0000
vt 0.000000 1.000000
vt 0.090909 1.000000
vt 0.090909 0.833333
vt 0.000000 0.833333
vt 0.000000 0.166667
vt 0.090909 0.166667
vt 0.090909 0.000000
vt 0.000000 0.000000
vt 0.000000 0.333333
vt 0.090909 0.333333
vt 0.000000 0.500000
vt 0.090909 0.500000
vt 0.000000 0.666667
vt 0.090909 0.666667
vt 0.181818 1.000000
vt 0.181818 0.833333
vt 0.181818 0.166667
vt 0.181818 0.000000
vt 0.181818 0.333333
vt 0.181818 0.500000
vt 0.181818 0.666667
vt 0.272727 1.000000
vt 0.272727 0.833333
vt 0.272727 0.166667
vt 0.272727 0.000000
vt 0.272727 0.333333
vt 0.272727 0.500000
vt 0.272727 0.666667
vt 0.363636 1.000000
vt 0.363636 0.833333
vt 0.363636 0.166667
vt 0.363636 0.000000
vt 0.363636 0.333333
vt 0.363636 0.500000
vt 0.363636 0.666667
vt 0.454545 1.000000
vt 0.454545 0.833333
vt 0.454545 0.166667
vt 0.454545 0.000000
vt 0.454545 0.333333
vt 0.454545 0.500000
vt 0.454545 0.666667
vt 0.545455 1.000000
vt 0.545455 0.833333
vt 0.545455 0.166667
vt 0.545455 0.000000
vt 0.545455 0.333333
vt 0.545455 0.500000
vt 0.545455 0.666667
vt 0.636364 1.000000
vt 0.636364 0.833333
vt 0.636364 0.166667
vt 0.636364 0.000000
vt 0.636364 0.333333
vt 0.636364 0.500000
vt 0.636364 0.666667
vt 0.727273 1.000000
vt 0.727273 0.833333
vt 0.727273 0.166667
vt 0.727273 0.000000
vt 0.727273 0.333333
vt 0.727273 0.500000
vt 0.727273 0.666667
vt 0.818182 1.000000
vt 0.818182 0.833333
vt 0.818182 0.166667
vt 0.818182 0.000000
vt 0.818182 0.333333
vt 0.818182 0.500000
vt 0.818182 0.666667
vt 0.909091 1.000000
vt 0.909091 0.833333
vt 0.909091 0.166667
vt 0.909091 0.000000
vt 0.909091 0.333333
vt 0.909091 0.500000
vt 0.909091 0.666667
vt 1.000000 1.000000
vt 1.000000 0.833333
vt 1.000000 0.166667
vt 1.000000 0.000000
vt 1.000000 0.333333
vt 1.000000 0.500000
vt 1.000000 0.666667
s 1
usemtl Material.001
f 5328/5913/5062 5334/5914/5062 5339/5915/5067 5333/5916/5067
f 5329/5917/5063 5335/5918/5063 5334/5919/5062 5328/5920/5062
f 5330/5921/5064 5336/5922/5064 5335/5918/5063 5329/5917/5063
f 5331/5923/5065 5337/5924/5065 5336/5922/5064 5330/5921/5064
f 5332/5925/5066 5338/5926/5066 5337/5924/5065 5331/5923/5065
f 5333/5916/5067 5339/5915/5067 5338/5926/5066 5332/5925/5066
f 5334/5914/5062 5340/5927/5062 5345/5928/5067 5339/5915/5067
f 5335/5918/5063 5341/5929/5063 5340/5930/5062 5334/5919/5062
f 5336/5922/5064 5342/5931/5064 5341/5929/5063 5335/5918/5063
f 5337/5924/5065 5343/5932/5065 5342/5931/5064 5336/5922/5064
f 5338/5926/5066 5344/5933/5066 5343/5932/5065 5337/5924/5065
f 5339/5915/5067 5345/5928/5067 5344/5933/5066 5338/5926/5066
f 5340/5927/5062 5346/5934/5062 5351/5935/5067 5345/5928/5067
f 5341/5929/5063 5347/5936/5063 5346/5937/5062 5340/5930/5062
f 5342/5931/5064 5348/5938/5064 5347/5936/5063 5341/5929/5063
f 5343/5932/5065 5349/5939/5065 5348/5938/5064 5342/5931/5064
f 5344/5933/5066 5350/5940/5066 5349/5939/5065 5343/5932/5065
f 5345/5928/5067 5351/5935/5067 5350/5940/5066 5344/5933/5066
f 5346/5934/5062 5352/5941/5062 5357/5942/5067 5351/5935/5067
f 5347/5936/5063 5353/5943/5063 5352/5944/5062 5346/5937/5062
f 5348/5938/5064 5354/5945/5064 5353/5943/5063 5347/5936/5063
f 5349/5939/5065 5355/5946/5065 5354/5945/5064 5348/5938/5064
f 5350/5940/5066 5356/5947/5066 5355/5946/5065 5349/5939/5065
f 5351/5935/5067 5357/5942/5067 5356/5947/5066 5350/5940/5066
f 5352/5941/5062 5358/5948/5062 5363/5949/5067 5357/5942/5067
f 5353/5943/5063 5359/5950/5063 5358/5951/5062 5352/5944/5062
f 5354/5945/5064 5360/5952/5064 5359/5950/5063 5353/5943/5063
f 5355/5946/5065 5361/5953/5065 5360/5952/5064 5354/5945/5064
f 5356/5947/5066 5362/5954/5066 5361/5953/5065 5355/5946/5065
f 5357/5942/5067 5363/5949/5067 5362/5954/5066 5356/5947/5066
f 5358/5948/5062 5364/5955/5062 5369/5956/5067 5363/5949/5067
f 5359/5950/5063 5365/5957/5063 5364/5958/5062 5358/5951/5062
f 5360/5952/5064 5366/5959/5064 5365/5957/5063 5359/5950/5063
f 5361/5953/5065 5367/5960/5065 5366/5959/5064 5360/5952/5064
f 5362/5954/5066 5368/5961/5066 5367/5960/5065 5361/5953/5065
f 5363/5949/5067 5369/5956/5067 5368/5961/5066 5362/5954/5066
f 5364/5955/5062 5370/5962/5062 5375/5963/5067 5369/5956/5067
f 5365/5957/5063 5371/5964/5063 5370/5965/5062 5364/5958/5062
f 5366/5959/5064 5372/5966/5064 5371/5964/5063 5365/5957/5063
f 5367/5960/5065 5373/5967/5065 5372/5966/5064 5366/5959/5064
f 5368/5961/5066 5374/5968/5066 5373/5967/5065 5367/5960/5065
f 5369/5956/5067 5375/5963/5067 5374/5968/5066 5368/5961/5066
f 5370/5962/5062 5376/5969/5062 5381/5970/5067 5375/5963/5067
f 5371/5964/5063 5377/5971/5063 5376/5972/5062 5370/5965/5062
f 5372/5966/5064 5378/5973/5064 5377/5971/5063 5371/5964/5063
f 5373/5967/5065 5379/5974/5065 5378/5973/5064 5372/5966/5064
f 5374/5968/5066 5380/5975/5066 5379/5974/5065 5373/5967/5065
f 5375/5963/5067 5381/5970/5067 5380/5975/5066 5374/5968/5066
f 5376/5969/5062 5382/5976/5062 5387/5977/5067 5381/5970/5067
f 5377/5971/5063 5383/5978/5063 5382/5979/5062 5376/5972/5062
f 5378/5973/5064 5384/5980/5064 5383/5978/5063 5377/5971/5063
f 5379/5974/5065 5385/5981/5065 5384/5980/5064 5378/5973/5064
f 5380/5975/5066 5386/5982/5066 5385/5981/5065 5379/5974/5065
f 5381/5970/5067 5387/5977/5067 5386/5982/5066 5380/5975/5066
f 5382/5976/5062 5388/5983/5062 5393/5984/5067 5387/5977/5067
f 5383/5978/5063 5389/5985/5063 5388/5986/5062 5382/5979/5062
f 5384/5980/5064 5390/5987/5064 5389/5985/5063 5383/5978/5063
f 5385/5981/5065 5391/5988/5065 5390/5987/5064 5384/5980/5064
f 5386/5982/5066 5392/5989/5066 5391/5988/5065 5385/5981/5065
f 5387/5977/5067 5393/5984/5067 5392/5989/5066 5386/5982/5066
f 5388/5983/5062 5394/5990/5062 5399/5991/5067 5393/5984/5067
f 5389/5985/5063 5395/5992/5063 5394/5993/5062 5388/5986/5062
f 5390/5987/5064 5396/5994/5064 5395/5992/5063 5389/5985/5063
f 5391/5988/5065 5397/5995/5065 5396/5994/5064 5390/5987/5064
f 5392/5989/5066 5398/5996/5066 5397/5995/5065 5391/5988/5065
f 5393/5984/5067 5399/5991/5067 5398/5996/5066 5392/5989/5066
o NurbsPath.002
v -1.240352 1.006423 1.337966
v -1.240352 1.006423 1.347966
v -1.249012 1.006423 1.352966
v -1.257672 1.006423 1.347966
v -1.257672 1.006423 1.337966
v -1.249012 1.006423 1.332966
v -1.240352 0.913738 1.337966
v -1.240352 0.913738 1.347966
v -1.249012 0.913738 1.352966
v -1.257672 0.913738 1.347966
v -1.257672 0.913738 1.337966
v -1.249012 0.913738 1.332966
v -1.240352 0.821052 1.337966
v -1.240352 0.821052 1.347966
v -1.249012 0.821052 1.352966
v -1.257672 0.821052 1.347966
v -1.257672 0.821052 1.337966
v -1.249012 0.821052 1.332966
v -1.240352 0.728367 1.337966
v -1.240352 0.728367 1.347966
v -1.249012 0.728367 1.352966
v -1.257672 0.728367 1.347966
v -1.257672 0.728367 1.337966
v -1.249012 0.728367 1.332966
v -1.240352 0.635682 1.337966
v -1.240352 0.635682 1.347966
v -1.249012 0.635682 1.352966
v -1.257672 0.635682 1.347966
v -1.257672 0.635682 1.337966
v -1.249012 0.635682 1.332966
v -1.240352 0.542996 1.337966
v -1.240352 0.542996 1.347966
v -1.249012 0.542996 1.352966
v -1.257672 0.542996 1.347966
v -1.257672 0.542996 1.337966
v -1.249012 0.542996 1.332966
v -1.240352 0.450311 1.337966
v -1.240352 0.450311 1.347966
v -1.249012 0.450311 1.352966
v -1.257672 0.450311 1.347966
v -1.257672 0.450311 1.337966
v -1.249012 0.450311 1.332966
v -1.240352 0.357626 1.337966
v -1.240352 0.357626 1.347966
v -1.249012 0.357626 1.352966
v -1.257672 0.357626 1.347966
v -1.257672 0.357626 1.337966
v -1.249012 0.357626 1.332966
v -1.240352 0.264940 1.337966
v -1.240352 0.264940 1.347966
v -1.249012 0.264940 1.352966
v -1.257672 0.264940 1.347966
v -1.257672 0.264940 1.337966
v -1.249012 0.264940 1.332966
v -1.240352 0.172255 1.337966
v -1.240352 0.172255 1.347966
v -1.249012 0.172255 1.352966
v -1.257672 0.172255 1.347966
v -1.257672 0.172255 1.337966
v -1.249012 0.172255 1.332966
v -1.240352 0.079570 1.337966
v -1.240352 0.079570 1.347966
v -1.249012 0.079570 1.352966
v -1.257672 0.079570 1.347966
v -1.257672 0.079570 1.337966
v -1.249012 0.079570 1.332966
v -1.240352 -0.013116 1.337966
v -1.240352 -0.013116 1.347966
v -1.249012 -0.013116 1.352966
v -1.257672 -0.013116 1.347966
v -1.257672 -0.013116 1.337966
v -1.249012 -0.013116 1.332966
vn 0.8660 -0.0000 -0.5000
vn 0.8660 -0.0000 0.5000
vn -0.0000 -0.0000 1.0000
vn -0.8660 -0.0000 0.5000
vn -0.8660 -0.0000 -0.5000
vn -0.0000 -0.0000 -1.0000
vt 0.000000 1.000000
vt 0.090909 1.000000
vt 0.090909 0.833333
vt 0.000000 0.833333
vt 0.000000 0.166667
vt 0.090909 0.166667
vt 0.090909 0.000000
vt 0.000000 0.000000
vt 0.000000 0.333333
vt 0.090909 0.333333
vt 0.000000 0.500000
vt 0.090909 0.500000
vt 0.000000 0.666667
vt 0.090909 0.666667
vt 0.181818 1.000000
vt 0.181818 0.833333
vt 0.181818 0.166667
vt 0.181818 0.000000
vt 0.181818 0.333333
vt 0.181818 0.500000
vt 0.181818 0.666667
vt 0.272727 1.000000
vt 0.272727 0.833333
vt 0.272727 0.166667
vt 0.272727 0.000000
vt 0.272727 0.333333
vt 0.272727 0.500000
vt 0.272727 0.666667
vt 0.363636 1.000000
vt 0.363636 0.833333
vt 0.363636 0.166667
vt 0.363636 0.000000
vt 0.363636 0.333333
vt 0.363636 0.500000
vt 0.363636 0.666667
vt 0.454545 1.000000
vt 0.454545 0.833333
vt 0.454545 0.166667
vt 0.454545 0.000000
vt 0.454545 0.333333
vt 0.454545 0.500000
vt 0.454545 0.666667
vt 0.545455 1.000000
vt 0.545455 0.833333
vt 0.545455 0.166667
vt 0.545455 0.000000
vt 0.545455 0.333333
vt 0.545455 0.500000
vt 0.545455 0.666667
vt 0.636364 1.000000
vt 0.636364 0.833333
vt 0.636364 0.166667
vt 0.636364 0.000000
vt 0.636364 0.333333
vt 0.636364 0.500000
vt 0.636364 0.666667
vt 0.727273 1.000000
vt 0.727273 0.833333
vt 0.727273 0.166667
vt 0.727273 0.000000
vt 0.727273 0.333333
vt 0.727273 0.500000
vt 0.727273 0.666667
vt 0.818182 1.000000
vt 0.818182 0.833333
vt 0.818182 0.166667
vt 0.818182 0.000000
vt 0.818182 0.333333
vt 0.818182 0.500000
vt 0.818182 0.666667
vt 0.909091 1.000000
vt 0.909091 0.833333
vt 0.909091 0.166667
vt 0.909091 0.000000
vt 0.909091 0.333333
vt 0.909091 0.500000
vt 0.909091 0.666667
vt 1.000000 1.000000
vt 1.000000 0.833333
vt 1.000000 0.166667
vt 1.000000 0.000000
vt 1.000000 0.333333
vt 1.000000 0.500000
vt 1.000000 0.666667
s 1
usemtl Material.001
f 5400/5997/5068 5406/5998/5068 5411/5999/5073 5405/6000/5073
f 5401/6001/5069 5407/6002/5069 5406/6003/5068 5400/6004/5068
f 5402/6005/5070 5408/6006/5070 5407/6002/5069 5401/6001/5069
f 5403/6007/5071 5409/6008/5071 5408/6006/5070 5402/6005/5070
f 5404/6009/5072 5410/6010/5072 5409/6008/5071 5403/6007/5071
f 5405/6000/5073 5411/5999/5073 5410/6010/5072 5404/6009/5072
f 5406/5998/5068 5412/6011/5068 5417/6012/5073 5411/5999/5073
f 5407/6002/5069 5413/6013/5069 5412/6014/5068 5406/6003/5068
f 5408/6006/5070 5414/6015/5070 5413/6013/5069 5407/6002/5069
f 5409/6008/5071 5415/6016/5071 5414/6015/5070 5408/6006/5070
f 5410/6010/5072 5416/6017/5072 5415/6016/5071 5409/6008/5071
f 5411/5999/5073 5417/6012/5073 5416/6017/5072 5410/6010/5072
f 5412/6011/5068 5418/6018/5068 5423/6019/5073 5417/6012/5073
f 5413/6013/5069 5419/6020/5069 5418/6021/5068 5412/6014/5068
f 5414/6015/5070 5420/6022/5070 5419/6020/5069 5413/6013/5069
f 5415/6016/5071 5421/6023/5071 5420/6022/5070 5414/6015/5070
f 5416/6017/5072 5422/6024/5072 5421/6023/5071 5415/6016/5071
f 5417/6012/5073 5423/6019/5073 5422/6024/5072 5416/6017/5072
f 5418/6018/5068 5424/6025/5068 5429/6026/5073 5423/6019/5073
f 5419/6020/5069 5425/6027/5069 5424/6028/5068 5418/6021/5068
f 5420/6022/5070 5426/6029/5070 5425/6027/5069 5419/6020/5069
f 5421/6023/5071 5427/6030/5071 5426/6029/5070 5420/6022/5070
f 5422/6024/5072 5428/6031/5072 5427/6030/5071 5421/6023/5071
f 5423/6019/5073 5429/6026/5073 5428/6031/5072 5422/6024/5072
f 5424/6025/5068 5430/6032/5068 5435/6033/5073 5429/6026/5073
f 5425/6027/5069 5431/6034/5069 5430/6035/5068 5424/6028/5068
f 5426/6029/5070 5432/6036/5070 5431/6034/5069 5425/6027/5069
f 5427/6030/5071 5433/6037/5071 5432/6036/5070 5426/6029/5070
f 5428/6031/5072 5434/6038/5072 5433/6037/5071 5427/6030/5071
f 5429/6026/5073 5435/6033/5073 5434/6038/5072 5428/6031/5072
f 5430/6032/5068 5436/6039/5068 5441/6040/5073 5435/6033/5073
f 5431/6034/5069 5437/6041/5069 5436/6042/5068 5430/6035/5068
f 5432/6036/5070 5438/6043/5070 5437/6041/5069 5431/6034/5069
f 5433/6037/5071 5439/6044/5071 5438/6043/5070 5432/6036/5070
f 5434/6038/5072 5440/6045/5072 5439/6044/5071 5433/6037/5071
f 5435/6033/5073 5441/6040/5073 5440/6045/5072 5434/6038/5072
f 5436/6039/5068 5442/6046/5068 5447/6047/5073 5441/6040/5073
f 5437/6041/5069 5443/6048/5069 5442/6049/5068 5436/6042/5068
f 5438/6043/5070 5444/6050/5070 5443/6048/5069 5437/6041/5069
f 5439/6044/5071 5445/6051/5071 5444/6050/5070 5438/6043/5070
f 5440/6045/5072 5446/6052/5072 5445/6051/5071 5439/6044/5071
f 5441/6040/5073 5447/6047/5073 5446/6052/5072 5440/6045/5072
f 5442/6046/5068 5448/6053/5068 5453/6054/5073 5447/6047/5073
f 5443/6048/5069 5449/6055/5069 5448/6056/5068 5442/6049/5068
f 5444/6050/5070 5450/6057/5070 5449/6055/5069 5443/6048/5069
f 5445/6051/5071 5451/6058/5071 5450/6057/5070 5444/6050/5070
f 5446/6052/5072 5452/6059/5072 5451/6058/5071 5445/6051/5071
f 5447/6047/5073 5453/6054/5073 5452/6059/5072 5446/6052/5072
f 5448/6053/5068 5454/6060/5068 5459/6061/5073 5453/6054/5073
f 5449/6055/5069 5455/6062/5069 5454/6063/5068 5448/6056/5068
f 5450/6057/5070 5456/6064/5070 5455/6062/5069 5449/6055/5069
f 5451/6058/5071 5457/6065/5071 5456/6064/5070 5450/6057/5070
f 5452/6059/5072 5458/6066/5072 5457/6065/5071 5451/6058/5071
f 5453/6054/5073 5459/6061/5073 5458/6066/5072 5452/6059/5072
f 5454/6060/5068 5460/6067/5068 5465/6068/5073 5459/6061/5073
f 5455/6062/5069 5461/6069/5069 5460/6070/5068 5454/6063/5068
f 5456/6064/5070 5462/6071/5070 5461/6069/5069 5455/6062/5069
f 5457/6065/5071 5463/6072/5071 5462/6071/5070 5456/6064/5070
f 5458/6066/5072 5464/6073/5072 5463/6072/5071 5457/6065/5071
f 5459/6061/5073 5465/6068/5073 5464/6073/5072 5458/6066/5072
f 5460/6067/5068 5466/6074/5068 5471/6075/5073 5465/6068/5073
f 5461/6069/5069 5467/6076/5069 5466/6077/5068 5460/6070/5068
f 5462/6071/5070 5468/6078/5070 5467/6076/5069 5461/6069/5069
f 5463/6072/5071 5469/6079/5071 5468/6078/5070 5462/6071/5070
f 5464/6073/5072 5470/6080/5072 5469/6079/5071 5463/6072/5071
f 5465/6068/5073 5471/6075/5073 5470/6080/5072 5464/6073/5072
o Cone.002
v -1.249012 0.996400 1.292963
v -1.199012 0.996400 1.342963
v -1.249012 0.996400 1.392963
v -1.299012 0.996400 1.342963
v -1.249012 1.096400 1.342963
vn 0.6667 0.3333 -0.6667
vn 0.6667 0.3333 0.6667
vn -0.0000 -1.0000 -0.0000
vn -0.6667 0.3333 0.6667
vn -0.6667 0.3333 -0.6667
vt 0.250000 0.490000
vt 0.250000 0.250000
vt 0.490000 0.250000
vt 0.250000 0.010000
vt 0.750000 0.490000
vt 0.990000 0.250000
vt 0.750000 0.010000
vt 0.510000 0.250000
vt 0.010000 0.250000
s 0
usemtl Material.001
f 5472/6081/5074 5476/6082/5074 5473/6083/5074
f 5473/6083/5075 5476/6082/5075 5474/6084/5075
f 5472/6085/5076 5473/6086/5076 5474/6087/5076 5475/6088/5076
f 5474/6084/5077 5476/6082/5077 5475/6089/5077
f 5475/6089/5078 5476/6082/5078 5472/6081/5078
o NurbsPath.003
v 0.008660 1.901615 0.509778
v 0.008660 1.901615 0.519778
v -0.000000 1.901615 0.524778
v -0.008660 1.901615 0.519778
v -0.008660 1.901615 0.509778
v -0.000000 1.901615 0.504778
v 0.008660 1.846797 0.509778
v 0.008660 1.846797 0.519778
v -0.000000 1.846797 0.524778
v -0.008660 1.846797 0.519778
v -0.008660 1.846797 0.509778
v -0.000000 1.846797 0.504778
v 0.008660 1.791979 0.509778
v 0.008660 1.791979 0.519778
v 0.000000 1.791979 0.524778
v -0.008660 1.791979 0.519778
v -0.008660 1.791979 0.509778
v -0.000000 1.791979 0.504778
v 0.008660 1.737161 0.509778
v 0.008660 1.737161 0.519778
v 0.000000 1.737161 0.524778
v -0.008660 1.737161 0.519778
v -0.008660 1.737161 0.509778
v 0.000000 1.737161 0.504778
v 0.008660 1.682343 0.509778
v 0.008660 1.682343 0.519778
v 0.000000 1.682343 0.524778
v -0.008660 1.682343 0.519778
v -0.008660 1.682343 0.509778
v 0.000000 1.682343 0.504778
v 0.008660 1.627525 0.509778
v 0.008660 1.627525 0.519778
v 0.000000 1.627525 0.524778
v -0.008660 1.627525 0.519778
v -0.008660 1.627525 0.509778
v 0.000000 1.627525 0.504778
v 0.008660 1.572707 0.509778
v 0.008660 1.572707 0.519778
v 0.000000 1.572707 0.524778
v -0.008660 1.572707 0.519778
v -0.008660 1.572707 0.509778
v 0.000000 1.572707 0.504778
v 0.008660 1.517889 0.509778
v 0.008660 1.517889 0.519778
v 0.000000 1.517889 0.524778
v -0.008660 1.517889 0.519778
v -0.008660 1.517889 0.509778
v 0.000000 1.517889 0.504778
v 0.008660 1.463071 0.509778
v 0.008660 1.463071 0.519778
v 0.000000 1.463071 0.524778
v -0.008660 1.463071 0.519778
v -0.008660 1.463071 0.509778
v 0.000000 1.463071 0.504778
v 0.008660 1.408253 0.509778
v 0.008660 1.408253 0.519778
v 0.000000 1.408253 0.524778
v -0.008660 1.408253 0.519778
v -0.008660 1.408253 0.509778
v 0.000000 1.408253 0.504778
v 0.008660 1.353435 0.509778
v 0.008660 1.353435 0.519778
v 0.000000 1.353435 0.524778
v -0.008660 1.353435 0.519778
v -0.008660 1.353435 0.509778
v 0.000000 1.353435 0.504778
v 0.008660 1.298617 0.509778
v 0.008660 1.298617 0.519778
v 0.000000 1.298617 0.524778
v -0.008660 1.298617 0.519778
v -0.008660 1.298617 0.509778
v 0.000000 1.298617 0.504778
vn 0.8660 -0.0000 -0.5000
vn 0.8660 -0.0000 0.5000
vn -0.0000 -0.0000 1.0000
vn -0.8660 -0.0000 0.5000
vn -0.8660 -0.0000 -0.5000
vn -0.0000 -0.0000 -1.0000
vt 0.000000 1.000000
vt 0.090909 1.000000
vt 0.090909 0.833333
vt 0.000000 0.833333
vt 0.000000 0.166667
vt 0.090909 0.166667
vt 0.090909 0.000000
vt 0.000000 0.000000
vt 0.000000 0.333333
vt 0.090909 0.333333
vt 0.000000 0.500000
vt 0.090909 0.500000
vt 0.000000 0.666667
vt 0.090909 0.666667
vt 0.181818 1.000000
vt 0.181818 0.833333
vt 0.181818 0.166667
vt 0.181818 0.000000
vt 0.181818 0.333333
vt 0.181818 0.500000
vt 0.181818 0.666667
vt 0.272727 1.000000
vt 0.272727 0.833333
vt 0.272727 0.166667
vt 0.272727 0.000000
vt 0.272727 0.333333
vt 0.272727 0.500000
vt 0.272727 0.666667
vt 0.363636 1.000000
vt 0.363636 0.833333
vt 0.363636 0.166667
vt 0.363636 0.000000
vt 0.363636 0.333333
vt 0.363636 0.500000
vt 0.363636 0.666667
vt 0.454545 1.000000
vt 0.454545 0.833333
vt 0.454545 0.166667
vt 0.454545 0.000000
vt 0.454545 0.333333
vt 0.454545 0.500000
vt 0.454545 0.666667
vt 0.545455 1.000000
vt 0.545455 0.833333
vt 0.545455 0.166667
vt 0.545455 0.000000
vt 0.545455 0.333333
vt 0.545455 0.500000
vt 0.545455 0.666667
vt 0.636364 1.000000
vt 0.636364 0.833333
vt 0.636364 0.166667
vt 0.636364 0.000000
vt 0.636364 0.333333
vt 0.636364 0.500000
vt 0.636364 0.666667
vt 0.727273 1.000000
vt 0.727273 0.833333
vt 0.727273 0.166667
vt 0.727273 0.000000
vt 0.727273 0.333333
vt 0.727273 0.500000
vt 0.727273 0.666667
vt 0.818182 1.000000
vt 0.818182 0.833333
vt 0.818182 0.166667
vt 0.818182 0.000000
vt 0.818182 0.333333
vt 0.818182 0.500000
vt 0.818182 0.666667
vt 0.909091 1.000000
vt 0.909091 0.833333
vt 0.909091 0.166667
vt 0.909091 0.000000
vt 0.909091 0.333333
vt 0.909091 0.500000
vt 0.909091 0.666667
vt 1.000000 1.000000
vt 1.000000 0.833333
vt 1.000000 0.166667
vt 1.000000 0.000000
vt 1.000000 0.333333
vt 1.000000 0.500000
vt 1.000000 0.666667
s 1
usemtl Material.001
f 5477/6090/5079 5483/6091/5079 5488/6092/5084 5482/6093/5084
f 5478/6094/5080 5484/6095/5080 5483/6096/5079 5477/6097/5079
f 5479/6098/5081 5485/6099/5081 5484/6095/5080 5478/6094/5080
f 5480/6100/5082 5486/6101/5082 5485/6099/5081 5479/6098/5081
f 5481/6102/5083 5487/6103/5083 5486/6101/5082 5480/6100/5082
f 5482/6093/5084 5488/6092/5084 5487/6103/5083 5481/6102/5083
f 5483/6091/5079 5489/6104/5079 5494/6105/5084 5488/6092/5084
f 5484/6095/5080 5490/6106/5080 5489/6107/5079 5483/6096/5079
f 5485/6099/5081 5491/6108/5081 5490/6106/5080 5484/6095/5080
f 5486/6101/5082 5492/6109/5082 5491/6108/5081 5485/6099/5081
f 5487/6103/5083 5493/6110/5083 5492/6109/5082 5486/6101/5082
f 5488/6092/5084 5494/6105/5084 5493/6110/5083 5487/6103/5083
f 5489/6104/5079 5495/6111/5079 5500/6112/5084 5494/6105/5084
f 5490/6106/5080 5496/6113/5080 5495/6114/5079 5489/6107/5079
f 5491/6108/5081 5497/6115/5081 5496/6113/5080 5490/6106/5080
f 5492/6109/5082 5498/6116/5082 5497/6115/5081 5491/6108/5081
f 5493/6110/5083 5499/6117/5083 5498/6116/5082 5492/6109/5082
f 5494/6105/5084 5500/6112/5084 5499/6117/5083 5493/6110/5083
f 5495/6111/5079 5501/6118/5079 5506/6119/5084 5500/6112/5084
f 5496/6113/5080 5502/6120/5080 5501/6121/5079 5495/6114/5079
f 5497/6115/5081 5503/6122/5081 5502/6120/5080 5496/6113/5080
f 5498/6116/5082 5504/6123/5082 5503/6122/5081 5497/6115/5081
f 5499/6117/5083 5505/6124/5083 5504/6123/5082 5498/6116/5082
f 5500/6112/5084 5506/6119/5084 5505/6124/5083 5499/6117/5083
f 5501/6118/5079 5507/6125/5079 5512/6126/5084 5506/6119/5084
f 5502/6120/5080 5508/6127/5080 5507/6128/5079 5501/6121/5079
f 5503/6122/5081 5509/6129/5081 5508/6127/5080 5502/6120/5080
f 5504/6123/5082 5510/6130/5082 5509/6129/5081 5503/6122/5081
f 5505/6124/5083 5511/6131/5083 5510/6130/5082 5504/6123/5082
f 5506/6119/5084 5512/6126/5084 5511/6131/5083 5505/6124/5083
f 5507/6125/5079 5513/6132/5079 5518/6133/5084 5512/6126/5084
f 5508/6127/5080 5514/6134/5080 5513/6135/5079 5507/6128/5079
f 5509/6129/5081 5515/6136/5081 5514/6134/5080 5508/6127/5080
f 5510/6130/5082 5516/6137/5082 5515/6136/5081 5509/6129/5081
f 5511/6131/5083 5517/6138/5083 5516/6137/5082 5510/6130/5082
f 5512/6126/5084 5518/6133/5084 5517/6138/5083 5511/6131/5083
f 5513/6132/5079 5519/6139/5079 5524/6140/5084 5518/6133/5084
f 5514/6134/5080 5520/6141/5080 5519/6142/5079 5513/6135/5079
f 5515/6136/5081 5521/6143/5081 5520/6141/5080 5514/6134/5080
f 5516/6137/5082 5522/6144/5082 5521/6143/5081 5515/6136/5081
f 5517/6138/5083 5523/6145/5083 5522/6144/5082 5516/6137/5082
f 5518/6133/5084 5524/6140/5084 5523/6145/5083 5517/6138/5083
f 5519/6139/5079 5525/6146/5079 5530/6147/5084 5524/6140/5084
f 5520/6141/5080 5526/6148/5080 5525/6149/5079 5519/6142/5079
f 5521/6143/5081 5527/6150/5081 5526/6148/5080 5520/6141/5080
f 5522/6144/5082 5528/6151/5082 5527/6150/5081 5521/6143/5081
f 5523/6145/5083 5529/6152/5083 5528/6151/5082 5522/6144/5082
f 5524/6140/5084 5530/6147/5084 5529/6152/5083 5523/6145/5083
f 5525/6146/5079 5531/6153/5079 5536/6154/5084 5530/6147/5084
f 5526/6148/5080 5532/6155/5080 5531/6156/5079 5525/6149/5079
f 5527/6150/5081 5533/6157/5081 5532/6155/5080 5526/6148/5080
f 5528/6151/5082 5534/6158/5082 5533/6157/5081 5527/6150/5081
f 5529/6152/5083 5535/6159/5083 5534/6158/5082 5528/6151/5082
f 5530/6147/5084 5536/6154/5084 5535/6159/5083 5529/6152/5083
f 5531/6153/5079 5537/6160/5079 5542/6161/5084 5536/6154/5084
f 5532/6155/5080 5538/6162/5080 5537/6163/5079 5531/6156/5079
f 5533/6157/5081 5539/6164/5081 5538/6162/5080 5532/6155/5080
f 5534/6158/5082 5540/6165/5082 5539/6164/5081 5533/6157/5081
f 5535/6159/5083 5541/6166/5083 5540/6165/5082 5534/6158/5082
f 5536/6154/5084 5542/6161/5084 5541/6166/5083 5535/6159/5083
f 5537/6160/5079 5543/6167/5079 5548/6168/5084 5542/6161/5084
f 5538/6162/5080 5544/6169/5080 5543/6170/5079 5537/6163/5079
f 5539/6164/5081 5545/6171/5081 5544/6169/5080 5538/6162/5080
f 5540/6165/5082 5546/6172/5082 5545/6171/5081 5539/6164/5081
f 5541/6166/5083 5547/6173/5083 5546/6172/5082 5540/6165/5082
f 5542/6161/5084 5548/6168/5084 5547/6173/5083 5541/6166/5083
o NurbsPath.003
v 0.008660 1.901615 0.509778
v 0.008660 1.901615 0.519778
v -0.000000 1.901615 0.524778
v -0.008660 1.901615 0.519778
v -0.008660 1.901615 0.509778
v -0.000000 1.901615 0.504778
v 0.008660 1.846797 0.509778
v 0.008660 1.846797 0.519778
v -0.000000 1.846797 0.524778
v -0.008660 1.846797 0.519778
v -0.008660 1.846797 0.509778
v -0.000000 1.846797 0.504778
v 0.008660 1.791979 0.509778
v 0.008660 1.791979 0.519778
v 0.000000 1.791979 0.524778
v -0.008660 1.791979 0.519778
v -0.008660 1.791979 0.509778
v -0.000000 1.791979 0.504778
v 0.008660 1.737161 0.509778
v 0.008660 1.737161 0.519778
v 0.000000 1.737161 0.524778
v -0.008660 1.737161 0.519778
v -0.008660 1.737161 0.509778
v 0.000000 1.737161 0.504778
v 0.008660 1.682343 0.509778
v 0.008660 1.682343 0.519778
v 0.000000 1.682343 0.524778
v -0.008660 1.682343 0.519778
v -0.008660 1.682343 0.509778
v 0.000000 1.682343 0.504778
v 0.008660 1.627525 0.509778
v 0.008660 1.627525 0.519778
v 0.000000 1.627525 0.524778
v -0.008660 1.627525 0.519778
v -0.008660 1.627525 0.509778
v 0.000000 1.627525 0.504778
v 0.008660 1.572707 0.509778
v 0.008660 1.572707 0.519778
v 0.000000 1.572707 0.524778
v -0.008660 1.572707 0.519778
v -0.008660 1.572707 0.509778
v 0.000000 1.572707 0.504778
v 0.008660 1.517889 0.509778
v 0.008660 1.517889 0.519778
v 0.000000 1.517889 0.524778
v -0.008660 1.517889 0.519778
v -0.008660 1.517889 0.509778
v 0.000000 1.517889 0.504778
v 0.008660 1.463071 0.509778
v 0.008660 1.463071 0.519778
v 0.000000 1.463071 0.524778
v -0.008660 1.463071 0.519778
v -0.008660 1.463071 0.509778
v 0.000000 1.463071 0.504778
v 0.008660 1.408253 0.509778
v 0.008660 1.408253 0.519778
v 0.000000 1.408253 0.524778
v -0.008660 1.408253 0.519778
v -0.008660 1.408253 0.509778
v 0.000000 1.408253 0.504778
v 0.008660 1.353435 0.509778
v 0.008660 1.353435 0.519778
v 0.000000 1.353435 0.524778
v -0.008660 1.353435 0.519778
v -0.008660 1.353435 0.509778
v 0.000000 1.353435 0.504778
v 0.008660 1.298617 0.509778
v 0.008660 1.298617 0.519778
v 0.000000 1.298617 0.524778
v -0.008660 1.298617 0.519778
v -0.008660 1.298617 0.509778
v 0.000000 1.298617 0.504778
vn 0.8660 -0.0000 -0.5000
vn 0.8660 -0.0000 0.5000
vn -0.0000 -0.0000 1.0000
vn -0.8660 -0.0000 0.5000
vn -0.8660 -0.0000 -0.5000
vn -0.0000 -0.0000 -1.0000
vt 0.000000 1.000000
vt 0.090909 1.000000
vt 0.090909 0.833333
vt 0.000000 0.833333
vt 0.000000 0.166667
vt 0.090909 0.166667
vt 0.090909 0.000000
vt 0.000000 0.000000
vt 0.000000 0.333333
vt 0.090909 0.333333
vt 0.000000 0.500000
vt 0.090909 0.500000
vt 0.000000 0.666667
vt 0.090909 0.666667
vt 0.181818 1.000000
vt 0.181818 0.833333
vt 0.181818 0.166667
vt 0.181818 0.000000
vt 0.181818 0.333333
vt 0.181818 0.500000
vt 0.181818 0.666667
vt 0.272727 1.000000
vt 0.272727 0.833333
vt 0.272727 0.166667
vt 0.272727 0.000000
vt 0.272727 0.333333
vt 0.272727 0.500000
vt 0.272727 0.666667
vt 0.363636 1.000000
vt 0.363636 0.833333
vt 0.363636 0.166667
vt 0.363636 0.000000
vt 0.363636 0.333333
vt 0.363636 0.500000
vt 0.363636 0.666667
vt 0.454545 1.000000
vt 0.454545 0.833333
vt 0.454545 0.166667
vt 0.454545 0.000000
vt 0.454545 0.333333
vt 0.454545 0.500000
vt 0.454545 0.666667
vt 0.545455 1.000000
vt 0.545455 0.833333
vt 0.545455 0.166667
vt 0.545455 0.000000
vt 0.545455 0.333333
vt 0.545455 0.500000
vt 0.545455 0.666667
vt 0.636364 1.000000
vt 0.636364 0.833333
vt 0.636364 0.166667
vt 0.636364 0.000000
vt 0.636364 0.333333
vt 0.636364 0.500000
vt 0.636364 0.666667
vt 0.727273 1.000000
vt 0.727273 0.833333
vt 0.727273 0.166667
vt 0.727273 0.000000
vt 0.727273 0.333333
vt 0.727273 0.500000
vt 0.727273 0.666667
vt 0.818182 1.000000
vt 0.818182 0.833333
vt 0.818182 0.166667
vt 0.818182 0.000000
vt 0.818182 0.333333
vt 0.818182 0.500000
vt 0.818182 0.666667
vt 0.909091 1.000000
vt 0.909091 0.833333
vt 0.909091 0.166667
vt 0.909091 0.000000
vt 0.909091 0.333333
vt 0.909091 0.500000
vt 0.909091 0.666667
vt 1.000000 1.000000
vt 1.000000 0.833333
vt 1.000000 0.166667
vt 1.000000 0.000000
vt 1.000000 0.333333
vt 1.000000 0.500000
vt 1.000000 0.666667
s 1
usemtl Material.001
f 5549/6174/5085 5555/6175/5085 5560/6176/5090 5554/6177/5090
f 5550/6178/5086 5556/6179/5086 5555/6180/5085 5549/6181/5085
f 5551/6182/5087 5557/6183/5087 5556/6179/5086 5550/6178/5086
f 5552/6184/5088 5558/6185/5088 5557/6183/5087 5551/6182/5087
f 5553/6186/5089 5559/6187/5089 5558/6185/5088 5552/6184/5088
f 5554/6177/5090 5560/6176/5090 5559/6187/5089 5553/6186/5089
f 5555/6175/5085 5561/6188/5085 5566/6189/5090 5560/6176/5090
f 5556/6179/5086 5562/6190/5086 5561/6191/5085 5555/6180/5085
f 5557/6183/5087 5563/6192/5087 5562/6190/5086 5556/6179/5086
f 5558/6185/5088 5564/6193/5088 5563/6192/5087 5557/6183/5087
f 5559/6187/5089 5565/6194/5089 5564/6193/5088 5558/6185/5088
f 5560/6176/5090 5566/6189/5090 5565/6194/5089 5559/6187/5089
f 5561/6188/5085 5567/6195/5085 5572/6196/5090 5566/6189/5090
f 5562/6190/5086 5568/6197/5086 5567/6198/5085 5561/6191/5085
f 5563/6192/5087 5569/6199/5087 5568/6197/5086 5562/6190/5086
f 5564/6193/5088 5570/6200/5088 5569/6199/5087 5563/6192/5087
f 5565/6194/5089 5571/6201/5089 5570/6200/5088 5564/6193/5088
f 5566/6189/5090 5572/6196/5090 5571/6201/5089 5565/6194/5089
f 5567/6195/5085 5573/6202/5085 5578/6203/5090 5572/6196/5090
f 5568/6197/5086 5574/6204/5086 5573/6205/5085 5567/6198/5085
f 5569/6199/5087 5575/6206/5087 5574/6204/5086 5568/6197/5086
f 5570/6200/5088 5576/6207/5088 5575/6206/5087 5569/6199/5087
f 5571/6201/5089 5577/6208/5089 5576/6207/5088 5570/6200/5088
f 5572/6196/5090 5578/6203/5090 5577/6208/5089 5571/6201/5089
f 5573/6202/5085 5579/6209/5085 5584/6210/5090 5578/6203/5090
f 5574/6204/5086 5580/6211/5086 5579/6212/5085 5573/6205/5085
f 5575/6206/5087 5581/6213/5087 5580/6211/5086 5574/6204/5086
f 5576/6207/5088 5582/6214/5088 5581/6213/5087 5575/6206/5087
f 5577/6208/5089 5583/6215/5089 5582/6214/5088 5576/6207/5088
f 5578/6203/5090 5584/6210/5090 5583/6215/5089 5577/6208/5089
f 5579/6209/5085 5585/6216/5085 5590/6217/5090 5584/6210/5090
f 5580/6211/5086 5586/6218/5086 5585/6219/5085 5579/6212/5085
f 5581/6213/5087 5587/6220/5087 5586/6218/5086 5580/6211/5086
f 5582/6214/5088 5588/6221/5088 5587/6220/5087 5581/6213/5087
f 5583/6215/5089 5589/6222/5089 5588/6221/5088 5582/6214/5088
f 5584/6210/5090 5590/6217/5090 5589/6222/5089 5583/6215/5089
f 5585/6216/5085 5591/6223/5085 5596/6224/5090 5590/6217/5090
f 5586/6218/5086 5592/6225/5086 5591/6226/5085 5585/6219/5085
f 5587/6220/5087 5593/6227/5087 5592/6225/5086 5586/6218/5086
f 5588/6221/5088 5594/6228/5088 5593/6227/5087 5587/6220/5087
f 5589/6222/5089 5595/6229/5089 5594/6228/5088 5588/6221/5088
f 5590/6217/5090 5596/6224/5090 5595/6229/5089 5589/6222/5089
f 5591/6223/5085 5597/6230/5085 5602/6231/5090 5596/6224/5090
f 5592/6225/5086 5598/6232/5086 5597/6233/5085 5591/6226/5085
f 5593/6227/5087 5599/6234/5087 5598/6232/5086 5592/6225/5086
f 5594/6228/5088 5600/6235/5088 5599/6234/5087 5593/6227/5087
f 5595/6229/5089 5601/6236/5089 5600/6235/5088 5594/6228/5088
f 5596/6224/5090 5602/6231/5090 5601/6236/5089 5595/6229/5089
f 5597/6230/5085 5603/6237/5085 5608/6238/5090 5602/6231/5090
f 5598/6232/5086 5604/6239/5086 5603/6240/5085 5597/6233/5085
f 5599/6234/5087 5605/6241/5087 5604/6239/5086 5598/6232/5086
f 5600/6235/5088 5606/6242/5088 5605/6241/5087 5599/6234/5087
f 5601/6236/5089 5607/6243/5089 5606/6242/5088 5600/6235/5088
f 5602/6231/5090 5608/6238/5090 5607/6243/5089 5601/6236/5089
f 5603/6237/5085 5609/6244/5085 5614/6245/5090 5608/6238/5090
f 5604/6239/5086 5610/6246/5086 5609/6247/5085 5603/6240/5085
f 5605/6241/5087 5611/6248/5087 5610/6246/5086 5604/6239/5086
f 5606/6242/5088 5612/6249/5088 5611/6248/5087 5605/6241/5087
f 5607/6243/5089 5613/6250/5089 5612/6249/5088 5606/6242/5088
f 5608/6238/5090 5614/6245/5090 5613/6250/5089 5607/6243/5089
f 5609/6244/5085 5615/6251/5085 5620/6252/5090 5614/6245/5090
f 5610/6246/5086 5616/6253/5086 5615/6254/5085 5609/6247/5085
f 5611/6248/5087 5617/6255/5087 5616/6253/5086 5610/6246/5086
f 5612/6249/5088 5618/6256/5088 5617/6255/5087 5611/6248/5087
f 5613/6250/5089 5619/6257/5089 5618/6256/5088 5612/6249/5088
f 5614/6245/5090 5620/6252/5090 5619/6257/5089 5613/6250/5089
o Cone.003
v 0.000000 1.891592 0.464775
v 0.050000 1.891592 0.514775
v 0.000000 1.891592 0.564775
v -0.050000 1.891592 0.514775
v 0.000000 1.991592 0.514775
vn 0.6667 0.3333 -0.6667
vn 0.6667 0.3333 0.6667
vn -0.0000 -1.0000 -0.0000
vn -0.6667 0.3333 0.6667
vn -0.6667 0.3333 -0.6667
vt 0.250000 0.490000
vt 0.250000 0.250000
vt 0.490000 0.250000
vt 0.250000 0.010000
vt 0.750000 0.490000
vt 0.990000 0.250000
vt 0.750000 0.010000
vt 0.510000 0.250000
vt 0.010000 0.250000
s 0
usemtl Material.001
f 5621/6258/5091 5625/6259/5091 5622/6260/5091
f 5622/6260/5092 5625/6259/5092 5623/6261/5092
f 5621/6262/5093 5622/6263/5093 5623/6264/5093 5624/6265/5093
f 5623/6261/5094 5625/6259/5094 5624/6266/5094
f 5624/6266/5095 5625/6259/5095 5621/6258/5095
o NurbsPath.004
v 0.008660 1.727386 -0.938092
v 0.008660 1.727386 -0.928092
v -0.000000 1.727386 -0.923092
v -0.008660 1.727386 -0.928092
v -0.008660 1.727386 -0.938092
v -0.000000 1.727386 -0.943092
v 0.008660 1.672569 -0.938092
v 0.008660 1.672569 -0.928092
v -0.000000 1.672569 -0.923092
v -0.008660 1.672569 -0.928092
v -0.008660 1.672569 -0.938092
v -0.000000 1.672569 -0.943092
v 0.008660 1.617751 -0.938092
v 0.008660 1.617751 -0.928092
v 0.000000 1.617751 -0.923092
v -0.008660 1.617751 -0.928092
v -0.008660 1.617751 -0.938092
v -0.000000 1.617751 -0.943092
v 0.008660 1.562933 -0.938092
v 0.008660 1.562933 -0.928092
v 0.000000 1.562933 -0.923092
v -0.008660 1.562933 -0.928092
v -0.008660 1.562933 -0.938092
v 0.000000 1.562933 -0.943092
v 0.008660 1.508115 -0.938092
v 0.008660 1.508115 -0.928092
v 0.000000 1.508115 -0.923092
v -0.008660 1.508115 -0.928092
v -0.008660 1.508115 -0.938092
v 0.000000 1.508115 -0.943092
v 0.008660 1.453297 -0.938092
v 0.008660 1.453297 -0.928092
v 0.000000 1.453297 -0.923092
v -0.008660 1.453297 -0.928092
v -0.008660 1.453297 -0.938092
v 0.000000 1.453297 -0.943092
v 0.008660 1.398479 -0.938092
v 0.008660 1.398479 -0.928092
v 0.000000 1.398479 -0.923092
v -0.008660 1.398479 -0.928092
v -0.008660 1.398479 -0.938092
v 0.000000 1.398479 -0.943092
v 0.008660 1.343661 -0.938092
v 0.008660 1.343661 -0.928092
v 0.000000 1.343661 -0.923092
v -0.008660 1.343661 -0.928092
v -0.008660 1.343661 -0.938092
v 0.000000 1.343661 -0.943092
v 0.008660 1.288843 -0.938092
v 0.008660 1.288843 -0.928092
v 0.000000 1.288843 -0.923092
v -0.008660 1.288843 -0.928092
v -0.008660 1.288843 -0.938092
v 0.000000 1.288843 -0.943092
v 0.008660 1.234025 -0.938092
v 0.008660 1.234025 -0.928092
v 0.000000 1.234025 -0.923092
v -0.008660 1.234025 -0.928092
v -0.008660 1.234025 -0.938092
v 0.000000 1.234025 -0.943092
v 0.008660 1.179207 -0.938092
v 0.008660 1.179207 -0.928092
v 0.000000 1.179207 -0.923092
v -0.008660 1.179207 -0.928092
v -0.008660 1.179207 -0.938092
v 0.000000 1.179207 -0.943092
v 0.008660 1.124389 -0.938092
v 0.008660 1.124389 -0.928092
v 0.000000 1.124389 -0.923092
v -0.008660 1.124389 -0.928092
v -0.008660 1.124389 -0.938092
v 0.000000 1.124389 -0.943092
vn 0.8660 -0.0000 -0.5000
vn 0.8660 -0.0000 0.5000
vn -0.0000 -0.0000 1.0000
vn -0.8660 -0.0000 0.5000
vn -0.8660 -0.0000 -0.5000
vn -0.0000 -0.0000 -1.0000
vt 0.000000 1.000000
vt 0.090909 1.000000
vt 0.090909 0.833333
vt 0.000000 0.833333
vt 0.000000 0.166667
vt 0.090909 0.166667
vt 0.090909 0.000000
vt 0.000000 0.000000
vt 0.000000 0.333333
vt 0.090909 0.333333
vt 0.000000 0.500000
vt 0.090909 0.500000
vt 0.000000 0.666667
vt 0.090909 0.666667
vt 0.181818 1.000000
vt 0.181818 0.833333
vt 0.181818 0.166667
vt 0.181818 0.000000
vt 0.181818 0.333333
vt 0.181818 0.500000
vt 0.181818 0.666667
vt 0.272727 1.000000
vt 0.272727 0.833333
vt 0.272727 0.166667
vt 0.272727 0.000000
vt 0.272727 0.333333
vt 0.272727 0.500000
vt 0.272727 0.666667
vt 0.363636 1.000000
vt 0.363636 0.833333
vt 0.363636 0.166667
vt 0.363636 0.000000
vt 0.363636 0.333333
vt 0.363636 0.500000
vt 0.363636 0.666667
vt 0.454545 1.000000
vt 0.454545 0.833333
vt 0.454545 0.166667
vt 0.454545 0.000000
vt 0.454545 0.333333
vt 0.454545 0.500000
vt 0.454545 0.666667
vt 0.545455 1.000000
vt 0.545455 0.833333
vt 0.545455 0.166667
vt 0.545455 0.000000
vt 0.545455 0.333333
vt 0.545455 0.500000
vt 0.545455 0.666667
vt 0.636364 1.000000
vt 0.636364 0.833333
vt 0.636364 0.166667
vt 0.636364 0.000000
vt 0.636364 0.333333
vt 0.636364 0.500000
vt 0.636364 0.666667
vt 0.727273 1.000000
vt 0.727273 0.833333
vt 0.727273 0.166667
vt 0.727273 0.000000
vt 0.727273 0.333333
vt 0.727273 0.500000
vt 0.727273 0.666667
vt 0.818182 1.000000
vt 0.818182 0.833333
vt 0.818182 0.166667
vt 0.818182 0.000000
vt 0.818182 0.333333
vt 0.818182 0.500000
vt 0.818182 0.666667
vt 0.909091 1.000000
vt 0.909091 0.833333
vt 0.909091 0.166667
vt 0.909091 0.000000
vt 0.909091 0.333333
vt 0.909091 0.500000
vt 0.909091 0.666667
vt 1.000000 1.000000
vt 1.000000 0.833333
vt 1.000000 0.166667
vt 1.000000 0.000000
vt 1.000000 0.333333
vt 1.000000 0.500000
vt 1.000000 0.666667
s 1
usemtl Material.001
f 5626/6267/5096 5632/6268/5096 5637/6269/5101 5631/6270/5101
f 5627/6271/5097 5633/6272/5097 5632/6273/5096 5626/6274/5096
f 5628/6275/5098 5634/6276/5098 5633/6272/5097 5627/6271/5097
f 5629/6277/5099 5635/6278/5099 5634/6276/5098 5628/6275/5098
f 5630/6279/5100 5636/6280/5100 5635/6278/5099 5629/6277/5099
f 5631/6270/5101 5637/6269/5101 5636/6280/5100 5630/6279/5100
f 5632/6268/5096 5638/6281/5096 5643/6282/5101 5637/6269/5101
f 5633/6272/5097 5639/6283/5097 5638/6284/5096 5632/6273/5096
f 5634/6276/5098 5640/6285/5098 5639/6283/5097 5633/6272/5097
f 5635/6278/5099 5641/6286/5099 5640/6285/5098 5634/6276/5098
f 5636/6280/5100 5642/6287/5100 5641/6286/5099 5635/6278/5099
f 5637/6269/5101 5643/6282/5101 5642/6287/5100 5636/6280/5100
f 5638/6281/5096 5644/6288/5096 5649/6289/5101 5643/6282/5101
f 5639/6283/5097 5645/6290/5097 5644/6291/5096 5638/6284/5096
f 5640/6285/5098 5646/6292/5098 5645/6290/5097 5639/6283/5097
f 5641/6286/5099 5647/6293/5099 5646/6292/5098 5640/6285/5098
f 5642/6287/5100 5648/6294/5100 5647/6293/5099 5641/6286/5099
f 5643/6282/5101 5649/6289/5101 5648/6294/5100 5642/6287/5100
f 5644/6288/5096 5650/6295/5096 5655/6296/5101 5649/6289/5101
f 5645/6290/5097 5651/6297/5097 5650/6298/5096 5644/6291/5096
f 5646/6292/5098 5652/6299/5098 5651/6297/5097 5645/6290/5097
f 5647/6293/5099 5653/6300/5099 5652/6299/5098 5646/6292/5098
f 5648/6294/5100 5654/6301/5100 5653/6300/5099 5647/6293/5099
f 5649/6289/5101 5655/6296/5101 5654/6301/5100 5648/6294/5100
f 5650/6295/5096 5656/6302/5096 5661/6303/5101 5655/6296/5101
f 5651/6297/5097 5657/6304/5097 5656/6305/5096 5650/6298/5096
f 5652/6299/5098 5658/6306/5098 5657/6304/5097 5651/6297/5097
f 5653/6300/5099 5659/6307/5099 5658/6306/5098 5652/6299/5098
f 5654/6301/5100 5660/6308/5100 5659/6307/5099 5653/6300/5099
f 5655/6296/5101 5661/6303/5101 5660/6308/5100 5654/6301/5100
f 5656/6302/5096 5662/6309/5096 5667/6310/5101 5661/6303/5101
f 5657/6304/5097 5663/6311/5097 5662/6312/5096 5656/6305/5096
f 5658/6306/5098 5664/6313/5098 5663/6311/5097 5657/6304/5097
f 5659/6307/5099 5665/6314/5099 5664/6313/5098 5658/6306/5098
f 5660/6308/5100 5666/6315/5100 5665/6314/5099 5659/6307/5099
f 5661/6303/5101 5667/6310/5101 5666/6315/5100 5660/6308/5100
f 5662/6309/5096 5668/6316/5096 5673/6317/5101 5667/6310/5101
f 5663/6311/5097 5669/6318/5097 5668/6319/5096 5662/6312/5096
f 5664/6313/5098 5670/6320/5098 5669/6318/5097 5663/6311/5097
f 5665/6314/5099 5671/6321/5099 5670/6320/5098 5664/6313/5098
f 5666/6315/5100 5672/6322/5100 5671/6321/5099 5665/6314/5099
f 5667/6310/5101 5673/6317/5101 5672/6322/5100 5666/6315/5100
f 5668/6316/5096 5674/6323/5096 5679/6324/5101 5673/6317/5101
f 5669/6318/5097 5675/6325/5097 5674/6326/5096 5668/6319/5096
f 5670/6320/5098 5676/6327/5098 5675/6325/5097 5669/6318/5097
f 5671/6321/5099 5677/6328/5099 5676/6327/5098 5670/6320/5098
f 5672/6322/5100 5678/6329/5100 5677/6328/5099 5671/6321/5099
f 5673/6317/5101 5679/6324/5101 5678/6329/5100 5672/6322/5100
f 5674/6323/5096 5680/6330/5096 5685/6331/5101 5679/6324/5101
f 5675/6325/5097 5681/6332/5097 5680/6333/5096 5674/6326/5096
f 5676/6327/5098 5682/6334/5098 5681/6332/5097 5675/6325/5097
f 5677/6328/5099 5683/6335/5099 5682/6334/5098 5676/6327/5098
f 5678/6329/5100 5684/6336/5100 5683/6335/5099 5677/6328/5099
f 5679/6324/5101 5685/6331/5101 5684/6336/5100 5678/6329/5100
f 5680/6330/5096 5686/6337/5096 5691/6338/5101 5685/6331/5101
f 5681/6332/5097 5687/6339/5097 5686/6340/5096 5680/6333/5096
f 5682/6334/5098 5688/6341/5098 5687/6339/5097 5681/6332/5097
f 5683/6335/5099 5689/6342/5099 5688/6341/5098 5682/6334/5098
f 5684/6336/5100 5690/6343/5100 5689/6342/5099 5683/6335/5099
f 5685/6331/5101 5691/6338/5101 5690/6343/5100 5684/6336/5100
f 5686/6337/5096 5692/6344/5096 5697/6345/5101 5691/6338/5101
f 5687/6339/5097 5693/6346/5097 5692/6347/5096 5686/6340/5096
f 5688/6341/5098 5694/6348/5098 5693/6346/5097 5687/6339/5097
f 5689/6342/5099 5695/6349/5099 5694/6348/5098 5688/6341/5098
f 5690/6343/5100 5696/6350/5100 5695/6349/5099 5689/6342/5099
f 5691/6338/5101 5697/6345/5101 5696/6350/5100 5690/6343/5100
o NurbsPath.004
v 0.008660 1.727386 -0.938092
v 0.008660 1.727386 -0.928092
v -0.000000 1.727386 -0.923092
v -0.008660 1.727386 -0.928092
v -0.008660 1.727386 -0.938092
v -0.000000 1.727386 -0.943092
v 0.008660 1.672569 -0.938092
v 0.008660 1.672569 -0.928092
v -0.000000 1.672569 -0.923092
v -0.008660 1.672569 -0.928092
v -0.008660 1.672569 -0.938092
v -0.000000 1.672569 -0.943092
v 0.008660 1.617751 -0.938092
v 0.008660 1.617751 -0.928092
v 0.000000 1.617751 -0.923092
v -0.008660 1.617751 -0.928092
v -0.008660 1.617751 -0.938092
v -0.000000 1.617751 -0.943092
v 0.008660 1.562933 -0.938092
v 0.008660 1.562933 -0.928092
v 0.000000 1.562933 -0.923092
v -0.008660 1.562933 -0.928092
v -0.008660 1.562933 -0.938092
v 0.000000 1.562933 -0.943092
v 0.008660 1.508115 -0.938092
v 0.008660 1.508115 -0.928092
v 0.000000 1.508115 -0.923092
v -0.008660 1.508115 -0.928092
v -0.008660 1.508115 -0.938092
v 0.000000 1.508115 -0.943092
v 0.008660 1.453297 -0.938092
v 0.008660 1.453297 -0.928092
v 0.000000 1.453297 -0.923092
v -0.008660 1.453297 -0.928092
v -0.008660 1.453297 -0.938092
v 0.000000 1.453297 -0.943092
v 0.008660 1.398479 -0.938092
v 0.008660 1.398479 -0.928092
v 0.000000 1.398479 -0.923092
v -0.008660 1.398479 -0.928092
v -0.008660 1.398479 -0.938092
v 0.000000 1.398479 -0.943092
v 0.008660 1.343661 -0.938092
v 0.008660 1.343661 -0.928092
v 0.000000 1.343661 -0.923092
v -0.008660 1.343661 -0.928092
v -0.008660 1.343661 -0.938092
v 0.000000 1.343661 -0.943092
v 0.008660 1.288843 -0.938092
v 0.008660 1.288843 -0.928092
v 0.000000 1.288843 -0.923092
v -0.008660 1.288843 -0.928092
v -0.008660 1.288843 -0.938092
v 0.000000 1.288843 -0.943092
v 0.008660 1.234025 -0.938092
v 0.008660 1.234025 -0.928092
v 0.000000 1.234025 -0.923092
v -0.008660 1.234025 -0.928092
v -0.008660 1.234025 -0.938092
v 0.000000 1.234025 -0.943092
v 0.008660 1.179207 -0.938092
v 0.008660 1.179207 -0.928092
v 0.000000 1.179207 -0.923092
v -0.008660 1.179207 -0.928092
v -0.008660 1.179207 -0.938092
v 0.000000 1.179207 -0.943092
v 0.008660 1.124389 -0.938092
v 0.008660 1.124389 -0.928092
v 0.000000 1.124389 -0.923092
v -0.008660 1.124389 -0.928092
v -0.008660 1.124389 -0.938092
v 0.000000 1.124389 -0.943092
vn 0.8660 -0.0000 -0.5000
vn 0.8660 -0.0000 0.5000
vn -0.0000 -0.0000 1.0000
vn -0.8660 -0.0000 0.5000
vn -0.8660 -0.0000 -0.5000
vn -0.0000 -0.0000 -1.0000
vt 0.000000 1.000000
vt 0.090909 1.000000
vt 0.090909 0.833333
vt 0.000000 0.833333
vt 0.000000 0.166667
vt 0.090909 0.166667
vt 0.090909 0.000000
vt 0.000000 0.000000
vt 0.000000 0.333333
vt 0.090909 0.333333
vt 0.000000 0.500000
vt 0.090909 0.500000
vt 0.000000 0.666667
vt 0.090909 0.666667
vt 0.181818 1.000000
vt 0.181818 0.833333
vt 0.181818 0.166667
vt 0.181818 0.000000
vt 0.181818 0.333333
vt 0.181818 0.500000
vt 0.181818 0.666667
vt 0.272727 1.000000
vt 0.272727 0.833333
vt 0.272727 0.166667
vt 0.272727 0.000000
vt 0.272727 0.333333
vt 0.272727 0.500000
vt 0.272727 0.666667
vt 0.363636 1.000000
vt 0.363636 0.833333
vt 0.363636 0.166667
vt 0.363636 0.000000
vt 0.363636 0.333333
vt 0.363636 0.500000
vt 0.363636 0.666667
vt 0.454545 1.000000
vt 0.454545 0.833333
vt 0.454545 0.166667
vt 0.454545 0.000000
vt 0.454545 0.333333
vt 0.454545 0.500000
vt 0.454545 0.666667
vt 0.545455 1.000000
vt 0.545455 0.833333
vt 0.545455 0.166667
vt 0.545455 0.000000
vt 0.545455 0.333333
vt 0.545455 0.500000
vt 0.545455 0.666667
vt 0.636364 1.000000
vt 0.636364 0.833333
vt 0.636364 0.166667
vt 0.636364 0.000000
vt 0.636364 0.333333
vt 0.636364 0.500000
vt 0.636364 0.666667
vt 0.727273 1.000000
vt 0.727273 0.833333
vt 0.727273 0.166667
vt 0.727273 0.000000
vt 0.727273 0.333333
vt 0.727273 0.500000
vt 0.727273 0.666667
vt 0.818182 1.000000
vt 0.818182 0.833333
vt 0.818182 0.166667
vt 0.818182 0.000000
vt 0.818182 0.333333
vt 0.818182 0.500000
vt 0.818182 0.666667
vt 0.909091 1.000000
vt 0.909091 0.833333
vt 0.909091 0.166667
vt 0.909091 0.000000
vt 0.909091 0.333333
vt 0.909091 0.500000
vt 0.909091 0.666667
vt 1.000000 1.000000
vt 1.000000 0.833333
vt 1.000000 0.166667
vt 1.000000 0.000000
vt 1.000000 0.333333
vt 1.000000 0.500000
vt 1.000000 0.666667
s 1
usemtl Material.001
f 5698/6351/5102 5704/6352/5102 5709/6353/5107 5703/6354/5107
f 5699/6355/5103 5705/6356/5103 5704/6357/5102 5698/6358/5102
f 5700/6359/5104 5706/6360/5104 5705/6356/5103 5699/6355/5103
f 5701/6361/5105 5707/6362/5105 5706/6360/5104 5700/6359/5104
f 5702/6363/5106 5708/6364/5106 5707/6362/5105 5701/6361/5105
f 5703/6354/5107 5709/6353/5107 5708/6364/5106 5702/6363/5106
f 5704/6352/5102 5710/6365/5102 5715/6366/5107 5709/6353/5107
f 5705/6356/5103 5711/6367/5103 5710/6368/5102 5704/6357/5102
f 5706/6360/5104 5712/6369/5104 5711/6367/5103 5705/6356/5103
f 5707/6362/5105 5713/6370/5105 5712/6369/5104 5706/6360/5104
f 5708/6364/5106 5714/6371/5106 5713/6370/5105 5707/6362/5105
f 5709/6353/5107 5715/6366/5107 5714/6371/5106 5708/6364/5106
f 5710/6365/5102 5716/6372/5102 5721/6373/5107 5715/6366/5107
f 5711/6367/5103 5717/6374/5103 5716/6375/5102 5710/6368/5102
f 5712/6369/5104 5718/6376/5104 5717/6374/5103 5711/6367/5103
f 5713/6370/5105 5719/6377/5105 5718/6376/5104 5712/6369/5104
f 5714/6371/5106 5720/6378/5106 5719/6377/5105 5713/6370/5105
f 5715/6366/5107 5721/6373/5107 5720/6378/5106 5714/6371/5106
f 5716/6372/5102 5722/6379/5102 5727/6380/5107 5721/6373/5107
f 5717/6374/5103 5723/6381/5103 5722/6382/5102 5716/6375/5102
f 5718/6376/5104 5724/6383/5104 5723/6381/5103 5717/6374/5103
f 5719/6377/5105 5725/6384/5105 5724/6383/5104 5718/6376/5104
f 5720/6378/5106 5726/6385/5106 5725/6384/5105 5719/6377/5105
f 5721/6373/5107 5727/6380/5107 5726/6385/5106 5720/6378/5106
f 5722/6379/5102 5728/6386/5102 5733/6387/5107 5727/6380/5107
f 5723/6381/5103 5729/6388/5103 5728/6389/5102 5722/6382/5102
f 5724/6383/5104 5730/6390/5104 5729/6388/5103 5723/6381/5103
f 5725/6384/5105 5731/6391/5105 5730/6390/5104 5724/6383/5104
f 5726/6385/5106 5732/6392/5106 5731/6391/5105 5725/6384/5105
f 5727/6380/5107 5733/6387/5107 5732/6392/5106 5726/6385/5106
f 5728/6386/5102 5734/6393/5102 5739/6394/5107 5733/6387/5107
f 5729/6388/5103 5735/6395/5103 5734/6396/5102 5728/6389/5102
f 5730/6390/5104 5736/6397/5104 5735/6395/5103 5729/6388/5103
f 5731/6391/5105 5737/6398/5105 5736/6397/5104 5730/6390/5104
f 5732/6392/5106 5738/6399/5106 5737/6398/5105 5731/6391/5105
f 5733/6387/5107 5739/6394/5107 5738/6399/5106 5732/6392/5106
f 5734/6393/5102 5740/6400/5102 5745/6401/5107 5739/6394/5107
f 5735/6395/5103 5741/6402/5103 5740/6403/5102 5734/6396/5102
f 5736/6397/5104 5742/6404/5104 5741/6402/5103 5735/6395/5103
f 5737/6398/5105 5743/6405/5105 5742/6404/5104 5736/6397/5104
f 5738/6399/5106 5744/6406/5106 5743/6405/5105 5737/6398/5105
f 5739/6394/5107 5745/6401/5107 5744/6406/5106 5738/6399/5106
f 5740/6400/5102 5746/6407/5102 5751/6408/5107 5745/6401/5107
f 5741/6402/5103 5747/6409/5103 5746/6410/5102 5740/6403/5102
f 5742/6404/5104 5748/6411/5104 5747/6409/5103 5741/6402/5103
f 5743/6405/5105 5749/6412/5105 5748/6411/5104 5742/6404/5104
f 5744/6406/5106 5750/6413/5106 5749/6412/5105 5743/6405/5105
f 5745/6401/5107 5751/6408/5107 5750/6413/5106 5744/6406/5106
f 5746/6407/5102 5752/6414/5102 5757/6415/5107 5751/6408/5107
f 5747/6409/5103 5753/6416/5103 5752/6417/5102 5746/6410/5102
f 5748/6411/5104 5754/6418/5104 5753/6416/5103 5747/6409/5103
f 5749/6412/5105 5755/6419/5105 5754/6418/5104 5748/6411/5104
f 5750/6413/5106 5756/6420/5106 5755/6419/5105 5749/6412/5105
f 5751/6408/5107 5757/6415/5107 5756/6420/5106 5750/6413/5106
f 5752/6414/5102 5758/6421/5102 5763/6422/5107 5757/6415/5107
f 5753/6416/5103 5759/6423/5103 5758/6424/5102 5752/6417/5102
f 5754/6418/5104 5760/6425/5104 5759/6423/5103 5753/6416/5103
f 5755/6419/5105 5761/6426/5105 5760/6425/5104 5754/6418/5104
f 5756/6420/5106 5762/6427/5106 5761/6426/5105 5755/6419/5105
f 5757/6415/5107 5763/6422/5107 5762/6427/5106 5756/6420/5106
f 5758/6421/5102 5764/6428/5102 5769/6429/5107 5763/6422/5107
f 5759/6423/5103 5765/6430/5103 5764/6431/5102 5758/6424/5102
f 5760/6425/5104 5766/6432/5104 5765/6430/5103 5759/6423/5103
f 5761/6426/5105 5767/6433/5105 5766/6432/5104 5760/6425/5104
f 5762/6427/5106 5768/6434/5106 5767/6433/5105 5761/6426/5105
f 5763/6422/5107 5769/6429/5107 5768/6434/5106 5762/6427/5106
o Cone.004
v 0.000000 1.717364 -0.983094
v 0.050000 1.717364 -0.933094
v 0.000000 1.717364 -0.883094
v -0.050000 1.717364 -0.933094
v 0.000000 1.817364 -0.933094
vn 0.6667 0.3333 -0.6667
vn 0.6667 0.3333 0.6667
vn -0.0000 -1.0000 -0.0000
vn -0.6667 0.3333 0.6667
vn -0.6667 0.3333 -0.6667
vt 0.250000 0.490000
vt 0.250000 0.250000
vt 0.490000 0.250000
vt 0.250000 0.010000
vt 0.750000 0.490000
vt 0.990000 0.250000
vt 0.750000 0.010000
vt 0.510000 0.250000
vt 0.010000 0.250000
s 0
usemtl Material.001
f 5770/6435/5108 5774/6436/5108 5771/6437/5108
f 5771/6437/5109 5774/6436/5109 5772/6438/5109
f 5770/6439/5110 5771/6440/5110 5772/6441/5110 5773/6442/5110
f 5772/6438/5111 5774/6436/5111 5773/6443/5111
f 5773/6443/5112 5774/6436/5112 5770/6435/5112
o NurbsPath.005
v 0.008660 1.369870 -3.517326
v 0.008660 1.369870 -3.507326
v -0.000000 1.369870 -3.502326
v -0.008660 1.369870 -3.507326
v -0.008660 1.369870 -3.517326
v -0.000000 1.369870 -3.522326
v 0.008660 1.315052 -3.517326
v 0.008660 1.315052 -3.507326
v -0.000000 1.315052 -3.502326
v -0.008660 1.315052 -3.507326
v -0.008660 1.315052 -3.517326
v -0.000000 1.315052 -3.522326
v 0.008660 1.260234 -3.517326
v 0.008660 1.260234 -3.507326
v 0.000000 1.260234 -3.502326
v -0.008660 1.260234 -3.507326
v -0.008660 1.260234 -3.517326
v -0.000000 1.260234 -3.522326
v 0.008660 1.205416 -3.517326
v 0.008660 1.205416 -3.507326
v 0.000000 1.205416 -3.502326
v -0.008660 1.205416 -3.507326
v -0.008660 1.205416 -3.517326
v 0.000000 1.205416 -3.522326
v 0.008660 1.150599 -3.517326
v 0.008660 1.150599 -3.507326
v 0.000000 1.150599 -3.502326
v -0.008660 1.150599 -3.507326
v -0.008660 1.150599 -3.517326
v 0.000000 1.150599 -3.522326
v 0.008660 1.095781 -3.517326
v 0.008660 1.095781 -3.507326
v 0.000000 1.095781 -3.502326
v -0.008660 1.095781 -3.507326
v -0.008660 1.095781 -3.517326
v 0.000000 1.095781 -3.522326
v 0.008660 1.040963 -3.517326
v 0.008660 1.040963 -3.507326
v 0.000000 1.040963 -3.502326
v -0.008660 1.040963 -3.507326
v -0.008660 1.040963 -3.517326
v 0.000000 1.040963 -3.522326
v 0.008660 0.986145 -3.517326
v 0.008660 0.986145 -3.507326
v 0.000000 0.986145 -3.502326
v -0.008660 0.986145 -3.507326
v -0.008660 0.986145 -3.517326
v 0.000000 0.986145 -3.522326
v 0.008660 0.931327 -3.517326
v 0.008660 0.931327 -3.507326
v 0.000000 0.931327 -3.502326
v -0.008660 0.931327 -3.507326
v -0.008660 0.931327 -3.517326
v 0.000000 0.931327 -3.522326
v 0.008660 0.876509 -3.517326
v 0.008660 0.876509 -3.507326
v 0.000000 0.876509 -3.502326
v -0.008660 0.876509 -3.507326
v -0.008660 0.876509 -3.517326
v 0.000000 0.876509 -3.522326
v 0.008660 0.821691 -3.517326
v 0.008660 0.821691 -3.507326
v 0.000000 0.821691 -3.502326
v -0.008660 0.821691 -3.507326
v -0.008660 0.821691 -3.517326
v 0.000000 0.821691 -3.522326
v 0.008660 0.766873 -3.517326
v 0.008660 0.766873 -3.507326
v 0.000000 0.766873 -3.502326
v -0.008660 0.766873 -3.507326
v -0.008660 0.766873 -3.517326
v 0.000000 0.766873 -3.522326
vn 0.8660 -0.0000 -0.5000
vn 0.8660 -0.0000 0.5000
vn -0.0000 -0.0000 1.0000
vn -0.8660 -0.0000 0.5000
vn -0.8660 -0.0000 -0.5000
vn -0.0000 -0.0000 -1.0000
vt 0.000000 1.000000
vt 0.090909 1.000000
vt 0.090909 0.833333
vt 0.000000 0.833333
vt 0.000000 0.166667
vt 0.090909 0.166667
vt 0.090909 0.000000
vt 0.000000 0.000000
vt 0.000000 0.333333
vt 0.090909 0.333333
vt 0.000000 0.500000
vt 0.090909 0.500000
vt 0.000000 0.666667
vt 0.090909 0.666667
vt 0.181818 1.000000
vt 0.181818 0.833333
vt 0.181818 0.166667
vt 0.181818 0.000000
vt 0.181818 0.333333
vt 0.181818 0.500000
vt 0.181818 0.666667
vt 0.272727 1.000000
vt 0.272727 0.833333
vt 0.272727 0.166667
vt 0.272727 0.000000
vt 0.272727 0.333333
vt 0.272727 0.500000
vt 0.272727 0.666667
vt 0.363636 1.000000
vt 0.363636 0.833333
vt 0.363636 0.166667
vt 0.363636 0.000000
vt 0.363636 0.333333
vt 0.363636 0.500000
vt 0.363636 0.666667
vt 0.454545 1.000000
vt 0.454545 0.833333
vt 0.454545 0.166667
vt 0.454545 0.000000
vt 0.454545 0.333333
vt 0.454545 0.500000
vt 0.454545 0.666667
vt 0.545455 1.000000
vt 0.545455 0.833333
vt 0.545455 0.166667
vt 0.545455 0.000000
vt 0.545455 0.333333
vt 0.545455 0.500000
vt 0.545455 0.666667
vt 0.636364 1.000000
vt 0.636364 0.833333
vt 0.636364 0.166667
vt 0.636364 0.000000
vt 0.636364 0.333333
vt 0.636364 0.500000
vt 0.636364 0.666667
vt 0.727273 1.000000
vt 0.727273 0.833333
vt 0.727273 0.166667
vt 0.727273 0.000000
vt 0.727273 0.333333
vt 0.727273 0.500000
vt 0.727273 0.666667
vt 0.818182 1.000000
vt 0.818182 0.833333
vt 0.818182 0.166667
vt 0.818182 0.000000
vt 0.818182 0.333333
vt 0.818182 0.500000
vt 0.818182 0.666667
vt 0.909091 1.000000
vt 0.909091 0.833333
vt 0.909091 0.166667
vt 0.909091 0.000000
vt 0.909091 0.333333
vt 0.909091 0.500000
vt 0.909091 0.666667
vt 1.000000 1.000000
vt 1.000000 0.833333
vt 1.000000 0.166667
vt 1.000000 0.000000
vt 1.000000 0.333333
vt 1.000000 0.500000
vt 1.000000 0.666667
s 1
usemtl Material.001
f 5775/6444/5113 5781/6445/5113 5786/6446/5118 5780/6447/5118
f 5776/6448/5114 5782/6449/5114 5781/6450/5113 5775/6451/5113
f 5777/6452/5115 5783/6453/5115 5782/6449/5114 5776/6448/5114
f 5778/6454/5116 5784/6455/5116 5783/6453/5115 5777/6452/5115
f 5779/6456/5117 5785/6457/5117 5784/6455/5116 5778/6454/5116
f 5780/6447/5118 5786/6446/5118 5785/6457/5117 5779/6456/5117
f 5781/6445/5113 5787/6458/5113 5792/6459/5118 5786/6446/5118
f 5782/6449/5114 5788/6460/5114 5787/6461/5113 5781/6450/5113
f 5783/6453/5115 5789/6462/5115 5788/6460/5114 5782/6449/5114
f 5784/6455/5116 5790/6463/5116 5789/6462/5115 5783/6453/5115
f 5785/6457/5117 5791/6464/5117 5790/6463/5116 5784/6455/5116
f 5786/6446/5118 5792/6459/5118 5791/6464/5117 5785/6457/5117
f 5787/6458/5113 5793/6465/5113 5798/6466/5118 5792/6459/5118
f 5788/6460/5114 5794/6467/5114 5793/6468/5113 5787/6461/5113
f 5789/6462/5115 5795/6469/5115 5794/6467/5114 5788/6460/5114
f 5790/6463/5116 5796/6470/5116 5795/6469/5115 5789/6462/5115
f 5791/6464/5117 5797/6471/5117 5796/6470/5116 5790/6463/5116
f 5792/6459/5118 5798/6466/5118 5797/6471/5117 5791/6464/5117
f 5793/6465/5113 5799/6472/5113 5804/6473/5118 5798/6466/5118
f 5794/6467/5114 5800/6474/5114 5799/6475/5113 5793/6468/5113
f 5795/6469/5115 5801/6476/5115 5800/6474/5114 5794/6467/5114
f 5796/6470/5116 5802/6477/5116 5801/6476/5115 5795/6469/5115
f 5797/6471/5117 5803/6478/5117 5802/6477/5116 5796/6470/5116
f 5798/6466/5118 5804/6473/5118 5803/6478/5117 5797/6471/5117
f 5799/6472/5113 5805/6479/5113 5810/6480/5118 5804/6473/5118
f 5800/6474/5114 5806/6481/5114 5805/6482/5113 5799/6475/5113
f 5801/6476/5115 5807/6483/5115 5806/6481/5114 5800/6474/5114
f 5802/6477/5116 5808/6484/5116 5807/6483/5115 5801/6476/5115
f 5803/6478/5117 5809/6485/5117 5808/6484/5116 5802/6477/5116
f 5804/6473/5118 5810/6480/5118 5809/6485/5117 5803/6478/5117
f 5805/6479/5113 5811/6486/5113 5816/6487/5118 5810/6480/5118
f 5806/6481/5114 5812/6488/5114 5811/6489/5113 5805/6482/5113
f 5807/6483/5115 5813/6490/5115 5812/6488/5114 5806/6481/5114
f 5808/6484/5116 5814/6491/5116 5813/6490/5115 5807/6483/5115
f 5809/6485/5117 5815/6492/5117 5814/6491/5116 5808/6484/5116
f 5810/6480/5118 5816/6487/5118 5815/6492/5117 5809/6485/5117
f 5811/6486/5113 5817/6493/5113 5822/6494/5118 5816/6487/5118
f 5812/6488/5114 5818/6495/5114 5817/6496/5113 5811/6489/5113
f 5813/6490/5115 5819/6497/5115 5818/6495/5114 5812/6488/5114
f 5814/6491/5116 5820/6498/5116 5819/6497/5115 5813/6490/5115
f 5815/6492/5117 5821/6499/5117 5820/6498/5116 5814/6491/5116
f 5816/6487/5118 5822/6494/5118 5821/6499/5117 5815/6492/5117
f 5817/6493/5113 5823/6500/5113 5828/6501/5118 5822/6494/5118
f 5818/6495/5114 5824/6502/5114 5823/6503/5113 5817/6496/5113
f 5819/6497/5115 5825/6504/5115 5824/6502/5114 5818/6495/5114
f 5820/6498/5116 5826/6505/5116 5825/6504/5115 5819/6497/5115
f 5821/6499/5117 5827/6506/5117 5826/6505/5116 5820/6498/5116
f 5822/6494/5118 5828/6501/5118 5827/6506/5117 5821/6499/5117
f 5823/6500/5113 5829/6507/5113 5834/6508/5118 5828/6501/5118
f 5824/6502/5114 5830/6509/5114 5829/6510/5113 5823/6503/5113
f 5825/6504/5115 5831/6511/5115 5830/6509/5114 5824/6502/5114
f 5826/6505/5116 5832/6512/5116 5831/6511/5115 5825/6504/5115
f 5827/6506/5117 5833/6513/5117 5832/6512/5116 5826/6505/5116
f 5828/6501/5118 5834/6508/5118 5833/6513/5117 5827/6506/5117
f 5829/6507/5113 5835/6514/5113 5840/6515/5118 5834/6508/5118
f 5830/6509/5114 5836/6516/5114 5835/6517/5113 5829/6510/5113
f 5831/6511/5115 5837/6518/5115 5836/6516/5114 5830/6509/5114
f 5832/6512/5116 5838/6519/5116 5837/6518/5115 5831/6511/5115
f 5833/6513/5117 5839/6520/5117 5838/6519/5116 5832/6512/5116
f 5834/6508/5118 5840/6515/5118 5839/6520/5117 5833/6513/5117
f 5835/6514/5113 5841/6521/5113 5846/6522/5118 5840/6515/5118
f 5836/6516/5114 5842/6523/5114 5841/6524/5113 5835/6517/5113
f 5837/6518/5115 5843/6525/5115 5842/6523/5114 5836/6516/5114
f 5838/6519/5116 5844/6526/5116 5843/6525/5115 5837/6518/5115
f 5839/6520/5117 5845/6527/5117 5844/6526/5116 5838/6519/5116
f 5840/6515/5118 5846/6522/5118 5845/6527/5117 5839/6520/5117
o NurbsPath.005
v 0.008660 1.369870 -3.517326
v 0.008660 1.369870 -3.507326
v -0.000000 1.369870 -3.502326
v -0.008660 1.369870 -3.507326
v -0.008660 1.369870 -3.517326
v -0.000000 1.369870 -3.522326
v 0.008660 1.315052 -3.517326
v 0.008660 1.315052 -3.507326
v -0.000000 1.315052 -3.502326
v -0.008660 1.315052 -3.507326
v -0.008660 1.315052 -3.517326
v -0.000000 1.315052 -3.522326
v 0.008660 1.260234 -3.517326
v 0.008660 1.260234 -3.507326
v 0.000000 1.260234 -3.502326
v -0.008660 1.260234 -3.507326
v -0.008660 1.260234 -3.517326
v -0.000000 1.260234 -3.522326
v 0.008660 1.205416 -3.517326
v 0.008660 1.205416 -3.507326
v 0.000000 1.205416 -3.502326
v -0.008660 1.205416 -3.507326
v -0.008660 1.205416 -3.517326
v 0.000000 1.205416 -3.522326
v 0.008660 1.150599 -3.517326
v 0.008660 1.150599 -3.507326
v 0.000000 1.150599 -3.502326
v -0.008660 1.150599 -3.507326
v -0.008660 1.150599 -3.517326
v 0.000000 1.150599 -3.522326
v 0.008660 1.095781 -3.517326
v 0.008660 1.095781 -3.507326
v 0.000000 1.095781 -3.502326
v -0.008660 1.095781 -3.507326
v -0.008660 1.095781 -3.517326
v 0.000000 1.095781 -3.522326
v 0.008660 1.040963 -3.517326
v 0.008660 1.040963 -3.507326
v 0.000000 1.040963 -3.502326
v -0.008660 1.040963 -3.507326
v -0.008660 1.040963 -3.517326
v 0.000000 1.040963 -3.522326
v 0.008660 0.986145 -3.517326
v 0.008660 0.986145 -3.507326
v 0.000000 0.986145 -3.502326
v -0.008660 0.986145 -3.507326
v -0.008660 0.986145 -3.517326
v 0.000000 0.986145 -3.522326
v 0.008660 0.931327 -3.517326
v 0.008660 0.931327 -3.507326
v 0.000000 0.931327 -3.502326
v -0.008660 0.931327 -3.507326
v -0.008660 0.931327 -3.517326
v 0.000000 0.931327 -3.522326
v 0.008660 0.876509 -3.517326
v 0.008660 0.876509 -3.507326
v 0.000000 0.876509 -3.502326
v -0.008660 0.876509 -3.507326
v -0.008660 0.876509 -3.517326
v 0.000000 0.876509 -3.522326
v 0.008660 0.821691 -3.517326
v 0.008660 0.821691 -3.507326
v 0.000000 0.821691 -3.502326
v -0.008660 0.821691 -3.507326
v -0.008660 0.821691 -3.517326
v 0.000000 0.821691 -3.522326
v 0.008660 0.766873 -3.517326
v 0.008660 0.766873 -3.507326
v 0.000000 0.766873 -3.502326
v -0.008660 0.766873 -3.507326
v -0.008660 0.766873 -3.517326
v 0.000000 0.766873 -3.522326
vn 0.8660 -0.0000 -0.5000
vn 0.8660 -0.0000 0.5000
vn -0.0000 -0.0000 1.0000
vn -0.8660 -0.0000 0.5000
vn -0.8660 -0.0000 -0.5000
vn -0.0000 -0.0000 -1.0000
vt 0.000000 1.000000
vt 0.090909 1.000000
vt 0.090909 0.833333
vt 0.000000 0.833333
vt 0.000000 0.166667
vt 0.090909 0.166667
vt 0.090909 0.000000
vt 0.000000 0.000000
vt 0.000000 0.333333
vt 0.090909 0.333333
vt 0.000000 0.500000
vt 0.090909 0.500000
vt 0.000000 0.666667
vt 0.090909 0.666667
vt 0.181818 1.000000
vt 0.181818 0.833333
vt 0.181818 0.166667
vt 0.181818 0.000000
vt 0.181818 0.333333
vt 0.181818 0.500000
vt 0.181818 0.666667
vt 0.272727 1.000000
vt 0.272727 0.833333
vt 0.272727 0.166667
vt 0.272727 0.000000
vt 0.272727 0.333333
vt 0.272727 0.500000
vt 0.272727 0.666667
vt 0.363636 1.000000
vt 0.363636 0.833333
vt 0.363636 0.166667
vt 0.363636 0.000000
vt 0.363636 0.333333
vt 0.363636 0.500000
vt 0.363636 0.666667
vt 0.454545 1.000000
vt 0.454545 0.833333
vt 0.454545 0.166667
vt 0.454545 0.000000
vt 0.454545 0.333333
vt 0.454545 0.500000
vt 0.454545 0.666667
vt 0.545455 1.000000
vt 0.545455 0.833333
vt 0.545455 0.166667
vt 0.545455 0.000000
vt 0.545455 0.333333
vt 0.545455 0.500000
vt 0.545455 0.666667
vt 0.636364 1.000000
vt 0.636364 0.833333
vt 0.636364 0.166667
vt 0.636364 0.000000
vt 0.636364 0.333333
vt 0.636364 0.500000
vt 0.636364 0.666667
vt 0.727273 1.000000
vt 0.727273 0.833333
vt 0.727273 0.166667
vt 0.727273 0.000000
vt 0.727273 0.333333
vt 0.727273 0.500000
vt 0.727273 0.666667
vt 0.818182 1.000000
vt 0.818182 0.833333
vt 0.818182 0.166667
vt 0.818182 0.000000
vt 0.818182 0.333333
vt 0.818182 0.500000
vt 0.818182 0.666667
vt 0.909091 1.000000
vt 0.909091 0.833333
vt 0.909091 0.166667
vt 0.909091 0.000000
vt 0.909091 0.333333
vt 0.909091 0.500000
vt 0.909091 0.666667
vt 1.000000 1.000000
vt 1.000000 0.833333
vt 1.000000 0.166667
vt 1.000000 0.000000
vt 1.000000 0.333333
vt 1.000000 0.500000
vt 1.000000 0.666667
s 1
usemtl Material.001
f 5847/6528/5119 5853/6529/5119 5858/6530/5124 5852/6531/5124
f 5848/6532/5120 5854/6533/5120 5853/6534/5119 5847/6535/5119
f 5849/6536/5121 5855/6537/5121 5854/6533/5120 5848/6532/5120
f 5850/6538/5122 5856/6539/5122 5855/6537/5121 5849/6536/5121
f 5851/6540/5123 5857/6541/5123 5856/6539/5122 5850/6538/5122
f 5852/6531/5124 5858/6530/5124 5857/6541/5123 5851/6540/5123
f 5853/6529/5119 5859/6542/5119 5864/6543/5124 5858/6530/5124
f 5854/6533/5120 5860/6544/5120 5859/6545/5119 5853/6534/5119
f 5855/6537/5121 5861/6546/5121 5860/6544/5120 5854/6533/5120
f 5856/6539/5122 5862/6547/5122 5861/6546/5121 5855/6537/5121
f 5857/6541/5123 5863/6548/5123 5862/6547/5122 5856/6539/5122
f 5858/6530/5124 5864/6543/5124 5863/6548/5123 5857/6541/5123
f 5859/6542/5119 5865/6549/5119 5870/6550/5124 5864/6543/5124
f 5860/6544/5120 5866/6551/5120 5865/6552/5119 5859/6545/5119
f 5861/6546/5121 5867/6553/5121 5866/6551/5120 5860/6544/5120
f 5862/6547/5122 5868/6554/5122 5867/6553/5121 5861/6546/5121
f 5863/6548/5123 5869/6555/5123 5868/6554/5122 5862/6547/5122
f 5864/6543/5124 5870/6550/5124 5869/6555/5123 5863/6548/5123
f 5865/6549/5119 5871/6556/5119 5876/6557/5124 5870/6550/5124
f 5866/6551/5120 5872/6558/5120 5871/6559/5119 5865/6552/5119
f 5867/6553/5121 5873/6560/5121 5872/6558/5120 5866/6551/5120
f 5868/6554/5122 5874/6561/5122 5873/6560/5121 5867/6553/5121
f 5869/6555/5123 5875/6562/5123 5874/6561/5122 5868/6554/5122
f 5870/6550/5124 5876/6557/5124 5875/6562/5123 5869/6555/5123
f 5871/6556/5119 5877/6563/5119 5882/6564/5124 5876/6557/5124
f 5872/6558/5120 5878/6565/5120 5877/6566/5119 5871/6559/5119
f 5873/6560/5121 5879/6567/5121 5878/6565/5120 5872/6558/5120
f 5874/6561/5122 5880/6568/5122 5879/6567/5121 5873/6560/5121
f 5875/6562/5123 5881/6569/5123 5880/6568/5122 5874/6561/5122
f 5876/6557/5124 5882/6564/5124 5881/6569/5123 5875/6562/5123
f 5877/6563/5119 5883/6570/5119 5888/6571/5124 5882/6564/5124
f 5878/6565/5120 5884/6572/5120 5883/6573/5119 5877/6566/5119
f 5879/6567/5121 5885/6574/5121 5884/6572/5120 5878/6565/5120
f 5880/6568/5122 5886/6575/5122 5885/6574/5121 5879/6567/5121
f 5881/6569/5123 5887/6576/5123 5886/6575/5122 5880/6568/5122
f 5882/6564/5124 5888/6571/5124 5887/6576/5123 5881/6569/5123
f 5883/6570/5119 5889/6577/5119 5894/6578/5124 5888/6571/5124
f 5884/6572/5120 5890/6579/5120 5889/6580/5119 5883/6573/5119
f 5885/6574/5121 5891/6581/5121 5890/6579/5120 5884/6572/5120
f 5886/6575/5122 5892/6582/5122 5891/6581/5121 5885/6574/5121
f 5887/6576/5123 5893/6583/5123 5892/6582/5122 5886/6575/5122
f 5888/6571/5124 5894/6578/5124 5893/6583/5123 5887/6576/5123
f 5889/6577/5119 5895/6584/5119 5900/6585/5124 5894/6578/5124
f 5890/6579/5120 5896/6586/5120 5895/6587/5119 5889/6580/5119
f 5891/6581/5121 5897/6588/5121 5896/6586/5120 5890/6579/5120
f 5892/6582/5122 5898/6589/5122 5897/6588/5121 5891/6581/5121
f 5893/6583/5123 5899/6590/5123 5898/6589/5122 5892/6582/5122
f 5894/6578/5124 5900/6585/5124 5899/6590/5123 5893/6583/5123
f 5895/6584/5119 5901/6591/5119 5906/6592/5124 5900/6585/5124
f 5896/6586/5120 5902/6593/5120 5901/6594/5119 5895/6587/5119
f 5897/6588/5121 5903/6595/5121 5902/6593/5120 5896/6586/5120
f 5898/6589/5122 5904/6596/5122 5903/6595/5121 5897/6588/5121
f 5899/6590/5123 5905/6597/5123 5904/6596/5122 5898/6589/5122
f 5900/6585/5124 5906/6592/5124 5905/6597/5123 5899/6590/5123
f 5901/6591/5119 5907/6598/5119 5912/6599/5124 5906/6592/5124
f 5902/6593/5120 5908/6600/5120 5907/6601/5119 5901/6594/5119
f 5903/6595/5121 5909/6602/5121 5908/6600/5120 5902/6593/5120
f 5904/6596/5122 5910/6603/5122 5909/6602/5121 5903/6595/5121
f 5905/6597/5123 5911/6604/5123 5910/6603/5122 5904/6596/5122
f 5906/6592/5124 5912/6599/5124 5911/6604/5123 5905/6597/5123
f 5907/6598/5119 5913/6605/5119 5918/6606/5124 5912/6599/5124
f 5908/6600/5120 5914/6607/5120 5913/6608/5119 5907/6601/5119
f 5909/6602/5121 5915/6609/5121 5914/6607/5120 5908/6600/5120
f 5910/6603/5122 5916/6610/5122 5915/6609/5121 5909/6602/5121
f 5911/6604/5123 5917/6611/5123 5916/6610/5122 5910/6603/5122
f 5912/6599/5124 5918/6606/5124 5917/6611/5123 5911/6604/5123
o Cone.005
v 0.000000 1.359848 -3.562328
v 0.050000 1.359848 -3.512328
v 0.000000 1.359848 -3.462328
v -0.050000 1.359848 -3.512328
v 0.000000 1.459847 -3.512328
vn 0.6667 0.3333 -0.6667
vn 0.6667 0.3333 0.6667
vn -0.0000 -1.0000 -0.0000
vn -0.6667 0.3333 0.6667
vn -0.6667 0.3333 -0.6667
vt 0.250000 0.490000
vt 0.250000 0.250000
vt 0.490000 0.250000
vt 0.250000 0.010000
vt 0.750000 0.490000
vt 0.990000 0.250000
vt 0.750000 0.010000
vt 0.510000 0.250000
vt 0.010000 0.250000
s 0
usemtl Material.001
f 5919/6612/5125 5923/6613/5125 5920/6614/5125
f 5920/6614/5126 5923/6613/5126 5921/6615/5126
f 5919/6616/5127 5920/6617/5127 5921/6618/5127 5922/6619/5127
f 5921/6615/5128 5923/6613/5128 5922/6620/5128
f 5922/6620/5129 5923/6613/5129 5919/6612/5129
o NurbsPath.006
v -0.837959 1.006423 -0.947388
v -0.837959 1.006423 -0.937388
v -0.846619 1.006423 -0.932388
v -0.855279 1.006423 -0.937388
v -0.855279 1.006423 -0.947388
v -0.846619 1.006423 -0.952388
v -0.837959 0.841505 -0.947388
v -0.837959 0.841505 -0.937388
v -0.846619 0.841505 -0.932388
v -0.855279 0.841505 -0.937388
v -0.855279 0.841505 -0.947388
v -0.846619 0.841505 -0.952388
v -0.837959 0.676587 -0.947388
v -0.837959 0.676587 -0.937388
v -0.846619 0.676587 -0.932388
v -0.855279 0.676587 -0.937388
v -0.855279 0.676587 -0.947388
v -0.846619 0.676587 -0.952388
v -0.837959 0.511669 -0.947388
v -0.837959 0.511669 -0.937388
v -0.846619 0.511669 -0.932388
v -0.855279 0.511669 -0.937388
v -0.855279 0.511669 -0.947388
v -0.846619 0.511669 -0.952388
v -0.837959 0.346751 -0.947388
v -0.837959 0.346751 -0.937388
v -0.846619 0.346751 -0.932388
v -0.855279 0.346751 -0.937388
v -0.855279 0.346751 -0.947388
v -0.846619 0.346751 -0.952388
v -0.837959 0.181834 -0.947388
v -0.837959 0.181834 -0.937388
v -0.846619 0.181834 -0.932388
v -0.855279 0.181834 -0.937388
v -0.855279 0.181834 -0.947388
v -0.846619 0.181834 -0.952388
v -0.837959 0.016916 -0.947388
v -0.837959 0.016916 -0.937388
v -0.846619 0.016916 -0.932388
v -0.855279 0.016916 -0.937388
v -0.855279 0.016916 -0.947388
v -0.846619 0.016916 -0.952388
v -0.837959 -0.148002 -0.947388
v -0.837959 -0.148002 -0.937388
v -0.846619 -0.148002 -0.932388
v -0.855279 -0.148002 -0.937388
v -0.855279 -0.148002 -0.947388
v -0.846619 -0.148002 -0.952388
v -0.837959 -0.312920 -0.947388
v -0.837959 -0.312920 -0.937388
v -0.846619 -0.312920 -0.932388
v -0.855279 -0.312920 -0.937388
v -0.855279 -0.312920 -0.947388
v -0.846619 -0.312920 -0.952388
v -0.837959 -0.477838 -0.947388
v -0.837959 -0.477838 -0.937388
v -0.846619 -0.477838 -0.932388
v -0.855279 -0.477838 -0.937388
v -0.855279 -0.477838 -0.947388
v -0.846619 -0.477838 -0.952388
v -0.837959 -0.642756 -0.947388
v -0.837959 -0.642756 -0.937388
v -0.846619 -0.642756 -0.932388
v -0.855279 -0.642756 -0.937388
v -0.855279 -0.642756 -0.947388
v -0.846619 -0.642756 -0.952388
v -0.838136 -0.805928 -0.947388
v -0.838136 -0.805928 -0.937388
v -0.846619 -0.807674 -0.932388
v -0.855101 -0.809420 -0.937388
v -0.855101 -0.809420 -0.947388
v -0.846619 -0.807674 -0.952388
v -0.806412 -0.882900 -0.947388
v -0.806412 -0.882900 -0.937388
v -0.811175 -0.890133 -0.932388
v -0.815939 -0.897365 -0.937388
v -0.815939 -0.897365 -0.947388
v -0.811175 -0.890133 -0.952388
v -0.740288 -0.881473 -0.947388
v -0.740288 -0.881473 -0.937388
v -0.740288 -0.890133 -0.932388
v -0.740288 -0.898793 -0.937388
v -0.740288 -0.898793 -0.947388
v -0.740288 -0.890133 -0.952388
v -0.669401 -0.881473 -0.947388
v -0.669401 -0.881473 -0.937388
v -0.669401 -0.890133 -0.932388
v -0.669401 -0.898793 -0.937388
v -0.669401 -0.898793 -0.947388
v -0.669401 -0.890133 -0.952388
v -0.598513 -0.881473 -0.947388
v -0.598513 -0.881473 -0.937388
v -0.598513 -0.890133 -0.932388
v -0.598513 -0.898793 -0.937388
v -0.598513 -0.898793 -0.947388
v -0.598513 -0.890133 -0.952388
v -0.527626 -0.881472 -0.947388
v -0.527626 -0.881472 -0.937388
v -0.527626 -0.890133 -0.932388
v -0.527626 -0.898793 -0.937388
v -0.527626 -0.898793 -0.947388
v -0.527626 -0.890133 -0.952388
v -0.456739 -0.881472 -0.947388
v -0.456739 -0.881472 -0.937388
v -0.456739 -0.890133 -0.932388
v -0.456739 -0.898793 -0.937388
v -0.456739 -0.898793 -0.947388
v -0.456739 -0.890133 -0.952388
v -0.385852 -0.881472 -0.947388
v -0.385852 -0.881472 -0.937388
v -0.385852 -0.890133 -0.932388
v -0.385852 -0.898793 -0.937388
v -0.385852 -0.898793 -0.947388
v -0.385852 -0.890133 -0.952388
v -0.314964 -0.881472 -0.947388
v -0.314964 -0.881472 -0.937388
v -0.314964 -0.890133 -0.932388
v -0.314964 -0.898793 -0.937388
v -0.314964 -0.898793 -0.947388
v -0.314964 -0.890133 -0.952388
v -0.244077 -0.881473 -0.947388
v -0.244077 -0.881473 -0.937388
v -0.244077 -0.890133 -0.932388
v -0.244077 -0.898793 -0.937388
v -0.244077 -0.898793 -0.947388
v -0.244077 -0.890133 -0.952388
v -0.173190 -0.881473 -0.947388
v -0.173190 -0.881473 -0.937388
v -0.173190 -0.890133 -0.932388
v -0.173190 -0.898793 -0.937388
v -0.173190 -0.898793 -0.947388
v -0.173190 -0.890133 -0.952388
v -0.102303 -0.881472 -0.947388
v -0.102303 -0.881472 -0.937388
v -0.102303 -0.890133 -0.932388
v -0.102303 -0.898793 -0.937388
v -0.102303 -0.898793 -0.947388
v -0.102303 -0.890133 -0.952388
v -0.031415 -0.881473 -0.947388
v -0.031415 -0.881473 -0.937388
v -0.031415 -0.890133 -0.932388
v -0.031415 -0.898793 -0.937388
v -0.031415 -0.898793 -0.947388
v -0.031415 -0.890133 -0.952388
vn 0.8660 -0.0000 -0.5000
vn 0.8660 -0.0000 0.5000
vn -0.0000 -0.0000 1.0000
vn -0.8660 -0.0000 0.5000
vn -0.8660 -0.0000 -0.5000
vn -0.0000 -0.0000 -1.0000
vn 0.8666 -0.0004 -0.4989
vn 0.8666 -0.0004 0.4989
vn -0.0000 -0.0002 1.0000
vn -0.8666 -0.0004 0.4990
vn -0.8666 -0.0004 -0.4990
vn -0.0000 -0.0002 -1.0000
vn 0.8363 0.1683 -0.5218
vn 0.8363 0.1683 0.5218
vn -0.0639 -0.0159 0.9978
vn -0.8644 -0.1849 0.4676
vn -0.8644 -0.1849 -0.4676
vn -0.0639 -0.0159 -0.9978
vn 0.4300 0.6557 -0.6206
vn 0.4300 0.6557 0.6206
vn -0.0929 -0.1385 0.9860
vn -0.4928 -0.7434 0.4523
vn -0.4928 -0.7434 -0.4523
vn -0.0929 -0.1385 -0.9860
vn -0.0078 0.8717 -0.4900
vn -0.0078 0.8717 0.4900
vn -0.0031 0.0007 1.0000
vn -0.0069 -0.8713 0.4908
vn -0.0069 -0.8713 -0.4908
vn -0.0031 0.0007 -1.0000
vn -0.0000 0.8660 -0.5000
vn -0.0000 0.8660 0.5000
vn -0.0000 -0.8660 0.5000
vn -0.0000 -0.8660 -0.5000
vt 0.000000 1.000000
vt 0.043478 1.000000
vt 0.043478 0.833333
vt 0.000000 0.833333
vt 0.000000 0.166667
vt 0.043478 0.166667
vt 0.043478 0.000000
vt 0.000000 0.000000
vt 0.000000 0.333333
vt 0.043478 0.333333
vt 0.000000 0.500000
vt 0.043478 0.500000
vt 0.000000 0.666667
vt 0.043478 0.666667
vt 0.086957 1.000000
vt 0.086957 0.833333
vt 0.086957 0.166667
vt 0.086957 0.000000
vt 0.086957 0.333333
vt 0.086957 0.500000
vt 0.086957 0.666667
vt 0.130435 1.000000
vt 0.130435 0.833333
vt 0.130435 0.166667
vt 0.130435 0.000000
vt 0.130435 0.333333
vt 0.130435 0.500000
vt 0.130435 0.666667
vt 0.173913 1.000000
vt 0.173913 0.833333
vt 0.173913 0.166667
vt 0.173913 0.000000
vt 0.173913 0.333333
vt 0.173913 0.500000
vt 0.173913 0.666667
vt 0.217391 1.000000
vt 0.217391 0.833333
vt 0.217391 0.166667
vt 0.217391 0.000000
vt 0.217391 0.333333
vt 0.217391 0.500000
vt 0.217391 0.666667
vt 0.260870 1.000000
vt 0.260870 0.833333
vt 0.260870 0.166667
vt 0.260870 0.000000
vt 0.260870 0.333333
vt 0.260870 0.500000
vt 0.260870 0.666667
vt 0.304348 1.000000
vt 0.304348 0.833333
vt 0.304348 0.166667
vt 0.304348 0.000000
vt 0.304348 0.333333
vt 0.304348 0.500000
vt 0.304348 0.666667
vt 0.347826 1.000000
vt 0.347826 0.833333
vt 0.347826 0.166667
vt 0.347826 0.000000
vt 0.347826 0.333333
vt 0.347826 0.500000
vt 0.347826 0.666667
vt 0.391304 1.000000
vt 0.391304 0.833333
vt 0.391304 0.166667
vt 0.391304 0.000000
vt 0.391304 0.333333
vt 0.391304 0.500000
vt 0.391304 0.666667
vt 0.434783 1.000000
vt 0.434783 0.833333
vt 0.434783 0.166667
vt 0.434783 0.000000
vt 0.434783 0.333333
vt 0.434783 0.500000
vt 0.434783 0.666667
vt 0.478261 1.000000
vt 0.478261 0.833333
vt 0.478261 0.166667
vt 0.478261 0.000000
vt 0.478261 0.333333
vt 0.478261 0.500000
vt 0.478261 0.666667
vt 0.521739 1.000000
vt 0.521739 0.833333
vt 0.521739 0.166667
vt 0.521739 0.000000
vt 0.521739 0.333333
vt 0.521739 0.500000
vt 0.521739 0.666667
vt 0.565217 1.000000
vt 0.565217 0.833333
vt 0.565217 0.166667
vt 0.565217 0.000000
vt 0.565217 0.333333
vt 0.565217 0.500000
vt 0.565217 0.666667
vt 0.608696 1.000000
vt 0.608696 0.833333
vt 0.608696 0.166667
vt 0.608696 0.000000
vt 0.608696 0.333333
vt 0.608696 0.500000
vt 0.608696 0.666667
vt 0.652174 1.000000
vt 0.652174 0.833333
vt 0.652174 0.166667
vt 0.652174 0.000000
vt 0.652174 0.333333
vt 0.652174 0.500000
vt 0.652174 0.666667
vt 0.695652 1.000000
vt 0.695652 0.833333
vt 0.695652 0.166667
vt 0.695652 0.000000
vt 0.695652 0.333333
vt 0.695652 0.500000
vt 0.695652 0.666667
vt 0.739130 1.000000
vt 0.739130 0.833333
vt 0.739130 0.166667
vt 0.739130 0.000000
vt 0.739130 0.333333
vt 0.739130 0.500000
vt 0.739130 0.666667
vt 0.782609 1.000000
vt 0.782609 0.833333
vt 0.782609 0.166667
vt 0.782609 0.000000
vt 0.782609 0.333333
vt 0.782609 0.500000
vt 0.782609 0.666667
vt 0.826087 1.000000
vt 0.826087 0.833333
vt 0.826087 0.166667
vt 0.826087 0.000000
vt 0.826087 0.333333
vt 0.826087 0.500000
vt 0.826087 0.666667
vt 0.869565 1.000000
vt 0.869565 0.833333
vt 0.869565 0.166667
vt 0.869565 0.000000
vt 0.869565 0.333333
vt 0.869565 0.500000
vt 0.869565 0.666667
vt 0.913043 1.000000
vt 0.913043 0.833333
vt 0.913043 0.166667
vt 0.913043 0.000000
vt 0.913043 0.333333
vt 0.913043 0.500000
vt 0.913043 0.666667
vt 0.956522 1.000000
vt 0.956522 0.833333
vt 0.956522 0.166667
vt 0.956522 0.000000
vt 0.956522 0.333333
vt 0.956522 0.500000
vt 0.956522 0.666667
vt 1.000000 1.000000
vt 1.000000 0.833333
vt 1.000000 0.166667
vt 1.000000 0.000000
vt 1.000000 0.333333
vt 1.000000 0.500000
vt 1.000000 0.666667
s 1
usemtl Material.001
f 5924/6621/5130 5930/6622/5130 5935/6623/5135 5929/6624/5135
f 5925/6625/5131 5931/6626/5131 5930/6627/5130 5924/6628/5130
f 5926/6629/5132 5932/6630/5132 5931/6626/5131 5925/6625/5131
f 5927/6631/5133 5933/6632/5133 5932/6630/5132 5926/6629/5132
f 5928/6633/5134 5934/6634/5134 5933/6632/5133 5927/6631/5133
f 5929/6624/5135 5935/6623/5135 5934/6634/5134 5928/6633/5134
f 5930/6622/5130 5936/6635/5130 5941/6636/5135 5935/6623/5135
f 5931/6626/5131 5937/6637/5131 5936/6638/5130 5930/6627/5130
f 5932/6630/5132 5938/6639/5132 5937/6637/5131 5931/6626/5131
f 5933/6632/5133 5939/6640/5133 5938/6639/5132 5932/6630/5132
f 5934/6634/5134 5940/6641/5134 5939/6640/5133 5933/6632/5133
f 5935/6623/5135 5941/6636/5135 5940/6641/5134 5934/6634/5134
f 5936/6635/5130 5942/6642/5130 5947/6643/5135 5941/6636/5135
f 5937/6637/5131 5943/6644/5131 5942/6645/5130 5936/6638/5130
f 5938/6639/5132 5944/6646/5132 5943/6644/5131 5937/6637/5131
f 5939/6640/5133 5945/6647/5133 5944/6646/5132 5938/6639/5132
f 5940/6641/5134 5946/6648/5134 5945/6647/5133 5939/6640/5133
f 5941/6636/5135 5947/6643/5135 5946/6648/5134 5940/6641/5134
f 5942/6642/5130 5948/6649/5130 5953/6650/5135 5947/6643/5135
f 5943/6644/5131 5949/6651/5131 5948/6652/5130 5942/6645/5130
f 5944/6646/5132 5950/6653/5132 5949/6651/5131 5943/6644/5131
f 5945/6647/5133 5951/6654/5133 5950/6653/5132 5944/6646/5132
f 5946/6648/5134 5952/6655/5134 5951/6654/5133 5945/6647/5133
f 5947/6643/5135 5953/6650/5135 5952/6655/5134 5946/6648/5134
f 5948/6649/5130 5954/6656/5130 5959/6657/5135 5953/6650/5135
f 5949/6651/5131 5955/6658/5131 5954/6659/5130 5948/6652/5130
f 5950/6653/5132 5956/6660/5132 5955/6658/5131 5949/6651/5131
f 5951/6654/5133 5957/6661/5133 5956/6660/5132 5950/6653/5132
f 5952/6655/5134 5958/6662/5134 5957/6661/5133 5951/6654/5133
f 5953/6650/5135 5959/6657/5135 5958/6662/5134 5952/6655/5134
f 5954/6656/5130 5960/6663/5130 5965/6664/5135 5959/6657/5135
f 5955/6658/5131 5961/6665/5131 5960/6666/5130 5954/6659/5130
f 5956/6660/5132 5962/6667/5132 5961/6665/5131 5955/6658/5131
f 5957/6661/5133 5963/6668/5133 5962/6667/5132 5956/6660/5132
f 5958/6662/5134 5964/6669/5134 5963/6668/5133 5957/6661/5133
f 5959/6657/5135 5965/6664/5135 5964/6669/5134 5958/6662/5134
f 5960/6663/5130 5966/6670/5130 5971/6671/5135 5965/6664/5135
f 5961/6665/5131 5967/6672/5131 5966/6673/5130 5960/6666/5130
f 5962/6667/5132 5968/6674/5132 5967/6672/5131 5961/6665/5131
f 5963/6668/5133 5969/6675/5133 5968/6674/5132 5962/6667/5132
f 5964/6669/5134 5970/6676/5134 5969/6675/5133 5963/6668/5133
f 5965/6664/5135 5971/6671/5135 5970/6676/5134 5964/6669/5134
f 5966/6670/5130 5972/6677/5130 5977/6678/5135 5971/6671/5135
f 5967/6672/5131 5973/6679/5131 5972/6680/5130 5966/6673/5130
f 5968/6674/5132 5974/6681/5132 5973/6679/5131 5967/6672/5131
f 5969/6675/5133 5975/6682/5133 5974/6681/5132 5968/6674/5132
f 5970/6676/5134 5976/6683/5134 5975/6682/5133 5969/6675/5133
f 5971/6671/5135 5977/6678/5135 5976/6683/5134 5970/6676/5134
f 5972/6677/5130 5978/6684/5130 5983/6685/5135 5977/6678/5135
f 5973/6679/5131 5979/6686/5131 5978/6687/5130 5972/6680/5130
f 5974/6681/5132 5980/6688/5132 5979/6686/5131 5973/6679/5131
f 5975/6682/5133 5981/6689/5133 5980/6688/5132 5974/6681/5132
f 5976/6683/5134 5982/6690/5134 5981/6689/5133 5975/6682/5133
f 5977/6678/5135 5983/6685/5135 5982/6690/5134 5976/6683/5134
f 5978/6684/5130 5984/6691/5136 5989/6692/5141 5983/6685/5135
f 5979/6686/5131 5985/6693/5137 5984/6694/5136 5978/6687/5130
f 5980/6688/5132 5986/6695/5138 5985/6693/5137 5979/6686/5131
f 5981/6689/5133 5987/6696/5139 5986/6695/5138 5980/6688/5132
f 5982/6690/5134 5988/6697/5140 5987/6696/5139 5981/6689/5133
f 5983/6685/5135 5989/6692/5141 5988/6697/5140 5982/6690/5134
f 5984/6691/5136 5990/6698/5142 5995/6699/5147 5989/6692/5141
f 5985/6693/5137 5991/6700/5143 5990/6701/5142 5984/6694/5136
f 5986/6695/5138 5992/6702/5144 5991/6700/5143 5985/6693/5137
f 5987/6696/5139 5993/6703/5145 5992/6702/5144 5986/6695/5138
f 5988/6697/5140 5994/6704/5146 5993/6703/5145 5987/6696/5139
f 5989/6692/5141 5995/6699/5147 5994/6704/5146 5988/6697/5140
f 5990/6698/5142 5996/6705/5148 6001/6706/5153 5995/6699/5147
f 5991/6700/5143 5997/6707/5149 5996/6708/5148 5990/6701/5142
f 5992/6702/5144 5998/6709/5150 5997/6707/5149 5991/6700/5143
f 5993/6703/5145 5999/6710/5151 5998/6709/5150 5992/6702/5144
f 5994/6704/5146 6000/6711/5152 5999/6710/5151 5993/6703/5145
f 5995/6699/5147 6001/6706/5153 6000/6711/5152 5994/6704/5146
f 5996/6705/5148 6002/6712/5154 6007/6713/5159 6001/6706/5153
f 5997/6707/5149 6003/6714/5155 6002/6715/5154 5996/6708/5148
f 5998/6709/5150 6004/6716/5156 6003/6714/5155 5997/6707/5149
f 5999/6710/5151 6005/6717/5157 6004/6716/5156 5998/6709/5150
f 6000/6711/5152 6006/6718/5158 6005/6717/5157 5999/6710/5151
f 6001/6706/5153 6007/6713/5159 6006/6718/5158 6000/6711/5152
f 6002/6712/5154 6008/6719/5160 6013/6720/5135 6007/6713/5159
f 6003/6714/5155 6009/6721/5161 6008/6722/5160 6002/6715/5154
f 6004/6716/5156 6010/6723/5132 6009/6721/5161 6003/6714/5155
f 6005/6717/5157 6011/6724/5162 6010/6723/5132 6004/6716/5156
f 6006/6718/5158 6012/6725/5163 6011/6724/5162 6005/6717/5157
f 6007/6713/5159 6013/6720/5135 6012/6725/5163 6006/6718/5158
f 6008/6719/5160 6014/6726/5160 6019/6727/5135 6013/6720/5135
f 6009/6721/5161 6015/6728/5161 6014/6729/5160 6008/6722/5160
f 6010/6723/5132 6016/6730/5132 6015/6728/5161 6009/6721/5161
f 6011/6724/5162 6017/6731/5162 6016/6730/5132 6010/6723/5132
f 6012/6725/5163 6018/6732/5163 6017/6731/5162 6011/6724/5162
f 6013/6720/5135 6019/6727/5135 6018/6732/5163 6012/6725/5163
f 6014/6726/5160 6020/6733/5160 6025/6734/5135 6019/6727/5135
f 6015/6728/5161 6021/6735/5161 6020/6736/5160 6014/6729/5160
f 6016/6730/5132 6022/6737/5132 6021/6735/5161 6015/6728/5161
f 6017/6731/5162 6023/6738/5162 6022/6737/5132 6016/6730/5132
f 6018/6732/5163 6024/6739/5163 6023/6738/5162 6017/6731/5162
f 6019/6727/5135 6025/6734/5135 6024/6739/5163 6018/6732/5163
f 6020/6733/5160 6026/6740/5160 6031/6741/5135 6025/6734/5135
f 6021/6735/5161 6027/6742/5161 6026/6743/5160 6020/6736/5160
f 6022/6737/5132 6028/6744/5132 6027/6742/5161 6021/6735/5161
f 6023/6738/5162 6029/6745/5162 6028/6744/5132 6022/6737/5132
f 6024/6739/5163 6030/6746/5163 6029/6745/5162 6023/6738/5162
f 6025/6734/5135 6031/6741/5135 6030/6746/5163 6024/6739/5163
f 6026/6740/5160 6032/6747/5160 6037/6748/5135 6031/6741/5135
f 6027/6742/5161 6033/6749/5161 6032/6750/5160 6026/6743/5160
f 6028/6744/5132 6034/6751/5132 6033/6749/5161 6027/6742/5161
f 6029/6745/5162 6035/6752/5162 6034/6751/5132 6028/6744/5132
f 6030/6746/5163 6036/6753/5163 6035/6752/5162 6029/6745/5162
f 6031/6741/5135 6037/6748/5135 6036/6753/5163 6030/6746/5163
f 6032/6747/5160 6038/6754/5160 6043/6755/5135 6037/6748/5135
f 6033/6749/5161 6039/6756/5161 6038/6757/5160 6032/6750/5160
f 6034/6751/5132 6040/6758/5132 6039/6756/5161 6033/6749/5161
f 6035/6752/5162 6041/6759/5162 6040/6758/5132 6034/6751/5132
f 6036/6753/5163 6042/6760/5163 6041/6759/5162 6035/6752/5162
f 6037/6748/5135 6043/6755/5135 6042/6760/5163 6036/6753/5163
f 6038/6754/5160 6044/6761/5160 6049/6762/5135 6043/6755/5135
f 6039/6756/5161 6045/6763/5161 6044/6764/5160 6038/6757/5160
f 6040/6758/5132 6046/6765/5132 6045/6763/5161 6039/6756/5161
f 6041/6759/5162 6047/6766/5162 6046/6765/5132 6040/6758/5132
f 6042/6760/5163 6048/6767/5163 6047/6766/5162 6041/6759/5162
f 6043/6755/5135 6049/6762/5135 6048/6767/5163 6042/6760/5163
f 6044/6761/5160 6050/6768/5160 6055/6769/5135 6049/6762/5135
f 6045/6763/5161 6051/6770/5161 6050/6771/5160 6044/6764/5160
f 6046/6765/5132 6052/6772/5132 6051/6770/5161 6045/6763/5161
f 6047/6766/5162 6053/6773/5162 6052/6772/5132 6046/6765/5132
f 6048/6767/5163 6054/6774/5163 6053/6773/5162 6047/6766/5162
f 6049/6762/5135 6055/6769/5135 6054/6774/5163 6048/6767/5163
f 6050/6768/5160 6056/6775/5160 6061/6776/5135 6055/6769/5135
f 6051/6770/5161 6057/6777/5161 6056/6778/5160 6050/6771/5160
f 6052/6772/5132 6058/6779/5132 6057/6777/5161 6051/6770/5161
f 6053/6773/5162 6059/6780/5162 6058/6779/5132 6052/6772/5132
f 6054/6774/5163 6060/6781/5163 6059/6780/5162 6053/6773/5162
f 6055/6769/5135 6061/6776/5135 6060/6781/5163 6054/6774/5163
f 6056/6775/5160 6062/6782/5160 6067/6783/5135 6061/6776/5135
f 6057/6777/5161 6063/6784/5161 6062/6785/5160 6056/6778/5160
f 6058/6779/5132 6064/6786/5132 6063/6784/5161 6057/6777/5161
f 6059/6780/5162 6065/6787/5162 6064/6786/5132 6058/6779/5132
f 6060/6781/5163 6066/6788/5163 6065/6787/5162 6059/6780/5162
f 6061/6776/5135 6067/6783/5135 6066/6788/5163 6060/6781/5163
o NurbsPath.006
v -0.837959 1.006423 -0.947388
v -0.837959 1.006423 -0.937388
v -0.846619 1.006423 -0.932388
v -0.855279 1.006423 -0.937388
v -0.855279 1.006423 -0.947388
v -0.846619 1.006423 -0.952388
v -0.837959 0.841505 -0.947388
v -0.837959 0.841505 -0.937388
v -0.846619 0.841505 -0.932388
v -0.855279 0.841505 -0.937388
v -0.855279 0.841505 -0.947388
v -0.846619 0.841505 -0.952388
v -0.837959 0.676587 -0.947388
v -0.837959 0.676587 -0.937388
v -0.846619 0.676587 -0.932388
v -0.855279 0.676587 -0.937388
v -0.855279 0.676587 -0.947388
v -0.846619 0.676587 -0.952388
v -0.837959 0.511669 -0.947388
v -0.837959 0.511669 -0.937388
v -0.846619 0.511669 -0.932388
v -0.855279 0.511669 -0.937388
v -0.855279 0.511669 -0.947388
v -0.846619 0.511669 -0.952388
v -0.837959 0.346751 -0.947388
v -0.837959 0.346751 -0.937388
v -0.846619 0.346751 -0.932388
v -0.855279 0.346751 -0.937388
v -0.855279 0.346751 -0.947388
v -0.846619 0.346751 -0.952388
v -0.837959 0.181834 -0.947388
v -0.837959 0.181834 -0.937388
v -0.846619 0.181834 -0.932388
v -0.855279 0.181834 -0.937388
v -0.855279 0.181834 -0.947388
v -0.846619 0.181834 -0.952388
v -0.837959 0.016916 -0.947388
v -0.837959 0.016916 -0.937388
v -0.846619 0.016916 -0.932388
v -0.855279 0.016916 -0.937388
v -0.855279 0.016916 -0.947388
v -0.846619 0.016916 -0.952388
v -0.837959 -0.148002 -0.947388
v -0.837959 -0.148002 -0.937388
v -0.846619 -0.148002 -0.932388
v -0.855279 -0.148002 -0.937388
v -0.855279 -0.148002 -0.947388
v -0.846619 -0.148002 -0.952388
v -0.837959 -0.312920 -0.947388
v -0.837959 -0.312920 -0.937388
v -0.846619 -0.312920 -0.932388
v -0.855279 -0.312920 -0.937388
v -0.855279 -0.312920 -0.947388
v -0.846619 -0.312920 -0.952388
v -0.837959 -0.477838 -0.947388
v -0.837959 -0.477838 -0.937388
v -0.846619 -0.477838 -0.932388
v -0.855279 -0.477838 -0.937388
v -0.855279 -0.477838 -0.947388
v -0.846619 -0.477838 -0.952388
v -0.837959 -0.642756 -0.947388
v -0.837959 -0.642756 -0.937388
v -0.846619 -0.642756 -0.932388
v -0.855279 -0.642756 -0.937388
v -0.855279 -0.642756 -0.947388
v -0.846619 -0.642756 -0.952388
v -0.838136 -0.805928 -0.947388
v -0.838136 -0.805928 -0.937388
v -0.846619 -0.807674 -0.932388
v -0.855101 -0.809420 -0.937388
v -0.855101 -0.809420 -0.947388
v -0.846619 -0.807674 -0.952388
v -0.806412 -0.882900 -0.947388
v -0.806412 -0.882900 -0.937388
v -0.811175 -0.890133 -0.932388
v -0.815939 -0.897365 -0.937388
v -0.815939 -0.897365 -0.947388
v -0.811175 -0.890133 -0.952388
v -0.740288 -0.881473 -0.947388
v -0.740288 -0.881473 -0.937388
v -0.740288 -0.890133 -0.932388
v -0.740288 -0.898793 -0.937388
v -0.740288 -0.898793 -0.947388
v -0.740288 -0.890133 -0.952388
v -0.669401 -0.881473 -0.947388
v -0.669401 -0.881473 -0.937388
v -0.669401 -0.890133 -0.932388
v -0.669401 -0.898793 -0.937388
v -0.669401 -0.898793 -0.947388
v -0.669401 -0.890133 -0.952388
v -0.598513 -0.881473 -0.947388
v -0.598513 -0.881473 -0.937388
v -0.598513 -0.890133 -0.932388
v -0.598513 -0.898793 -0.937388
v -0.598513 -0.898793 -0.947388
v -0.598513 -0.890133 -0.952388
v -0.527626 -0.881472 -0.947388
v -0.527626 -0.881472 -0.937388
v -0.527626 -0.890133 -0.932388
v -0.527626 -0.898793 -0.937388
v -0.527626 -0.898793 -0.947388
v -0.527626 -0.890133 -0.952388
v -0.456739 -0.881472 -0.947388
v -0.456739 -0.881472 -0.937388
v -0.456739 -0.890133 -0.932388
v -0.456739 -0.898793 -0.937388
v -0.456739 -0.898793 -0.947388
v -0.456739 -0.890133 -0.952388
v -0.385852 -0.881472 -0.947388
v -0.385852 -0.881472 -0.937388
v -0.385852 -0.890133 -0.932388
v -0.385852 -0.898793 -0.937388
v -0.385852 -0.898793 -0.947388
v -0.385852 -0.890133 -0.952388
v -0.314964 -0.881472 -0.947388
v -0.314964 -0.881472 -0.937388
v -0.314964 -0.890133 -0.932388
v -0.314964 -0.898793 -0.937388
v -0.314964 -0.898793 -0.947388
v -0.314964 -0.890133 -0.952388
v -0.244077 -0.881473 -0.947388
v -0.244077 -0.881473 -0.937388
v -0.244077 -0.890133 -0.932388
v -0.244077 -0.898793 -0.937388
v -0.244077 -0.898793 -0.947388
v -0.244077 -0.890133 -0.952388
v -0.173190 -0.881473 -0.947388
v -0.173190 -0.881473 -0.937388
v -0.173190 -0.890133 -0.932388
v -0.173190 -0.898793 -0.937388
v -0.173190 -0.898793 -0.947388
v -0.173190 -0.890133 -0.952388
v -0.102303 -0.881472 -0.947388
v -0.102303 -0.881472 -0.937388
v -0.102303 -0.890133 -0.932388
v -0.102303 -0.898793 -0.937388
v -0.102303 -0.898793 -0.947388
v -0.102303 -0.890133 -0.952388
v -0.031415 -0.881473 -0.947388
v -0.031415 -0.881473 -0.937388
v -0.031415 -0.890133 -0.932388
v -0.031415 -0.898793 -0.937388
v -0.031415 -0.898793 -0.947388
v -0.031415 -0.890133 -0.952388
vn 0.8660 -0.0000 -0.5000
vn 0.8660 -0.0000 0.5000
vn -0.0000 -0.0000 1.0000
vn -0.8660 -0.0000 0.5000
vn -0.8660 -0.0000 -0.5000
vn -0.0000 -0.0000 -1.0000
vn 0.8666 -0.0004 -0.4989
vn 0.8666 -0.0004 0.4989
vn -0.0000 -0.0002 1.0000
vn -0.8666 -0.0004 0.4990
vn -0.8666 -0.0004 -0.4990
vn -0.0000 -0.0002 -1.0000
vn 0.8363 0.1683 -0.5218
vn 0.8363 0.1683 0.5218
vn -0.0639 -0.0159 0.9978
vn -0.8644 -0.1849 0.4676
vn -0.8644 -0.1849 -0.4676
vn -0.0639 -0.0159 -0.9978
vn 0.4300 0.6557 -0.6206
vn 0.4300 0.6557 0.6206
vn -0.0929 -0.1385 0.9860
vn -0.4928 -0.7434 0.4523
vn -0.4928 -0.7434 -0.4523
vn -0.0929 -0.1385 -0.9860
vn -0.0078 0.8717 -0.4900
vn -0.0078 0.8717 0.4900
vn -0.0031 0.0007 1.0000
vn -0.0069 -0.8713 0.4908
vn -0.0069 -0.8713 -0.4908
vn -0.0031 0.0007 -1.0000
vn -0.0000 0.8660 -0.5000
vn -0.0000 0.8660 0.5000
vn -0.0000 -0.8660 0.5000
vn -0.0000 -0.8660 -0.5000
vt 0.000000 1.000000
vt 0.043478 1.000000
vt 0.043478 0.833333
vt 0.000000 0.833333
vt 0.000000 0.166667
vt 0.043478 0.166667
vt 0.043478 0.000000
vt 0.000000 0.000000
vt 0.000000 0.333333
vt 0.043478 0.333333
vt 0.000000 0.500000
vt 0.043478 0.500000
vt 0.000000 0.666667
vt 0.043478 0.666667
vt 0.086957 1.000000
vt 0.086957 0.833333
vt 0.086957 0.166667
vt 0.086957 0.000000
vt 0.086957 0.333333
vt 0.086957 0.500000
vt 0.086957 0.666667
vt 0.130435 1.000000
vt 0.130435 0.833333
vt 0.130435 0.166667
vt 0.130435 0.000000
vt 0.130435 0.333333
vt 0.130435 0.500000
vt 0.130435 0.666667
vt 0.173913 1.000000
vt 0.173913 0.833333
vt 0.173913 0.166667
vt 0.173913 0.000000
vt 0.173913 0.333333
vt 0.173913 0.500000
vt 0.173913 0.666667
vt 0.217391 1.000000
vt 0.217391 0.833333
vt 0.217391 0.166667
vt 0.217391 0.000000
vt 0.217391 0.333333
vt 0.217391 0.500000
vt 0.217391 0.666667
vt 0.260870 1.000000
vt 0.260870 0.833333
vt 0.260870 0.166667
vt 0.260870 0.000000
vt 0.260870 0.333333
vt 0.260870 0.500000
vt 0.260870 0.666667
vt 0.304348 1.000000
vt 0.304348 0.833333
vt 0.304348 0.166667
vt 0.304348 0.000000
vt 0.304348 0.333333
vt 0.304348 0.500000
vt 0.304348 0.666667
vt 0.347826 1.000000
vt 0.347826 0.833333
vt 0.347826 0.166667
vt 0.347826 0.000000
vt 0.347826 0.333333
vt 0.347826 0.500000
vt 0.347826 0.666667
vt 0.391304 1.000000
vt 0.391304 0.833333
vt 0.391304 0.166667
vt 0.391304 0.000000
vt 0.391304 0.333333
vt 0.391304 0.500000
vt 0.391304 0.666667
vt 0.434783 1.000000
vt 0.434783 0.833333
vt 0.434783 0.166667
vt 0.434783 0.000000
vt 0.434783 0.333333
vt 0.434783 0.500000
vt 0.434783 0.666667
vt 0.478261 1.000000
vt 0.478261 0.833333
vt 0.478261 0.166667
vt 0.478261 0.000000
vt 0.478261 0.333333
vt 0.478261 0.500000
vt 0.478261 0.666667
vt 0.521739 1.000000
vt 0.521739 0.833333
vt 0.521739 0.166667
vt 0.521739 0.000000
vt 0.521739 0.333333
vt 0.521739 0.500000
vt 0.521739 0.666667
vt 0.565217 1.000000
vt 0.565217 0.833333
vt 0.565217 0.166667
vt 0.565217 0.000000
vt 0.565217 0.333333
vt 0.565217 0.500000
vt 0.565217 0.666667
vt 0.608696 1.000000
vt 0.608696 0.833333
vt 0.608696 0.166667
vt 0.608696 0.000000
vt 0.608696 0.333333
vt 0.608696 0.500000
vt 0.608696 0.666667
vt 0.652174 1.000000
vt 0.652174 0.833333
vt 0.652174 0.166667
vt 0.652174 0.000000
vt 0.652174 0.333333
vt 0.652174 0.500000
vt 0.652174 0.666667
vt 0.695652 1.000000
vt 0.695652 0.833333
vt 0.695652 0.166667
vt 0.695652 0.000000
vt 0.695652 0.333333
vt 0.695652 0.500000
vt 0.695652 0.666667
vt 0.739130 1.000000
vt 0.739130 0.833333
vt 0.739130 0.166667
vt 0.739130 0.000000
vt 0.739130 0.333333
vt 0.739130 0.500000
vt 0.739130 0.666667
vt 0.782609 1.000000
vt 0.782609 0.833333
vt 0.782609 0.166667
vt 0.782609 0.000000
vt 0.782609 0.333333
vt 0.782609 0.500000
vt 0.782609 0.666667
vt 0.826087 1.000000
vt 0.826087 0.833333
vt 0.826087 0.166667
vt 0.826087 0.000000
vt 0.826087 0.333333
vt 0.826087 0.500000
vt 0.826087 0.666667
vt 0.869565 1.000000
vt 0.869565 0.833333
vt 0.869565 0.166667
vt 0.869565 0.000000
vt 0.869565 0.333333
vt 0.869565 0.500000
vt 0.869565 0.666667
vt 0.913043 1.000000
vt 0.913043 0.833333
vt 0.913043 0.166667
vt 0.913043 0.000000
vt 0.913043 0.333333
vt 0.913043 0.500000
vt 0.913043 0.666667
vt 0.956522 1.000000
vt 0.956522 0.833333
vt 0.956522 0.166667
vt 0.956522 0.000000
vt 0.956522 0.333333
vt 0.956522 0.500000
vt 0.956522 0.666667
vt 1.000000 1.000000
vt 1.000000 0.833333
vt 1.000000 0.166667
vt 1.000000 0.000000
vt 1.000000 0.333333
vt 1.000000 0.500000
vt 1.000000 0.666667
s 1
usemtl Material.001
f 6068/6789/5164 6074/6790/5164 6079/6791/5169 6073/6792/5169
f 6069/6793/5165 6075/6794/5165 6074/6795/5164 6068/6796/5164
f 6070/6797/5166 6076/6798/5166 6075/6794/5165 6069/6793/5165
f 6071/6799/5167 6077/6800/5167 6076/6798/5166 6070/6797/5166
f 6072/6801/5168 6078/6802/5168 6077/6800/5167 6071/6799/5167
f 6073/6792/5169 6079/6791/5169 6078/6802/5168 6072/6801/5168
f 6074/6790/5164 6080/6803/5164 6085/6804/5169 6079/6791/5169
f 6075/6794/5165 6081/6805/5165 6080/6806/5164 6074/6795/5164
f 6076/6798/5166 6082/6807/5166 6081/6805/5165 6075/6794/5165
f 6077/6800/5167 6083/6808/5167 6082/6807/5166 6076/6798/5166
f 6078/6802/5168 6084/6809/5168 6083/6808/5167 6077/6800/5167
f 6079/6791/5169 6085/6804/5169 6084/6809/5168 6078/6802/5168
f 6080/6803/5164 6086/6810/5164 6091/6811/5169 6085/6804/5169
f 6081/6805/5165 6087/6812/5165 6086/6813/5164 6080/6806/5164
f 6082/6807/5166 6088/6814/5166 6087/6812/5165 6081/6805/5165
f 6083/6808/5167 6089/6815/5167 6088/6814/5166 6082/6807/5166
f 6084/6809/5168 6090/6816/5168 6089/6815/5167 6083/6808/5167
f 6085/6804/5169 6091/6811/5169 6090/6816/5168 6084/6809/5168
f 6086/6810/5164 6092/6817/5164 6097/6818/5169 6091/6811/5169
f 6087/6812/5165 6093/6819/5165 6092/6820/5164 6086/6813/5164
f 6088/6814/5166 6094/6821/5166 6093/6819/5165 6087/6812/5165
f 6089/6815/5167 6095/6822/5167 6094/6821/5166 6088/6814/5166
f 6090/6816/5168 6096/6823/5168 6095/6822/5167 6089/6815/5167
f 6091/6811/5169 6097/6818/5169 6096/6823/5168 6090/6816/5168
f 6092/6817/5164 6098/6824/5164 6103/6825/5169 6097/6818/5169
f 6093/6819/5165 6099/6826/5165 6098/6827/5164 6092/6820/5164
f 6094/6821/5166 6100/6828/5166 6099/6826/5165 6093/6819/5165
f 6095/6822/5167 6101/6829/5167 6100/6828/5166 6094/6821/5166
f 6096/6823/5168 6102/6830/5168 6101/6829/5167 6095/6822/5167
f 6097/6818/5169 6103/6825/5169 6102/6830/5168 6096/6823/5168
f 6098/6824/5164 6104/6831/5164 6109/6832/5169 6103/6825/5169
f 6099/6826/5165 6105/6833/5165 6104/6834/5164 6098/6827/5164
f 6100/6828/5166 6106/6835/5166 6105/6833/5165 6099/6826/5165
f 6101/6829/5167 6107/6836/5167 6106/6835/5166 6100/6828/5166
f 6102/6830/5168 6108/6837/5168 6107/6836/5167 6101/6829/5167
f 6103/6825/5169 6109/6832/5169 6108/6837/5168 6102/6830/5168
f 6104/6831/5164 6110/6838/5164 6115/6839/5169 6109/6832/5169
f 6105/6833/5165 6111/6840/5165 6110/6841/5164 6104/6834/5164
f 6106/6835/5166 6112/6842/5166 6111/6840/5165 6105/6833/5165
f 6107/6836/5167 6113/6843/5167 6112/6842/5166 6106/6835/5166
f 6108/6837/5168 6114/6844/5168 6113/6843/5167 6107/6836/5167
f 6109/6832/5169 6115/6839/5169 6114/6844/5168 6108/6837/5168
f 6110/6838/5164 6116/6845/5164 6121/6846/5169 6115/6839/5169
f 6111/6840/5165 6117/6847/5165 6116/6848/5164 6110/6841/5164
f 6112/6842/5166 6118/6849/5166 6117/6847/5165 6111/6840/5165
f 6113/6843/5167 6119/6850/5167 6118/6849/5166 6112/6842/5166
f 6114/6844/5168 6120/6851/5168 6119/6850/5167 6113/6843/5167
f 6115/6839/5169 6121/6846/5169 6120/6851/5168 6114/6844/5168
f 6116/6845/5164 6122/6852/5164 6127/6853/5169 6121/6846/5169
f 6117/6847/5165 6123/6854/5165 6122/6855/5164 6116/6848/5164
f 6118/6849/5166 6124/6856/5166 6123/6854/5165 6117/6847/5165
f 6119/6850/5167 6125/6857/5167 6124/6856/5166 6118/6849/5166
f 6120/6851/5168 6126/6858/5168 6125/6857/5167 6119/6850/5167
f 6121/6846/5169 6127/6853/5169 6126/6858/5168 6120/6851/5168
f 6122/6852/5164 6128/6859/5170 6133/6860/5175 6127/6853/5169
f 6123/6854/5165 6129/6861/5171 6128/6862/5170 6122/6855/5164
f 6124/6856/5166 6130/6863/5172 6129/6861/5171 6123/6854/5165
f 6125/6857/5167 6131/6864/5173 6130/6863/5172 6124/6856/5166
f 6126/6858/5168 6132/6865/5174 6131/6864/5173 6125/6857/5167
f 6127/6853/5169 6133/6860/5175 6132/6865/5174 6126/6858/5168
f 6128/6859/5170 6134/6866/5176 6139/6867/5181 6133/6860/5175
f 6129/6861/5171 6135/6868/5177 6134/6869/5176 6128/6862/5170
f 6130/6863/5172 6136/6870/5178 6135/6868/5177 6129/6861/5171
f 6131/6864/5173 6137/6871/5179 6136/6870/5178 6130/6863/5172
f 6132/6865/5174 6138/6872/5180 6137/6871/5179 6131/6864/5173
f 6133/6860/5175 6139/6867/5181 6138/6872/5180 6132/6865/5174
f 6134/6866/5176 6140/6873/5182 6145/6874/5187 6139/6867/5181
f 6135/6868/5177 6141/6875/5183 6140/6876/5182 6134/6869/5176
f 6136/6870/5178 6142/6877/5184 6141/6875/5183 6135/6868/5177
f 6137/6871/5179 6143/6878/5185 6142/6877/5184 6136/6870/5178
f 6138/6872/5180 6144/6879/5186 6143/6878/5185 6137/6871/5179
f 6139/6867/5181 6145/6874/5187 6144/6879/5186 6138/6872/5180
f 6140/6873/5182 6146/6880/5188 6151/6881/5193 6145/6874/5187
f 6141/6875/5183 6147/6882/5189 6146/6883/5188 6140/6876/5182
f 6142/6877/5184 6148/6884/5190 6147/6882/5189 6141/6875/5183
f 6143/6878/5185 6149/6885/5191 6148/6884/5190 6142/6877/5184
f 6144/6879/5186 6150/6886/5192 6149/6885/5191 6143/6878/5185
f 6145/6874/5187 6151/6881/5193 6150/6886/5192 6144/6879/5186
f 6146/6880/5188 6152/6887/5194 6157/6888/5169 6151/6881/5193
f 6147/6882/5189 6153/6889/5195 6152/6890/5194 6146/6883/5188
f 6148/6884/5190 6154/6891/5166 6153/6889/5195 6147/6882/5189
f 6149/6885/5191 6155/6892/5196 6154/6891/5166 6148/6884/5190
f 6150/6886/5192 6156/6893/5197 6155/6892/5196 6149/6885/5191
f 6151/6881/5193 6157/6888/5169 6156/6893/5197 6150/6886/5192
f 6152/6887/5194 6158/6894/5194 6163/6895/5169 6157/6888/5169
f 6153/6889/5195 6159/6896/5195 6158/6897/5194 6152/6890/5194
f 6154/6891/5166 6160/6898/5166 6159/6896/5195 6153/6889/5195
f 6155/6892/5196 6161/6899/5196 6160/6898/5166 6154/6891/5166
f 6156/6893/5197 6162/6900/5197 6161/6899/5196 6155/6892/5196
f 6157/6888/5169 6163/6895/5169 6162/6900/5197 6156/6893/5197
f 6158/6894/5194 6164/6901/5194 6169/6902/5169 6163/6895/5169
f 6159/6896/5195 6165/6903/5195 6164/6904/5194 6158/6897/5194
f 6160/6898/5166 6166/6905/5166 6165/6903/5195 6159/6896/5195
f 6161/6899/5196 6167/6906/5196 6166/6905/5166 6160/6898/5166
f 6162/6900/5197 6168/6907/5197 6167/6906/5196 6161/6899/5196
f 6163/6895/5169 6169/6902/5169 6168/6907/5197 6162/6900/5197
f 6164/6901/5194 6170/6908/5194 6175/6909/5169 6169/6902/5169
f 6165/6903/5195 6171/6910/5195 6170/6911/5194 6164/6904/5194
f 6166/6905/5166 6172/6912/5166 6171/6910/5195 6165/6903/5195
f 6167/6906/5196 6173/6913/5196 6172/6912/5166 6166/6905/5166
f 6168/6907/5197 6174/6914/5197 6173/6913/5196 6167/6906/5196
f 6169/6902/5169 6175/6909/5169 6174/6914/5197 6168/6907/5197
f 6170/6908/5194 6176/6915/5194 6181/6916/5169 6175/6909/5169
f 6171/6910/5195 6177/6917/5195 6176/6918/5194 6170/6911/5194
f 6172/6912/5166 6178/6919/5166 6177/6917/5195 6171/6910/5195
f 6173/6913/5196 6179/6920/5196 6178/6919/5166 6172/6912/5166
f 6174/6914/5197 6180/6921/5197 6179/6920/5196 6173/6913/5196
f 6175/6909/5169 6181/6916/5169 6180/6921/5197 6174/6914/5197
f 6176/6915/5194 6182/6922/5194 6187/6923/5169 6181/6916/5169
f 6177/6917/5195 6183/6924/5195 6182/6925/5194 6176/6918/5194
f 6178/6919/5166 6184/6926/5166 6183/6924/5195 6177/6917/5195
f 6179/6920/5196 6185/6927/5196 6184/6926/5166 6178/6919/5166
f 6180/6921/5197 6186/6928/5197 6185/6927/5196 6179/6920/5196
f 6181/6916/5169 6187/6923/5169 6186/6928/5197 6180/6921/5197
f 6182/6922/5194 6188/6929/5194 6193/6930/5169 6187/6923/5169
f 6183/6924/5195 6189/6931/5195 6188/6932/5194 6182/6925/5194
f 6184/6926/5166 6190/6933/5166 6189/6931/5195 6183/6924/5195
f 6185/6927/5196 6191/6934/5196 6190/6933/5166 6184/6926/5166
f 6186/6928/5197 6192/6935/5197 6191/6934/5196 6185/6927/5196
f 6187/6923/5169 6193/6930/5169 6192/6935/5197 6186/6928/5197
f 6188/6929/5194 6194/6936/5194 6199/6937/5169 6193/6930/5169
f 6189/6931/5195 6195/6938/5195 6194/6939/5194 6188/6932/5194
f 6190/6933/5166 6196/6940/5166 6195/6938/5195 6189/6931/5195
f 6191/6934/5196 6197/6941/5196 6196/6940/5166 6190/6933/5166
f 6192/6935/5197 6198/6942/5197 6197/6941/5196 6191/6934/5196
f 6193/6930/5169 6199/6937/5169 6198/6942/5197 6192/6935/5197
f 6194/6936/5194 6200/6943/5194 6205/6944/5169 6199/6937/5169
f 6195/6938/5195 6201/6945/5195 6200/6946/5194 6194/6939/5194
f 6196/6940/5166 6202/6947/5166 6201/6945/5195 6195/6938/5195
f 6197/6941/5196 6203/6948/5196 6202/6947/5166 6196/6940/5166
f 6198/6942/5197 6204/6949/5197 6203/6948/5196 6197/6941/5196
f 6199/6937/5169 6205/6944/5169 6204/6949/5197 6198/6942/5197
f 6200/6943/5194 6206/6950/5194 6211/6951/5169 6205/6944/5169
f 6201/6945/5195 6207/6952/5195 6206/6953/5194 6200/6946/5194
f 6202/6947/5166 6208/6954/5166 6207/6952/5195 6201/6945/5195
f 6203/6948/5196 6209/6955/5196 6208/6954/5166 6202/6947/5166
f 6204/6949/5197 6210/6956/5197 6209/6955/5196 6203/6948/5196
f 6205/6944/5169 6211/6951/5169 6210/6956/5197 6204/6949/5197
o Cone.006
v -0.846619 0.996400 -0.992391
v -0.796619 0.996400 -0.942391
v -0.846619 0.996400 -0.892391
v -0.896619 0.996400 -0.942391
v -0.846619 1.096400 -0.942391
vn 0.6667 0.3333 -0.6667
vn 0.6667 0.3333 0.6667
vn -0.0000 -1.0000 -0.0000
vn -0.6667 0.3333 0.6667
vn -0.6667 0.3333 -0.6667
vt 0.250000 0.490000
vt 0.250000 0.250000
vt 0.490000 0.250000
vt 0.250000 0.010000
vt 0.750000 0.490000
vt 0.990000 0.250000
vt 0.750000 0.010000
vt 0.510000 0.250000
vt 0.010000 0.250000
s 0
usemtl Material.001
f 6212/6957/5198 6216/6958/5198 6213/6959/5198
f 6213/6959/5199 6216/6958/5199 6214/6960/5199
f 6212/6961/5200 6213/6962/5200 6214/6963/5200 6215/6964/5200
f 6214/6960/5201 6216/6958/5201 6215/6965/5201
f 6215/6965/5202 6216/6958/5202 6212/6957/5202
o NurbsPath.007
v -1.335049 0.828057 1.896265
v -1.335049 0.828057 1.906265
v -1.343710 0.828057 1.911265
v -1.352370 0.828057 1.906265
v -1.352370 0.828057 1.896265
v -1.343710 0.828057 1.891265
v -1.335049 0.663139 1.896265
v -1.335049 0.663139 1.906265
v -1.343710 0.663139 1.911265
v -1.352370 0.663139 1.906265
v -1.352370 0.663139 1.896265
v -1.343710 0.663139 1.891265
v -1.335049 0.498222 1.896265
v -1.335049 0.498222 1.906265
v -1.343710 0.498222 1.911265
v -1.352370 0.498222 1.906265
v -1.352370 0.498222 1.896265
v -1.343710 0.498222 1.891265
v -1.335049 0.333304 1.896265
v -1.335049 0.333304 1.906265
v -1.343710 0.333304 1.911265
v -1.352370 0.333304 1.906265
v -1.352370 0.333304 1.896265
v -1.343710 0.333304 1.891265
v -1.335049 0.168386 1.896265
v -1.335049 0.168386 1.906265
v -1.343710 0.168386 1.911265
v -1.352370 0.168386 1.906265
v -1.352370 0.168386 1.896265
v -1.343710 0.168386 1.891265
v -1.335049 0.003468 1.896265
v -1.335049 0.003468 1.906265
v -1.343710 0.003468 1.911265
v -1.352370 0.003468 1.906265
v -1.352370 0.003468 1.896265
v -1.343710 0.003468 1.891265
v -1.335049 -0.161450 1.896265
v -1.335049 -0.161450 1.906265
v -1.343710 -0.161450 1.911265
v -1.352370 -0.161450 1.906265
v -1.352370 -0.161450 1.896265
v -1.343710 -0.161450 1.891265
v -1.335049 -0.326368 1.896265
v -1.335049 -0.326368 1.906265
v -1.343710 -0.326368 1.911265
v -1.352370 -0.326368 1.906265
v -1.352370 -0.326368 1.896265
v -1.343710 -0.326368 1.891265
v -1.335049 -0.491286 1.896265
v -1.335049 -0.491286 1.906265
v -1.343710 -0.491286 1.911265
v -1.352370 -0.491286 1.906265
v -1.352370 -0.491286 1.896265
v -1.343710 -0.491286 1.891265
v -1.335049 -0.656204 1.896265
v -1.335049 -0.656204 1.906265
v -1.343709 -0.656204 1.911265
v -1.352370 -0.656204 1.906265
v -1.352370 -0.656204 1.896265
v -1.343709 -0.656204 1.891265
v -1.335049 -0.821121 1.896265
v -1.335049 -0.821121 1.906265
v -1.343709 -0.821121 1.911265
v -1.352370 -0.821121 1.906265
v -1.352370 -0.821121 1.896265
v -1.343709 -0.821121 1.891265
v -1.335405 -0.983581 1.896265
v -1.335405 -0.983581 1.906265
v -1.343709 -0.986039 1.911265
v -1.352014 -0.988497 1.906265
v -1.352014 -0.988497 1.896265
v -1.343709 -0.986039 1.891265
v -1.286070 -1.060889 1.896265
v -1.286070 -1.060889 1.906265
v -1.290203 -1.068498 1.911265
v -1.294337 -1.076108 1.906265
v -1.294337 -1.076108 1.896265
v -1.290203 -1.068498 1.891265
v -1.183191 -1.059838 1.896265
v -1.183191 -1.059838 1.906265
v -1.183191 -1.068498 1.911265
v -1.183191 -1.077159 1.906265
v -1.183191 -1.077159 1.896265
v -1.183191 -1.068498 1.891265
v -1.076178 -1.059838 1.896265
v -1.076178 -1.059838 1.906265
v -1.076178 -1.068499 1.911265
v -1.076178 -1.077159 1.906265
v -1.076178 -1.077159 1.896265
v -1.076178 -1.068499 1.891265
v -0.969165 -1.059838 1.896265
v -0.969165 -1.059838 1.906265
v -0.969165 -1.068498 1.911265
v -0.969165 -1.077159 1.906265
v -0.969165 -1.077159 1.896265
v -0.969165 -1.068498 1.891265
v -0.862153 -1.059838 1.896265
v -0.862153 -1.059838 1.906265
v -0.862153 -1.068498 1.911265
v -0.862153 -1.077159 1.906265
v -0.862153 -1.077159 1.896265
v -0.862153 -1.068498 1.891265
v -0.755140 -1.059838 1.896265
v -0.755140 -1.059838 1.906265
v -0.755140 -1.068498 1.911265
v -0.755140 -1.077159 1.906265
v -0.755140 -1.077159 1.896265
v -0.755140 -1.068498 1.891265
v -0.648127 -1.059838 1.896265
v -0.648127 -1.059838 1.906265
v -0.648127 -1.068498 1.911265
v -0.648127 -1.077159 1.906265
v -0.648127 -1.077159 1.896265
v -0.648127 -1.068498 1.891265
v -0.541114 -1.059838 1.896265
v -0.541114 -1.059838 1.906265
v -0.541114 -1.068498 1.911265
v -0.541114 -1.077159 1.906265
v -0.541114 -1.077159 1.896265
v -0.541114 -1.068498 1.891265
v -0.434102 -1.059838 1.896265
v -0.434102 -1.059838 1.906265
v -0.434102 -1.068498 1.911265
v -0.434102 -1.077159 1.906265
v -0.434102 -1.077159 1.896265
v -0.434102 -1.068498 1.891265
v -0.327089 -1.059838 1.896265
v -0.327089 -1.059838 1.906265
v -0.327089 -1.068498 1.911265
v -0.327089 -1.077159 1.906265
v -0.327089 -1.077159 1.896265
v -0.327089 -1.068498 1.891265
v -0.220076 -1.059838 1.896265
v -0.220076 -1.059838 1.906265
v -0.220076 -1.068498 1.911265
v -0.220076 -1.077158 1.906265
v -0.220076 -1.077158 1.896265
v -0.220076 -1.068498 1.891265
v -0.113064 -1.059838 1.896265
v -0.113064 -1.059838 1.906265
v -0.113064 -1.068498 1.911265
v -0.113064 -1.077159 1.906265
v -0.113064 -1.077159 1.896265
v -0.113064 -1.068498 1.891265
vn 0.8660 -0.0000 -0.5000
vn 0.8660 -0.0000 0.5000
vn -0.0000 -0.0000 1.0000
vn -0.8660 -0.0000 0.5000
vn -0.8660 -0.0000 -0.5000
vn -0.0000 -0.0000 -1.0000
vn 0.8672 -0.0008 -0.4979
vn 0.8672 -0.0008 0.4979
vn -0.0000 -0.0003 1.0000
vn -0.8672 -0.0008 0.4979
vn -0.8672 -0.0008 -0.4979
vn -0.0000 -0.0003 -1.0000
vn 0.8070 0.2375 -0.5408
vn 0.8070 0.2375 0.5408
vn -0.0873 -0.0279 0.9958
vn -0.8488 -0.2564 0.4624
vn -0.8488 -0.2564 -0.4624
vn -0.0873 -0.0279 -0.9958
vn 0.3841 0.7063 -0.5946
vn 0.3841 0.7063 0.5946
vn -0.0713 -0.1291 0.9891
vn -0.4272 -0.7821 0.4537
vn -0.4272 -0.7821 -0.4537
vn -0.0713 -0.1291 -0.9891
vn -0.0037 0.8699 -0.4932
vn -0.0037 0.8699 0.4932
vn -0.0015 0.0003 1.0000
vn -0.0034 -0.8697 0.4935
vn -0.0034 -0.8697 -0.4935
vn -0.0015 0.0003 -1.0000
vn -0.0000 0.8660 -0.5000
vn -0.0000 0.8660 0.5000
vn -0.0000 -0.8660 0.5000
vn -0.0000 -0.8660 -0.5000
vt 0.000000 1.000000
vt 0.043478 1.000000
vt 0.043478 0.833333
vt 0.000000 0.833333
vt 0.000000 0.166667
vt 0.043478 0.166667
vt 0.043478 0.000000
vt 0.000000 0.000000
vt 0.000000 0.333333
vt 0.043478 0.333333
vt 0.000000 0.500000
vt 0.043478 0.500000
vt 0.000000 0.666667
vt 0.043478 0.666667
vt 0.086957 1.000000
vt 0.086957 0.833333
vt 0.086957 0.166667
vt 0.086957 0.000000
vt 0.086957 0.333333
vt 0.086957 0.500000
vt 0.086957 0.666667
vt 0.130435 1.000000
vt 0.130435 0.833333
vt 0.130435 0.166667
vt 0.130435 0.000000
vt 0.130435 0.333333
vt 0.130435 0.500000
vt 0.130435 0.666667
vt 0.173913 1.000000
vt 0.173913 0.833333
vt 0.173913 0.166667
vt 0.173913 0.000000
vt 0.173913 0.333333
vt 0.173913 0.500000
vt 0.173913 0.666667
vt 0.217391 1.000000
vt 0.217391 0.833333
vt 0.217391 0.166667
vt 0.217391 0.000000
vt 0.217391 0.333333
vt 0.217391 0.500000
vt 0.217391 0.666667
vt 0.260870 1.000000
vt 0.260870 0.833333
vt 0.260870 0.166667
vt 0.260870 0.000000
vt 0.260870 0.333333
vt 0.260870 0.500000
vt 0.260870 0.666667
vt 0.304348 1.000000
vt 0.304348 0.833333
vt 0.304348 0.166667
vt 0.304348 0.000000
vt 0.304348 0.333333
vt 0.304348 0.500000
vt 0.304348 0.666667
vt 0.347826 1.000000
vt 0.347826 0.833333
vt 0.347826 0.166667
vt 0.347826 0.000000
vt 0.347826 0.333333
vt 0.347826 0.500000
vt 0.347826 0.666667
vt 0.391304 1.000000
vt 0.391304 0.833333
vt 0.391304 0.166667
vt 0.391304 0.000000
vt 0.391304 0.333333
vt 0.391304 0.500000
vt 0.391304 0.666667
vt 0.434783 1.000000
vt 0.434783 0.833333
vt 0.434783 0.166667
vt 0.434783 0.000000
vt 0.434783 0.333333
vt 0.434783 0.500000
vt 0.434783 0.666667
vt 0.478261 1.000000
vt 0.478261 0.833333
vt 0.478261 0.166667
vt 0.478261 0.000000
vt 0.478261 0.333333
vt 0.478261 0.500000
vt 0.478261 0.666667
vt 0.521739 1.000000
vt 0.521739 0.833333
vt 0.521739 0.166667
vt 0.521739 0.000000
vt 0.521739 0.333333
vt 0.521739 0.500000
vt 0.521739 0.666667
vt 0.565217 1.000000
vt 0.565217 0.833333
vt 0.565217 0.166667
vt 0.565217 0.000000
vt 0.565217 0.333333
vt 0.565217 0.500000
vt 0.565217 0.666667
vt 0.608696 1.000000
vt 0.608696 0.833333
vt 0.608696 0.166667
vt 0.608696 0.000000
vt 0.608696 0.333333
vt 0.608696 0.500000
vt 0.608696 0.666667
vt 0.652174 1.000000
vt 0.652174 0.833333
vt 0.652174 0.166667
vt 0.652174 0.000000
vt 0.652174 0.333333
vt 0.652174 0.500000
vt 0.652174 0.666667
vt 0.695652 1.000000
vt 0.695652 0.833333
vt 0.695652 0.166667
vt 0.695652 0.000000
vt 0.695652 0.333333
vt 0.695652 0.500000
vt 0.695652 0.666667
vt 0.739130 1.000000
vt 0.739130 0.833333
vt 0.739130 0.166667
vt 0.739130 0.000000
vt 0.739130 0.333333
vt 0.739130 0.500000
vt 0.739130 0.666667
vt 0.782609 1.000000
vt 0.782609 0.833333
vt 0.782609 0.166667
vt 0.782609 0.000000
vt 0.782609 0.333333
vt 0.782609 0.500000
vt 0.782609 0.666667
vt 0.826087 1.000000
vt 0.826087 0.833333
vt 0.826087 0.166667
vt 0.826087 0.000000
vt 0.826087 0.333333
vt 0.826087 0.500000
vt 0.826087 0.666667
vt 0.869565 1.000000
vt 0.869565 0.833333
vt 0.869565 0.166667
vt 0.869565 0.000000
vt 0.869565 0.333333
vt 0.869565 0.500000
vt 0.869565 0.666667
vt 0.913043 1.000000
vt 0.913043 0.833333
vt 0.913043 0.166667
vt 0.913043 0.000000
vt 0.913043 0.333333
vt 0.913043 0.500000
vt 0.913043 0.666667
vt 0.956522 1.000000
vt 0.956522 0.833333
vt 0.956522 0.166667
vt 0.956522 0.000000
vt 0.956522 0.333333
vt 0.956522 0.500000
vt 0.956522 0.666667
vt 1.000000 1.000000
vt 1.000000 0.833333
vt 1.000000 0.166667
vt 1.000000 0.000000
vt 1.000000 0.333333
vt 1.000000 0.500000
vt 1.000000 0.666667
s 1
usemtl Material.001
f 6217/6966/5203 6223/6967/5203 6228/6968/5208 6222/6969/5208
f 6218/6970/5204 6224/6971/5204 6223/6972/5203 6217/6973/5203
f 6219/6974/5205 6225/6975/5205 6224/6971/5204 6218/6970/5204
f 6220/6976/5206 6226/6977/5206 6225/6975/5205 6219/6974/5205
f 6221/6978/5207 6227/6979/5207 6226/6977/5206 6220/6976/5206
f 6222/6969/5208 6228/6968/5208 6227/6979/5207 6221/6978/5207
f 6223/6967/5203 6229/6980/5203 6234/6981/5208 6228/6968/5208
f 6224/6971/5204 6230/6982/5204 6229/6983/5203 6223/6972/5203
f 6225/6975/5205 6231/6984/5205 6230/6982/5204 6224/6971/5204
f 6226/6977/5206 6232/6985/5206 6231/6984/5205 6225/6975/5205
f 6227/6979/5207 6233/6986/5207 6232/6985/5206 6226/6977/5206
f 6228/6968/5208 6234/6981/5208 6233/6986/5207 6227/6979/5207
f 6229/6980/5203 6235/6987/5203 6240/6988/5208 6234/6981/5208
f 6230/6982/5204 6236/6989/5204 6235/6990/5203 6229/6983/5203
f 6231/6984/5205 6237/6991/5205 6236/6989/5204 6230/6982/5204
f 6232/6985/5206 6238/6992/5206 6237/6991/5205 6231/6984/5205
f 6233/6986/5207 6239/6993/5207 6238/6992/5206 6232/6985/5206
f 6234/6981/5208 6240/6988/5208 6239/6993/5207 6233/6986/5207
f 6235/6987/5203 6241/6994/5203 6246/6995/5208 6240/6988/5208
f 6236/6989/5204 6242/6996/5204 6241/6997/5203 6235/6990/5203
f 6237/6991/5205 6243/6998/5205 6242/6996/5204 6236/6989/5204
f 6238/6992/5206 6244/6999/5206 6243/6998/5205 6237/6991/5205
f 6239/6993/5207 6245/7000/5207 6244/6999/5206 6238/6992/5206
f 6240/6988/5208 6246/6995/5208 6245/7000/5207 6239/6993/5207
f 6241/6994/5203 6247/7001/5203 6252/7002/5208 6246/6995/5208
f 6242/6996/5204 6248/7003/5204 6247/7004/5203 6241/6997/5203
f 6243/6998/5205 6249/7005/5205 6248/7003/5204 6242/6996/5204
f 6244/6999/5206 6250/7006/5206 6249/7005/5205 6243/6998/5205
f 6245/7000/5207 6251/7007/5207 6250/7006/5206 6244/6999/5206
f 6246/6995/5208 6252/7002/5208 6251/7007/5207 6245/7000/5207
f 6247/7001/5203 6253/7008/5203 6258/7009/5208 6252/7002/5208
f 6248/7003/5204 6254/7010/5204 6253/7011/5203 6247/7004/5203
f 6249/7005/5205 6255/7012/5205 6254/7010/5204 6248/7003/5204
f 6250/7006/5206 6256/7013/5206 6255/7012/5205 6249/7005/5205
f 6251/7007/5207 6257/7014/5207 6256/7013/5206 6250/7006/5206
f 6252/7002/5208 6258/7009/5208 6257/7014/5207 6251/7007/5207
f 6253/7008/5203 6259/7015/5203 6264/7016/5208 6258/7009/5208
f 6254/7010/5204 6260/7017/5204 6259/7018/5203 6253/7011/5203
f 6255/7012/5205 6261/7019/5205 6260/7017/5204 6254/7010/5204
f 6256/7013/5206 6262/7020/5206 6261/7019/5205 6255/7012/5205
f 6257/7014/5207 6263/7021/5207 6262/7020/5206 6256/7013/5206
f 6258/7009/5208 6264/7016/5208 6263/7021/5207 6257/7014/5207
f 6259/7015/5203 6265/7022/5203 6270/7023/5208 6264/7016/5208
f 6260/7017/5204 6266/7024/5204 6265/7025/5203 6259/7018/5203
f 6261/7019/5205 6267/7026/5205 6266/7024/5204 6260/7017/5204
f 6262/7020/5206 6268/7027/5206 6267/7026/5205 6261/7019/5205
f 6263/7021/5207 6269/7028/5207 6268/7027/5206 6262/7020/5206
f 6264/7016/5208 6270/7023/5208 6269/7028/5207 6263/7021/5207
f 6265/7022/5203 6271/7029/5203 6276/7030/5208 6270/7023/5208
f 6266/7024/5204 6272/7031/5204 6271/7032/5203 6265/7025/5203
f 6267/7026/5205 6273/7033/5205 6272/7031/5204 6266/7024/5204
f 6268/7027/5206 6274/7034/5206 6273/7033/5205 6267/7026/5205
f 6269/7028/5207 6275/7035/5207 6274/7034/5206 6268/7027/5206
f 6270/7023/5208 6276/7030/5208 6275/7035/5207 6269/7028/5207
f 6271/7029/5203 6277/7036/5209 6282/7037/5214 6276/7030/5208
f 6272/7031/5204 6278/7038/5210 6277/7039/5209 6271/7032/5203
f 6273/7033/5205 6279/7040/5211 6278/7038/5210 6272/7031/5204
f 6274/7034/5206 6280/7041/5212 6279/7040/5211 6273/7033/5205
f 6275/7035/5207 6281/7042/5213 6280/7041/5212 6274/7034/5206
f 6276/7030/5208 6282/7037/5214 6281/7042/5213 6275/7035/5207
f 6277/7036/5209 6283/7043/5215 6288/7044/5220 6282/7037/5214
f 6278/7038/5210 6284/7045/5216 6283/7046/5215 6277/7039/5209
f 6279/7040/5211 6285/7047/5217 6284/7045/5216 6278/7038/5210
f 6280/7041/5212 6286/7048/5218 6285/7047/5217 6279/7040/5211
f 6281/7042/5213 6287/7049/5219 6286/7048/5218 6280/7041/5212
f 6282/7037/5214 6288/7044/5220 6287/7049/5219 6281/7042/5213
f 6283/7043/5215 6289/7050/5221 6294/7051/5226 6288/7044/5220
f 6284/7045/5216 6290/7052/5222 6289/7053/5221 6283/7046/5215
f 6285/7047/5217 6291/7054/5223 6290/7052/5222 6284/7045/5216
f 6286/7048/5218 6292/7055/5224 6291/7054/5223 6285/7047/5217
f 6287/7049/5219 6293/7056/5225 6292/7055/5224 6286/7048/5218
f 6288/7044/5220 6294/7051/5226 6293/7056/5225 6287/7049/5219
f 6289/7050/5221 6295/7057/5227 6300/7058/5232 6294/7051/5226
f 6290/7052/5222 6296/7059/5228 6295/7060/5227 6289/7053/5221
f 6291/7054/5223 6297/7061/5229 6296/7059/5228 6290/7052/5222
f 6292/7055/5224 6298/7062/5230 6297/7061/5229 6291/7054/5223
f 6293/7056/5225 6299/7063/5231 6298/7062/5230 6292/7055/5224
f 6294/7051/5226 6300/7058/5232 6299/7063/5231 6293/7056/5225
f 6295/7057/5227 6301/7064/5233 6306/7065/5208 6300/7058/5232
f 6296/7059/5228 6302/7066/5234 6301/7067/5233 6295/7060/5227
f 6297/7061/5229 6303/7068/5205 6302/7066/5234 6296/7059/5228
f 6298/7062/5230 6304/7069/5235 6303/7068/5205 6297/7061/5229
f 6299/7063/5231 6305/7070/5236 6304/7069/5235 6298/7062/5230
f 6300/7058/5232 6306/7065/5208 6305/7070/5236 6299/7063/5231
f 6301/7064/5233 6307/7071/5233 6312/7072/5208 6306/7065/5208
f 6302/7066/5234 6308/7073/5234 6307/7074/5233 6301/7067/5233
f 6303/7068/5205 6309/7075/5205 6308/7073/5234 6302/7066/5234
f 6304/7069/5235 6310/7076/5235 6309/7075/5205 6303/7068/5205
f 6305/7070/5236 6311/7077/5236 6310/7076/5235 6304/7069/5235
f 6306/7065/5208 6312/7072/5208 6311/7077/5236 6305/7070/5236
f 6307/7071/5233 6313/7078/5233 6318/7079/5208 6312/7072/5208
f 6308/7073/5234 6314/7080/5234 6313/7081/5233 6307/7074/5233
f 6309/7075/5205 6315/7082/5205 6314/7080/5234 6308/7073/5234
f 6310/7076/5235 6316/7083/5235 6315/7082/5205 6309/7075/5205
f 6311/7077/5236 6317/7084/5236 6316/7083/5235 6310/7076/5235
f 6312/7072/5208 6318/7079/5208 6317/7084/5236 6311/7077/5236
f 6313/7078/5233 6319/7085/5233 6324/7086/5208 6318/7079/5208
f 6314/7080/5234 6320/7087/5234 6319/7088/5233 6313/7081/5233
f 6315/7082/5205 6321/7089/5205 6320/7087/5234 6314/7080/5234
f 6316/7083/5235 6322/7090/5235 6321/7089/5205 6315/7082/5205
f 6317/7084/5236 6323/7091/5236 6322/7090/5235 6316/7083/5235
f 6318/7079/5208 6324/7086/5208 6323/7091/5236 6317/7084/5236
f 6319/7085/5233 6325/7092/5233 6330/7093/5208 6324/7086/5208
f 6320/7087/5234 6326/7094/5234 6325/7095/5233 6319/7088/5233
f 6321/7089/5205 6327/7096/5205 6326/7094/5234 6320/7087/5234
f 6322/7090/5235 6328/7097/5235 6327/7096/5205 6321/7089/5205
f 6323/7091/5236 6329/7098/5236 6328/7097/5235 6322/7090/5235
f 6324/7086/5208 6330/7093/5208 6329/7098/5236 6323/7091/5236
f 6325/7092/5233 6331/7099/5233 6336/7100/5208 6330/7093/5208
f 6326/7094/5234 6332/7101/5234 6331/7102/5233 6325/7095/5233
f 6327/7096/5205 6333/7103/5205 6332/7101/5234 6326/7094/5234
f 6328/7097/5235 6334/7104/5235 6333/7103/5205 6327/7096/5205
f 6329/7098/5236 6335/7105/5236 6334/7104/5235 6328/7097/5235
f 6330/7093/5208 6336/7100/5208 6335/7105/5236 6329/7098/5236
f 6331/7099/5233 6337/7106/5233 6342/7107/5208 6336/7100/5208
f 6332/7101/5234 6338/7108/5234 6337/7109/5233 6331/7102/5233
f 6333/7103/5205 6339/7110/5205 6338/7108/5234 6332/7101/5234
f 6334/7104/5235 6340/7111/5235 6339/7110/5205 6333/7103/5205
f 6335/7105/5236 6341/7112/5236 6340/7111/5235 6334/7104/5235
f 6336/7100/5208 6342/7107/5208 6341/7112/5236 6335/7105/5236
f 6337/7106/5233 6343/7113/5233 6348/7114/5208 6342/7107/5208
f 6338/7108/5234 6344/7115/5234 6343/7116/5233 6337/7109/5233
f 6339/7110/5205 6345/7117/5205 6344/7115/5234 6338/7108/5234
f 6340/7111/5235 6346/7118/5235 6345/7117/5205 6339/7110/5205
f 6341/7112/5236 6347/7119/5236 6346/7118/5235 6340/7111/5235
f 6342/7107/5208 6348/7114/5208 6347/7119/5236 6341/7112/5236
f 6343/7113/5233 6349/7120/5233 6354/7121/5208 6348/7114/5208
f 6344/7115/5234 6350/7122/5234 6349/7123/5233 6343/7116/5233
f 6345/7117/5205 6351/7124/5205 6350/7122/5234 6344/7115/5234
f 6346/7118/5235 6352/7125/5235 6351/7124/5205 6345/7117/5205
f 6347/7119/5236 6353/7126/5236 6352/7125/5235 6346/7118/5235
f 6348/7114/5208 6354/7121/5208 6353/7126/5236 6347/7119/5236
f 6349/7120/5233 6355/7127/5233 6360/7128/5208 6354/7121/5208
f 6350/7122/5234 6356/7129/5234 6355/7130/5233 6349/7123/5233
f 6351/7124/5205 6357/7131/5205 6356/7129/5234 6350/7122/5234
f 6352/7125/5235 6358/7132/5235 6357/7131/5205 6351/7124/5205
f 6353/7126/5236 6359/7133/5236 6358/7132/5235 6352/7125/5235
f 6354/7121/5208 6360/7128/5208 6359/7133/5236 6353/7126/5236
o NurbsPath.007
v -1.335049 0.828057 1.896265
v -1.335049 0.828057 1.906265
v -1.343710 0.828057 1.911265
v -1.352370 0.828057 1.906265
v -1.352370 0.828057 1.896265
v -1.343710 0.828057 1.891265
v -1.335049 0.663139 1.896265
v -1.335049 0.663139 1.906265
v -1.343710 0.663139 1.911265
v -1.352370 0.663139 1.906265
v -1.352370 0.663139 1.896265
v -1.343710 0.663139 1.891265
v -1.335049 0.498222 1.896265
v -1.335049 0.498222 1.906265
v -1.343710 0.498222 1.911265
v -1.352370 0.498222 1.906265
v -1.352370 0.498222 1.896265
v -1.343710 0.498222 1.891265
v -1.335049 0.333304 1.896265
v -1.335049 0.333304 1.906265
v -1.343710 0.333304 1.911265
v -1.352370 0.333304 1.906265
v -1.352370 0.333304 1.896265
v -1.343710 0.333304 1.891265
v -1.335049 0.168386 1.896265
v -1.335049 0.168386 1.906265
v -1.343710 0.168386 1.911265
v -1.352370 0.168386 1.906265
v -1.352370 0.168386 1.896265
v -1.343710 0.168386 1.891265
v -1.335049 0.003468 1.896265
v -1.335049 0.003468 1.906265
v -1.343710 0.003468 1.911265
v -1.352370 0.003468 1.906265
v -1.352370 0.003468 1.896265
v -1.343710 0.003468 1.891265
v -1.335049 -0.161450 1.896265
v -1.335049 -0.161450 1.906265
v -1.343710 -0.161450 1.911265
v -1.352370 -0.161450 1.906265
v -1.352370 -0.161450 1.896265
v -1.343710 -0.161450 1.891265
v -1.335049 -0.326368 1.896265
v -1.335049 -0.326368 1.906265
v -1.343710 -0.326368 1.911265
v -1.352370 -0.326368 1.906265
v -1.352370 -0.326368 1.896265
v -1.343710 -0.326368 1.891265
v -1.335049 -0.491286 1.896265
v -1.335049 -0.491286 1.906265
v -1.343710 -0.491286 1.911265
v -1.352370 -0.491286 1.906265
v -1.352370 -0.491286 1.896265
v -1.343710 -0.491286 1.891265
v -1.335049 -0.656204 1.896265
v -1.335049 -0.656204 1.906265
v -1.343709 -0.656204 1.911265
v -1.352370 -0.656204 1.906265
v -1.352370 -0.656204 1.896265
v -1.343709 -0.656204 1.891265
v -1.335049 -0.821121 1.896265
v -1.335049 -0.821121 1.906265
v -1.343709 -0.821121 1.911265
v -1.352370 -0.821121 1.906265
v -1.352370 -0.821121 1.896265
v -1.343709 -0.821121 1.891265
v -1.335405 -0.983581 1.896265
v -1.335405 -0.983581 1.906265
v -1.343709 -0.986039 1.911265
v -1.352014 -0.988497 1.906265
v -1.352014 -0.988497 1.896265
v -1.343709 -0.986039 1.891265
v -1.286070 -1.060889 1.896265
v -1.286070 -1.060889 1.906265
v -1.290203 -1.068498 1.911265
v -1.294337 -1.076108 1.906265
v -1.294337 -1.076108 1.896265
v -1.290203 -1.068498 1.891265
v -1.183191 -1.059838 1.896265
v -1.183191 -1.059838 1.906265
v -1.183191 -1.068498 1.911265
v -1.183191 -1.077159 1.906265
v -1.183191 -1.077159 1.896265
v -1.183191 -1.068498 1.891265
v -1.076178 -1.059838 1.896265
v -1.076178 -1.059838 1.906265
v -1.076178 -1.068499 1.911265
v -1.076178 -1.077159 1.906265
v -1.076178 -1.077159 1.896265
v -1.076178 -1.068499 1.891265
v -0.969165 -1.059838 1.896265
v -0.969165 -1.059838 1.906265
v -0.969165 -1.068498 1.911265
v -0.969165 -1.077159 1.906265
v -0.969165 -1.077159 1.896265
v -0.969165 -1.068498 1.891265
v -0.862153 -1.059838 1.896265
v -0.862153 -1.059838 1.906265
v -0.862153 -1.068498 1.911265
v -0.862153 -1.077159 1.906265
v -0.862153 -1.077159 1.896265
v -0.862153 -1.068498 1.891265
v -0.755140 -1.059838 1.896265
v -0.755140 -1.059838 1.906265
v -0.755140 -1.068498 1.911265
v -0.755140 -1.077159 1.906265
v -0.755140 -1.077159 1.896265
v -0.755140 -1.068498 1.891265
v -0.648127 -1.059838 1.896265
v -0.648127 -1.059838 1.906265
v -0.648127 -1.068498 1.911265
v -0.648127 -1.077159 1.906265
v -0.648127 -1.077159 1.896265
v -0.648127 -1.068498 1.891265
v -0.541114 -1.059838 1.896265
v -0.541114 -1.059838 1.906265
v -0.541114 -1.068498 1.911265
v -0.541114 -1.077159 1.906265
v -0.541114 -1.077159 1.896265
v -0.541114 -1.068498 1.891265
v -0.434102 -1.059838 1.896265
v -0.434102 -1.059838 1.906265
v -0.434102 -1.068498 1.911265
v -0.434102 -1.077159 1.906265
v -0.434102 -1.077159 1.896265
v -0.434102 -1.068498 1.891265
v -0.327089 -1.059838 1.896265
v -0.327089 -1.059838 1.906265
v -0.327089 -1.068498 1.911265
v -0.327089 -1.077159 1.906265
v -0.327089 -1.077159 1.896265
v -0.327089 -1.068498 1.891265
v -0.220076 -1.059838 1.896265
v -0.220076 -1.059838 1.906265
v -0.220076 -1.068498 1.911265
v -0.220076 -1.077158 1.906265
v -0.220076 -1.077158 1.896265
v -0.220076 -1.068498 1.891265
v -0.113064 -1.059838 1.896265
v -0.113064 -1.059838 1.906265
v -0.113064 -1.068498 1.911265
v -0.113064 -1.077159 1.906265
v -0.113064 -1.077159 1.896265
v -0.113064 -1.068498 1.891265
vn 0.8660 -0.0000 -0.5000
vn 0.8660 -0.0000 0.5000
vn -0.0000 -0.0000 1.0000
vn -0.8660 -0.0000 0.5000
vn -0.8660 -0.0000 -0.5000
vn -0.0000 -0.0000 -1.0000
vn 0.8672 -0.0008 -0.4979
vn 0.8672 -0.0008 0.4979
vn -0.0000 -0.0003 1.0000
vn -0.8672 -0.0008 0.4979
vn -0.8672 -0.0008 -0.4979
vn -0.0000 -0.0003 -1.0000
vn 0.8070 0.2375 -0.5408
vn 0.8070 0.2375 0.5408
vn -0.0873 -0.0279 0.9958
vn -0.8488 -0.2564 0.4624
vn -0.8488 -0.2564 -0.4624
vn -0.0873 -0.0279 -0.9958
vn 0.3841 0.7063 -0.5946
vn 0.3841 0.7063 0.5946
vn -0.0713 -0.1291 0.9891
vn -0.4272 -0.7821 0.4537
vn -0.4272 -0.7821 -0.4537
vn -0.0713 -0.1291 -0.9891
vn -0.0037 0.8699 -0.4932
vn -0.0037 0.8699 0.4932
vn -0.0015 0.0003 1.0000
vn -0.0034 -0.8697 0.4935
vn -0.0034 -0.8697 -0.4935
vn -0.0015 0.0003 -1.0000
vn -0.0000 0.8660 -0.5000
vn -0.0000 0.8660 0.5000
vn -0.0000 -0.8660 0.5000
vn -0.0000 -0.8660 -0.5000
vt 0.000000 1.000000
vt 0.043478 1.000000
vt 0.043478 0.833333
vt 0.000000 0.833333
vt 0.000000 0.166667
vt 0.043478 0.166667
vt 0.043478 0.000000
vt 0.000000 0.000000
vt 0.000000 0.333333
vt 0.043478 0.333333
vt 0.000000 0.500000
vt 0.043478 0.500000
vt 0.000000 0.666667
vt 0.043478 0.666667
vt 0.086957 1.000000
vt 0.086957 0.833333
vt 0.086957 0.166667
vt 0.086957 0.000000
vt 0.086957 0.333333
vt 0.086957 0.500000
vt 0.086957 0.666667
vt 0.130435 1.000000
vt 0.130435 0.833333
vt 0.130435 0.166667
vt 0.130435 0.000000
vt 0.130435 0.333333
vt 0.130435 0.500000
vt 0.130435 0.666667
vt 0.173913 1.000000
vt 0.173913 0.833333
vt 0.173913 0.166667
vt 0.173913 0.000000
vt 0.173913 0.333333
vt 0.173913 0.500000
vt 0.173913 0.666667
vt 0.217391 1.000000
vt 0.217391 0.833333
vt 0.217391 0.166667
vt 0.217391 0.000000
vt 0.217391 0.333333
vt 0.217391 0.500000
vt 0.217391 0.666667
vt 0.260870 1.000000
vt 0.260870 0.833333
vt 0.260870 0.166667
vt 0.260870 0.000000
vt 0.260870 0.333333
vt 0.260870 0.500000
vt 0.260870 0.666667
vt 0.304348 1.000000
vt 0.304348 0.833333
vt 0.304348 0.166667
vt 0.304348 0.000000
vt 0.304348 0.333333
vt 0.304348 0.500000
vt 0.304348 0.666667
vt 0.347826 1.000000
vt 0.347826 0.833333
vt 0.347826 0.166667
vt 0.347826 0.000000
vt 0.347826 0.333333
vt 0.347826 0.500000
vt 0.347826 0.666667
vt 0.391304 1.000000
vt 0.391304 0.833333
vt 0.391304 0.166667
vt 0.391304 0.000000
vt 0.391304 0.333333
vt 0.391304 0.500000
vt 0.391304 0.666667
vt 0.434783 1.000000
vt 0.434783 0.833333
vt 0.434783 0.166667
vt 0.434783 0.000000
vt 0.434783 0.333333
vt 0.434783 0.500000
vt 0.434783 0.666667
vt 0.478261 1.000000
vt 0.478261 0.833333
vt 0.478261 0.166667
vt 0.478261 0.000000
vt 0.478261 0.333333
vt 0.478261 0.500000
vt 0.478261 0.666667
vt 0.521739 1.000000
vt 0.521739 0.833333
vt 0.521739 0.166667
vt 0.521739 0.000000
vt 0.521739 0.333333
vt 0.521739 0.500000
vt 0.521739 0.666667
vt 0.565217 1.000000
vt 0.565217 0.833333
vt 0.565217 0.166667
vt 0.565217 0.000000
vt 0.565217 0.333333
vt 0.565217 0.500000
vt 0.565217 0.666667
vt 0.608696 1.000000
vt 0.608696 0.833333
vt 0.608696 0.166667
vt 0.608696 0.000000
vt 0.608696 0.333333
vt 0.608696 0.500000
vt 0.608696 0.666667
vt 0.652174 1.000000
vt 0.652174 0.833333
vt 0.652174 0.166667
vt 0.652174 0.000000
vt 0.652174 0.333333
vt 0.652174 0.500000
vt 0.652174 0.666667
vt 0.695652 1.000000
vt 0.695652 0.833333
vt 0.695652 0.166667
vt 0.695652 0.000000
vt 0.695652 0.333333
vt 0.695652 0.500000
vt 0.695652 0.666667
vt 0.739130 1.000000
vt 0.739130 0.833333
vt 0.739130 0.166667
vt 0.739130 0.000000
vt 0.739130 0.333333
vt 0.739130 0.500000
vt 0.739130 0.666667
vt 0.782609 1.000000
vt 0.782609 0.833333
vt 0.782609 0.166667
vt 0.782609 0.000000
vt 0.782609 0.333333
vt 0.782609 0.500000
vt 0.782609 0.666667
vt 0.826087 1.000000
vt 0.826087 0.833333
vt 0.826087 0.166667
vt 0.826087 0.000000
vt 0.826087 0.333333
vt 0.826087 0.500000
vt 0.826087 0.666667
vt 0.869565 1.000000
vt 0.869565 0.833333
vt 0.869565 0.166667
vt 0.869565 0.000000
vt 0.869565 0.333333
vt 0.869565 0.500000
vt 0.869565 0.666667
vt 0.913043 1.000000
vt 0.913043 0.833333
vt 0.913043 0.166667
vt 0.913043 0.000000
vt 0.913043 0.333333
vt 0.913043 0.500000
vt 0.913043 0.666667
vt 0.956522 1.000000
vt 0.956522 0.833333
vt 0.956522 0.166667
vt 0.956522 0.000000
vt 0.956522 0.333333
vt 0.956522 0.500000
vt 0.956522 0.666667
vt 1.000000 1.000000
vt 1.000000 0.833333
vt 1.000000 0.166667
vt 1.000000 0.000000
vt 1.000000 0.333333
vt 1.000000 0.500000
vt 1.000000 0.666667
s 1
usemtl Material.001
f 6361/7134/5237 6367/7135/5237 6372/7136/5242 6366/7137/5242
f 6362/7138/5238 6368/7139/5238 6367/7140/5237 6361/7141/5237
f 6363/7142/5239 6369/7143/5239 6368/7139/5238 6362/7138/5238
f 6364/7144/5240 6370/7145/5240 6369/7143/5239 6363/7142/5239
f 6365/7146/5241 6371/7147/5241 6370/7145/5240 6364/7144/5240
f 6366/7137/5242 6372/7136/5242 6371/7147/5241 6365/7146/5241
f 6367/7135/5237 6373/7148/5237 6378/7149/5242 6372/7136/5242
f 6368/7139/5238 6374/7150/5238 6373/7151/5237 6367/7140/5237
f 6369/7143/5239 6375/7152/5239 6374/7150/5238 6368/7139/5238
f 6370/7145/5240 6376/7153/5240 6375/7152/5239 6369/7143/5239
f 6371/7147/5241 6377/7154/5241 6376/7153/5240 6370/7145/5240
f 6372/7136/5242 6378/7149/5242 6377/7154/5241 6371/7147/5241
f 6373/7148/5237 6379/7155/5237 6384/7156/5242 6378/7149/5242
f 6374/7150/5238 6380/7157/5238 6379/7158/5237 6373/7151/5237
f 6375/7152/5239 6381/7159/5239 6380/7157/5238 6374/7150/5238
f 6376/7153/5240 6382/7160/5240 6381/7159/5239 6375/7152/5239
f 6377/7154/5241 6383/7161/5241 6382/7160/5240 6376/7153/5240
f 6378/7149/5242 6384/7156/5242 6383/7161/5241 6377/7154/5241
f 6379/7155/5237 6385/7162/5237 6390/7163/5242 6384/7156/5242
f 6380/7157/5238 6386/7164/5238 6385/7165/5237 6379/7158/5237
f 6381/7159/5239 6387/7166/5239 6386/7164/5238 6380/7157/5238
f 6382/7160/5240 6388/7167/5240 6387/7166/5239 6381/7159/5239
f 6383/7161/5241 6389/7168/5241 6388/7167/5240 6382/7160/5240
f 6384/7156/5242 6390/7163/5242 6389/7168/5241 6383/7161/5241
f 6385/7162/5237 6391/7169/5237 6396/7170/5242 6390/7163/5242
f 6386/7164/5238 6392/7171/5238 6391/7172/5237 6385/7165/5237
f 6387/7166/5239 6393/7173/5239 6392/7171/5238 6386/7164/5238
f 6388/7167/5240 6394/7174/5240 6393/7173/5239 6387/7166/5239
f 6389/7168/5241 6395/7175/5241 6394/7174/5240 6388/7167/5240
f 6390/7163/5242 6396/7170/5242 6395/7175/5241 6389/7168/5241
f 6391/7169/5237 6397/7176/5237 6402/7177/5242 6396/7170/5242
f 6392/7171/5238 6398/7178/5238 6397/7179/5237 6391/7172/5237
f 6393/7173/5239 6399/7180/5239 6398/7178/5238 6392/7171/5238
f 6394/7174/5240 6400/7181/5240 6399/7180/5239 6393/7173/5239
f 6395/7175/5241 6401/7182/5241 6400/7181/5240 6394/7174/5240
f 6396/7170/5242 6402/7177/5242 6401/7182/5241 6395/7175/5241
f 6397/7176/5237 6403/7183/5237 6408/7184/5242 6402/7177/5242
f 6398/7178/5238 6404/7185/5238 6403/7186/5237 6397/7179/5237
f 6399/7180/5239 6405/7187/5239 6404/7185/5238 6398/7178/5238
f 6400/7181/5240 6406/7188/5240 6405/7187/5239 6399/7180/5239
f 6401/7182/5241 6407/7189/5241 6406/7188/5240 6400/7181/5240
f 6402/7177/5242 6408/7184/5242 6407/7189/5241 6401/7182/5241
f 6403/7183/5237 6409/7190/5237 6414/7191/5242 6408/7184/5242
f 6404/7185/5238 6410/7192/5238 6409/7193/5237 6403/7186/5237
f 6405/7187/5239 6411/7194/5239 6410/7192/5238 6404/7185/5238
f 6406/7188/5240 6412/7195/5240 6411/7194/5239 6405/7187/5239
f 6407/7189/5241 6413/7196/5241 6412/7195/5240 6406/7188/5240
f 6408/7184/5242 6414/7191/5242 6413/7196/5241 6407/7189/5241
f 6409/7190/5237 6415/7197/5237 6420/7198/5242 6414/7191/5242
f 6410/7192/5238 6416/7199/5238 6415/7200/5237 6409/7193/5237
f 6411/7194/5239 6417/7201/5239 6416/7199/5238 6410/7192/5238
f 6412/7195/5240 6418/7202/5240 6417/7201/5239 6411/7194/5239
f 6413/7196/5241 6419/7203/5241 6418/7202/5240 6412/7195/5240
f 6414/7191/5242 6420/7198/5242 6419/7203/5241 6413/7196/5241
f 6415/7197/5237 6421/7204/5243 6426/7205/5248 6420/7198/5242
f 6416/7199/5238 6422/7206/5244 6421/7207/5243 6415/7200/5237
f 6417/7201/5239 6423/7208/5245 6422/7206/5244 6416/7199/5238
f 6418/7202/5240 6424/7209/5246 6423/7208/5245 6417/7201/5239
f 6419/7203/5241 6425/7210/5247 6424/7209/5246 6418/7202/5240
f 6420/7198/5242 6426/7205/5248 6425/7210/5247 6419/7203/5241
f 6421/7204/5243 6427/7211/5249 6432/7212/5254 6426/7205/5248
f 6422/7206/5244 6428/7213/5250 6427/7214/5249 6421/7207/5243
f 6423/7208/5245 6429/7215/5251 6428/7213/5250 6422/7206/5244
f 6424/7209/5246 6430/7216/5252 6429/7215/5251 6423/7208/5245
f 6425/7210/5247 6431/7217/5253 6430/7216/5252 6424/7209/5246
f 6426/7205/5248 6432/7212/5254 6431/7217/5253 6425/7210/5247
f 6427/7211/5249 6433/7218/5255 6438/7219/5260 6432/7212/5254
f 6428/7213/5250 6434/7220/5256 6433/7221/5255 6427/7214/5249
f 6429/7215/5251 6435/7222/5257 6434/7220/5256 6428/7213/5250
f 6430/7216/5252 6436/7223/5258 6435/7222/5257 6429/7215/5251
f 6431/7217/5253 6437/7224/5259 6436/7223/5258 6430/7216/5252
f 6432/7212/5254 6438/7219/5260 6437/7224/5259 6431/7217/5253
f 6433/7218/5255 6439/7225/5261 6444/7226/5266 6438/7219/5260
f 6434/7220/5256 6440/7227/5262 6439/7228/5261 6433/7221/5255
f 6435/7222/5257 6441/7229/5263 6440/7227/5262 6434/7220/5256
f 6436/7223/5258 6442/7230/5264 6441/7229/5263 6435/7222/5257
f 6437/7224/5259 6443/7231/5265 6442/7230/5264 6436/7223/5258
f 6438/7219/5260 6444/7226/5266 6443/7231/5265 6437/7224/5259
f 6439/7225/5261 6445/7232/5267 6450/7233/5242 6444/7226/5266
f 6440/7227/5262 6446/7234/5268 6445/7235/5267 6439/7228/5261
f 6441/7229/5263 6447/7236/5239 6446/7234/5268 6440/7227/5262
f 6442/7230/5264 6448/7237/5269 6447/7236/5239 6441/7229/5263
f 6443/7231/5265 6449/7238/5270 6448/7237/5269 6442/7230/5264
f 6444/7226/5266 6450/7233/5242 6449/7238/5270 6443/7231/5265
f 6445/7232/5267 6451/7239/5267 6456/7240/5242 6450/7233/5242
f 6446/7234/5268 6452/7241/5268 6451/7242/5267 6445/7235/5267
f 6447/7236/5239 6453/7243/5239 6452/7241/5268 6446/7234/5268
f 6448/7237/5269 6454/7244/5269 6453/7243/5239 6447/7236/5239
f 6449/7238/5270 6455/7245/5270 6454/7244/5269 6448/7237/5269
f 6450/7233/5242 6456/7240/5242 6455/7245/5270 6449/7238/5270
f 6451/7239/5267 6457/7246/5267 6462/7247/5242 6456/7240/5242
f 6452/7241/5268 6458/7248/5268 6457/7249/5267 6451/7242/5267
f 6453/7243/5239 6459/7250/5239 6458/7248/5268 6452/7241/5268
f 6454/7244/5269 6460/7251/5269 6459/7250/5239 6453/7243/5239
f 6455/7245/5270 6461/7252/5270 6460/7251/5269 6454/7244/5269
f 6456/7240/5242 6462/7247/5242 6461/7252/5270 6455/7245/5270
f 6457/7246/5267 6463/7253/5267 6468/7254/5242 6462/7247/5242
f 6458/7248/5268 6464/7255/5268 6463/7256/5267 6457/7249/5267
f 6459/7250/5239 6465/7257/5239 6464/7255/5268 6458/7248/5268
f 6460/7251/5269 6466/7258/5269 6465/7257/5239 6459/7250/5239
f 6461/7252/5270 6467/7259/5270 6466/7258/5269 6460/7251/5269
f 6462/7247/5242 6468/7254/5242 6467/7259/5270 6461/7252/5270
f 6463/7253/5267 6469/7260/5267 6474/7261/5242 6468/7254/5242
f 6464/7255/5268 6470/7262/5268 6469/7263/5267 6463/7256/5267
f 6465/7257/5239 6471/7264/5239 6470/7262/5268 6464/7255/5268
f 6466/7258/5269 6472/7265/5269 6471/7264/5239 6465/7257/5239
f 6467/7259/5270 6473/7266/5270 6472/7265/5269 6466/7258/5269
f 6468/7254/5242 6474/7261/5242 6473/7266/5270 6467/7259/5270
f 6469/7260/5267 6475/7267/5267 6480/7268/5242 6474/7261/5242
f 6470/7262/5268 6476/7269/5268 6475/7270/5267 6469/7263/5267
f 6471/7264/5239 6477/7271/5239 6476/7269/5268 6470/7262/5268
f 6472/7265/5269 6478/7272/5269 6477/7271/5239 6471/7264/5239
f 6473/7266/5270 6479/7273/5270 6478/7272/5269 6472/7265/5269
f 6474/7261/5242 6480/7268/5242 6479/7273/5270 6473/7266/5270
f 6475/7267/5267 6481/7274/5267 6486/7275/5242 6480/7268/5242
f 6476/7269/5268 6482/7276/5268 6481/7277/5267 6475/7270/5267
f 6477/7271/5239 6483/7278/5239 6482/7276/5268 6476/7269/5268
f 6478/7272/5269 6484/7279/5269 6483/7278/5239 6477/7271/5239
f 6479/7273/5270 6485/7280/5270 6484/7279/5269 6478/7272/5269
f 6480/7268/5242 6486/7275/5242 6485/7280/5270 6479/7273/5270
f 6481/7274/5267 6487/7281/5267 6492/7282/5242 6486/7275/5242
f 6482/7276/5268 6488/7283/5268 6487/7284/5267 6481/7277/5267
f 6483/7278/5239 6489/7285/5239 6488/7283/5268 6482/7276/5268
f 6484/7279/5269 6490/7286/5269 6489/7285/5239 6483/7278/5239
f 6485/7280/5270 6491/7287/5270 6490/7286/5269 6484/7279/5269
f 6486/7275/5242 6492/7282/5242 6491/7287/5270 6485/7280/5270
f 6487/7281/5267 6493/7288/5267 6498/7289/5242 6492/7282/5242
f 6488/7283/5268 6494/7290/5268 6493/7291/5267 6487/7284/5267
f 6489/7285/5239 6495/7292/5239 6494/7290/5268 6488/7283/5268
f 6490/7286/5269 6496/7293/5269 6495/7292/5239 6489/7285/5239
f 6491/7287/5270 6497/7294/5270 6496/7293/5269 6490/7286/5269
f 6492/7282/5242 6498/7289/5242 6497/7294/5270 6491/7287/5270
f 6493/7288/5267 6499/7295/5267 6504/7296/5242 6498/7289/5242
f 6494/7290/5268 6500/7297/5268 6499/7298/5267 6493/7291/5267
f 6495/7292/5239 6501/7299/5239 6500/7297/5268 6494/7290/5268
f 6496/7293/5269 6502/7300/5269 6501/7299/5239 6495/7292/5239
f 6497/7294/5270 6503/7301/5270 6502/7300/5269 6496/7293/5269
f 6498/7289/5242 6504/7296/5242 6503/7301/5270 6497/7294/5270
o Cone.007
v -1.343710 0.818034 1.851263
v -1.293710 0.818034 1.901263
v -1.343710 0.818034 1.951263
v -1.393710 0.818034 1.901263
v -1.343710 0.918034 1.901263
vn 0.6667 0.3333 -0.6667
vn 0.6667 0.3333 0.6667
vn -0.0000 -1.0000 -0.0000
vn -0.6667 0.3333 0.6667
vn -0.6667 0.3333 -0.6667
vt 0.250000 0.490000
vt 0.250000 0.250000
vt 0.490000 0.250000
vt 0.250000 0.010000
vt 0.750000 0.490000
vt 0.990000 0.250000
vt 0.750000 0.010000
vt 0.510000 0.250000
vt 0.010000 0.250000
s 0
usemtl Material.001
f 6505/7302/5271 6509/7303/5271 6506/7304/5271
f 6506/7304/5272 6509/7303/5272 6507/7305/5272
f 6505/7306/5273 6506/7307/5273 6507/7308/5273 6508/7309/5273
f 6507/7305/5274 6509/7303/5274 6508/7310/5274
f 6508/7310/5275 6509/7303/5275 6505/7302/5275
o NurbsPath.008
v -0.837959 2.145652 0.223315
v -0.837959 2.145652 0.233315
v -0.846619 2.145652 0.238315
v -0.855279 2.145652 0.233315
v -0.855279 2.145652 0.223315
v -0.846619 2.145652 0.218315
v -0.837959 1.980734 0.223315
v -0.837959 1.980734 0.233315
v -0.846619 1.980734 0.238315
v -0.855279 1.980734 0.233315
v -0.855279 1.980734 0.223315
v -0.846619 1.980734 0.218315
v -0.837959 1.815816 0.223315
v -0.837959 1.815816 0.233315
v -0.846619 1.815816 0.238315
v -0.855279 1.815816 0.233315
v -0.855279 1.815816 0.223315
v -0.846619 1.815816 0.218315
v -0.837959 1.650898 0.223315
v -0.837959 1.650898 0.233315
v -0.846619 1.650898 0.238315
v -0.855279 1.650898 0.233315
v -0.855279 1.650898 0.223315
v -0.846619 1.650898 0.218315
v -0.837959 1.485980 0.223315
v -0.837959 1.485980 0.233315
v -0.846619 1.485980 0.238315
v -0.855279 1.485980 0.233315
v -0.855279 1.485980 0.223315
v -0.846619 1.485980 0.218315
v -0.837959 1.321062 0.223315
v -0.837959 1.321062 0.233315
v -0.846619 1.321062 0.238315
v -0.855279 1.321062 0.233315
v -0.855279 1.321062 0.223315
v -0.846619 1.321062 0.218315
v -0.837959 1.156144 0.223315
v -0.837959 1.156144 0.233315
v -0.846619 1.156144 0.238315
v -0.855279 1.156144 0.233315
v -0.855279 1.156144 0.223315
v -0.846619 1.156144 0.218315
v -0.837959 0.991226 0.223315
v -0.837959 0.991226 0.233315
v -0.846619 0.991226 0.238315
v -0.855279 0.991226 0.233315
v -0.855279 0.991226 0.223315
v -0.846619 0.991226 0.218315
v -0.837959 0.826308 0.223315
v -0.837959 0.826308 0.233315
v -0.846619 0.826308 0.238315
v -0.855279 0.826308 0.233315
v -0.855279 0.826308 0.223315
v -0.846619 0.826308 0.218315
v -0.837959 0.661391 0.223315
v -0.837959 0.661391 0.233315
v -0.846619 0.661391 0.238315
v -0.855279 0.661391 0.233315
v -0.855279 0.661391 0.223315
v -0.846619 0.661391 0.218315
v -0.837959 0.496473 0.223315
v -0.837959 0.496473 0.233315
v -0.846619 0.496473 0.238315
v -0.855279 0.496473 0.233315
v -0.855279 0.496473 0.223315
v -0.846619 0.496473 0.218315
v -0.837969 0.331989 0.223315
v -0.837969 0.331989 0.233315
v -0.846619 0.331555 0.238315
v -0.855268 0.331121 0.233315
v -0.855268 0.331121 0.223315
v -0.846619 0.331555 0.218315
v -0.832512 0.255519 0.223315
v -0.832512 0.255519 0.233315
v -0.838321 0.249096 0.238315
v -0.844131 0.242673 0.233315
v -0.844131 0.242673 0.223315
v -0.838321 0.249096 0.218315
v -0.821727 0.257756 0.223315
v -0.821727 0.257756 0.233315
v -0.821727 0.249096 0.238315
v -0.821727 0.240436 0.233315
v -0.821727 0.240436 0.223315
v -0.821727 0.249096 0.218315
v -0.805132 0.257756 0.223315
v -0.805132 0.257756 0.233315
v -0.805132 0.249096 0.238315
v -0.805132 0.240436 0.233315
v -0.805132 0.240436 0.223315
v -0.805132 0.249096 0.218315
v -0.788538 0.257756 0.223315
v -0.788538 0.257756 0.233315
v -0.788538 0.249096 0.238315
v -0.788538 0.240436 0.233315
v -0.788538 0.240436 0.223315
v -0.788538 0.249096 0.218315
v -0.771943 0.257756 0.223315
v -0.771943 0.257756 0.233315
v -0.771943 0.249096 0.238315
v -0.771943 0.240436 0.233315
v -0.771943 0.240436 0.223315
v -0.771943 0.249096 0.218315
v -0.755348 0.257756 0.223315
v -0.755348 0.257756 0.233315
v -0.755348 0.249096 0.238315
v -0.755348 0.240436 0.233315
v -0.755348 0.240436 0.223315
v -0.755348 0.249096 0.218315
v -0.738754 0.257756 0.223315
v -0.738754 0.257756 0.233315
v -0.738754 0.249096 0.238315
v -0.738754 0.240436 0.233315
v -0.738754 0.240436 0.223315
v -0.738754 0.249096 0.218315
v -0.722159 0.257756 0.223315
v -0.722159 0.257756 0.233315
v -0.722159 0.249096 0.238315
v -0.722159 0.240436 0.233315
v -0.722159 0.240436 0.223315
v -0.722159 0.249096 0.218315
v -0.705564 0.257756 0.223315
v -0.705564 0.257756 0.233315
v -0.705564 0.249096 0.238315
v -0.705564 0.240436 0.233315
v -0.705564 0.240436 0.223315
v -0.705564 0.249096 0.218315
v -0.688970 0.257756 0.223315
v -0.688970 0.257756 0.233315
v -0.688970 0.249096 0.238315
v -0.688970 0.240436 0.233315
v -0.688970 0.240436 0.223315
v -0.688970 0.249096 0.218315
v -0.672375 0.257756 0.223315
v -0.672375 0.257756 0.233315
v -0.672375 0.249096 0.238315
v -0.672375 0.240436 0.233315
v -0.672375 0.240436 0.223315
v -0.672375 0.249096 0.218315
v -0.655781 0.257756 0.223315
v -0.655781 0.257756 0.233315
v -0.655781 0.249096 0.238315
v -0.655781 0.240436 0.233315
v -0.655781 0.240436 0.223315
v -0.655781 0.249096 0.218315
vn 0.8660 -0.0000 -0.5000
vn 0.8660 -0.0000 0.5000
vn -0.0000 -0.0000 1.0000
vn -0.8660 -0.0000 0.5000
vn -0.8660 -0.0000 -0.5000
vn -0.0000 -0.0000 -1.0000
vn 0.8661 -0.0000 -0.4999
vn 0.8661 -0.0000 0.4999
vn -0.8661 -0.0000 0.4999
vn -0.8661 -0.0000 -0.4999
vn 0.8706 0.0339 -0.4909
vn 0.8706 0.0339 0.4909
vn -0.0156 -0.0052 0.9999
vn -0.8762 -0.0539 0.4790
vn -0.8762 -0.0539 -0.4790
vn -0.0156 -0.0052 -0.9999
vn 0.4365 0.5687 -0.6972
vn 0.4365 0.5687 0.6972
vn -0.1469 -0.1394 0.9793
vn -0.6164 -0.6440 0.4530
vn -0.6164 -0.6440 -0.4530
vn -0.1469 -0.1394 -0.9793
vn -0.0720 0.8790 -0.4713
vn -0.0720 0.8790 0.4713
vn -0.0228 0.0060 0.9997
vn -0.0375 -0.8752 0.4824
vn -0.0375 -0.8752 -0.4824
vn -0.0228 0.0060 -0.9997
vn -0.0000 0.8660 -0.5000
vn -0.0000 0.8660 0.5000
vn -0.0000 -0.8660 0.5000
vn -0.0000 -0.8660 -0.5000
vt 0.000000 1.000000
vt 0.043478 1.000000
vt 0.043478 0.833333
vt 0.000000 0.833333
vt 0.000000 0.166667
vt 0.043478 0.166667
vt 0.043478 0.000000
vt 0.000000 0.000000
vt 0.000000 0.333333
vt 0.043478 0.333333
vt 0.000000 0.500000
vt 0.043478 0.500000
vt 0.000000 0.666667
vt 0.043478 0.666667
vt 0.086957 1.000000
vt 0.086957 0.833333
vt 0.086957 0.166667
vt 0.086957 0.000000
vt 0.086957 0.333333
vt 0.086957 0.500000
vt 0.086957 0.666667
vt 0.130435 1.000000
vt 0.130435 0.833333
vt 0.130435 0.166667
vt 0.130435 0.000000
vt 0.130435 0.333333
vt 0.130435 0.500000
vt 0.130435 0.666667
vt 0.173913 1.000000
vt 0.173913 0.833333
vt 0.173913 0.166667
vt 0.173913 0.000000
vt 0.173913 0.333333
vt 0.173913 0.500000
vt 0.173913 0.666667
vt 0.217391 1.000000
vt 0.217391 0.833333
vt 0.217391 0.166667
vt 0.217391 0.000000
vt 0.217391 0.333333
vt 0.217391 0.500000
vt 0.217391 0.666667
vt 0.260870 1.000000
vt 0.260870 0.833333
vt 0.260870 0.166667
vt 0.260870 0.000000
vt 0.260870 0.333333
vt 0.260870 0.500000
vt 0.260870 0.666667
vt 0.304348 1.000000
vt 0.304348 0.833333
vt 0.304348 0.166667
vt 0.304348 0.000000
vt 0.304348 0.333333
vt 0.304348 0.500000
vt 0.304348 0.666667
vt 0.347826 1.000000
vt 0.347826 0.833333
vt 0.347826 0.166667
vt 0.347826 0.000000
vt 0.347826 0.333333
vt 0.347826 0.500000
vt 0.347826 0.666667
vt 0.391304 1.000000
vt 0.391304 0.833333
vt 0.391304 0.166667
vt 0.391304 0.000000
vt 0.391304 0.333333
vt 0.391304 0.500000
vt 0.391304 0.666667
vt 0.434783 1.000000
vt 0.434783 0.833333
vt 0.434783 0.166667
vt 0.434783 0.000000
vt 0.434783 0.333333
vt 0.434783 0.500000
vt 0.434783 0.666667
vt 0.478261 1.000000
vt 0.478261 0.833333
vt 0.478261 0.166667
vt 0.478261 0.000000
vt 0.478261 0.333333
vt 0.478261 0.500000
vt 0.478261 0.666667
vt 0.521739 1.000000
vt 0.521739 0.833333
vt 0.521739 0.166667
vt 0.521739 0.000000
vt 0.521739 0.333333
vt 0.521739 0.500000
vt 0.521739 0.666667
vt 0.565217 1.000000
vt 0.565217 0.833333
vt 0.565217 0.166667
vt 0.565217 0.000000
vt 0.565217 0.333333
vt 0.565217 0.500000
vt 0.565217 0.666667
vt 0.608696 1.000000
vt 0.608696 0.833333
vt 0.608696 0.166667
vt 0.608696 0.000000
vt 0.608696 0.333333
vt 0.608696 0.500000
vt 0.608696 0.666667
vt 0.652174 1.000000
vt 0.652174 0.833333
vt 0.652174 0.166667
vt 0.652174 0.000000
vt 0.652174 0.333333
vt 0.652174 0.500000
vt 0.652174 0.666667
vt 0.695652 1.000000
vt 0.695652 0.833333
vt 0.695652 0.166667
vt 0.695652 0.000000
vt 0.695652 0.333333
vt 0.695652 0.500000
vt 0.695652 0.666667
vt 0.739130 1.000000
vt 0.739130 0.833333
vt 0.739130 0.166667
vt 0.739130 0.000000
vt 0.739130 0.333333
vt 0.739130 0.500000
vt 0.739130 0.666667
vt 0.782609 1.000000
vt 0.782609 0.833333
vt 0.782609 0.166667
vt 0.782609 0.000000
vt 0.782609 0.333333
vt 0.782609 0.500000
vt 0.782609 0.666667
vt 0.826087 1.000000
vt 0.826087 0.833333
vt 0.826087 0.166667
vt 0.826087 0.000000
vt 0.826087 0.333333
vt 0.826087 0.500000
vt 0.826087 0.666667
vt 0.869565 1.000000
vt 0.869565 0.833333
vt 0.869565 0.166667
vt 0.869565 0.000000
vt 0.869565 0.333333
vt 0.869565 0.500000
vt 0.869565 0.666667
vt 0.913043 1.000000
vt 0.913043 0.833333
vt 0.913043 0.166667
vt 0.913043 0.000000
vt 0.913043 0.333333
vt 0.913043 0.500000
vt 0.913043 0.666667
vt 0.956522 1.000000
vt 0.956522 0.833333
vt 0.956522 0.166667
vt 0.956522 0.000000
vt 0.956522 0.333333
vt 0.956522 0.500000
vt 0.956522 0.666667
vt 1.000000 1.000000
vt 1.000000 0.833333
vt 1.000000 0.166667
vt 1.000000 0.000000
vt 1.000000 0.333333
vt 1.000000 0.500000
vt 1.000000 0.666667
s 1
usemtl Material.001
f 6510/7311/5276 6516/7312/5276 6521/7313/5281 6515/7314/5281
f 6511/7315/5277 6517/7316/5277 6516/7317/5276 6510/7318/5276
f 6512/7319/5278 6518/7320/5278 6517/7316/5277 6511/7315/5277
f 6513/7321/5279 6519/7322/5279 6518/7320/5278 6512/7319/5278
f 6514/7323/5280 6520/7324/5280 6519/7322/5279 6513/7321/5279
f 6515/7314/5281 6521/7313/5281 6520/7324/5280 6514/7323/5280
f 6516/7312/5276 6522/7325/5276 6527/7326/5281 6521/7313/5281
f 6517/7316/5277 6523/7327/5277 6522/7328/5276 6516/7317/5276
f 6518/7320/5278 6524/7329/5278 6523/7327/5277 6517/7316/5277
f 6519/7322/5279 6525/7330/5279 6524/7329/5278 6518/7320/5278
f 6520/7324/5280 6526/7331/5280 6525/7330/5279 6519/7322/5279
f 6521/7313/5281 6527/7326/5281 6526/7331/5280 6520/7324/5280
f 6522/7325/5276 6528/7332/5276 6533/7333/5281 6527/7326/5281
f 6523/7327/5277 6529/7334/5277 6528/7335/5276 6522/7328/5276
f 6524/7329/5278 6530/7336/5278 6529/7334/5277 6523/7327/5277
f 6525/7330/5279 6531/7337/5279 6530/7336/5278 6524/7329/5278
f 6526/7331/5280 6532/7338/5280 6531/7337/5279 6525/7330/5279
f 6527/7326/5281 6533/7333/5281 6532/7338/5280 6526/7331/5280
f 6528/7332/5276 6534/7339/5276 6539/7340/5281 6533/7333/5281
f 6529/7334/5277 6535/7341/5277 6534/7342/5276 6528/7335/5276
f 6530/7336/5278 6536/7343/5278 6535/7341/5277 6529/7334/5277
f 6531/7337/5279 6537/7344/5279 6536/7343/5278 6530/7336/5278
f 6532/7338/5280 6538/7345/5280 6537/7344/5279 6531/7337/5279
f 6533/7333/5281 6539/7340/5281 6538/7345/5280 6532/7338/5280
f 6534/7339/5276 6540/7346/5276 6545/7347/5281 6539/7340/5281
f 6535/7341/5277 6541/7348/5277 6540/7349/5276 6534/7342/5276
f 6536/7343/5278 6542/7350/5278 6541/7348/5277 6535/7341/5277
f 6537/7344/5279 6543/7351/5279 6542/7350/5278 6536/7343/5278
f 6538/7345/5280 6544/7352/5280 6543/7351/5279 6537/7344/5279
f 6539/7340/5281 6545/7347/5281 6544/7352/5280 6538/7345/5280
f 6540/7346/5276 6546/7353/5276 6551/7354/5281 6545/7347/5281
f 6541/7348/5277 6547/7355/5277 6546/7356/5276 6540/7349/5276
f 6542/7350/5278 6548/7357/5278 6547/7355/5277 6541/7348/5277
f 6543/7351/5279 6549/7358/5279 6548/7357/5278 6542/7350/5278
f 6544/7352/5280 6550/7359/5280 6549/7358/5279 6543/7351/5279
f 6545/7347/5281 6551/7354/5281 6550/7359/5280 6544/7352/5280
f 6546/7353/5276 6552/7360/5276 6557/7361/5281 6551/7354/5281
f 6547/7355/5277 6553/7362/5277 6552/7363/5276 6546/7356/5276
f 6548/7357/5278 6554/7364/5278 6553/7362/5277 6547/7355/5277
f 6549/7358/5279 6555/7365/5279 6554/7364/5278 6548/7357/5278
f 6550/7359/5280 6556/7366/5280 6555/7365/5279 6549/7358/5279
f 6551/7354/5281 6557/7361/5281 6556/7366/5280 6550/7359/5280
f 6552/7360/5276 6558/7367/5276 6563/7368/5281 6557/7361/5281
f 6553/7362/5277 6559/7369/5277 6558/7370/5276 6552/7363/5276
f 6554/7364/5278 6560/7371/5278 6559/7369/5277 6553/7362/5277
f 6555/7365/5279 6561/7372/5279 6560/7371/5278 6554/7364/5278
f 6556/7366/5280 6562/7373/5280 6561/7372/5279 6555/7365/5279
f 6557/7361/5281 6563/7368/5281 6562/7373/5280 6556/7366/5280
f 6558/7367/5276 6564/7374/5276 6569/7375/5281 6563/7368/5281
f 6559/7369/5277 6565/7376/5277 6564/7377/5276 6558/7370/5276
f 6560/7371/5278 6566/7378/5278 6565/7376/5277 6559/7369/5277
f 6561/7372/5279 6567/7379/5279 6566/7378/5278 6560/7371/5278
f 6562/7373/5280 6568/7380/5280 6567/7379/5279 6561/7372/5279
f 6563/7368/5281 6569/7375/5281 6568/7380/5280 6562/7373/5280
f 6564/7374/5276 6570/7381/5282 6575/7382/5281 6569/7375/5281
f 6565/7376/5277 6571/7383/5283 6570/7384/5282 6564/7377/5276
f 6566/7378/5278 6572/7385/5278 6571/7383/5283 6565/7376/5277
f 6567/7379/5279 6573/7386/5284 6572/7385/5278 6566/7378/5278
f 6568/7380/5280 6574/7387/5285 6573/7386/5284 6567/7379/5279
f 6569/7375/5281 6575/7382/5281 6574/7387/5285 6568/7380/5280
f 6570/7381/5282 6576/7388/5286 6581/7389/5291 6575/7382/5281
f 6571/7383/5283 6577/7390/5287 6576/7391/5286 6570/7384/5282
f 6572/7385/5278 6578/7392/5288 6577/7390/5287 6571/7383/5283
f 6573/7386/5284 6579/7393/5289 6578/7392/5288 6572/7385/5278
f 6574/7387/5285 6580/7394/5290 6579/7393/5289 6573/7386/5284
f 6575/7382/5281 6581/7389/5291 6580/7394/5290 6574/7387/5285
f 6576/7388/5286 6582/7395/5292 6587/7396/5297 6581/7389/5291
f 6577/7390/5287 6583/7397/5293 6582/7398/5292 6576/7391/5286
f 6578/7392/5288 6584/7399/5294 6583/7397/5293 6577/7390/5287
f 6579/7393/5289 6585/7400/5295 6584/7399/5294 6578/7392/5288
f 6580/7394/5290 6586/7401/5296 6585/7400/5295 6579/7393/5289
f 6581/7389/5291 6587/7396/5297 6586/7401/5296 6580/7394/5290
f 6582/7395/5292 6588/7402/5298 6593/7403/5303 6587/7396/5297
f 6583/7397/5293 6589/7404/5299 6588/7405/5298 6582/7398/5292
f 6584/7399/5294 6590/7406/5300 6589/7404/5299 6583/7397/5293
f 6585/7400/5295 6591/7407/5301 6590/7406/5300 6584/7399/5294
f 6586/7401/5296 6592/7408/5302 6591/7407/5301 6585/7400/5295
f 6587/7396/5297 6593/7403/5303 6592/7408/5302 6586/7401/5296
f 6588/7402/5298 6594/7409/5304 6599/7410/5281 6593/7403/5303
f 6589/7404/5299 6595/7411/5305 6594/7412/5304 6588/7405/5298
f 6590/7406/5300 6596/7413/5278 6595/7411/5305 6589/7404/5299
f 6591/7407/5301 6597/7414/5306 6596/7413/5278 6590/7406/5300
f 6592/7408/5302 6598/7415/5307 6597/7414/5306 6591/7407/5301
f 6593/7403/5303 6599/7410/5281 6598/7415/5307 6592/7408/5302
f 6594/7409/5304 6600/7416/5304 6605/7417/5281 6599/7410/5281
f 6595/7411/5305 6601/7418/5305 6600/7419/5304 6594/7412/5304
f 6596/7413/5278 6602/7420/5278 6601/7418/5305 6595/7411/5305
f 6597/7414/5306 6603/7421/5306 6602/7420/5278 6596/7413/5278
f 6598/7415/5307 6604/7422/5307 6603/7421/5306 6597/7414/5306
f 6599/7410/5281 6605/7417/5281 6604/7422/5307 6598/7415/5307
f 6600/7416/5304 6606/7423/5304 6611/7424/5281 6605/7417/5281
f 6601/7418/5305 6607/7425/5305 6606/7426/5304 6600/7419/5304
f 6602/7420/5278 6608/7427/5278 6607/7425/5305 6601/7418/5305
f 6603/7421/5306 6609/7428/5306 6608/7427/5278 6602/7420/5278
f 6604/7422/5307 6610/7429/5307 6609/7428/5306 6603/7421/5306
f 6605/7417/5281 6611/7424/5281 6610/7429/5307 6604/7422/5307
f 6606/7423/5304 6612/7430/5304 6617/7431/5281 6611/7424/5281
f 6607/7425/5305 6613/7432/5305 6612/7433/5304 6606/7426/5304
f 6608/7427/5278 6614/7434/5278 6613/7432/5305 6607/7425/5305
f 6609/7428/5306 6615/7435/5306 6614/7434/5278 6608/7427/5278
f 6610/7429/5307 6616/7436/5307 6615/7435/5306 6609/7428/5306
f 6611/7424/5281 6617/7431/5281 6616/7436/5307 6610/7429/5307
f 6612/7430/5304 6618/7437/5304 6623/7438/5281 6617/7431/5281
f 6613/7432/5305 6619/7439/5305 6618/7440/5304 6612/7433/5304
f 6614/7434/5278 6620/7441/5278 6619/7439/5305 6613/7432/5305
f 6615/7435/5306 6621/7442/5306 6620/7441/5278 6614/7434/5278
f 6616/7436/5307 6622/7443/5307 6621/7442/5306 6615/7435/5306
f 6617/7431/5281 6623/7438/5281 6622/7443/5307 6616/7436/5307
f 6618/7437/5304 6624/7444/5304 6629/7445/5281 6623/7438/5281
f 6619/7439/5305 6625/7446/5305 6624/7447/5304 6618/7440/5304
f 6620/7441/5278 6626/7448/5278 6625/7446/5305 6619/7439/5305
f 6621/7442/5306 6627/7449/5306 6626/7448/5278 6620/7441/5278
f 6622/7443/5307 6628/7450/5307 6627/7449/5306 6621/7442/5306
f 6623/7438/5281 6629/7445/5281 6628/7450/5307 6622/7443/5307
f 6624/7444/5304 6630/7451/5304 6635/7452/5281 6629/7445/5281
f 6625/7446/5305 6631/7453/5305 6630/7454/5304 6624/7447/5304
f 6626/7448/5278 6632/7455/5278 6631/7453/5305 6625/7446/5305
f 6627/7449/5306 6633/7456/5306 6632/7455/5278 6626/7448/5278
f 6628/7450/5307 6634/7457/5307 6633/7456/5306 6627/7449/5306
f 6629/7445/5281 6635/7452/5281 6634/7457/5307 6628/7450/5307
f 6630/7451/5304 6636/7458/5304 6641/7459/5281 6635/7452/5281
f 6631/7453/5305 6637/7460/5305 6636/7461/5304 6630/7454/5304
f 6632/7455/5278 6638/7462/5278 6637/7460/5305 6631/7453/5305
f 6633/7456/5306 6639/7463/5306 6638/7462/5278 6632/7455/5278
f 6634/7457/5307 6640/7464/5307 6639/7463/5306 6633/7456/5306
f 6635/7452/5281 6641/7459/5281 6640/7464/5307 6634/7457/5307
f 6636/7458/5304 6642/7465/5304 6647/7466/5281 6641/7459/5281
f 6637/7460/5305 6643/7467/5305 6642/7468/5304 6636/7461/5304
f 6638/7462/5278 6644/7469/5278 6643/7467/5305 6637/7460/5305
f 6639/7463/5306 6645/7470/5306 6644/7469/5278 6638/7462/5278
f 6640/7464/5307 6646/7471/5307 6645/7470/5306 6639/7463/5306
f 6641/7459/5281 6647/7466/5281 6646/7471/5307 6640/7464/5307
f 6642/7465/5304 6648/7472/5304 6653/7473/5281 6647/7466/5281
f 6643/7467/5305 6649/7474/5305 6648/7475/5304 6642/7468/5304
f 6644/7469/5278 6650/7476/5278 6649/7474/5305 6643/7467/5305
f 6645/7470/5306 6651/7477/5306 6650/7476/5278 6644/7469/5278
f 6646/7471/5307 6652/7478/5307 6651/7477/5306 6645/7470/5306
f 6647/7466/5281 6653/7473/5281 6652/7478/5307 6646/7471/5307
o NurbsPath.008
v -0.837959 2.145652 0.223315
v -0.837959 2.145652 0.233315
v -0.846619 2.145652 0.238315
v -0.855279 2.145652 0.233315
v -0.855279 2.145652 0.223315
v -0.846619 2.145652 0.218315
v -0.837959 1.980734 0.223315
v -0.837959 1.980734 0.233315
v -0.846619 1.980734 0.238315
v -0.855279 1.980734 0.233315
v -0.855279 1.980734 0.223315
v -0.846619 1.980734 0.218315
v -0.837959 1.815816 0.223315
v -0.837959 1.815816 0.233315
v -0.846619 1.815816 0.238315
v -0.855279 1.815816 0.233315
v -0.855279 1.815816 0.223315
v -0.846619 1.815816 0.218315
v -0.837959 1.650898 0.223315
v -0.837959 1.650898 0.233315
v -0.846619 1.650898 0.238315
v -0.855279 1.650898 0.233315
v -0.855279 1.650898 0.223315
v -0.846619 1.650898 0.218315
v -0.837959 1.485980 0.223315
v -0.837959 1.485980 0.233315
v -0.846619 1.485980 0.238315
v -0.855279 1.485980 0.233315
v -0.855279 1.485980 0.223315
v -0.846619 1.485980 0.218315
v -0.837959 1.321062 0.223315
v -0.837959 1.321062 0.233315
v -0.846619 1.321062 0.238315
v -0.855279 1.321062 0.233315
v -0.855279 1.321062 0.223315
v -0.846619 1.321062 0.218315
v -0.837959 1.156144 0.223315
v -0.837959 1.156144 0.233315
v -0.846619 1.156144 0.238315
v -0.855279 1.156144 0.233315
v -0.855279 1.156144 0.223315
v -0.846619 1.156144 0.218315
v -0.837959 0.991226 0.223315
v -0.837959 0.991226 0.233315
v -0.846619 0.991226 0.238315
v -0.855279 0.991226 0.233315
v -0.855279 0.991226 0.223315
v -0.846619 0.991226 0.218315
v -0.837959 0.826308 0.223315
v -0.837959 0.826308 0.233315
v -0.846619 0.826308 0.238315
v -0.855279 0.826308 0.233315
v -0.855279 0.826308 0.223315
v -0.846619 0.826308 0.218315
v -0.837959 0.661391 0.223315
v -0.837959 0.661391 0.233315
v -0.846619 0.661391 0.238315
v -0.855279 0.661391 0.233315
v -0.855279 0.661391 0.223315
v -0.846619 0.661391 0.218315
v -0.837959 0.496473 0.223315
v -0.837959 0.496473 0.233315
v -0.846619 0.496473 0.238315
v -0.855279 0.496473 0.233315
v -0.855279 0.496473 0.223315
v -0.846619 0.496473 0.218315
v -0.837969 0.331989 0.223315
v -0.837969 0.331989 0.233315
v -0.846619 0.331555 0.238315
v -0.855268 0.331121 0.233315
v -0.855268 0.331121 0.223315
v -0.846619 0.331555 0.218315
v -0.832512 0.255519 0.223315
v -0.832512 0.255519 0.233315
v -0.838321 0.249096 0.238315
v -0.844131 0.242673 0.233315
v -0.844131 0.242673 0.223315
v -0.838321 0.249096 0.218315
v -0.821727 0.257756 0.223315
v -0.821727 0.257756 0.233315
v -0.821727 0.249096 0.238315
v -0.821727 0.240436 0.233315
v -0.821727 0.240436 0.223315
v -0.821727 0.249096 0.218315
v -0.805132 0.257756 0.223315
v -0.805132 0.257756 0.233315
v -0.805132 0.249096 0.238315
v -0.805132 0.240436 0.233315
v -0.805132 0.240436 0.223315
v -0.805132 0.249096 0.218315
v -0.788538 0.257756 0.223315
v -0.788538 0.257756 0.233315
v -0.788538 0.249096 0.238315
v -0.788538 0.240436 0.233315
v -0.788538 0.240436 0.223315
v -0.788538 0.249096 0.218315
v -0.771943 0.257756 0.223315
v -0.771943 0.257756 0.233315
v -0.771943 0.249096 0.238315
v -0.771943 0.240436 0.233315
v -0.771943 0.240436 0.223315
v -0.771943 0.249096 0.218315
v -0.755348 0.257756 0.223315
v -0.755348 0.257756 0.233315
v -0.755348 0.249096 0.238315
v -0.755348 0.240436 0.233315
v -0.755348 0.240436 0.223315
v -0.755348 0.249096 0.218315
v -0.738754 0.257756 0.223315
v -0.738754 0.257756 0.233315
v -0.738754 0.249096 0.238315
v -0.738754 0.240436 0.233315
v -0.738754 0.240436 0.223315
v -0.738754 0.249096 0.218315
v -0.722159 0.257756 0.223315
v -0.722159 0.257756 0.233315
v -0.722159 0.249096 0.238315
v -0.722159 0.240436 0.233315
v -0.722159 0.240436 0.223315
v -0.722159 0.249096 0.218315
v -0.705564 0.257756 0.223315
v -0.705564 0.257756 0.233315
v -0.705564 0.249096 0.238315
v -0.705564 0.240436 0.233315
v -0.705564 0.240436 0.223315
v -0.705564 0.249096 0.218315
v -0.688970 0.257756 0.223315
v -0.688970 0.257756 0.233315
v -0.688970 0.249096 0.238315
v -0.688970 0.240436 0.233315
v -0.688970 0.240436 0.223315
v -0.688970 0.249096 0.218315
v -0.672375 0.257756 0.223315
v -0.672375 0.257756 0.233315
v -0.672375 0.249096 0.238315
v -0.672375 0.240436 0.233315
v -0.672375 0.240436 0.223315
v -0.672375 0.249096 0.218315
v -0.655781 0.257756 0.223315
v -0.655781 0.257756 0.233315
v -0.655781 0.249096 0.238315
v -0.655781 0.240436 0.233315
v -0.655781 0.240436 0.223315
v -0.655781 0.249096 0.218315
vn 0.8660 -0.0000 -0.5000
vn 0.8660 -0.0000 0.5000
vn -0.0000 -0.0000 1.0000
vn -0.8660 -0.0000 0.5000
vn -0.8660 -0.0000 -0.5000
vn -0.0000 -0.0000 -1.0000
vn 0.8661 -0.0000 -0.4999
vn 0.8661 -0.0000 0.4999
vn -0.8661 -0.0000 0.4999
vn -0.8661 -0.0000 -0.4999
vn 0.8706 0.0339 -0.4909
vn 0.8706 0.0339 0.4909
vn -0.0156 -0.0052 0.9999
vn -0.8762 -0.0539 0.4790
vn -0.8762 -0.0539 -0.4790
vn -0.0156 -0.0052 -0.9999
vn 0.4365 0.5687 -0.6972
vn 0.4365 0.5687 0.6972
vn -0.1469 -0.1394 0.9793
vn -0.6164 -0.6440 0.4530
vn -0.6164 -0.6440 -0.4530
vn -0.1469 -0.1394 -0.9793
vn -0.0720 0.8790 -0.4713
vn -0.0720 0.8790 0.4713
vn -0.0228 0.0060 0.9997
vn -0.0375 -0.8752 0.4824
vn -0.0375 -0.8752 -0.4824
vn -0.0228 0.0060 -0.9997
vn -0.0000 0.8660 -0.5000
vn -0.0000 0.8660 0.5000
vn -0.0000 -0.8660 0.5000
vn -0.0000 -0.8660 -0.5000
vt 0.000000 1.000000
vt 0.043478 1.000000
vt 0.043478 0.833333
vt 0.000000 0.833333
vt 0.000000 0.166667
vt 0.043478 0.166667
vt 0.043478 0.000000
vt 0.000000 0.000000
vt 0.000000 0.333333
vt 0.043478 0.333333
vt 0.000000 0.500000
vt 0.043478 0.500000
vt 0.000000 0.666667
vt 0.043478 0.666667
vt 0.086957 1.000000
vt 0.086957 0.833333
vt 0.086957 0.166667
vt 0.086957 0.000000
vt 0.086957 0.333333
vt 0.086957 0.500000
vt 0.086957 0.666667
vt 0.130435 1.000000
vt 0.130435 0.833333
vt 0.130435 0.166667
vt 0.130435 0.000000
vt 0.130435 0.333333
vt 0.130435 0.500000
vt 0.130435 0.666667
vt 0.173913 1.000000
vt 0.173913 0.833333
vt 0.173913 0.166667
vt 0.173913 0.000000
vt 0.173913 0.333333
vt 0.173913 0.500000
vt 0.173913 0.666667
vt 0.217391 1.000000
vt 0.217391 0.833333
vt 0.217391 0.166667
vt 0.217391 0.000000
vt 0.217391 0.333333
vt 0.217391 0.500000
vt 0.217391 0.666667
vt 0.260870 1.000000
vt 0.260870 0.833333
vt 0.260870 0.166667
vt 0.260870 0.000000
vt 0.260870 0.333333
vt 0.260870 0.500000
vt 0.260870 0.666667
vt 0.304348 1.000000
vt 0.304348 0.833333
vt 0.304348 0.166667
vt 0.304348 0.000000
vt 0.304348 0.333333
vt 0.304348 0.500000
vt 0.304348 0.666667
vt 0.347826 1.000000
vt 0.347826 0.833333
vt 0.347826 0.166667
vt 0.347826 0.000000
vt 0.347826 0.333333
vt 0.347826 0.500000
vt 0.347826 0.666667
vt 0.391304 1.000000
vt 0.391304 0.833333
vt 0.391304 0.166667
vt 0.391304 0.000000
vt 0.391304 0.333333
vt 0.391304 0.500000
vt 0.391304 0.666667
vt 0.434783 1.000000
vt 0.434783 0.833333
vt 0.434783 0.166667
vt 0.434783 0.000000
vt 0.434783 0.333333
vt 0.434783 0.500000
vt 0.434783 0.666667
vt 0.478261 1.000000
vt 0.478261 0.833333
vt 0.478261 0.166667
vt 0.478261 0.000000
vt 0.478261 0.333333
vt 0.478261 0.500000
vt 0.478261 0.666667
vt 0.521739 1.000000
vt 0.521739 0.833333
vt 0.521739 0.166667
vt 0.521739 0.000000
vt 0.521739 0.333333
vt 0.521739 0.500000
vt 0.521739 0.666667
vt 0.565217 1.000000
vt 0.565217 0.833333
vt 0.565217 0.166667
vt 0.565217 0.000000
vt 0.565217 0.333333
vt 0.565217 0.500000
vt 0.565217 0.666667
vt 0.608696 1.000000
vt 0.608696 0.833333
vt 0.608696 0.166667
vt 0.608696 0.000000
vt 0.608696 0.333333
vt 0.608696 0.500000
vt 0.608696 0.666667
vt 0.652174 1.000000
vt 0.652174 0.833333
vt 0.652174 0.166667
vt 0.652174 0.000000
vt 0.652174 0.333333
vt 0.652174 0.500000
vt 0.652174 0.666667
vt 0.695652 1.000000
vt 0.695652 0.833333
vt 0.695652 0.166667
vt 0.695652 0.000000
vt 0.695652 0.333333
vt 0.695652 0.500000
vt 0.695652 0.666667
vt 0.739130 1.000000
vt 0.739130 0.833333
vt 0.739130 0.166667
vt 0.739130 0.000000
vt 0.739130 0.333333
vt 0.739130 0.500000
vt 0.739130 0.666667
vt 0.782609 1.000000
vt 0.782609 0.833333
vt 0.782609 0.166667
vt 0.782609 0.000000
vt 0.782609 0.333333
vt 0.782609 0.500000
vt 0.782609 0.666667
vt 0.826087 1.000000
vt 0.826087 0.833333
vt 0.826087 0.166667
vt 0.826087 0.000000
vt 0.826087 0.333333
vt 0.826087 0.500000
vt 0.826087 0.666667
vt 0.869565 1.000000
vt 0.869565 0.833333
vt 0.869565 0.166667
vt 0.869565 0.000000
vt 0.869565 0.333333
vt 0.869565 0.500000
vt 0.869565 0.666667
vt 0.913043 1.000000
vt 0.913043 0.833333
vt 0.913043 0.166667
vt 0.913043 0.000000
vt 0.913043 0.333333
vt 0.913043 0.500000
vt 0.913043 0.666667
vt 0.956522 1.000000
vt 0.956522 0.833333
vt 0.956522 0.166667
vt 0.956522 0.000000
vt 0.956522 0.333333
vt 0.956522 0.500000
vt 0.956522 0.666667
vt 1.000000 1.000000
vt 1.000000 0.833333
vt 1.000000 0.166667
vt 1.000000 0.000000
vt 1.000000 0.333333
vt 1.000000 0.500000
vt 1.000000 0.666667
s 1
usemtl Material.001
f 6654/7479/5308 6660/7480/5308 6665/7481/5313 6659/7482/5313
f 6655/7483/5309 6661/7484/5309 6660/7485/5308 6654/7486/5308
f 6656/7487/5310 6662/7488/5310 6661/7484/5309 6655/7483/5309
f 6657/7489/5311 6663/7490/5311 6662/7488/5310 6656/7487/5310
f 6658/7491/5312 6664/7492/5312 6663/7490/5311 6657/7489/5311
f 6659/7482/5313 6665/7481/5313 6664/7492/5312 6658/7491/5312
f 6660/7480/5308 6666/7493/5308 6671/7494/5313 6665/7481/5313
f 6661/7484/5309 6667/7495/5309 6666/7496/5308 6660/7485/5308
f 6662/7488/5310 6668/7497/5310 6667/7495/5309 6661/7484/5309
f 6663/7490/5311 6669/7498/5311 6668/7497/5310 6662/7488/5310
f 6664/7492/5312 6670/7499/5312 6669/7498/5311 6663/7490/5311
f 6665/7481/5313 6671/7494/5313 6670/7499/5312 6664/7492/5312
f 6666/7493/5308 6672/7500/5308 6677/7501/5313 6671/7494/5313
f 6667/7495/5309 6673/7502/5309 6672/7503/5308 6666/7496/5308
f 6668/7497/5310 6674/7504/5310 6673/7502/5309 6667/7495/5309
f 6669/7498/5311 6675/7505/5311 6674/7504/5310 6668/7497/5310
f 6670/7499/5312 6676/7506/5312 6675/7505/5311 6669/7498/5311
f 6671/7494/5313 6677/7501/5313 6676/7506/5312 6670/7499/5312
f 6672/7500/5308 6678/7507/5308 6683/7508/5313 6677/7501/5313
f 6673/7502/5309 6679/7509/5309 6678/7510/5308 6672/7503/5308
f 6674/7504/5310 6680/7511/5310 6679/7509/5309 6673/7502/5309
f 6675/7505/5311 6681/7512/5311 6680/7511/5310 6674/7504/5310
f 6676/7506/5312 6682/7513/5312 6681/7512/5311 6675/7505/5311
f 6677/7501/5313 6683/7508/5313 6682/7513/5312 6676/7506/5312
f 6678/7507/5308 6684/7514/5308 6689/7515/5313 6683/7508/5313
f 6679/7509/5309 6685/7516/5309 6684/7517/5308 6678/7510/5308
f 6680/7511/5310 6686/7518/5310 6685/7516/5309 6679/7509/5309
f 6681/7512/5311 6687/7519/5311 6686/7518/5310 6680/7511/5310
f 6682/7513/5312 6688/7520/5312 6687/7519/5311 6681/7512/5311
f 6683/7508/5313 6689/7515/5313 6688/7520/5312 6682/7513/5312
f 6684/7514/5308 6690/7521/5308 6695/7522/5313 6689/7515/5313
f 6685/7516/5309 6691/7523/5309 6690/7524/5308 6684/7517/5308
f 6686/7518/5310 6692/7525/5310 6691/7523/5309 6685/7516/5309
f 6687/7519/5311 6693/7526/5311 6692/7525/5310 6686/7518/5310
f 6688/7520/5312 6694/7527/5312 6693/7526/5311 6687/7519/5311
f 6689/7515/5313 6695/7522/5313 6694/7527/5312 6688/7520/5312
f 6690/7521/5308 6696/7528/5308 6701/7529/5313 6695/7522/5313
f 6691/7523/5309 6697/7530/5309 6696/7531/5308 6690/7524/5308
f 6692/7525/5310 6698/7532/5310 6697/7530/5309 6691/7523/5309
f 6693/7526/5311 6699/7533/5311 6698/7532/5310 6692/7525/5310
f 6694/7527/5312 6700/7534/5312 6699/7533/5311 6693/7526/5311
f 6695/7522/5313 6701/7529/5313 6700/7534/5312 6694/7527/5312
f 6696/7528/5308 6702/7535/5308 6707/7536/5313 6701/7529/5313
f 6697/7530/5309 6703/7537/5309 6702/7538/5308 6696/7531/5308
f 6698/7532/5310 6704/7539/5310 6703/7537/5309 6697/7530/5309
f 6699/7533/5311 6705/7540/5311 6704/7539/5310 6698/7532/5310
f 6700/7534/5312 6706/7541/5312 6705/7540/5311 6699/7533/5311
f 6701/7529/5313 6707/7536/5313 6706/7541/5312 6700/7534/5312
f 6702/7535/5308 6708/7542/5308 6713/7543/5313 6707/7536/5313
f 6703/7537/5309 6709/7544/5309 6708/7545/5308 6702/7538/5308
f 6704/7539/5310 6710/7546/5310 6709/7544/5309 6703/7537/5309
f 6705/7540/5311 6711/7547/5311 6710/7546/5310 6704/7539/5310
f 6706/7541/5312 6712/7548/5312 6711/7547/5311 6705/7540/5311
f 6707/7536/5313 6713/7543/5313 6712/7548/5312 6706/7541/5312
f 6708/7542/5308 6714/7549/5314 6719/7550/5313 6713/7543/5313
f 6709/7544/5309 6715/7551/5315 6714/7552/5314 6708/7545/5308
f 6710/7546/5310 6716/7553/5310 6715/7551/5315 6709/7544/5309
f 6711/7547/5311 6717/7554/5316 6716/7553/5310 6710/7546/5310
f 6712/7548/5312 6718/7555/5317 6717/7554/5316 6711/7547/5311
f 6713/7543/5313 6719/7550/5313 6718/7555/5317 6712/7548/5312
f 6714/7549/5314 6720/7556/5318 6725/7557/5323 6719/7550/5313
f 6715/7551/5315 6721/7558/5319 6720/7559/5318 6714/7552/5314
f 6716/7553/5310 6722/7560/5320 6721/7558/5319 6715/7551/5315
f 6717/7554/5316 6723/7561/5321 6722/7560/5320 6716/7553/5310
f 6718/7555/5317 6724/7562/5322 6723/7561/5321 6717/7554/5316
f 6719/7550/5313 6725/7557/5323 6724/7562/5322 6718/7555/5317
f 6720/7556/5318 6726/7563/5324 6731/7564/5329 6725/7557/5323
f 6721/7558/5319 6727/7565/5325 6726/7566/5324 6720/7559/5318
f 6722/7560/5320 6728/7567/5326 6727/7565/5325 6721/7558/5319
f 6723/7561/5321 6729/7568/5327 6728/7567/5326 6722/7560/5320
f 6724/7562/5322 6730/7569/5328 6729/7568/5327 6723/7561/5321
f 6725/7557/5323 6731/7564/5329 6730/7569/5328 6724/7562/5322
f 6726/7563/5324 6732/7570/5330 6737/7571/5335 6731/7564/5329
f 6727/7565/5325 6733/7572/5331 6732/7573/5330 6726/7566/5324
f 6728/7567/5326 6734/7574/5332 6733/7572/5331 6727/7565/5325
f 6729/7568/5327 6735/7575/5333 6734/7574/5332 6728/7567/5326
f 6730/7569/5328 6736/7576/5334 6735/7575/5333 6729/7568/5327
f 6731/7564/5329 6737/7571/5335 6736/7576/5334 6730/7569/5328
f 6732/7570/5330 6738/7577/5336 6743/7578/5313 6737/7571/5335
f 6733/7572/5331 6739/7579/5337 6738/7580/5336 6732/7573/5330
f 6734/7574/5332 6740/7581/5310 6739/7579/5337 6733/7572/5331
f 6735/7575/5333 6741/7582/5338 6740/7581/5310 6734/7574/5332
f 6736/7576/5334 6742/7583/5339 6741/7582/5338 6735/7575/5333
f 6737/7571/5335 6743/7578/5313 6742/7583/5339 6736/7576/5334
f 6738/7577/5336 6744/7584/5336 6749/7585/5313 6743/7578/5313
f 6739/7579/5337 6745/7586/5337 6744/7587/5336 6738/7580/5336
f 6740/7581/5310 6746/7588/5310 6745/7586/5337 6739/7579/5337
f 6741/7582/5338 6747/7589/5338 6746/7588/5310 6740/7581/5310
f 6742/7583/5339 6748/7590/5339 6747/7589/5338 6741/7582/5338
f 6743/7578/5313 6749/7585/5313 6748/7590/5339 6742/7583/5339
f 6744/7584/5336 6750/7591/5336 6755/7592/5313 6749/7585/5313
f 6745/7586/5337 6751/7593/5337 6750/7594/5336 6744/7587/5336
f 6746/7588/5310 6752/7595/5310 6751/7593/5337 6745/7586/5337
f 6747/7589/5338 6753/7596/5338 6752/7595/5310 6746/7588/5310
f 6748/7590/5339 6754/7597/5339 6753/7596/5338 6747/7589/5338
f 6749/7585/5313 6755/7592/5313 6754/7597/5339 6748/7590/5339
f 6750/7591/5336 6756/7598/5336 6761/7599/5313 6755/7592/5313
f 6751/7593/5337 6757/7600/5337 6756/7601/5336 6750/7594/5336
f 6752/7595/5310 6758/7602/5310 6757/7600/5337 6751/7593/5337
f 6753/7596/5338 6759/7603/5338 6758/7602/5310 6752/7595/5310
f 6754/7597/5339 6760/7604/5339 6759/7603/5338 6753/7596/5338
f 6755/7592/5313 6761/7599/5313 6760/7604/5339 6754/7597/5339
f 6756/7598/5336 6762/7605/5336 6767/7606/5313 6761/7599/5313
f 6757/7600/5337 6763/7607/5337 6762/7608/5336 6756/7601/5336
f 6758/7602/5310 6764/7609/5310 6763/7607/5337 6757/7600/5337
f 6759/7603/5338 6765/7610/5338 6764/7609/5310 6758/7602/5310
f 6760/7604/5339 6766/7611/5339 6765/7610/5338 6759/7603/5338
f 6761/7599/5313 6767/7606/5313 6766/7611/5339 6760/7604/5339
f 6762/7605/5336 6768/7612/5336 6773/7613/5313 6767/7606/5313
f 6763/7607/5337 6769/7614/5337 6768/7615/5336 6762/7608/5336
f 6764/7609/5310 6770/7616/5310 6769/7614/5337 6763/7607/5337
f 6765/7610/5338 6771/7617/5338 6770/7616/5310 6764/7609/5310
f 6766/7611/5339 6772/7618/5339 6771/7617/5338 6765/7610/5338
f 6767/7606/5313 6773/7613/5313 6772/7618/5339 6766/7611/5339
f 6768/7612/5336 6774/7619/5336 6779/7620/5313 6773/7613/5313
f 6769/7614/5337 6775/7621/5337 6774/7622/5336 6768/7615/5336
f 6770/7616/5310 6776/7623/5310 6775/7621/5337 6769/7614/5337
f 6771/7617/5338 6777/7624/5338 6776/7623/5310 6770/7616/5310
f 6772/7618/5339 6778/7625/5339 6777/7624/5338 6771/7617/5338
f 6773/7613/5313 6779/7620/5313 6778/7625/5339 6772/7618/5339
f 6774/7619/5336 6780/7626/5336 6785/7627/5313 6779/7620/5313
f 6775/7621/5337 6781/7628/5337 6780/7629/5336 6774/7622/5336
f 6776/7623/5310 6782/7630/5310 6781/7628/5337 6775/7621/5337
f 6777/7624/5338 6783/7631/5338 6782/7630/5310 6776/7623/5310
f 6778/7625/5339 6784/7632/5339 6783/7631/5338 6777/7624/5338
f 6779/7620/5313 6785/7627/5313 6784/7632/5339 6778/7625/5339
f 6780/7626/5336 6786/7633/5336 6791/7634/5313 6785/7627/5313
f 6781/7628/5337 6787/7635/5337 6786/7636/5336 6780/7629/5336
f 6782/7630/5310 6788/7637/5310 6787/7635/5337 6781/7628/5337
f 6783/7631/5338 6789/7638/5338 6788/7637/5310 6782/7630/5310
f 6784/7632/5339 6790/7639/5339 6789/7638/5338 6783/7631/5338
f 6785/7627/5313 6791/7634/5313 6790/7639/5339 6784/7632/5339
f 6786/7633/5336 6792/7640/5336 6797/7641/5313 6791/7634/5313
f 6787/7635/5337 6793/7642/5337 6792/7643/5336 6786/7636/5336
f 6788/7637/5310 6794/7644/5310 6793/7642/5337 6787/7635/5337
f 6789/7638/5338 6795/7645/5338 6794/7644/5310 6788/7637/5310
f 6790/7639/5339 6796/7646/5339 6795/7645/5338 6789/7638/5338
f 6791/7634/5313 6797/7641/5313 6796/7646/5339 6790/7639/5339
o Cone.008
v -0.846619 2.135629 0.178312
v -0.796619 2.135629 0.228312
v -0.846619 2.135629 0.278312
v -0.896619 2.135629 0.228312
v -0.846619 2.235629 0.228312
vn 0.6667 0.3333 -0.6667
vn 0.6667 0.3333 0.6667
vn -0.0000 -1.0000 -0.0000
vn -0.6667 0.3333 0.6667
vn -0.6667 0.3333 -0.6667
vt 0.250000 0.490000
vt 0.250000 0.250000
vt 0.490000 0.250000
vt 0.250000 0.010000
vt 0.750000 0.490000
vt 0.990000 0.250000
vt 0.750000 0.010000
vt 0.510000 0.250000
vt 0.010000 0.250000
s 0
usemtl Material.001
f 6798/7647/5340 6802/7648/5340 6799/7649/5340
f 6799/7649/5341 6802/7648/5341 6800/7650/5341
f 6798/7651/5342 6799/7652/5342 6800/7653/5342 6801/7654/5342
f 6800/7650/5343 6802/7648/5343 6801/7655/5343
f 6801/7655/5344 6802/7648/5344 6798/7647/5344
