# Blender 4.3.2
# www.blender.org
mtllib Ikan Biawan - 2.mtl
o Biawan
v 0.067636 -0.099118 2.258283
v 0.069866 -0.296413 2.262739
v 0.024884 0.202478 -1.262042
v 0.025584 -0.180562 -1.269408
v 0.123574 0.305072 -0.962572
v 0.145057 0.442502 -0.679119
v 0.161937 0.521922 -0.337017
v 0.175124 0.556535 -0.035788
v 0.177762 0.576202 0.420720
v 0.177762 0.571054 0.651368
v 0.177762 0.558151 0.859213
v 0.146926 0.469615 1.354680
v 0.129401 0.363355 1.641058
v 0.102414 0.067850 2.069940
v 0.098378 -0.427254 2.052116
v 0.122928 -0.578976 1.653541
v 0.138474 -0.667050 1.386581
v 0.229174 -0.586307 1.042810
v 0.163304 -0.732563 0.656924
v 0.164478 -0.719572 0.406752
v 0.167300 -0.695035 -0.011432
v 0.154037 -0.667837 -0.290082
v 0.137068 -0.603652 -0.633310
v 0.116056 -0.469951 -0.927196
v 0.082450 -0.150516 2.271768
v 0.064760 -0.260236 2.300962
v 0.031809 -0.078245 -1.304280
v 0.031583 0.103647 -1.294349
v 0.188159 -0.226948 2.039489
v 0.181692 -0.018894 2.057338
v 0.218717 -0.284848 1.652197
v 0.211264 0.171369 1.647427
v 0.239533 -0.314360 1.376927
v 0.234740 0.244730 1.362182
v 0.257775 -0.431094 1.037593
v 0.260521 0.297275 0.857127
v 0.267697 -0.313260 0.677300
v 0.260521 0.301054 0.658682
v 0.267697 -0.307683 0.441544
v 0.260521 0.307351 0.452640
v 0.264532 -0.308463 -0.032701
v 0.257356 0.292262 -0.048783
v 0.248707 -0.298610 -0.308129
v 0.241531 0.262431 -0.332289
v 0.228451 -0.278921 -0.653295
v 0.221275 0.209412 -0.673166
v 0.198577 -0.231757 -0.950641
v 0.191886 0.137391 -0.961807
v 0.010993 0.701225 -1.093358
v 0.008918 0.739224 -0.777033
v 0.000000 -0.811048 0.397651
v 0.000000 -0.819070 0.653726
v -0.000000 0.721919 -1.176951
v -0.000000 0.536842 -1.432423
v 0.000000 -0.147884 2.313605
v 0.000000 -0.089016 2.276107
v -0.000000 0.749215 -0.782103
v 0.000000 -0.263639 2.336575
v -0.000000 0.650242 -1.368989
v 0.000000 -0.284997 -1.723827
v 0.000000 -0.203987 -1.280151
v 0.010967 0.613941 -1.303672
v 0.000000 -0.316071 -1.957556
v -0.000000 0.585507 1.340815
v -0.000000 0.473450 1.628624
v -0.000000 0.135343 2.066704
v 0.000000 -0.475757 2.065978
v 0.000000 -0.309577 2.290143
v 0.000000 -0.661182 1.662502
v 0.000000 -0.761431 1.392724
v -0.000000 0.238119 -1.265412
v 0.000000 -0.813964 0.930568
v 0.056692 -0.224226 -1.205797
v 0.054696 0.214834 -1.201908
v 0.076782 0.105789 -1.215948
v 0.078400 -0.105378 -1.221424
v -0.000000 0.257144 -1.227454
v 0.015770 -0.815775 -0.058327
v 0.163187 0.517682 1.163554
v 0.148735 -0.694988 1.211947
v 0.250056 0.274382 1.179498
v 0.256599 -0.325671 1.210800
v 0.000000 -0.798930 1.215148
v -0.000000 0.637960 1.150674
v 0.050681 0.379248 -0.967060
v 0.058264 0.621105 -0.336539
v 0.055039 0.536548 -0.679202
v 0.061391 0.657019 0.858783
v 0.061391 0.671675 0.646479
v 0.061391 0.675214 0.394426
v 0.060863 0.656351 -0.029170
v 0.056129 0.638436 1.018934
v 0.040376 0.293488 -1.126972
v 0.095713 0.239387 -1.105504
v 0.091850 -0.340981 -1.081236
v 0.141477 0.108577 -1.108087
v 0.145745 -0.166752 -1.105113
v 0.228945 -0.585515 1.059257
v 0.258883 0.288658 1.026496
v 0.257991 -0.432134 1.053770
v 0.175378 0.539090 1.024642
v 0.000000 -0.808098 1.087387
v 0.019277 0.625226 -0.770181
v 0.011936 0.725157 -0.399217
v -0.000000 0.751220 -0.364440
v 0.011312 0.747590 -0.040839
v -0.000000 0.763315 -0.045057
v 0.011312 0.755486 0.375697
v -0.000000 0.769219 0.370697
v 0.011312 0.752276 0.631294
v -0.000000 0.765520 0.625867
v 0.011312 0.731899 0.843654
v -0.000000 0.744951 0.837936
v -0.000000 0.713040 0.992623
v -0.000000 0.358565 -1.271914
v 0.020104 0.471910 -1.057115
v 0.011332 0.708125 0.972984
v 0.015593 0.384972 -1.222094
v 0.009404 0.527877 -1.387750
v 0.177762 0.572990 0.241071
v 0.165395 -0.711058 0.256153
v 0.260521 0.309751 0.276425
v 0.267697 -0.307600 0.284877
v 0.000000 -0.805935 0.239366
v 0.061391 0.670307 0.215405
v -0.000000 0.768132 0.192878
v 0.011312 0.753706 0.197416
v 0.032080 -0.253992 -1.217771
v 0.041662 -0.383998 -1.093757
v 0.045876 -0.526158 -0.936047
v 0.050343 -0.671043 -0.635532
v 0.054163 -0.738522 -0.288627
v 0.057176 -0.767664 -0.013636
v 0.053467 -0.779460 0.152327
v 0.169055 -0.706387 0.152968
v 0.260521 0.304748 0.123795
v 0.267697 -0.310265 0.136435
v 0.061391 0.666218 0.121029
v -0.000000 0.767392 0.104235
v 0.011312 0.752561 0.108459
v 0.177762 0.567605 0.119246
v 0.000000 -0.824927 -0.066790
v 0.015394 -0.793855 -0.308957
v 0.000000 -0.803539 -0.314195
v 0.014596 -0.736627 -0.716883
v 0.000000 -0.766902 -0.688475
v 0.016087 -0.593869 -1.038234
v 0.000000 -0.259480 -1.328920
v 0.016267 -0.448779 -1.195178
v 0.000000 -0.824645 0.098631
v 0.014735 -0.301414 -1.295103
v 0.014879 -0.817495 0.084910
v 0.008402 -0.725097 -1.124112
v 0.000000 -0.740570 -1.143715
v 0.008659 -0.642791 -1.362770
v 0.000000 -0.656720 -1.446737
v 0.000000 -0.531132 -1.581728
v 0.000000 -0.360735 -1.491965
v 0.008808 -0.515431 -1.499753
v 0.009236 -0.373106 -1.465053
v 0.024492 -0.555680 -0.947041
v 0.000000 -0.813403 0.175103
v 0.024671 -0.409166 -1.107230
v 0.021738 -0.270767 -1.233844
v 0.024944 -0.700843 -0.643615
v 0.021771 -0.801715 0.127506
v 0.000000 -0.221303 -1.283759
v 0.025928 -0.793383 -0.033239
v 0.025478 -0.767256 -0.297150
v -0.000000 0.285441 -1.222220
v 0.023858 0.319153 -1.149245
v 0.027293 0.664776 -0.339725
v 0.030021 0.408551 -0.979654
v 0.029769 0.571775 -0.683306
v 0.026674 0.709851 0.640585
v 0.026674 0.713069 0.384175
v 0.026674 0.698859 -0.033088
v -0.000000 0.671012 1.077822
v 0.022228 0.673692 1.005977
v 0.026674 0.692845 0.855072
v 0.026674 0.709360 0.205657
v 0.026674 0.706671 0.116639
v 0.006879 0.116503 -2.221982
v 0.006423 0.281732 -2.280135
v 0.006423 -0.292279 -2.144402
v 0.006879 -0.140688 -2.305781
v 0.000000 -0.305833 -2.162098
v 0.000000 -0.149185 -2.372651
v -0.000000 0.112843 -2.265652
v -0.000000 0.301216 -2.323191
v 0.000000 -0.232784 -1.502766
v 0.016098 -0.207926 -1.502281
v 0.012847 -0.259175 -1.723754
v 0.009531 -0.291301 -1.958838
v -0.000000 0.322128 -1.523300
v -0.000000 0.380557 -1.773746
v -0.000000 0.405573 -2.076402
v 0.019318 0.114435 -1.550462
v 0.015416 0.123832 -1.789306
v 0.011437 0.134545 -2.033821
v 0.011437 -0.117936 -2.024034
v 0.015416 -0.102563 -1.774379
v 0.019318 -0.087100 -1.546203
v 0.009531 0.347252 -2.061893
v 0.012847 0.323959 -1.769972
v 0.016098 0.274281 -1.520814
v 0.000000 -0.206452 -1.329072
v 0.022404 -0.076939 -1.369413
v 0.018670 0.217873 -1.327760
v 0.018670 -0.181204 -1.328512
v -0.000000 0.254792 -1.330027
v 0.022404 0.105802 -1.362484
v 0.164229 -0.695500 1.090280
v 0.167178 -0.705466 0.949694
v 0.267489 -0.319732 0.930785
v 0.266316 -0.324666 1.077614
v 0.208069 -0.614142 1.067446
v 0.209874 -0.616151 1.027385
v 0.252153 -0.406319 1.019617
v 0.252204 -0.408613 1.060756
v 0.284766 -0.606945 0.981084
v 0.280187 -0.607641 0.977094
v 0.332832 -0.441174 0.954022
v 0.337255 -0.442085 0.957750
v 0.334079 -0.638450 0.481143
v 0.330053 -0.638905 0.479524
v 0.381339 -0.527385 0.469838
v 0.385217 -0.528001 0.471281
v 0.300597 -0.657874 0.815785
v 0.315416 -0.671273 0.615971
v 0.372430 -0.471397 0.582091
v 0.357611 -0.435579 0.782784
v 0.377588 -0.472308 0.584001
v 0.362769 -0.436490 0.784694
v 0.305977 -0.657178 0.817958
v 0.320796 -0.670577 0.618145
v 0.278862 -0.435982 1.024076
v 0.280241 -0.436892 1.035334
v 0.245577 -0.586807 1.045347
v 0.244317 -0.587503 1.033831
v 0.069798 -0.192907 2.302443
v 0.032036 -0.023820 -1.306431
v 0.032036 0.026173 -1.304785
v 0.186881 -0.188476 2.069225
v 0.188550 -0.132164 2.084339
v 0.231057 -0.155702 1.645933
v 0.232552 -0.038038 1.641540
v 0.252967 -0.150060 1.371070
v 0.254705 -0.006037 1.365905
v 0.274873 -0.144315 0.889427
v 0.274873 0.006866 0.872812
v 0.274873 -0.138624 0.673397
v 0.274873 0.011551 0.669444
v 0.274873 -0.133232 0.454842
v 0.274873 0.012969 0.465904
v 0.271708 -0.138520 -0.042967
v 0.271708 0.001979 -0.051682
v 0.255883 -0.137251 -0.317150
v 0.255883 -0.001746 -0.325354
v 0.235627 -0.136222 -0.660733
v 0.235627 -0.017384 -0.667676
v 0.205268 -0.122578 -0.955951
v 0.205268 -0.026662 -0.959232
v 0.000000 -0.189735 2.339136
v 0.080018 0.016945 -1.221385
v 0.080018 -0.041686 -1.222384
v 0.265526 0.002517 1.194039
v 0.265149 -0.146754 1.202034
v 0.150013 -0.006987 -1.109305
v 0.150013 -0.082655 -1.108528
v 0.273234 0.005762 1.043011
v 0.273234 -0.143955 1.056888
v 0.274873 0.011791 0.296841
v 0.274873 -0.134540 0.294269
v 0.274873 0.006324 0.129277
v 0.274873 -0.138821 0.133245
v 0.006879 -0.065524 -2.283738
v 0.006879 0.001075 -2.241976
v -0.000000 -0.003323 -2.292383
v -0.000000 -0.072190 -2.344035
v 0.019318 0.020712 -1.555617
v 0.019318 -0.030062 -1.553013
v 0.015416 0.015970 -1.789164
v 0.015416 -0.038554 -1.784077
v 0.011437 0.015838 -2.028446
v 0.011437 -0.045832 -2.029617
v 0.022404 0.025917 -1.372410
v 0.022404 -0.023133 -1.373038
v 0.093609 -0.022526 2.174549
v 0.085704 -0.358421 2.167133
v 0.143928 -0.082234 2.166502
v 0.153189 -0.256188 2.163556
v 0.000000 -0.391107 2.194063
v -0.000000 0.019795 2.180464
v 0.161094 -0.174068 2.165885
v 0.159509 -0.217090 2.164207
v 0.122247 -0.283789 2.215593
v 0.146509 -0.225863 2.198704
v 0.141287 -0.186265 2.211892
v 0.141489 -0.255654 2.204566
v 0.085869 -0.068263 2.223933
v 0.127561 -0.118336 2.213243
v -0.000000 -0.039368 2.235407
v 0.076479 -0.319573 2.228033
v 0.000000 -0.346941 2.253041
v 0.032036 0.057987 -1.303737
v 0.185601 -0.074391 2.079416
v 0.231168 0.056444 1.644238
v 0.253736 0.109301 1.362564
v 0.274873 0.134637 0.861897
v 0.274873 0.135633 0.664621
v 0.274873 0.138160 0.465999
v 0.271708 0.125537 -0.053648
v 0.255883 0.110989 -0.329108
v 0.235627 0.080080 -0.669696
v 0.205268 0.043028 -0.960720
v 0.006879 0.043457 -2.215400
v 0.080018 0.054255 -1.220751
v 0.265341 0.124881 1.185941
v 0.150012 0.042289 -1.109800
v 0.273234 0.131478 1.033353
v 0.274873 0.140203 0.291318
v 0.274873 0.135131 0.126562
v -0.000000 0.040501 -2.259514
v 0.019318 0.053024 -1.557274
v 0.015416 0.050667 -1.792401
v 0.011437 0.055083 -2.027701
v 0.022404 0.057131 -1.372011
v 0.158132 -0.131366 2.164841
v 0.030676 -0.132224 -1.286338
v 0.149919 -0.346943 2.051524
v 0.183879 -0.438135 1.651790
v 0.203699 -0.501039 1.381748
v 0.230512 -0.518383 0.918087
v 0.231525 -0.531905 0.668428
v 0.231818 -0.522273 0.426001
v 0.228653 -0.512883 -0.022807
v 0.212828 -0.492411 -0.298725
v 0.192572 -0.448684 -0.642448
v 0.165121 -0.355847 -0.937424
v 0.070311 -0.167995 -1.212273
v 0.219203 -0.519159 1.212014
v 0.124406 -0.257722 -1.091431
v 0.228236 -0.515180 1.104736
v 0.231818 -0.518473 0.271502
v 0.231818 -0.520102 0.140641
v 0.006879 -0.225895 -2.233756
v 0.000000 -0.233648 -2.290339
v 0.019318 -0.150731 -1.523512
v 0.015416 -0.184688 -1.748090
v 0.011437 -0.209352 -1.991006
v 0.022404 -0.131927 -1.348543
v 0.243369 -0.508670 1.036124
v 0.243457 -0.508855 1.060591
v 0.230369 -0.511413 1.074251
v 0.230953 -0.511200 1.013351
v 0.305384 -0.524381 0.964594
v 0.312136 -0.524542 0.970382
v 0.356272 -0.584149 0.461782
v 0.361541 -0.584256 0.463824
v 0.335690 -0.546861 0.801836
v 0.350509 -0.571469 0.601583
v 0.327787 -0.546700 0.798774
v 0.342606 -0.571308 0.598521
v 0.261260 -0.511715 1.026106
v 0.263239 -0.511876 1.043187
v 0.135913 -0.305142 2.163640
v 0.144558 -0.150225 2.199200
v 0.107264 -0.274726 2.245512
v 0.107284 -0.256426 2.261201
v 0.108170 -0.200372 2.266145
v 0.062678 -0.247343 2.295300
v 0.000000 -0.208886 2.332125
v 0.104628 -0.211404 2.257498
v 0.063190 -0.209679 2.297849
v 0.000000 -0.249063 2.330064
v 0.103728 -0.244807 2.255311
v 0.000000 -0.172207 2.335810
v 0.075029 -0.178278 2.294707
v 0.124190 -0.196985 2.245349
v 0.127399 -0.213905 2.228220
v 0.125426 -0.240638 2.228494
v 0.000000 -0.290566 2.309065
v 0.127027 -0.254420 2.236558
v 0.067274 -0.282784 2.279303
v 0.126806 -0.227392 2.174170
v 0.059187 -0.240199 2.267886
v 0.000000 -0.217090 2.304493
v 0.093735 -0.217954 2.229920
v 0.058829 -0.217370 2.270535
v 0.000000 -0.241289 2.302560
v 0.093601 -0.238430 2.227836
v 0.112076 -0.220200 2.200824
v 0.111087 -0.234948 2.200941
v 0.115322 -0.226993 2.136529
v 0.059248 -0.246044 2.230245
v 0.010768 -0.212515 2.266085
v 0.089103 -0.212953 2.192280
v 0.058964 -0.212084 2.232894
v 0.010849 -0.246493 2.263978
v 0.088997 -0.243412 2.190195
v 0.103644 -0.216294 2.163184
v 0.102860 -0.238233 2.163301
v 0.091261 -0.239509 2.213938
v 0.107217 -0.235660 2.187044
v 0.058558 -0.216225 2.256637
v 0.000000 -0.215915 2.290596
v 0.121560 -0.227306 2.160272
v 0.108119 -0.219354 2.186927
v 0.000000 -0.242670 2.288663
v 0.058884 -0.241465 2.253988
v 0.091384 -0.216871 2.216023
v 0.099662 -0.240842 2.245104
v 0.120004 -0.236538 2.218209
v 0.138290 -0.227199 2.191438
v 0.060750 -0.214811 2.287803
v 0.000000 -0.214465 2.321762
v 0.121154 -0.218310 2.218093
v 0.099819 -0.215533 2.247189
v 0.000000 -0.244375 2.319829
v 0.061166 -0.243028 2.285154
v 0.000000 -0.162958 2.324852
v 0.141494 -0.218751 2.206911
v 0.075532 -0.167751 2.284598
v 0.132623 -0.193952 2.227362
v 0.124157 -0.224863 2.179193
v 0.113222 -0.223230 2.141553
v 0.119142 -0.224509 2.165297
v 0.135208 -0.224073 2.196463
v 0.000000 -0.283962 2.317810
v 0.067346 -0.276555 2.286162
v 0.107050 -0.267658 2.251925
v 0.066530 -0.272249 2.296027
v 0.121417 -0.261703 2.241275
v 0.132865 -0.256322 2.223642
v 0.107693 -0.264809 2.257352
v 0.136614 -0.236109 2.212415
v 0.120530 -0.230951 2.185031
v 0.110347 -0.232286 2.147391
v 0.115834 -0.231240 2.171134
v 0.130990 -0.231597 2.202300
v 0.121749 -0.262642 2.237484
v 0.000000 -0.279016 2.332369
v 0.117925 0.244152 1.832836
v 0.111949 -0.512346 1.836911
v 0.207678 -0.006787 1.894606
v 0.209884 -0.216836 1.889570
v 0.000000 -0.581271 1.846740
v -0.000000 0.346621 1.822489
v 0.214789 -0.110329 1.855553
v 0.214124 -0.170514 1.864019
v 0.213741 -0.051158 1.867214
v 0.168573 -0.395744 1.837699
v 0.112360 0.182089 1.920353
v 0.107928 0.132019 1.990219
v 0.000000 -0.544810 1.927256
v 0.000000 -0.517464 1.987643
v 0.161738 -0.381029 1.918047
v 0.156791 -0.368711 1.978469
v 0.103889 -0.460740 1.977553
v 0.107281 -0.482857 1.917277
v 0.188056 0.012799 2.004457
v 0.197612 0.016047 1.940810
v 0.193968 -0.249459 1.994545
v 0.202057 -0.245625 1.934995
v -0.000000 0.210775 1.983764
v -0.000000 0.271697 1.913011
v 0.176757 -0.085712 2.107671
v 0.165263 -0.007648 2.079363
v 0.174687 -0.257970 2.060984
v 0.177821 -0.202358 2.097011
v 0.180165 -0.145134 2.111839
v 0.181549 0.068574 1.931689
v 0.196702 0.067721 1.852528
v 0.192055 -0.285994 1.931399
v 0.204052 -0.262788 1.854048
v 0.215388 -0.010953 1.821794
v 0.217007 -0.087768 1.810080
v 0.215789 -0.173707 1.819261
v 0.172312 0.050421 2.003100
v 0.183682 -0.283884 1.993738
v 0.176935 -0.011012 2.064548
v 0.181262 -0.074068 2.090384
v 0.182410 -0.195808 2.077824
v 0.182621 -0.238822 2.044765
v 0.184579 -0.136240 2.095355
v 0.204362 0.016402 1.883957
v 0.193975 0.035222 1.936103
v 0.198229 -0.260276 1.933693
v 0.206822 -0.232578 1.882648
v 0.211895 -0.034166 1.855708
v 0.212340 -0.176049 1.852335
v 0.213321 -0.103488 1.842301
v 0.183851 0.027264 2.005979
v 0.189346 -0.262027 1.996289
v 0.176275 -0.013102 2.062625
v 0.181699 -0.193215 2.074960
v 0.183613 -0.134433 2.091717
v 0.203439 0.008976 1.887055
v 0.197481 -0.255067 1.932732
v 0.210247 -0.040548 1.858783
v 0.210665 -0.174527 1.855324
v 0.183010 0.022749 2.005837
v 0.180446 -0.073458 2.086919
v 0.182563 -0.234476 2.043027
v 0.193016 0.029118 1.937646
v 0.205800 -0.226717 1.883747
v 0.211475 -0.107075 1.845710
v 0.188882 -0.258025 1.995192
v 0.211877 -0.118133 2.007932
v 0.202717 -0.126671 2.056396
v 0.211211 -0.170046 2.001347
v 0.201469 -0.175888 2.046110
v 0.210422 -0.067620 2.004566
v 0.200419 -0.077562 2.050981
v 0.222587 -0.110937 1.894566
v 0.219186 -0.108860 1.948698
v 0.222024 -0.162291 1.898532
v 0.218589 -0.166677 1.947865
v 0.221646 -0.063178 1.898847
v 0.217981 -0.058278 1.948055
v 0.206584 -0.217756 1.995857
v 0.213594 -0.215679 1.945809
v 0.202336 -0.020329 2.000433
v 0.210404 -0.017013 1.947538
v 0.195229 -0.036211 2.040561
v 0.200235 -0.208826 2.029780
v 0.216315 -0.028472 1.910939
v 0.218168 -0.201024 1.908123
v 0.216562 -0.594274 1.064274
v 0.217919 -0.595491 1.038376
v 0.250013 -0.423906 1.033500
v 0.250093 -0.425516 1.059067
v 0.233539 -0.509649 1.029505
v 0.233114 -0.509944 1.068103
v -0.000000 0.269593 -1.220126
v 0.033226 0.641916 -0.337248
v 0.033991 0.394864 -0.971797
v 0.033000 0.690664 0.644174
v 0.033000 0.693913 0.387785
v 0.027500 0.657127 1.014619
v 0.027166 0.305775 -1.137990
v 0.034131 0.554826 -0.680251
v 0.033000 0.676846 -0.029752
v -0.000000 0.653878 1.104790
v 0.033000 0.675330 0.858122
v 0.033000 0.689338 0.209199
v 0.033000 0.685943 0.120180
v 0.078454 -0.085070 2.242644
v 0.067383 -0.288772 2.273639
v 0.038776 -0.193625 -1.245053
v 0.030065 0.153814 -1.277238
v 0.111210 0.262440 -1.046961
v 0.134855 0.372701 -0.835913
v 0.153892 0.491194 -0.509562
v 0.169520 0.542946 -0.172024
v 0.177762 0.575278 0.322034
v 0.177762 0.574728 0.534306
v 0.177762 0.565562 0.760530
v 0.155381 0.499770 1.245618
v 0.137869 0.422702 1.496911
v 0.105577 0.103943 2.026253
v 0.092343 -0.393302 2.110529
v 0.116508 -0.540027 1.761249
v 0.130825 -0.626344 1.518407
v 0.155688 -0.716725 1.031149
v 0.161834 -0.723741 0.805311
v 0.164332 -0.728661 0.520647
v 0.169515 -0.702117 0.083755
v 0.161662 -0.683971 -0.137751
v 0.145948 -0.644012 -0.459647
v 0.126893 -0.541134 -0.795742
v 0.138935 0.030100 2.074397
v 0.178441 0.267730 1.645436
v 0.200355 0.358544 1.359529
v 0.228649 0.431964 0.857939
v 0.228649 0.440507 0.654980
v 0.228649 0.446702 0.437870
v 0.225550 0.429042 -0.042460
v 0.210055 0.395622 -0.334976
v 0.190220 0.327966 -0.676486
v 0.163273 0.222290 -0.961928
v 0.074133 -0.120582 2.266296
v 0.063663 -0.253028 2.299015
v 0.031328 -0.105277 -1.296789
v 0.031979 0.073920 -1.302227
v 0.164066 -0.301714 2.056266
v 0.172845 -0.052141 2.099082
v 0.203698 -0.359522 1.652499
v 0.226604 0.104131 1.646558
v 0.224028 -0.406426 1.379455
v 0.249908 0.165691 1.362608
v 0.250752 -0.419329 0.916484
v 0.273079 0.201963 0.858473
v 0.252412 -0.418626 0.674252
v 0.273079 0.203158 0.661851
v 0.252449 -0.411541 0.434445
v 0.273079 0.207867 0.461650
v 0.249284 -0.408165 -0.028045
v 0.269914 0.194453 -0.052365
v 0.233459 -0.392833 -0.303506
v 0.254089 0.171727 -0.330415
v 0.213202 -0.361581 -0.648237
v 0.233833 0.131107 -0.670884
v 0.184358 -0.292473 -0.944786
v 0.203595 0.080277 -0.961361
v 0.208581 0.171634 -0.832824
v 0.215696 -0.258678 -0.817296
v 0.231878 0.239699 -0.501706
v 0.239054 -0.291222 -0.478281
v 0.250631 0.279825 -0.177361
v 0.257807 -0.304367 -0.156588
v 0.260126 0.300014 0.046895
v 0.267302 -0.310295 0.060140
v 0.260521 0.304097 0.553843
v 0.267697 -0.310629 0.551536
v 0.260521 0.299216 0.760983
v 0.267700 -0.314057 0.804981
v 0.260317 0.293735 0.945071
v 0.270381 -0.300385 1.009386
v 0.223219 0.213851 1.502129
v 0.229037 -0.300033 1.510881
v 0.201704 0.120403 1.763889
v 0.210029 -0.272985 1.766516
v 0.153216 -0.047133 2.126488
v 0.163151 -0.257421 2.115907
v 0.049720 0.104760 -1.260472
v 0.050460 -0.087400 -1.268897
v 0.082252 0.355427 -0.964489
v 0.090539 -0.786518 0.654512
v 0.041241 -0.094204 2.265842
v 0.016584 -0.195485 -1.269657
v 0.037816 -0.303719 2.275647
v -0.000000 0.264612 -1.220589
v 0.091346 -0.775231 0.401099
v 0.020008 0.338773 -1.167935
v 0.020303 -0.572292 -0.963080
v 0.037638 0.634374 -0.336624
v 0.039531 -0.148226 2.297418
v 0.000000 -0.808366 0.200971
v 0.036936 0.389954 -0.969506
v 0.034084 -0.262018 2.319523
v 0.029548 -0.396891 -1.100718
v 0.024742 0.592889 -0.696768
v 0.000000 -0.202596 -1.291658
v 0.025325 -0.262711 -1.225535
v 0.037916 0.684149 0.645140
v 0.007874 -0.296025 -2.070574
v 0.077678 0.540728 1.348177
v 0.067940 0.428516 1.635201
v 0.054425 0.102676 2.067622
v 0.053230 -0.454375 2.058037
v 0.067131 -0.625472 1.657403
v 0.075946 -0.720746 1.389530
v 0.014104 0.227947 -1.259586
v 0.087925 -0.771309 0.934865
v 0.000000 -0.817608 0.800830
v -0.000000 0.246370 -1.244549
v 0.000000 -0.787511 1.291492
v 0.000000 -0.318268 -2.067969
v 0.000000 -0.714959 1.526036
v 0.020570 -0.716753 -0.655345
v 0.000000 -0.501996 2.020080
v 0.000000 -0.272293 2.336265
v 0.065750 -0.267105 2.299762
v -0.000000 0.076290 2.125737
v -0.000000 0.406323 1.742070
v -0.000000 0.535654 1.485233
v 0.037916 0.687435 0.389396
v -0.000000 0.371974 -2.230208
v 0.019367 0.723696 -0.036897
v 0.018234 -0.810984 0.107911
v 0.000000 -0.304688 -1.840856
v -0.000000 0.740963 -0.997339
v 0.000000 -0.159649 2.321138
v -0.000000 0.690857 1.044207
v 0.000000 -0.235754 -1.293711
v 0.000000 -0.121201 2.297287
v -0.000000 0.690408 -1.293104
v 0.000000 -0.807107 0.304540
v 0.005869 0.717487 -1.164989
v 0.000000 -0.816091 0.515895
v 0.032218 0.651216 1.016501
v 0.075259 -0.277124 -1.147373
v 0.036863 0.206787 -1.236569
v 0.109049 0.106117 -1.163889
v 0.111895 -0.133322 -1.165314
v 0.005461 0.745797 -0.780267
v 0.008363 -0.821734 -0.064278
v 0.044108 -0.242152 -1.210181
v 0.032173 0.245131 -1.206391
v 0.079816 -0.073633 -1.222672
v 0.069168 0.160742 -1.207602
v 0.064968 -0.198404 -1.207263
v 0.170279 0.529506 1.093754
v 0.144310 -0.687839 1.286580
v 0.243504 0.263443 1.258880
v 0.248880 -0.323200 1.281455
v 0.000000 -0.804694 1.149362
v -0.000000 0.618636 1.225780
v 0.089943 0.591721 1.152683
v 0.081534 -0.753646 1.213241
v 0.263513 -0.233251 1.206887
v 0.217242 0.398332 1.173014
v 0.191820 -0.613970 1.211674
v 0.019367 0.712707 0.849563
v 0.104932 0.592313 -0.337142
v 0.094823 0.508364 -0.679601
v 0.114422 0.628487 0.859334
v 0.114422 0.643039 0.648512
v 0.114422 0.647210 0.405333
v 0.112840 0.627404 -0.031288
v 0.042508 0.634249 1.078474
v 0.060733 0.646982 0.945976
v 0.061325 0.663261 0.063252
v 0.056730 0.589243 -0.510008
v 0.047468 0.325599 -1.061350
v 0.075728 0.225026 -1.157090
v 0.061391 0.665587 0.759857
v 0.061391 0.674871 0.518895
v 0.053019 0.458099 -0.836146
v 0.059747 0.642632 -0.168607
v 0.026264 0.272871 -1.176533
v 0.021520 -0.805395 -0.046858
v 0.104949 -0.404164 -1.015254
v 0.169511 0.117202 -1.047593
v 0.175172 -0.200438 -1.040506
v 0.110734 -0.302887 -1.084063
v 0.122953 0.174587 -1.104717
v 0.149479 -0.124059 -1.107783
v 0.031816 -0.753972 -0.291856
v 0.153349 -0.697654 1.149377
v 0.255321 0.282328 1.103924
v 0.262471 -0.323218 1.144598
v 0.177464 0.548898 0.947166
v 0.000000 -0.810844 1.021259
v 0.085883 -0.761602 1.089281
v 0.272504 -0.227586 1.067133
v 0.226917 0.417575 1.025551
v 0.203331 -0.607039 1.104906
v 0.064963 0.276969 -1.115058
v 0.110562 0.608705 1.022092
v 0.015488 0.545390 -1.181553
v 0.005172 0.746286 -0.366352
v 0.005025 0.759421 -0.043412
v 0.005025 0.765802 0.372728
v 0.005025 0.762397 0.628051
v 0.005025 0.741563 0.840016
v -0.000000 0.730853 0.922951
v -0.000000 0.757022 0.739805
v -0.000000 0.768946 0.496677
v -0.000000 0.766563 0.047347
v -0.000000 0.756718 -0.185721
v 0.009882 0.734457 -0.620898
v 0.011899 0.463403 -1.319220
v 0.015034 0.666221 -0.932113
v 0.006340 0.710917 0.985246
v 0.011327 0.718997 0.924469
v 0.011312 0.751446 0.051436
v 0.016614 0.682787 -0.596570
v 0.018990 0.417652 -1.156519
v 0.011312 0.743815 0.745730
v 0.011312 0.755524 0.501816
v 0.020275 0.548105 -0.926152
v 0.011377 0.739032 -0.183468
v 0.008801 0.367798 -1.255761
v -0.000000 0.603127 -1.426640
v 0.005728 0.644486 -1.358598
v 0.010258 0.727751 -0.922759
v 0.010297 0.568159 -1.368025
v 0.011199 0.660691 -1.217193
v 0.005503 0.536287 -1.420920
v -0.000000 0.750431 -0.566501
v -0.000000 0.445013 -1.360504
v 0.177762 0.570419 0.176534
v 0.164593 -0.713814 0.320259
v 0.260521 0.309437 0.360393
v 0.267697 -0.306794 0.356822
v 0.061391 0.673151 0.291439
v -0.000000 0.768705 0.267460
v 0.011312 0.754605 0.272240
v 0.005025 0.764519 0.194659
v 0.019367 0.731953 0.201611
v 0.094339 -0.765903 0.247814
v 0.114422 0.642577 0.225626
v 0.273976 -0.216524 0.290243
v 0.228649 0.446424 0.259829
v 0.207370 -0.624479 0.264028
v 0.008147 -0.800453 -0.312266
v 0.065550 -0.366974 -1.085789
v 0.078851 -0.504544 -0.930087
v 0.091409 -0.646877 -0.633178
v 0.101804 -0.714303 -0.288117
v 0.109942 -0.743114 -0.010250
v 0.038682 -0.312866 -1.160661
v 0.041561 -0.786960 0.194646
v 0.057197 -0.774418 0.083985
v 0.048120 -0.603661 -0.801473
v 0.055887 -0.755876 -0.138625
v 0.043793 -0.453950 -1.026304
v 0.052332 -0.713672 -0.458892
v 0.019504 -0.220046 -1.253433
v 0.167227 -0.709012 0.205406
v 0.260521 0.308046 0.198456
v 0.267697 -0.309072 0.211353
v 0.061391 0.668136 0.164554
v -0.000000 0.767732 0.145024
v 0.011312 0.753088 0.149393
v 0.177432 0.563850 0.055860
v 0.114422 0.637743 0.119784
v 0.019367 0.730058 0.112600
v 0.005025 0.763711 0.105836
v 0.273976 -0.219862 0.135057
v 0.228649 0.441107 0.121102
v 0.207827 -0.623707 0.146777
v 0.108899 -0.755195 0.155477
v 0.007431 -0.761530 -0.690210
v 0.012354 -0.620295 -1.201101
v 0.000000 -0.756710 -0.921648
v 0.010730 -0.729985 -0.962239
v 0.000000 -0.784141 -0.483570
v 0.000000 -0.817428 -0.178061
v 0.011666 -0.335864 -1.386310
v 0.012529 -0.484026 -1.347981
v 0.000000 -0.826930 0.026752
v 0.016623 -0.367674 -1.251872
v 0.008948 -0.821042 0.095053
v 0.015705 -0.818232 0.032177
v 0.016093 -0.667255 -0.902605
v 0.015602 -0.808017 -0.170936
v 0.016004 -0.523036 -1.129936
v 0.015144 -0.771972 -0.480754
v 0.008643 -0.269743 -1.318032
v 0.005022 -0.735749 -1.139344
v 0.004490 -0.653475 -1.434625
v 0.000000 -0.600624 -1.539663
v 0.000000 -0.705533 -1.317504
v 0.000000 -0.444711 -1.560142
v 0.004576 -0.529010 -1.568393
v 0.009290 -0.433544 -1.495445
v 0.008727 -0.694150 -1.239110
v 0.008589 -0.584808 -1.454070
v 0.005609 -0.364415 -1.484531
v 0.000000 -0.299177 -1.403595
v 0.029918 -0.541607 -0.941598
v 0.000000 -0.819487 0.145208
v 0.020482 -0.424526 -1.123728
v 0.018248 -0.281392 -1.248685
v 0.030872 -0.686992 -0.639091
v 0.028027 -0.792551 0.142554
v 0.000000 -0.210650 -1.279531
v 0.032587 -0.782088 -0.021595
v 0.021079 -0.781632 -0.303447
v 0.024408 -0.482170 -1.038366
v 0.025726 -0.783297 -0.152619
v 0.025211 -0.743139 -0.465876
v 0.012671 -0.237193 -1.266522
v 0.024853 -0.333141 -1.176137
v 0.012532 -0.806880 0.160502
v 0.025516 -0.798329 0.061969
v 0.024695 -0.633562 -0.811111
v -0.000000 0.308077 -1.230215
v 0.026038 0.310339 -1.141830
v 0.020362 0.691657 -0.348156
v 0.025401 0.428126 -0.996028
v 0.032643 0.560608 -0.681293
v 0.019367 0.731509 0.636077
v 0.019367 0.734684 0.380040
v 0.030842 0.684356 -0.030890
v -0.000000 0.659723 1.095590
v 0.016355 0.692224 0.992333
v 0.030842 0.681284 0.857576
v 0.030842 0.696169 0.207991
v 0.030842 0.693014 0.118972
v 0.026674 0.704535 0.059535
v 0.026674 0.707908 0.157601
v 0.028702 0.352576 -1.080769
v 0.028531 0.629247 -0.513047
v 0.026674 0.702782 0.755723
v 0.026674 0.712994 0.510626
v 0.012781 0.670724 1.048536
v 0.030265 0.489901 -0.843329
v 0.026118 0.681974 0.940264
v 0.026752 0.686619 -0.172289
v 0.026674 0.711412 0.280548
v 0.013554 0.299095 -1.192370
v 0.006803 0.206237 -2.263347
v 0.006879 -0.182350 -2.278587
v 0.006879 0.066210 -2.207681
v 0.003863 -0.300948 -2.156838
v 0.003657 -0.146575 -2.361556
v 0.003657 0.112443 -2.256813
v 0.003863 0.295858 -2.312887
v -0.000000 0.202643 -2.313747
v 0.000000 -0.109987 -2.368742
v 0.000000 -0.275046 -2.233042
v 0.009376 0.126821 -2.143097
v 0.024134 -0.075456 -1.329814
v 0.019909 0.204757 -1.284648
v 0.000000 -0.258377 -1.610689
v 0.017567 -0.190811 -1.403078
v 0.014496 -0.233056 -1.610510
v 0.011189 -0.278942 -1.840650
v -0.000000 0.285796 -1.413287
v -0.000000 0.353453 -1.643088
v -0.000000 0.403154 -1.919172
v 0.021081 0.109863 -1.443122
v 0.017396 0.118394 -1.667536
v 0.013427 0.131622 -1.913103
v 0.009376 -0.129743 -2.178465
v 0.013427 -0.109468 -1.891179
v 0.017396 -0.094796 -1.658752
v 0.007874 0.321107 -2.203948
v 0.011189 0.344161 -1.911591
v 0.014496 0.300646 -1.640566
v 0.018915 -0.182360 -1.510861
v 0.015095 -0.226494 -1.733634
v 0.011199 -0.255687 -1.972026
v 0.018915 0.195375 -1.534941
v 0.015095 0.225138 -1.779124
v 0.011199 0.242484 -2.047228
v 0.009256 -0.223386 -1.500487
v 0.007387 -0.276648 -1.721502
v 0.005480 -0.309047 -1.955301
v 0.019318 -0.057963 -1.551097
v 0.015416 -0.068860 -1.780783
v 0.011437 -0.080073 -2.029399
v 0.009256 0.311865 -1.518272
v 0.007387 0.369785 -1.769142
v 0.005480 0.395182 -2.071053
v 0.000000 -0.215738 -1.403671
v 0.021081 -0.080990 -1.444665
v 0.017567 0.243836 -1.410859
v 0.019996 -0.177415 -1.289849
v -0.000000 0.239341 -1.286974
v 0.024106 0.103768 -1.320150
v 0.010735 0.245433 -1.324564
v 0.022404 -0.049925 -1.372842
v 0.010735 -0.196080 -1.326861
v 0.021937 0.162719 -1.344237
v 0.021937 -0.158818 -1.336597
v 0.226913 -0.597483 1.051435
v 0.251601 -0.463912 1.035154
v 0.260060 -0.420042 1.045280
v 0.235074 -0.552811 1.061679
v 0.222410 -0.589448 1.062070
v 0.198011 -0.649680 1.006756
v 0.258753 -0.375637 0.993230
v 0.258661 -0.378783 1.061840
v 0.196281 -0.645955 1.071410
v 0.214685 -0.601072 1.035307
v 0.249354 -0.419532 1.030046
v 0.249420 -0.421408 1.060445
v 0.243037 -0.452642 1.071140
v 0.255398 -0.391890 1.039644
v 0.219033 -0.571854 1.016934
v 0.205709 -0.630723 1.047958
v 0.278534 -0.619718 0.980829
v 0.320672 -0.476404 0.958101
v 0.338986 -0.429205 0.954146
v 0.296916 -0.571815 0.976989
v 0.305589 -0.440039 1.000253
v 0.264757 -0.434252 1.048436
v 0.264721 -0.592732 1.023983
v 0.234646 -0.585307 1.041203
v 0.331007 -0.640186 0.471263
v 0.372195 -0.551989 0.461981
v 0.385960 -0.527522 0.463006
v 0.345258 -0.615613 0.468031
v 0.322960 -0.655992 0.529060
v 0.348956 -0.436678 0.878756
v 0.354023 -0.437588 0.880893
v 0.328108 -0.655339 0.531138
v 0.292489 -0.632542 0.907219
v 0.308007 -0.672107 0.715548
v 0.378993 -0.502737 0.508043
v 0.365020 -0.447340 0.678811
v 0.383932 -0.503596 0.509874
v 0.370179 -0.448250 0.680721
v 0.297769 -0.631846 0.909619
v 0.313387 -0.671411 0.717722
v 0.319215 -0.610185 0.811356
v 0.334034 -0.628348 0.611356
v 0.299019 -0.674138 0.819356
v 0.313838 -0.685855 0.619609
v 0.364458 -0.419423 0.781254
v 0.379277 -0.456922 0.580495
v 0.344359 -0.482673 0.789370
v 0.359178 -0.513727 0.588864
v 0.264232 -0.433325 1.034809
v 0.308529 -0.440949 1.007649
v 0.234946 -0.584600 1.055088
v 0.261759 -0.593428 1.016328
v 0.271224 -0.468036 1.023677
v 0.253223 -0.554853 1.045730
v 0.242352 -0.598458 1.040330
v 0.282147 -0.425133 1.028963
v 0.072984 -0.185007 2.299810
v 0.032008 -0.051074 -1.306836
v 0.032036 0.002881 -1.305552
v 0.176250 -0.227477 2.083824
v 0.179424 -0.174552 2.106511
v 0.227272 -0.217960 1.649589
v 0.232365 -0.094741 1.642939
v 0.248680 -0.229318 1.374033
v 0.254488 -0.074893 1.368362
v 0.274093 -0.225037 0.904568
v 0.274873 -0.066256 0.879674
v 0.273976 -0.221309 0.676250
v 0.274873 -0.060348 0.671236
v 0.273976 -0.215716 0.448231
v 0.274873 -0.056888 0.461228
v 0.270811 -0.218903 -0.037723
v 0.271708 -0.065164 -0.047922
v 0.254986 -0.213934 -0.312636
v 0.255883 -0.066302 -0.321636
v 0.234730 -0.204090 -0.657196
v 0.235627 -0.073855 -0.664574
v 0.204432 -0.175564 -0.954003
v 0.205268 -0.071800 -0.957736
v 0.000000 -0.200351 2.336337
v 0.080018 0.037599 -1.221034
v 0.080018 -0.010372 -1.221851
v 0.265503 0.065775 1.189771
v 0.265479 -0.068076 1.197911
v 0.150013 0.019996 -1.109579
v 0.150013 -0.042304 -1.108943
v 0.273234 0.070377 1.037925
v 0.273234 -0.065864 1.049010
v 0.274873 0.076611 0.294878
v 0.274873 -0.058479 0.296586
v 0.274873 0.071241 0.127741
v 0.274873 -0.063550 0.131207
v 0.006879 -0.102165 -2.303578
v 0.006879 -0.029954 -2.261434
v -0.000000 0.020936 -2.274188
v -0.000000 -0.035409 -2.316448
v 0.019318 0.038599 -1.556534
v 0.019318 -0.002944 -1.554403
v 0.015416 0.035177 -1.790956
v 0.015416 -0.009433 -1.786794
v 0.011437 0.037563 -2.028034
v 0.011437 -0.012894 -2.028992
v 0.022404 0.043196 -1.372190
v 0.022404 0.003064 -1.372703
v 0.024162 -0.022037 -1.332617
v 0.024162 0.026850 -1.331165
v 0.013427 -0.041061 -1.901627
v 0.013427 0.016925 -1.907564
v 0.017396 -0.034708 -1.667017
v 0.017396 0.017503 -1.670766
v 0.021081 -0.025997 -1.449769
v 0.021081 0.023743 -1.450723
v 0.003657 -0.070510 -2.333528
v 0.003657 -0.002590 -2.282872
v 0.274873 0.009358 0.213136
v 0.274873 -0.136907 0.214509
v 0.274873 0.012835 0.378815
v 0.274873 -0.133076 0.370313
v 0.269813 0.004472 1.120358
v 0.269765 -0.144899 1.131032
v 0.180834 -0.019518 -1.046796
v 0.180834 -0.104916 -1.044953
v 0.261215 -0.000103 1.268322
v 0.260101 -0.148627 1.274644
v 0.114741 0.006191 -1.167065
v 0.114741 -0.060262 -1.167263
v 0.036946 -0.190783 2.321556
v 0.009376 -0.055605 -2.170440
v 0.009376 0.008968 -2.149306
v 0.051201 0.023322 -1.268681
v 0.051201 -0.029813 -1.270165
v 0.244215 -0.018215 1.501760
v 0.242449 -0.151389 1.505922
v 0.274668 0.006120 0.961601
v 0.274668 -0.144361 0.978193
v 0.274873 0.009112 0.774165
v 0.274873 -0.142105 0.786283
v 0.274873 0.012720 0.564338
v 0.274873 -0.135315 0.558764
v 0.274478 0.003682 0.045509
v 0.274478 -0.139178 0.052235
v 0.264982 0.001039 -0.175650
v 0.264982 -0.137711 -0.166763
v 0.246230 -0.008553 -0.494187
v 0.246230 -0.137202 -0.486456
v 0.222812 -0.024913 -0.828927
v 0.222812 -0.132355 -0.823692
v 0.098029 0.021161 2.124628
v 0.080480 -0.334886 2.204447
v 0.136987 -0.103732 2.192411
v 0.146323 -0.255688 2.190956
v 0.000000 -0.433379 2.131556
v -0.000000 -0.016211 2.214393
v 0.171294 -0.158994 2.137084
v 0.169221 -0.209578 2.129281
v 0.160845 -0.195968 2.165229
v 0.160255 -0.152760 2.165525
v 0.050256 0.000617 2.177867
v 0.045603 -0.376871 2.178333
v 0.157013 -0.236391 2.163627
v 0.124647 -0.051805 2.170242
v 0.115864 -0.333184 2.163393
v 0.115558 -0.278509 2.230433
v 0.152324 -0.222264 2.186675
v 0.116021 -0.169052 2.242241
v 0.137176 -0.255628 2.214363
v 0.134345 -0.269016 2.209978
v 0.145262 -0.241456 2.200501
v 0.090099 -0.050310 2.204909
v 0.110519 -0.134438 2.239584
v -0.000000 -0.061926 2.255170
v 0.111640 -0.092648 2.218999
v 0.046815 -0.051386 2.229435
v 0.123420 -0.265316 2.231604
v 0.000000 -0.364773 2.231400
v 0.040701 -0.334314 2.239290
v 0.103494 -0.301665 2.220839
v 0.032036 0.043784 -1.304205
v 0.179225 -0.115932 2.111969
v 0.232379 0.011372 1.642196
v 0.254584 0.054480 1.363759
v 0.274873 0.072558 0.866865
v 0.274873 0.075162 0.667215
v 0.274873 0.076320 0.467445
v 0.271708 0.064134 -0.053501
v 0.255883 0.056074 -0.327677
v 0.235627 0.033037 -0.669056
v 0.205268 0.010106 -0.960121
v 0.006879 0.024536 -2.227265
v 0.079613 0.072689 -1.219946
v 0.263152 0.187200 1.183138
v 0.148946 0.067051 -1.109745
v 0.271440 0.197012 1.029262
v 0.273079 0.210920 0.286198
v 0.273079 0.206011 0.125500
v -0.000000 0.063630 -2.249716
v 0.019318 0.071086 -1.556955
v 0.015416 0.070965 -1.793055
v 0.011437 0.077630 -2.028227
v 0.022404 0.073248 -1.370692
v 0.153840 -0.108527 2.164850
v 0.222812 0.059151 -0.830536
v 0.246230 0.097916 -0.497275
v 0.264982 0.119580 -0.178722
v 0.274478 0.130677 0.043849
v 0.274873 0.136658 0.563246
v 0.274873 0.135140 0.765522
v 0.274668 0.133510 0.950824
v 0.242992 0.087643 1.501034
v 0.168061 -0.107840 2.134810
v 0.051201 0.057136 -1.267737
v 0.114741 0.048620 -1.166940
v 0.260654 0.120165 1.262318
v 0.180834 0.038577 -1.047894
v 0.269790 0.128463 1.111347
v 0.274873 0.139737 0.376177
v 0.274873 0.138534 0.208231
v 0.024162 0.057960 -1.330241
v 0.013427 0.053826 -1.911343
v 0.017396 0.050729 -1.673152
v 0.021081 0.055397 -1.451330
v 0.003657 0.040632 -2.250637
v 0.009376 0.050060 -2.135857
v 0.029530 -0.158467 -1.276013
v 0.129588 -0.390418 2.049874
v 0.159645 -0.514364 1.651816
v 0.178429 -0.591390 1.384042
v 0.206669 -0.616211 0.924225
v 0.206411 -0.642936 0.662000
v 0.207255 -0.630844 0.415880
v 0.204838 -0.614000 -0.016484
v 0.189334 -0.589554 -0.293948
v 0.169488 -0.533939 -0.636873
v 0.143933 -0.417973 -0.930436
v 0.074962 -0.136787 -1.217616
v 0.241084 -0.421720 1.212194
v 0.136676 -0.211593 -1.099234
v 0.249091 -0.422242 1.100415
v 0.252449 -0.409914 0.278530
v 0.252449 -0.412346 0.137634
v 0.006803 -0.267087 -2.186015
v 0.000000 -0.190717 -2.341894
v 0.019318 -0.118298 -1.536346
v 0.015416 -0.141927 -1.762790
v 0.011437 -0.161833 -2.010093
v 0.022404 -0.104322 -1.360595
v 0.235222 -0.553434 1.038113
v 0.251842 -0.464892 1.058484
v 0.217380 -0.570175 1.074825
v 0.243065 -0.450555 1.012305
v 0.290378 -0.572364 0.971328
v 0.327074 -0.477262 0.963533
v 0.340151 -0.615965 0.466002
v 0.377176 -0.552546 0.463861
v 0.351837 -0.483530 0.792189
v 0.366656 -0.514584 0.591684
v 0.311543 -0.610733 0.808306
v 0.326362 -0.628896 0.608305
v 0.251378 -0.555401 1.029248
v 0.273172 -0.468893 1.039933
v 0.147236 -0.279047 2.163772
v 0.249953 -0.509453 1.055201
v 0.249322 -0.509289 1.034567
v 0.335196 -0.559696 0.696669
v 0.319429 -0.534583 0.892420
v 0.343100 -0.559857 0.699732
v 0.327189 -0.534744 0.895823
v 0.357446 -0.579625 0.519357
v 0.360759 -0.585729 0.443838
v 0.282936 -0.516706 1.006409
v 0.287363 -0.516867 1.017697
v 0.349871 -0.579471 0.516422
v 0.231529 -0.510249 1.025055
v 0.230973 -0.510568 1.070784
v 0.229853 -0.512900 1.082125
v 0.230590 -0.513329 0.983767
v 0.023992 -0.129224 -1.309469
v 0.013427 -0.198471 -1.864850
v 0.017396 -0.167403 -1.633787
v 0.021081 -0.138907 -1.423302
v 0.009376 -0.218657 -2.126373
v 0.003657 -0.230526 -2.280654
v 0.231818 -0.519599 0.206419
v 0.231818 -0.518833 0.340664
v 0.224644 -0.517927 1.150319
v 0.146866 -0.306577 -1.026191
v 0.212218 -0.515673 1.284257
v 0.097665 -0.208724 -1.154712
v 0.180120 -0.406064 -0.805324
v 0.203175 -0.475964 -0.468414
v 0.221927 -0.504322 -0.146922
v 0.231423 -0.518067 0.068968
v 0.231781 -0.528714 0.537379
v 0.230958 -0.526680 0.805001
v 0.193842 -0.471614 1.514283
v 0.154077 -0.360475 2.009766
v 0.143425 -0.326063 2.109033
v 0.046758 -0.143472 -1.256081
v 0.128870 -0.291579 2.196955
v 0.142338 -0.164881 2.206052
v 0.138384 -0.138311 2.205680
v 0.150478 -0.144973 2.186198
v 0.094670 -0.196690 2.281706
v 0.152774 -0.183794 2.188882
v 0.147888 -0.207440 2.201032
v 0.091913 -0.286651 2.252870
v 0.089248 -0.258242 2.280372
v 0.116488 -0.198770 2.256820
v 0.105699 -0.250162 2.259149
v 0.107601 -0.205822 2.261907
v 0.066176 -0.202055 2.301282
v 0.000000 -0.255298 2.334020
v 0.144829 -0.220534 2.201716
v 0.086140 -0.246260 2.274848
v 0.033325 -0.209188 2.315863
v 0.086878 -0.210476 2.277326
v 0.116472 -0.242864 2.239949
v 0.033064 -0.248244 2.313487
v 0.000000 -0.180046 2.339011
v 0.075604 -0.172252 2.289092
v 0.129405 -0.195295 2.234969
v 0.117567 -0.212372 2.241502
v 0.105044 -0.186587 2.268234
v 0.129568 -0.206787 2.233341
v 0.038936 -0.174011 2.316888
v 0.131702 -0.238371 2.219763
v 0.000000 -0.297580 2.302015
v 0.119429 -0.255174 2.246849
v 0.067453 -0.278849 2.282707
v 0.127081 -0.247161 2.232719
v 0.036281 -0.286837 2.294262
v 0.107473 -0.269625 2.249389
v 0.089349 -0.278523 2.263845
v 0.107870 -0.261487 2.260148
v 0.126825 -0.226267 2.174257
v 0.079417 -0.239492 2.247420
v 0.031404 -0.217222 2.288463
v 0.079286 -0.217572 2.249875
v 0.103799 -0.236851 2.212414
v 0.031682 -0.240770 2.286042
v 0.104084 -0.218710 2.214008
v 0.116329 -0.232960 2.192271
v 0.096503 -0.239466 2.236531
v 0.123229 -0.237565 2.224151
v 0.142510 -0.227017 2.197129
v 0.059721 -0.216271 2.279230
v 0.000000 -0.212918 2.327713
v 0.124527 -0.217147 2.224015
v 0.102170 -0.214234 2.253134
v 0.000000 -0.242614 2.311256
v 0.061944 -0.244483 2.291079
v 0.115338 -0.225319 2.136617
v 0.077443 -0.244992 2.209780
v 0.033351 -0.211971 2.250725
v 0.077339 -0.212384 2.212235
v 0.097082 -0.241064 2.174773
v 0.033582 -0.246744 2.248281
v 0.097308 -0.214077 2.176368
v 0.107016 -0.235275 2.154631
v 0.090237 -0.241275 2.203194
v 0.108714 -0.234972 2.194302
v 0.058742 -0.214351 2.245893
v 0.000000 -0.217050 2.297854
v 0.118737 -0.227164 2.149528
v 0.109654 -0.220172 2.194185
v 0.001378 -0.244782 2.277799
v 0.058837 -0.240242 2.261247
v 0.090352 -0.215098 2.205279
v 0.092080 -0.238467 2.221197
v 0.105246 -0.236824 2.176299
v 0.058497 -0.217331 2.263896
v 0.001367 -0.214100 2.279754
v 0.123666 -0.227389 2.167531
v 0.106094 -0.217970 2.176183
v 0.000000 -0.241336 2.295921
v 0.059049 -0.243537 2.243245
v 0.092208 -0.217918 2.223282
v 0.100827 -0.217707 2.200111
v 0.078197 -0.240683 2.233523
v 0.078078 -0.216448 2.235978
v 0.031714 -0.242096 2.272144
v 0.119306 -0.229079 2.164526
v 0.114398 -0.221965 2.174802
v 0.031460 -0.216061 2.274566
v 0.100567 -0.237763 2.198517
v 0.101914 -0.242118 2.251036
v 0.115382 -0.235631 2.209637
v 0.132352 -0.227309 2.182865
v 0.061628 -0.213342 2.293715
v 0.000000 -0.215963 2.313189
v 0.116449 -0.219389 2.209520
v 0.096648 -0.216915 2.238616
v 0.000000 -0.245960 2.325764
v 0.060107 -0.241414 2.276581
v 0.083355 -0.242154 2.264689
v 0.083202 -0.215060 2.267144
v 0.032436 -0.243733 2.303310
v 0.111858 -0.216468 2.231277
v 0.129159 -0.221229 2.205968
v 0.032112 -0.214628 2.305732
v 0.135416 -0.229182 2.195692
v 0.111526 -0.238890 2.229682
v 0.000000 -0.166526 2.330211
v 0.135518 -0.216354 2.216198
v 0.076343 -0.164038 2.281327
v 0.135179 -0.192502 2.222372
v 0.118957 -0.222562 2.188699
v 0.109099 -0.219807 2.151059
v 0.121577 -0.226062 2.160360
v 0.138312 -0.225809 2.191526
v 0.139140 -0.223152 2.202425
v 0.121146 -0.224851 2.172555
v 0.116463 -0.223930 2.154552
v 0.129492 -0.224524 2.187890
v 0.038418 -0.163298 2.307333
v 0.109038 -0.178994 2.254524
v 0.141563 -0.208338 2.212930
v 0.000000 -0.286367 2.313237
v 0.067049 -0.274934 2.290964
v 0.107230 -0.266501 2.254505
v 0.090999 -0.271970 2.267931
v 0.035861 -0.280490 2.302681
v 0.000000 -0.327587 2.272782
v 0.124403 -0.259369 2.239455
v 0.131416 -0.254242 2.228869
v 0.073040 -0.306844 2.247140
v 0.141316 -0.233388 2.205374
v 0.124336 -0.228996 2.178423
v 0.113364 -0.229379 2.140782
v 0.112000 -0.233461 2.178374
v 0.126102 -0.234080 2.209540
v 0.134673 -0.232370 2.208220
v 0.117697 -0.230960 2.178392
v 0.113351 -0.231713 2.160390
v 0.125577 -0.231228 2.193727
v 0.117080 -0.262794 2.246437
v 0.136865 -0.244796 2.216676
v 0.090973 -0.268252 2.275308
v 0.000000 -0.282294 2.325117
v 0.121740 -0.262234 2.239025
v 0.116806 -0.264538 2.241970
v 0.125955 -0.261033 2.232744
v 0.035149 -0.275809 2.314950
v 0.122722 0.299444 1.754034
v 0.109136 -0.494837 1.884628
v 0.186793 0.070070 1.898468
v 0.196609 -0.279587 1.899877
v 0.000000 -0.615188 1.770871
v -0.000000 0.303908 1.875163
v 0.223105 -0.064409 1.746558
v 0.221787 -0.164940 1.753215
v 0.221567 0.020023 1.754069
v 0.175172 -0.412362 1.761246
v 0.188072 -0.329103 1.844106
v 0.210874 0.023506 1.832401
v 0.216856 -0.130723 1.812041
v 0.216804 -0.047581 1.813974
v 0.061823 0.303209 1.827039
v 0.061076 -0.551081 1.841113
v 0.212632 -0.215045 1.831423
v 0.163325 0.160649 1.840977
v 0.145703 -0.459106 1.835458
v 0.114718 0.207571 1.883779
v 0.110144 0.157636 1.955176
v 0.000000 -0.559622 1.894546
v 0.000000 -0.531137 1.957449
v 0.207823 -0.233464 1.940470
v 0.200359 -0.236504 1.994796
v 0.212725 -0.018992 1.903110
v 0.203768 0.001430 1.944436
v 0.194956 -0.000996 2.002022
v 0.195395 -0.129815 2.073288
v 0.164448 -0.386600 1.885490
v 0.159265 -0.375317 1.948345
v 0.101928 -0.448260 2.009476
v 0.105585 -0.471798 1.947415
v 0.167988 0.030515 2.038399
v 0.176919 0.062399 1.966846
v 0.179509 -0.275318 2.022606
v 0.187856 -0.287269 1.962960
v -0.000000 0.178500 2.020664
v -0.000000 0.241236 1.948388
v 0.135772 -0.418001 1.975788
v 0.139867 -0.435709 1.915635
v 0.147306 0.087113 1.996929
v 0.154407 0.121216 1.926223
v 0.218653 -0.165655 1.878297
v 0.214750 -0.208474 1.898890
v 0.056507 -0.492423 1.981963
v 0.058457 -0.517562 1.921599
v 0.194868 -0.217512 2.034600
v 0.193899 -0.182295 2.060495
v 0.218295 -0.058792 1.880116
v 0.219250 -0.111302 1.871843
v 0.192711 -0.076775 2.067948
v 0.188924 -0.027687 2.049052
v 0.172820 -0.320413 1.986120
v 0.179510 -0.327125 1.924749
v 0.059092 0.231253 1.916115
v 0.057012 0.173121 1.986098
v 0.182860 -0.045113 2.071515
v 0.186895 -0.209935 2.055987
v 0.187857 -0.161575 2.079093
v 0.187760 -0.103269 2.084002
v 0.202831 0.007640 1.915002
v 0.206232 -0.233818 1.909616
v 0.211411 -0.026602 1.878916
v 0.214720 -0.141396 1.857417
v 0.214655 -0.079610 1.859113
v 0.212544 -0.195728 1.874589
v 0.183842 0.000608 2.034204
v 0.192699 0.017869 1.971857
v 0.190617 -0.240731 2.019373
v 0.197870 -0.251073 1.964892
v 0.177583 -0.014531 2.061347
v 0.180715 -0.075850 2.094401
v 0.182960 -0.191789 2.073322
v 0.181366 -0.243318 2.047361
v 0.184762 -0.133568 2.089625
v 0.204514 0.002752 1.889522
v 0.192514 0.042900 1.934753
v 0.198654 -0.252026 1.932757
v 0.206664 -0.239328 1.878972
v 0.210997 -0.044875 1.861020
v 0.211401 -0.173350 1.857422
v 0.214349 -0.099534 1.836440
v 0.184213 0.019818 2.005619
v 0.188466 -0.266903 1.996558
v 0.175630 -0.009411 2.067111
v 0.180705 -0.073730 2.088466
v 0.181796 -0.198016 2.081757
v 0.182484 -0.236416 2.043803
v 0.184124 -0.138320 2.099364
v 0.203650 0.025999 1.879082
v 0.193338 0.031995 1.936918
v 0.197437 -0.266374 1.933896
v 0.206151 -0.229426 1.883231
v 0.212793 -0.027555 1.849816
v 0.213248 -0.176664 1.846574
v 0.212194 -0.105457 1.844186
v 0.182438 0.032696 2.005694
v 0.188984 -0.259812 1.995682
v 0.193717 -0.264336 1.965284
v 0.185377 -0.253215 2.022796
v 0.188845 0.034659 1.970378
v 0.179272 0.012102 2.038674
v 0.210154 -0.207438 1.864990
v 0.213141 -0.067435 1.846707
v 0.213205 -0.140535 1.844419
v 0.208813 -0.005438 1.867568
v 0.202716 -0.249985 1.905696
v 0.199257 0.029584 1.906859
v 0.183673 -0.105545 2.095427
v 0.183786 -0.167112 2.089088
v 0.181760 -0.219754 2.063004
v 0.178231 -0.041196 2.080999
v 0.176465 -0.012164 2.063484
v 0.181911 -0.194372 2.076239
v 0.183939 -0.135240 2.093341
v 0.203746 0.012709 1.885514
v 0.197710 -0.257415 1.933155
v 0.210877 -0.037534 1.857363
v 0.211308 -0.175230 1.853983
v 0.183280 0.024795 2.005900
v 0.181670 -0.073378 2.084867
v 0.184086 -0.232138 2.042026
v 0.194124 0.024675 1.938665
v 0.206824 -0.222855 1.885031
v 0.212139 -0.108770 1.848052
v 0.190211 -0.255668 1.994758
v 0.177523 -0.041837 2.078191
v 0.181438 -0.216166 2.060705
v 0.182863 -0.165041 2.085757
v 0.182757 -0.104149 2.091707
v 0.198377 0.022649 1.909323
v 0.201878 -0.243992 1.905593
v 0.207553 -0.012621 1.870740
v 0.211386 -0.141765 1.847795
v 0.211319 -0.072681 1.849919
v 0.208798 -0.203272 1.867187
v 0.178551 0.008678 2.037662
v 0.187903 0.029319 1.971060
v 0.185199 -0.248963 2.021501
v 0.193065 -0.259958 1.964134
v 0.207986 -0.122889 2.034295
v 0.207061 -0.171985 2.025826
v 0.206153 -0.074021 2.029668
v 0.222149 -0.109151 1.920468
v 0.215583 -0.112566 1.978605
v 0.221570 -0.163495 1.922121
v 0.214995 -0.168718 1.974779
v 0.221090 -0.061029 1.921797
v 0.214293 -0.061125 1.976512
v 0.209951 -0.195065 1.998031
v 0.217061 -0.193086 1.947749
v 0.211639 -0.092657 2.007287
v 0.219035 -0.082222 1.948370
v 0.211729 -0.144116 2.005353
v 0.219113 -0.137776 1.948308
v 0.207519 -0.043092 2.001653
v 0.215226 -0.036818 1.948303
v 0.197809 -0.053825 2.045624
v 0.201061 -0.195414 2.037164
v 0.202217 -0.152136 2.053098
v 0.202132 -0.101882 2.055184
v 0.214359 -0.022775 1.925690
v 0.216822 -0.208284 1.923434
v 0.219476 -0.043048 1.905137
v 0.222527 -0.136876 1.895552
v 0.222467 -0.086079 1.895401
v 0.220577 -0.185128 1.903475
v 0.198431 -0.028442 2.024464
v 0.206297 -0.016087 1.973542
v 0.203324 -0.213119 2.016255
v 0.210011 -0.218964 1.971211
v 0.212951 -0.599622 1.065880
v 0.223209 -0.590436 1.041138
v 0.253170 -0.427639 1.036250
v 0.253280 -0.428943 1.056884
v 0.237947 -0.508998 1.033498
v 0.237729 -0.509235 1.064673
v 0.242889 -0.461632 1.065777
v 0.224634 -0.559198 1.031686
v 0.214860 -0.607645 1.051703
v 0.242872 -0.460113 1.028932
v 0.252594 -0.411949 1.045905
v 0.223393 -0.558244 1.068821
v -0.000000 0.274999 -1.220840
v 0.031202 0.649715 -0.338093
v 0.032637 0.399533 -0.974477
v 0.030842 0.697204 0.643046
v 0.030842 0.700448 0.386553
v 0.025701 0.662772 1.012196
v 0.029533 0.301348 -1.134181
v 0.037688 0.548878 -0.679459
v 0.037850 0.669527 -0.028958
v -0.000000 0.648185 1.116355
v 0.037916 0.669277 0.858369
v 0.037916 0.682632 0.210740
v 0.037916 0.678998 0.121052
v 0.015456 0.284714 -1.184499
v 0.033000 0.691916 0.284099
v 0.033028 0.663553 -0.169370
v 0.032312 0.665147 0.944668
v 0.034284 0.475112 -0.838310
v 0.015812 0.653994 1.065229
v 0.033000 0.693756 0.514337
v 0.033000 0.684303 0.758849
v 0.033679 0.608984 -0.510705
v 0.032589 0.339392 -1.070094
v 0.033000 0.687506 0.161143
v 0.033000 0.683342 0.063051
v 0.044094 -0.170626 -1.248813
v 0.123202 -0.362204 2.107756
v 0.151592 -0.481575 1.759825
v 0.169162 -0.555649 1.515995
v 0.310345 -0.429050 1.002736
v 0.205154 -0.634476 0.804521
v 0.207149 -0.639236 0.528192
v 0.207538 -0.620450 0.076656
v 0.198249 -0.603923 -0.141750
v 0.179876 -0.568782 -0.463411
v 0.157457 -0.479989 -0.799082
v 0.178020 0.273626 -0.834604
v 0.221922 -0.192934 -0.820918
v 0.200602 0.368145 -0.506006
v 0.245333 -0.210360 -0.482428
v 0.218964 0.415526 -0.174875
v 0.264086 -0.216754 -0.161603
v 0.228262 0.436795 0.050956
v 0.273581 -0.220026 0.056291
v 0.228649 0.444100 0.544628
v 0.273976 -0.218174 0.555602
v 0.228649 0.436721 0.760524
v 0.273987 -0.223735 0.796125
v 0.228432 0.425404 0.945845
v 0.274100 -0.224517 0.992075
v 0.189310 0.319240 1.500527
v 0.238125 -0.223195 1.508514
v 0.169703 0.209867 1.760334
v 0.218342 -0.216273 1.760543
v 0.131683 -0.012477 2.124822
v 0.166946 -0.232216 2.122815
v 0.045891 0.156344 -1.247496
v 0.051108 -0.058749 -1.270613
v 0.089117 -0.780618 0.802881
v 0.145240 0.190613 -1.045982
v 0.086183 -0.766374 1.024823
v 0.004556 0.362964 -2.223231
v 0.071613 -0.676693 1.521901
v 0.006157 -0.751005 -0.924515
v 0.063567 -0.582377 1.765331
v 0.036050 -0.282795 2.298503
v 0.049556 -0.415895 2.119276
v 0.048569 -0.031035 2.210059
v 0.055908 0.142356 2.022516
v 0.072577 0.490844 1.491544
v 0.082834 0.573252 1.235718
v 0.009376 0.072863 -2.132439
v 0.114422 0.636947 0.760302
v 0.085233 -0.580430 -0.797219
v 0.004556 -0.312141 -2.065532
v 0.114422 0.646498 0.525288
v 0.096844 -0.689374 -0.458134
v 0.114422 0.645411 0.303971
v 0.106478 -0.731424 -0.136510
v 0.040195 -0.122905 2.283610
v 0.109478 0.613745 -0.169784
v 0.102705 -0.760306 0.202385
v 0.100115 0.560515 -0.510424
v 0.091245 -0.782925 0.517047
v 0.088745 0.431495 -0.836126
v 0.020468 -0.649627 -0.826453
v 0.020715 0.234284 -1.236586
v 0.114386 -0.096572 -1.167100
v 0.096346 0.166031 -1.158583
v 0.088461 -0.245769 -1.149007
v 0.113940 0.618339 0.946989
v 0.079155 -0.744321 1.288793
v 0.257027 -0.232930 1.278285
v 0.209710 0.383375 1.253695
v 0.185914 -0.609005 1.285176
v 0.075233 0.305563 -1.053357
v 0.011340 0.319930 -1.206996
v 0.019367 0.733413 0.276486
v 0.019478 0.712878 -0.176625
v 0.019014 0.700968 0.932596
v 0.025593 0.509770 -0.857956
v 0.009397 0.689958 1.025519
v 0.019367 0.734695 0.506328
v 0.019367 0.723694 0.750936
v 0.128889 -0.359564 -1.018529
v 0.180126 -0.151656 -1.043650
v 0.072643 -0.434402 -1.019115
v 0.083768 -0.758211 1.149222
v 0.268800 -0.230776 1.138087
v 0.223110 0.408942 1.099630
v 0.197007 -0.614090 1.150431
v 0.049304 0.258564 -1.165047
v 0.101904 0.601077 1.086093
v 0.005174 0.727717 0.922810
v 0.005025 0.765157 0.269378
v 0.005289 0.746323 -0.570877
v 0.013165 0.708784 -0.763004
v 0.005025 0.753765 0.742189
v 0.005025 0.765728 0.498752
v 0.015700 0.607005 -1.072350
v 0.005051 0.752385 -0.184374
v 0.022633 0.653295 -0.525058
v 0.024177 0.371939 -1.099329
v 0.005749 0.737381 -0.987368
v 0.005424 0.598451 -1.416128
v 0.005877 0.685039 -1.281813
v 0.014512 0.496126 -1.265482
v 0.006717 0.450408 -1.348639
v 0.005025 0.764083 0.146708
v 0.019367 0.730930 0.153559
v 0.091589 -0.769845 0.311832
v 0.114422 0.640095 0.168872
v 0.273976 -0.215316 0.363863
v 0.228649 0.447402 0.342628
v 0.207269 -0.625926 0.330416
v 0.056290 -0.298706 -1.152387
v 0.021224 -0.809070 0.045961
v 0.010564 -0.814690 0.135833
v 0.020751 -0.345719 -1.192223
v 0.010663 -0.248799 -1.279183
v 0.020813 -0.758177 -0.472092
v 0.029307 -0.209491 -1.247299
v 0.114225 0.634454 0.060350
v 0.019367 0.728446 0.055528
v 0.005025 0.762827 0.048876
v 0.273976 -0.218399 0.213474
v 0.228649 0.444231 0.187755
v 0.207599 -0.624441 0.205980
v 0.111052 -0.750263 0.086660
v 0.008463 -0.823685 0.027863
v 0.012313 -0.682398 -1.075527
v 0.008266 -0.814315 -0.175664
v 0.012271 -0.555943 -1.292511
v 0.007973 -0.780526 -0.482452
v 0.021322 -0.796621 -0.162478
v 0.020219 -0.498842 -1.054710
v 0.004950 -0.444231 -1.549083
v 0.004612 -0.701886 -1.306880
v 0.004449 -0.597787 -1.526514
v 0.012963 -0.402096 -1.375159
v 0.006910 -0.306788 -1.396503
v 0.029584 -0.468500 -1.032563
v 0.032249 -0.770895 -0.144231
v 0.031354 -0.729451 -0.461638
v 0.014788 -0.228462 -1.259491
v 0.029277 -0.323361 -1.168398
v 0.017145 -0.799213 0.179451
v 0.032171 -0.788084 0.075323
v 0.030375 -0.619532 -0.806088
v 0.030842 0.690572 0.061851
v 0.030842 0.694466 0.159934
v 0.031263 0.343890 -1.073736
v 0.031923 0.615896 -0.511504
v 0.030842 0.690591 0.758074
v 0.030842 0.700318 0.513083
v 0.014778 0.659701 1.059841
v 0.032913 0.480157 -0.840022
v 0.030199 0.670871 0.943752
v 0.030887 0.671422 -0.170366
v 0.030842 0.698566 0.282887
v 0.014807 0.289620 -1.187184
v 0.003672 0.201205 -2.303996
v 0.003657 0.063501 -2.241047
v 0.003657 -0.187811 -2.331317
v 0.009192 0.226531 -2.173936
v 0.009376 -0.172815 -2.158055
v 0.021081 -0.109675 -1.435507
v 0.017396 -0.129926 -1.647835
v 0.013427 -0.152038 -1.879503
v 0.020642 0.177788 -1.426193
v 0.017033 0.210634 -1.653441
v 0.013147 0.239302 -1.911911
v 0.010101 -0.205803 -1.401423
v 0.008335 -0.249498 -1.608401
v 0.006434 -0.296945 -1.838465
v 0.021081 0.072379 -1.450499
v 0.017396 0.069866 -1.673217
v 0.013427 0.075411 -1.912777
v 0.010101 0.276005 -1.408002
v 0.008335 0.342859 -1.638344
v 0.006434 0.392380 -1.914391
v 0.011422 0.230069 -1.281393
v 0.024155 0.073686 -1.328682
v 0.011665 -0.192246 -1.288510
v 0.023496 0.155104 -1.301468
v 0.024074 -0.102307 -1.321286
v 0.191598 -0.667281 1.040730
v 0.246831 -0.434998 0.981770
v 0.262693 -0.357044 1.027121
v 0.211601 -0.588034 1.082597
v 0.220363 -0.561548 1.071407
v 0.252142 -0.406979 1.044844
v 0.241614 -0.457813 1.024508
v 0.211239 -0.613838 1.050995
v 0.333676 -0.623670 0.522828
v 0.259954 -0.604524 1.021371
v 0.299864 -0.473347 1.012747
v 0.270425 -0.560929 1.011246
v 0.344298 -0.613334 0.447349
v 0.385639 -0.492422 0.506716
v 0.321518 -0.666542 0.530702
v 0.373468 -0.536030 0.513661
v 0.343184 -0.479012 0.887474
v 0.359246 -0.495816 0.689010
v 0.290902 -0.646824 0.910564
v 0.306429 -0.688556 0.719400
v 0.355717 -0.422503 0.877680
v 0.371867 -0.430998 0.677001
v 0.303340 -0.591018 0.900654
v 0.318953 -0.624441 0.707275
v 0.240851 -0.553110 1.036815
v 0.258528 -0.466347 1.052839
v 0.232571 -0.596291 1.048635
v 0.266724 -0.422451 1.041133
v 0.024159 -0.048714 -1.332860
v 0.024162 0.004073 -1.331841
v 0.013427 -0.073333 -1.897892
v 0.013427 -0.010091 -1.904798
v 0.017396 -0.063579 -1.664451
v 0.017396 -0.006823 -1.669019
v 0.021081 -0.053220 -1.448742
v 0.021081 0.000569 -1.450279
v 0.003657 -0.107803 -2.357754
v 0.003657 -0.034234 -2.306473
v 0.274873 0.074556 0.210969
v 0.274873 -0.061045 0.214371
v 0.274873 0.076895 0.378831
v 0.274873 -0.057038 0.375668
v 0.269810 0.068284 1.115674
v 0.269807 -0.066406 1.125235
v 0.180834 0.011716 -1.047412
v 0.180834 -0.059511 -1.045941
v 0.261145 0.062587 1.264958
v 0.261076 -0.070659 1.271439
v 0.114741 0.029641 -1.166996
v 0.114741 -0.024778 -1.167157
v 0.038329 -0.181678 2.320508
v 0.035024 -0.200928 2.319561
v 0.009376 -0.091288 -2.180089
v 0.009376 -0.021117 -2.159152
v 0.051201 0.042041 -1.268159
v 0.051201 -0.001434 -1.269373
v 0.170401 -0.133725 2.137099
v 0.170767 -0.184836 2.134276
v 0.222913 -0.020274 1.749004
v 0.222940 -0.113603 1.748142
v 0.244062 0.037322 1.500907
v 0.243994 -0.082071 1.503538
v 0.274668 0.071593 0.955798
v 0.274668 -0.066440 0.968522
v 0.274873 0.073899 0.769525
v 0.274873 -0.063730 0.779286
v 0.274873 0.075840 0.564752
v 0.274873 -0.057969 0.561978
v 0.274478 0.067510 0.044061
v 0.274477 -0.064872 0.048415
v 0.264982 0.061193 -0.177877
v 0.264982 -0.065117 -0.171718
v 0.246230 0.046353 -0.496107
v 0.246230 -0.069800 -0.490690
v 0.222812 0.018869 -0.830006
v 0.222812 -0.075756 -0.826584
v 0.144605 -0.208583 2.207657
v 0.127191 -0.153988 2.225017
v 0.052365 0.050216 2.125037
v 0.119298 -0.264792 2.238042
v 0.097566 -0.108456 2.242625
v 0.118592 -0.259986 2.247446
v 0.039125 -0.318117 2.259068
v 0.153293 -0.203566 2.187450
v 0.100271 -0.191121 2.276444
v 0.150081 -0.239348 2.188106
v 0.119189 -0.076452 2.198565
v 0.044284 -0.070937 2.247409
v 0.042706 -0.351352 2.216008
v 0.109312 -0.313699 2.199150
v 0.221033 0.103621 -0.831414
v 0.244436 0.154119 -0.498856
v 0.263189 0.184892 -0.178611
v 0.272684 0.201218 0.044636
v 0.273079 0.205165 0.559895
v 0.273079 0.202497 0.762622
v 0.272874 0.200178 0.946912
v 0.238687 0.140199 1.501874
v 0.216801 0.061370 1.759969
v 0.163633 -0.079420 2.130883
v 0.051016 0.073957 -1.266525
v 0.114030 0.069524 -1.166518
v 0.257668 0.179842 1.261008
v 0.179418 0.068975 -1.048213
v 0.267946 0.192636 1.107591
v 0.273079 0.210148 0.370946
v 0.273079 0.209400 0.204803
v 0.024162 0.044072 -1.330653
v 0.013427 0.037352 -1.909655
v 0.017396 0.035896 -1.672086
v 0.021081 0.041266 -1.451059
v 0.003657 0.021336 -2.265028
v 0.009376 0.031716 -2.141860
v 0.241353 -0.552552 1.056703
v 0.257830 -0.465475 1.033178
v 0.351769 -0.494959 0.686191
v 0.335841 -0.478155 0.884328
v 0.326624 -0.623892 0.710325
v 0.310870 -0.590469 0.904031
v 0.341026 -0.623148 0.525750
v 0.376648 -0.557653 0.446180
v 0.295631 -0.472490 1.002043
v 0.274678 -0.560381 1.022178
v 0.366303 -0.535212 0.510958
v 0.221950 -0.562698 1.027507
v 0.241603 -0.459574 1.068256
v 0.246598 -0.437575 1.077887
v 0.213279 -0.591436 0.989665
v 0.023429 -0.155444 -1.297742
v 0.013147 -0.243836 -1.850462
v 0.017033 -0.204011 -1.619949
v 0.020642 -0.167388 -1.411238
v 0.009192 -0.262975 -2.094018
v 0.003672 -0.271482 -2.224730
v 0.252449 -0.411333 0.208533
v 0.252449 -0.409575 0.349329
v 0.246783 -0.419884 1.149090
v 0.163142 -0.252521 -1.034275
v 0.233317 -0.418596 1.283279
v 0.105847 -0.170803 -1.160824
v 0.200577 -0.330599 -0.811866
v 0.223805 -0.381042 -0.473543
v 0.242558 -0.401753 -0.151825
v 0.252053 -0.411557 0.063809
v 0.252444 -0.415924 0.545441
v 0.252188 -0.416958 0.806005
v 0.213788 -0.384214 1.512720
v 0.194908 -0.340394 1.764855
v 0.155892 -0.289768 2.111790
v 0.048887 -0.115578 -1.263571
v 0.152001 -0.163901 2.187589
v 0.140221 -0.272499 2.194218
v 0.146369 -0.126137 2.188014
v 0.090792 -0.274342 2.265469
v 0.090314 -0.204005 2.280986
v 0.087703 -0.251657 2.278566
v 0.118460 -0.248633 2.244000
v 0.033528 -0.254217 2.317297
v 0.107721 -0.182328 2.260366
v 0.120177 -0.206438 2.246503
v 0.038788 -0.167706 2.311832
v 0.085181 -0.284083 2.263528
v 0.140948 -0.243396 2.209105
v 0.036786 -0.293480 2.287220
v 0.097918 -0.292801 2.238147
v 0.107513 -0.237727 2.221110
v 0.121041 -0.233441 2.200967
v 0.031723 -0.216108 2.297159
v 0.132373 -0.226070 2.182953
v 0.107821 -0.217747 2.222704
v 0.032024 -0.242042 2.294737
v 0.081143 -0.216493 2.258572
v 0.081284 -0.240635 2.256116
v 0.098990 -0.239257 2.187772
v 0.031925 -0.214180 2.263805
v 0.118754 -0.225726 2.149616
v 0.109745 -0.234282 2.167630
v 0.032165 -0.244242 2.261380
v 0.077744 -0.214609 2.225234
v 0.077856 -0.242633 2.222779
v 0.099235 -0.216064 2.189367
v 0.102053 -0.218676 2.207369
v 0.078525 -0.239532 2.240781
v 0.078401 -0.217534 2.243237
v 0.031596 -0.240815 2.279403
v 0.113700 -0.232977 2.185632
v 0.123684 -0.226260 2.167618
v 0.031331 -0.217183 2.281824
v 0.101781 -0.236882 2.205775
v 0.084848 -0.243528 2.270615
v 0.084801 -0.213675 2.273073
v 0.032745 -0.245256 2.309238
v 0.114797 -0.215230 2.237211
v 0.142410 -0.225054 2.197439
v 0.032482 -0.213109 2.311654
v 0.129590 -0.234979 2.215474
v 0.114356 -0.240046 2.235622
v 0.132862 -0.220188 2.211903
v 0.116200 -0.222542 2.182060
v 0.112000 -0.220989 2.164058
v 0.123878 -0.221989 2.197395
v 0.038537 -0.159644 2.304141
v 0.110626 -0.176300 2.250548
v 0.136666 -0.207540 2.221680
v 0.090370 -0.264086 2.278874
v 0.034642 -0.269823 2.318762
v 0.139333 -0.229705 2.201543
v 0.121316 -0.228999 2.171784
v 0.116617 -0.229215 2.153781
v 0.129685 -0.229076 2.187119
v 0.035564 -0.278838 2.308787
v 0.132751 -0.245865 2.224032
v 0.116312 -0.264061 2.244523
v 0.091095 -0.270449 2.271362
v 0.128710 -0.266720 2.221846
v 0.126982 -0.259525 2.234164
v 0.183116 -0.327049 1.892191
v 0.203960 -0.238042 1.967903
v 0.211610 -0.223259 1.916945
v 0.197230 -0.229075 2.017010
v 0.064343 0.361862 1.747906
v 0.059516 -0.531179 1.888901
v 0.208513 -0.006317 1.921144
v 0.158241 0.135536 1.890837
v 0.142133 -0.445163 1.883074
v 0.133464 -0.407801 2.007545
v 0.137820 -0.426911 1.945723
v 0.143650 0.063298 2.032741
v 0.150855 0.105911 1.961248
v 0.199238 0.003297 1.972549
v 0.194681 -0.103121 2.072429
v 0.055366 -0.478240 2.014108
v 0.057482 -0.504993 1.951781
v 0.191025 -0.011349 2.028739
v 0.194770 -0.157195 2.069059
v 0.217204 -0.189133 1.886581
v 0.193880 -0.202213 2.048816
v 0.219128 -0.084054 1.874093
v 0.190144 -0.050521 2.061010
v 0.169248 -0.312734 2.016403
v 0.176163 -0.325120 1.955691
v 0.060214 0.261915 1.878807
v 0.058052 0.202260 1.951093
v 0.177481 -0.042061 2.084686
v 0.180817 -0.222744 2.066735
v 0.183314 -0.169152 2.093050
v 0.183187 -0.107591 2.099487
v 0.197815 0.038529 1.904416
v 0.202019 -0.257094 1.904800
v 0.209255 0.002390 1.861638
v 0.214216 -0.138652 1.838560
v 0.214154 -0.061945 1.840873
v 0.210729 -0.211015 1.859658
v 0.177838 0.016171 2.039295
v 0.187438 0.041184 1.969576
v 0.184305 -0.258200 2.023584
v 0.192912 -0.269560 1.965606
v 0.193251 -0.261916 1.964646
v 0.185174 -0.250861 2.022079
v 0.188218 0.031764 1.970751
v 0.178768 0.010220 2.038114
v 0.209298 -0.205199 1.866188
v 0.212027 -0.070278 1.848474
v 0.212093 -0.141217 1.846287
v 0.208010 -0.009085 1.869206
v 0.202147 -0.246734 1.905621
v 0.198665 0.026063 1.908111
v 0.183061 -0.104772 2.093368
v 0.183170 -0.165966 2.087244
v 0.181477 -0.217768 2.061731
v 0.177734 -0.041550 2.079444
v 0.178805 -0.042457 2.076455
v 0.182859 -0.214234 2.059376
v 0.184033 -0.163942 2.083853
v 0.183930 -0.103591 2.089549
v 0.199493 0.017060 1.911194
v 0.202995 -0.240259 1.906209
v 0.208473 -0.018250 1.873197
v 0.212060 -0.142108 1.850092
v 0.211993 -0.075674 1.852165
v 0.209673 -0.200455 1.868964
v 0.179823 0.006459 2.036905
v 0.189041 0.025731 1.971394
v 0.186662 -0.246567 2.020818
v 0.194298 -0.257417 1.963865
v 0.218651 -0.040837 1.924725
v 0.222083 -0.136405 1.920897
v 0.222015 -0.083829 1.920475
v 0.220078 -0.188064 1.924078
v 0.206172 -0.193951 2.019912
v 0.213528 -0.195355 1.973182
v 0.207586 -0.098334 2.033268
v 0.215415 -0.086027 1.978148
v 0.207673 -0.147842 2.031345
v 0.215502 -0.140580 1.977029
v 0.203333 -0.050000 2.025712
v 0.211395 -0.037773 1.974879
v 0.216151 -0.036763 1.889810
v 0.219189 -0.139116 1.873327
v 0.246687 -0.463257 1.062510
v 0.229521 -0.555979 1.035531
v 0.220573 -0.602066 1.051982
v 0.246612 -0.462027 1.032765
v 0.255551 -0.416167 1.046189
v 0.228800 -0.555203 1.065537
v 0.017106 0.280118 -1.181933
v 0.037916 0.685356 0.285783
v 0.037725 0.655953 -0.168643
v 0.037204 0.659254 0.945197
v 0.037494 0.469789 -0.836955
v 0.019488 0.647990 1.070431
v 0.037916 0.687238 0.515697
v 0.037916 0.677985 0.759358
v 0.037673 0.602136 -0.510112
v 0.035289 0.334818 -1.066693
v 0.037916 0.680674 0.162335
v 0.037908 0.676251 0.063836
v 0.043963 -0.792637 0.932717
v 0.000000 -0.816715 0.832622
v 0.000000 -0.812468 0.974046
v 0.033790 -0.801541 0.846589
v 0.032079 -0.796219 0.960766
v 0.007123 -0.813345 0.846587
v 0.008300 -0.809957 0.927830
v 0.032033 -0.798408 0.929201
v 0.008292 -0.808481 0.960768
v 0.044019 -0.797051 0.832622
v 0.044019 -0.789956 0.974046
v -0.067636 -0.099118 2.258283
v -0.069866 -0.296413 2.262739
v -0.024884 0.202478 -1.262042
v -0.025584 -0.180562 -1.269408
v -0.123574 0.305072 -0.962572
v -0.145057 0.442502 -0.679119
v -0.161937 0.521922 -0.337017
v -0.175125 0.556535 -0.035788
v -0.177762 0.576202 0.420720
v -0.177762 0.571054 0.651368
v -0.177762 0.558150 0.859213
v -0.146926 0.469615 1.354680
v -0.129401 0.363355 1.641058
v -0.102414 0.067850 2.069940
v -0.098378 -0.427254 2.052116
v -0.122928 -0.578976 1.653541
v -0.138474 -0.667050 1.386581
v -0.229174 -0.586307 1.042810
v -0.163304 -0.732563 0.656924
v -0.164478 -0.719572 0.406752
v -0.167300 -0.695035 -0.011432
v -0.154037 -0.667837 -0.290082
v -0.137068 -0.603652 -0.633310
v -0.116056 -0.469951 -0.927196
v -0.082450 -0.150516 2.271768
v -0.064760 -0.260236 2.300962
v -0.031809 -0.078245 -1.304280
v -0.031583 0.103647 -1.294349
v -0.188159 -0.226948 2.039489
v -0.181692 -0.018894 2.057338
v -0.218716 -0.284848 1.652197
v -0.211264 0.171369 1.647427
v -0.239533 -0.314360 1.376927
v -0.234740 0.244730 1.362182
v -0.257775 -0.431094 1.037593
v -0.260521 0.297275 0.857127
v -0.267697 -0.313261 0.677300
v -0.260522 0.301054 0.658682
v -0.267697 -0.307683 0.441544
v -0.260522 0.307351 0.452640
v -0.264532 -0.308463 -0.032701
v -0.257357 0.292262 -0.048783
v -0.248707 -0.298610 -0.308129
v -0.241532 0.262431 -0.332289
v -0.228451 -0.278921 -0.653295
v -0.221275 0.209412 -0.673166
v -0.198577 -0.231757 -0.950641
v -0.191886 0.137391 -0.961807
v -0.010993 0.701225 -1.093358
v -0.008918 0.739224 -0.777033
v -0.010968 0.613941 -1.303672
v -0.056692 -0.224226 -1.205797
v -0.054696 0.214834 -1.201908
v -0.076782 0.105788 -1.215948
v -0.078400 -0.105378 -1.221424
v -0.015770 -0.815775 -0.058327
v -0.163187 0.517682 1.163554
v -0.148735 -0.694988 1.211947
v -0.250056 0.274382 1.179498
v -0.256599 -0.325671 1.210800
v -0.050681 0.379248 -0.967060
v -0.058264 0.621105 -0.336539
v -0.055039 0.536548 -0.679202
v -0.061391 0.657019 0.858783
v -0.061391 0.671675 0.646479
v -0.061391 0.675214 0.394426
v -0.060864 0.656351 -0.029170
v -0.056130 0.638436 1.018934
v -0.040376 0.293488 -1.126972
v -0.095714 0.239387 -1.105504
v -0.091850 -0.340981 -1.081236
v -0.141477 0.108577 -1.108087
v -0.145745 -0.166753 -1.105113
v -0.228945 -0.585515 1.059257
v -0.258883 0.288658 1.026496
v -0.257991 -0.432134 1.053770
v -0.175378 0.539090 1.024642
v -0.019277 0.625226 -0.770181
v -0.011936 0.725157 -0.399217
v -0.011313 0.747590 -0.040839
v -0.011313 0.755486 0.375697
v -0.011313 0.752276 0.631294
v -0.011313 0.731899 0.843654
v -0.020104 0.471910 -1.057115
v -0.011332 0.708125 0.972984
v -0.015593 0.384972 -1.222094
v -0.009405 0.527877 -1.387750
v -0.177762 0.572990 0.241071
v -0.165394 -0.711058 0.256153
v -0.260522 0.309751 0.276425
v -0.267697 -0.307600 0.284877
v -0.061391 0.670307 0.215405
v -0.011313 0.753706 0.197416
v -0.032080 -0.253992 -1.217771
v -0.041662 -0.383998 -1.093757
v -0.045875 -0.526158 -0.936047
v -0.050342 -0.671043 -0.635532
v -0.054163 -0.738522 -0.288627
v -0.057176 -0.767664 -0.013636
v -0.053467 -0.779460 0.152327
v -0.169055 -0.706387 0.152968
v -0.260522 0.304748 0.123795
v -0.267697 -0.310265 0.136435
v -0.061391 0.666218 0.121029
v -0.011313 0.752561 0.108459
v -0.177762 0.567605 0.119246
v -0.015394 -0.793855 -0.308957
v -0.014596 -0.736627 -0.716883
v -0.016087 -0.593869 -1.038234
v -0.016267 -0.448779 -1.195178
v -0.014735 -0.301414 -1.295103
v -0.014878 -0.817495 0.084910
v -0.008402 -0.725097 -1.124112
v -0.008658 -0.642791 -1.362770
v -0.008808 -0.515431 -1.499753
v -0.009236 -0.373106 -1.465053
v -0.024492 -0.555680 -0.947041
v -0.024671 -0.409166 -1.107230
v -0.021738 -0.270767 -1.233844
v -0.024944 -0.700843 -0.643615
v -0.021771 -0.801715 0.127506
v -0.025928 -0.793383 -0.033239
v -0.025477 -0.767256 -0.297150
v -0.023858 0.319153 -1.149245
v -0.027294 0.664776 -0.339725
v -0.030022 0.408551 -0.979654
v -0.029769 0.571775 -0.683306
v -0.026674 0.709851 0.640585
v -0.026675 0.713069 0.384175
v -0.026675 0.698859 -0.033088
v -0.022229 0.673692 1.005977
v -0.026674 0.692845 0.855072
v -0.026675 0.709360 0.205657
v -0.026675 0.706671 0.116639
v -0.006879 0.116503 -2.221982
v -0.006423 0.281732 -2.280135
v -0.006423 -0.292279 -2.144402
v -0.006879 -0.140688 -2.305781
v -0.016098 -0.207926 -1.502281
v -0.012847 -0.259175 -1.723754
v -0.009531 -0.291301 -1.958838
v -0.019318 0.114435 -1.550462
v -0.015416 0.123832 -1.789306
v -0.011437 0.134545 -2.033821
v -0.011437 -0.117936 -2.024034
v -0.015416 -0.102563 -1.774379
v -0.019318 -0.087100 -1.546203
v -0.009531 0.347252 -2.061893
v -0.012847 0.323959 -1.769972
v -0.016098 0.274281 -1.520814
v -0.022404 -0.076939 -1.369413
v -0.018670 0.217873 -1.327760
v -0.018670 -0.181204 -1.328512
v -0.022404 0.105802 -1.362484
v -0.164229 -0.695500 1.090280
v -0.167177 -0.705466 0.949694
v -0.267489 -0.319732 0.930785
v -0.266316 -0.324666 1.077614
v -0.208068 -0.614142 1.067446
v -0.209874 -0.616151 1.027385
v -0.252153 -0.406320 1.019617
v -0.252204 -0.408613 1.060756
v -0.284766 -0.606945 0.981084
v -0.280187 -0.607641 0.977094
v -0.332832 -0.441174 0.954022
v -0.337255 -0.442085 0.957750
v -0.334078 -0.638450 0.481143
v -0.330052 -0.638905 0.479524
v -0.381339 -0.527385 0.469838
v -0.385217 -0.528001 0.471281
v -0.300597 -0.657874 0.815785
v -0.315416 -0.671273 0.615971
v -0.372430 -0.471397 0.582091
v -0.357611 -0.435579 0.782784
v -0.377588 -0.472308 0.584001
v -0.362769 -0.436490 0.784694
v -0.305977 -0.657178 0.817958
v -0.320796 -0.670577 0.618145
v -0.278862 -0.435982 1.024076
v -0.280241 -0.436893 1.035334
v -0.245577 -0.586807 1.045347
v -0.244317 -0.587503 1.033831
v -0.069798 -0.192907 2.302443
v -0.032036 -0.023820 -1.306431
v -0.032036 0.026173 -1.304785
v -0.186881 -0.188476 2.069225
v -0.188550 -0.132164 2.084339
v -0.231057 -0.155702 1.645933
v -0.232552 -0.038038 1.641540
v -0.252967 -0.150060 1.371070
v -0.254705 -0.006037 1.365905
v -0.274873 -0.144315 0.889427
v -0.274873 0.006866 0.872812
v -0.274873 -0.138624 0.673397
v -0.274873 0.011551 0.669444
v -0.274873 -0.133232 0.454842
v -0.274873 0.012969 0.465904
v -0.271708 -0.138520 -0.042967
v -0.271708 0.001978 -0.051682
v -0.255883 -0.137251 -0.317150
v -0.255883 -0.001746 -0.325354
v -0.235627 -0.136222 -0.660733
v -0.235627 -0.017384 -0.667676
v -0.205268 -0.122578 -0.955951
v -0.205268 -0.026662 -0.959232
v -0.080018 0.016945 -1.221385
v -0.080018 -0.041686 -1.222384
v -0.265527 0.002517 1.194039
v -0.265149 -0.146754 1.202034
v -0.150013 -0.006987 -1.109305
v -0.150013 -0.082655 -1.108528
v -0.273234 0.005762 1.043011
v -0.273234 -0.143955 1.056888
v -0.274873 0.011791 0.296841
v -0.274873 -0.134540 0.294269
v -0.274873 0.006324 0.129277
v -0.274873 -0.138822 0.133245
v -0.006879 -0.065524 -2.283738
v -0.006879 0.001075 -2.241976
v -0.019318 0.020712 -1.555617
v -0.019318 -0.030062 -1.553013
v -0.015416 0.015970 -1.789164
v -0.015416 -0.038554 -1.784077
v -0.011437 0.015838 -2.028446
v -0.011437 -0.045832 -2.029617
v -0.022404 0.025917 -1.372410
v -0.022404 -0.023133 -1.373038
v -0.093609 -0.022526 2.174549
v -0.085704 -0.358421 2.167133
v -0.143928 -0.082234 2.166502
v -0.153189 -0.256188 2.163556
v -0.161094 -0.174068 2.165885
v -0.159509 -0.217091 2.164207
v -0.122247 -0.283789 2.215593
v -0.146509 -0.225863 2.198704
v -0.141287 -0.186265 2.211892
v -0.141489 -0.255654 2.204566
v -0.085869 -0.068264 2.223933
v -0.127561 -0.118336 2.213243
v -0.076479 -0.319573 2.228033
v -0.032036 0.057987 -1.303737
v -0.185601 -0.074391 2.079416
v -0.231168 0.056444 1.644238
v -0.253736 0.109301 1.362564
v -0.274873 0.134636 0.861897
v -0.274873 0.135633 0.664621
v -0.274873 0.138160 0.465999
v -0.271708 0.125537 -0.053648
v -0.255883 0.110989 -0.329108
v -0.235627 0.080080 -0.669696
v -0.205268 0.043028 -0.960720
v -0.006879 0.043457 -2.215400
v -0.080018 0.054255 -1.220751
v -0.265341 0.124881 1.185941
v -0.150013 0.042289 -1.109800
v -0.273234 0.131478 1.033353
v -0.274873 0.140203 0.291318
v -0.274873 0.135131 0.126562
v -0.019318 0.053024 -1.557274
v -0.015416 0.050667 -1.792401
v -0.011437 0.055083 -2.027701
v -0.022404 0.057131 -1.372011
v -0.158132 -0.131366 2.164841
v -0.030676 -0.132224 -1.286338
v -0.149919 -0.346943 2.051524
v -0.183879 -0.438136 1.651790
v -0.203699 -0.501039 1.381748
v -0.230512 -0.518383 0.918087
v -0.231524 -0.531905 0.668428
v -0.231818 -0.522273 0.426001
v -0.228653 -0.512883 -0.022807
v -0.212828 -0.492411 -0.298725
v -0.192572 -0.448684 -0.642448
v -0.165121 -0.355848 -0.937424
v -0.070311 -0.167995 -1.212273
v -0.219203 -0.519159 1.212014
v -0.124406 -0.257722 -1.091431
v -0.228236 -0.515180 1.104736
v -0.231818 -0.518473 0.271502
v -0.231818 -0.520102 0.140641
v -0.006879 -0.225895 -2.233756
v -0.019318 -0.150731 -1.523512
v -0.015416 -0.184688 -1.748090
v -0.011437 -0.209352 -1.991006
v -0.022404 -0.131927 -1.348543
v -0.243368 -0.508670 1.036124
v -0.243457 -0.508855 1.060591
v -0.230369 -0.511413 1.074251
v -0.230953 -0.511200 1.013351
v -0.305384 -0.524381 0.964594
v -0.312136 -0.524542 0.970382
v -0.356272 -0.584149 0.461782
v -0.361541 -0.584257 0.463824
v -0.335690 -0.546861 0.801836
v -0.350509 -0.571469 0.601583
v -0.327787 -0.546700 0.798774
v -0.342605 -0.571308 0.598521
v -0.261260 -0.511715 1.026106
v -0.263239 -0.511877 1.043187
v -0.135913 -0.305142 2.163640
v -0.144558 -0.150225 2.199200
v -0.107264 -0.274726 2.245512
v -0.107284 -0.256426 2.261201
v -0.108170 -0.200372 2.266145
v -0.062678 -0.247343 2.295300
v -0.104628 -0.211404 2.257498
v -0.063190 -0.209679 2.297849
v -0.103728 -0.244807 2.255311
v -0.075029 -0.178278 2.294707
v -0.124190 -0.196985 2.245349
v -0.127399 -0.213905 2.228220
v -0.125426 -0.240638 2.228494
v -0.127027 -0.254420 2.236558
v -0.067274 -0.282784 2.279303
v -0.126806 -0.227392 2.174170
v -0.059186 -0.240199 2.267886
v -0.093735 -0.217954 2.229920
v -0.058829 -0.217370 2.270535
v -0.093601 -0.238430 2.227836
v -0.112076 -0.220200 2.200824
v -0.111087 -0.234948 2.200941
v -0.115322 -0.226993 2.136529
v -0.059247 -0.246044 2.230245
v -0.010768 -0.212515 2.266085
v -0.089103 -0.212953 2.192280
v -0.058964 -0.212084 2.232894
v -0.010849 -0.246493 2.263978
v -0.088996 -0.243412 2.190195
v -0.103644 -0.216294 2.163184
v -0.102860 -0.238233 2.163301
v -0.091261 -0.239509 2.213938
v -0.107217 -0.235660 2.187044
v -0.058558 -0.216225 2.256637
v -0.121559 -0.227306 2.160272
v -0.108119 -0.219354 2.186927
v -0.058884 -0.241465 2.253988
v -0.091384 -0.216871 2.216023
v -0.099662 -0.240842 2.245104
v -0.120004 -0.236538 2.218209
v -0.138290 -0.227199 2.191438
v -0.060750 -0.214811 2.287803
v -0.121154 -0.218310 2.218093
v -0.099819 -0.215533 2.247189
v -0.061165 -0.243028 2.285154
v -0.141494 -0.218751 2.206911
v -0.075532 -0.167751 2.284598
v -0.132623 -0.193952 2.227362
v -0.124157 -0.224863 2.179193
v -0.113222 -0.223230 2.141553
v -0.119142 -0.224509 2.165297
v -0.135208 -0.224073 2.196463
v -0.067346 -0.276555 2.286162
v -0.107050 -0.267658 2.251925
v -0.066530 -0.272249 2.296027
v -0.121417 -0.261703 2.241275
v -0.132865 -0.256322 2.223642
v -0.107693 -0.264809 2.257352
v -0.136614 -0.236109 2.212415
v -0.120530 -0.230951 2.185031
v -0.110347 -0.232286 2.147391
v -0.115834 -0.231240 2.171134
v -0.130989 -0.231597 2.202300
v -0.121749 -0.262642 2.237484
v -0.117926 0.244152 1.832836
v -0.111949 -0.512346 1.836911
v -0.207678 -0.006787 1.894606
v -0.209884 -0.216836 1.889570
v -0.214789 -0.110329 1.855553
v -0.214124 -0.170514 1.864019
v -0.213741 -0.051159 1.867214
v -0.168572 -0.395744 1.837699
v -0.112360 0.182089 1.920353
v -0.107928 0.132019 1.990219
v -0.161738 -0.381029 1.918047
v -0.156791 -0.368711 1.978469
v -0.103889 -0.460740 1.977553
v -0.107281 -0.482857 1.917277
v -0.188056 0.012799 2.004457
v -0.197612 0.016047 1.940810
v -0.193968 -0.249459 1.994545
v -0.202057 -0.245625 1.934995
v -0.176757 -0.085712 2.107671
v -0.165263 -0.007648 2.079363
v -0.174687 -0.257970 2.060984
v -0.177821 -0.202358 2.097011
v -0.180165 -0.145134 2.111839
v -0.181549 0.068574 1.931689
v -0.196702 0.067721 1.852528
v -0.192055 -0.285994 1.931399
v -0.204052 -0.262788 1.854048
v -0.215388 -0.010953 1.821794
v -0.217007 -0.087769 1.810080
v -0.215789 -0.173707 1.819261
v -0.172312 0.050421 2.003100
v -0.183682 -0.283884 1.993738
v -0.176935 -0.011012 2.064548
v -0.181262 -0.074068 2.090384
v -0.182409 -0.195808 2.077824
v -0.182621 -0.238822 2.044765
v -0.184579 -0.136240 2.095355
v -0.204362 0.016402 1.883957
v -0.193975 0.035222 1.936103
v -0.198229 -0.260276 1.933693
v -0.206822 -0.232578 1.882648
v -0.211895 -0.034166 1.855708
v -0.212340 -0.176049 1.852335
v -0.213321 -0.103488 1.842301
v -0.183851 0.027264 2.005979
v -0.189346 -0.262027 1.996289
v -0.176275 -0.013102 2.062625
v -0.181699 -0.193215 2.074960
v -0.183613 -0.134433 2.091717
v -0.203439 0.008976 1.887055
v -0.197481 -0.255067 1.932732
v -0.210247 -0.040549 1.858783
v -0.210665 -0.174527 1.855324
v -0.183011 0.022749 2.005837
v -0.180446 -0.073458 2.086919
v -0.182563 -0.234476 2.043027
v -0.193016 0.029118 1.937646
v -0.205800 -0.226717 1.883747
v -0.211475 -0.107075 1.845710
v -0.188882 -0.258025 1.995192
v -0.211877 -0.118133 2.007932
v -0.202717 -0.126671 2.056396
v -0.211211 -0.170046 2.001347
v -0.201469 -0.175888 2.046110
v -0.210422 -0.067620 2.004566
v -0.200419 -0.077562 2.050981
v -0.222587 -0.110937 1.894566
v -0.219186 -0.108860 1.948698
v -0.222024 -0.162291 1.898532
v -0.218589 -0.166677 1.947865
v -0.221646 -0.063178 1.898847
v -0.217981 -0.058278 1.948055
v -0.206583 -0.217756 1.995857
v -0.213594 -0.215679 1.945809
v -0.202336 -0.020329 2.000433
v -0.210404 -0.017013 1.947538
v -0.195229 -0.036211 2.040561
v -0.200235 -0.208826 2.029780
v -0.216315 -0.028472 1.910939
v -0.218167 -0.201024 1.908123
v -0.216561 -0.594274 1.064274
v -0.217919 -0.595491 1.038376
v -0.250013 -0.423906 1.033500
v -0.250092 -0.425516 1.059067
v -0.233539 -0.509650 1.029505
v -0.233114 -0.509944 1.068103
v -0.033226 0.641916 -0.337248
v -0.033992 0.394864 -0.971797
v -0.033000 0.690664 0.644174
v -0.033000 0.693913 0.387785
v -0.027500 0.657127 1.014619
v -0.027166 0.305775 -1.137990
v -0.034132 0.554826 -0.680251
v -0.033000 0.676846 -0.029752
v -0.033000 0.675330 0.858122
v -0.033000 0.689338 0.209199
v -0.033000 0.685943 0.120180
v -0.078454 -0.085070 2.242644
v -0.067383 -0.288772 2.273639
v -0.038776 -0.193625 -1.245053
v -0.030066 0.153814 -1.277238
v -0.111210 0.262440 -1.046961
v -0.134855 0.372701 -0.835913
v -0.153893 0.491194 -0.509562
v -0.169520 0.542946 -0.172024
v -0.177762 0.575278 0.322034
v -0.177762 0.574728 0.534306
v -0.177762 0.565562 0.760530
v -0.155381 0.499769 1.245618
v -0.137869 0.422702 1.496911
v -0.105577 0.103943 2.026253
v -0.092343 -0.393302 2.110529
v -0.116507 -0.540027 1.761249
v -0.130825 -0.626344 1.518407
v -0.155687 -0.716725 1.031149
v -0.161833 -0.723742 0.805311
v -0.164331 -0.728662 0.520647
v -0.169515 -0.702117 0.083755
v -0.161661 -0.683971 -0.137751
v -0.145948 -0.644012 -0.459647
v -0.126892 -0.541134 -0.795742
v -0.138935 0.030100 2.074397
v -0.178441 0.267730 1.645436
v -0.200355 0.358544 1.359529
v -0.228649 0.431964 0.857939
v -0.228649 0.440507 0.654980
v -0.228649 0.446702 0.437870
v -0.225550 0.429042 -0.042460
v -0.210055 0.395622 -0.334976
v -0.190221 0.327966 -0.676486
v -0.163274 0.222290 -0.961928
v -0.074133 -0.120582 2.266296
v -0.063663 -0.253028 2.299015
v -0.031328 -0.105277 -1.296789
v -0.031979 0.073920 -1.302227
v -0.164066 -0.301714 2.056266
v -0.172845 -0.052141 2.099082
v -0.203698 -0.359522 1.652499
v -0.226604 0.104131 1.646558
v -0.224028 -0.406426 1.379455
v -0.249908 0.165691 1.362608
v -0.250752 -0.419330 0.916484
v -0.273079 0.201963 0.858473
v -0.252412 -0.418626 0.674252
v -0.273079 0.203158 0.661851
v -0.252448 -0.411541 0.434445
v -0.273079 0.207867 0.461650
v -0.249284 -0.408165 -0.028045
v -0.269914 0.194453 -0.052365
v -0.233458 -0.392834 -0.303506
v -0.254089 0.171727 -0.330415
v -0.213202 -0.361581 -0.648237
v -0.233833 0.131107 -0.670884
v -0.184358 -0.292473 -0.944786
v -0.203595 0.080277 -0.961361
v -0.208581 0.171634 -0.832824
v -0.215696 -0.258678 -0.817296
v -0.231878 0.239699 -0.501706
v -0.239054 -0.291222 -0.478281
v -0.250631 0.279825 -0.177361
v -0.257807 -0.304367 -0.156588
v -0.260126 0.300014 0.046895
v -0.267302 -0.310295 0.060140
v -0.260522 0.304097 0.553843
v -0.267697 -0.310629 0.551536
v -0.260522 0.299216 0.760983
v -0.267700 -0.314058 0.804981
v -0.260317 0.293735 0.945071
v -0.270381 -0.300385 1.009386
v -0.223220 0.213851 1.502129
v -0.229037 -0.300033 1.510881
v -0.201704 0.120403 1.763889
v -0.210028 -0.272985 1.766516
v -0.153216 -0.047133 2.126488
v -0.163151 -0.257421 2.115907
v -0.049720 0.104760 -1.260472
v -0.050460 -0.087400 -1.268897
v -0.082252 0.355427 -0.964489
v -0.090539 -0.786518 0.654512
v -0.041241 -0.094204 2.265842
v -0.016584 -0.195485 -1.269657
v -0.037816 -0.303719 2.275647
v -0.091346 -0.775231 0.401099
v -0.020008 0.338773 -1.167935
v -0.020303 -0.572292 -0.963080
v -0.037638 0.634374 -0.336624
v -0.039531 -0.148226 2.297418
v -0.036936 0.389954 -0.969506
v -0.034084 -0.262018 2.319523
v -0.029548 -0.396891 -1.100718
v -0.024743 0.592889 -0.696768
v -0.025325 -0.262711 -1.225535
v -0.037916 0.684149 0.645140
v -0.007874 -0.296025 -2.070574
v -0.077678 0.540728 1.348177
v -0.067940 0.428516 1.635201
v -0.054426 0.102676 2.067622
v -0.053230 -0.454375 2.058037
v -0.067131 -0.625472 1.657403
v -0.075946 -0.720746 1.389530
v -0.014104 0.227947 -1.259586
v -0.087925 -0.771309 0.934865
v -0.020570 -0.716753 -0.655345
v -0.065750 -0.267105 2.299762
v -0.037916 0.687435 0.389396
v -0.019368 0.723696 -0.036897
v -0.018234 -0.810984 0.107911
v -0.005869 0.717487 -1.164989
v -0.032218 0.651216 1.016501
v -0.075259 -0.277124 -1.147373
v -0.036863 0.206787 -1.236569
v -0.109049 0.106117 -1.163889
v -0.111895 -0.133322 -1.165314
v -0.005461 0.745797 -0.780267
v -0.008363 -0.821734 -0.064278
v -0.044108 -0.242152 -1.210181
v -0.032173 0.245131 -1.206391
v -0.079816 -0.073633 -1.222672
v -0.069168 0.160742 -1.207602
v -0.064968 -0.198404 -1.207263
v -0.170279 0.529506 1.093754
v -0.144310 -0.687839 1.286580
v -0.243504 0.263443 1.258880
v -0.248880 -0.323200 1.281455
v -0.089943 0.591721 1.152683
v -0.081534 -0.753646 1.213241
v -0.263513 -0.233251 1.206887
v -0.217242 0.398332 1.173014
v -0.191820 -0.613970 1.211674
v -0.019368 0.712707 0.849563
v -0.104932 0.592313 -0.337142
v -0.094823 0.508364 -0.679601
v -0.114423 0.628487 0.859334
v -0.114423 0.643039 0.648512
v -0.114423 0.647210 0.405333
v -0.112840 0.627404 -0.031288
v -0.042509 0.634249 1.078474
v -0.060733 0.646982 0.945976
v -0.061325 0.663261 0.063252
v -0.056731 0.589243 -0.510008
v -0.047468 0.325599 -1.061350
v -0.075728 0.225026 -1.157090
v -0.061391 0.665587 0.759857
v -0.061391 0.674871 0.518895
v -0.053019 0.458099 -0.836146
v -0.059748 0.642632 -0.168607
v -0.026264 0.272871 -1.176533
v -0.021520 -0.805395 -0.046858
v -0.104949 -0.404165 -1.015254
v -0.169511 0.117202 -1.047593
v -0.175172 -0.200439 -1.040506
v -0.110733 -0.302887 -1.084063
v -0.122953 0.174587 -1.104717
v -0.149479 -0.124059 -1.107783
v -0.031816 -0.753972 -0.291856
v -0.153348 -0.697655 1.149377
v -0.255321 0.282328 1.103924
v -0.262471 -0.323218 1.144598
v -0.177464 0.548898 0.947166
v -0.085883 -0.761602 1.089281
v -0.272504 -0.227586 1.067133
v -0.226917 0.417574 1.025551
v -0.203330 -0.607039 1.104906
v -0.064963 0.276969 -1.115058
v -0.110562 0.608705 1.022092
v -0.015488 0.545390 -1.181553
v -0.005172 0.746286 -0.366352
v -0.005026 0.759421 -0.043412
v -0.005026 0.765802 0.372728
v -0.005026 0.762397 0.628051
v -0.005026 0.741563 0.840016
v -0.009882 0.734457 -0.620898
v -0.011899 0.463403 -1.319220
v -0.015034 0.666221 -0.932113
v -0.006341 0.710917 0.985246
v -0.011327 0.718997 0.924469
v -0.011313 0.751446 0.051436
v -0.016615 0.682787 -0.596570
v -0.018991 0.417652 -1.156519
v -0.011313 0.743815 0.745730
v -0.011313 0.755524 0.501816
v -0.020275 0.548105 -0.926152
v -0.011377 0.739032 -0.183468
v -0.008801 0.367798 -1.255761
v -0.005729 0.644486 -1.358598
v -0.010259 0.727751 -0.922759
v -0.010298 0.568159 -1.368025
v -0.011200 0.660691 -1.217193
v -0.005504 0.536287 -1.420920
v -0.177762 0.570418 0.176534
v -0.164593 -0.713814 0.320259
v -0.260522 0.309437 0.360393
v -0.267697 -0.306794 0.356822
v -0.061391 0.673151 0.291439
v -0.011313 0.754605 0.272240
v -0.005026 0.764519 0.194659
v -0.019368 0.731953 0.201611
v -0.094338 -0.765903 0.247814
v -0.114423 0.642577 0.225626
v -0.273976 -0.216524 0.290243
v -0.228649 0.446424 0.259829
v -0.207369 -0.624479 0.264028
v -0.008147 -0.800453 -0.312266
v -0.065550 -0.366974 -1.085789
v -0.078851 -0.504544 -0.930087
v -0.091409 -0.646877 -0.633178
v -0.101804 -0.714303 -0.288117
v -0.109941 -0.743114 -0.010250
v -0.038682 -0.312866 -1.160661
v -0.041561 -0.786960 0.194646
v -0.057197 -0.774418 0.083985
v -0.048120 -0.603661 -0.801473
v -0.055887 -0.755876 -0.138625
v -0.043793 -0.453950 -1.026304
v -0.052332 -0.713672 -0.458892
v -0.019504 -0.220046 -1.253433
v -0.167227 -0.709012 0.205406
v -0.260522 0.308046 0.198456
v -0.267697 -0.309073 0.211353
v -0.061391 0.668136 0.164554
v -0.011313 0.753088 0.149393
v -0.177433 0.563850 0.055860
v -0.114423 0.637743 0.119784
v -0.019368 0.730058 0.112600
v -0.005026 0.763711 0.105836
v -0.273976 -0.219862 0.135057
v -0.228649 0.441107 0.121102
v -0.207827 -0.623707 0.146777
v -0.108899 -0.755195 0.155477
v -0.007430 -0.761530 -0.690210
v -0.012353 -0.620295 -1.201101
v -0.010730 -0.729985 -0.962239
v -0.011666 -0.335864 -1.386310
v -0.012529 -0.484026 -1.347981
v -0.016623 -0.367674 -1.251872
v -0.008947 -0.821042 0.095053
v -0.015704 -0.818232 0.032177
v -0.016093 -0.667255 -0.902605
v -0.015601 -0.808017 -0.170936
v -0.016003 -0.523036 -1.129936
v -0.015143 -0.771972 -0.480754
v -0.008643 -0.269743 -1.318032
v -0.005022 -0.735749 -1.139344
v -0.004489 -0.653475 -1.434625
v -0.004575 -0.529010 -1.568393
v -0.009290 -0.433544 -1.495445
v -0.008727 -0.694150 -1.239110
v -0.008589 -0.584808 -1.454070
v -0.005609 -0.364415 -1.484531
v -0.029918 -0.541607 -0.941598
v -0.020482 -0.424526 -1.123728
v -0.018247 -0.281392 -1.248685
v -0.030871 -0.686992 -0.639091
v -0.028027 -0.792551 0.142554
v -0.032587 -0.782088 -0.021595
v -0.021078 -0.781632 -0.303447
v -0.024408 -0.482170 -1.038366
v -0.025726 -0.783297 -0.152619
v -0.025211 -0.743139 -0.465876
v -0.012671 -0.237193 -1.266522
v -0.024853 -0.333141 -1.176137
v -0.012532 -0.806880 0.160502
v -0.025515 -0.798329 0.061969
v -0.024694 -0.633562 -0.811111
v -0.026038 0.310339 -1.141830
v -0.020363 0.691657 -0.348156
v -0.025401 0.428126 -0.996028
v -0.032643 0.560608 -0.681293
v -0.019368 0.731509 0.636077
v -0.019368 0.734684 0.380040
v -0.030842 0.684356 -0.030890
v -0.016356 0.692224 0.992333
v -0.030842 0.681284 0.857576
v -0.030842 0.696169 0.207991
v -0.030842 0.693014 0.118972
v -0.026675 0.704535 0.059535
v -0.026675 0.707908 0.157601
v -0.028702 0.352576 -1.080769
v -0.028531 0.629247 -0.513047
v -0.026674 0.702782 0.755723
v -0.026675 0.712994 0.510626
v -0.012782 0.670724 1.048536
v -0.030265 0.489901 -0.843329
v -0.026119 0.681974 0.940264
v -0.026752 0.686619 -0.172289
v -0.026675 0.711412 0.280548
v -0.013554 0.299095 -1.192370
v -0.006803 0.206237 -2.263347
v -0.006879 -0.182350 -2.278587
v -0.006879 0.066210 -2.207681
v -0.003863 -0.300948 -2.156838
v -0.003657 -0.146575 -2.361556
v -0.003657 0.112443 -2.256813
v -0.003863 0.295858 -2.312887
v -0.009376 0.126821 -2.143097
v -0.024134 -0.075456 -1.329814
v -0.019909 0.204757 -1.284648
v -0.017567 -0.190811 -1.403078
v -0.014496 -0.233056 -1.610510
v -0.011189 -0.278942 -1.840650
v -0.021081 0.109863 -1.443122
v -0.017396 0.118394 -1.667536
v -0.013427 0.131622 -1.913103
v -0.009376 -0.129743 -2.178465
v -0.013427 -0.109468 -1.891179
v -0.017396 -0.094796 -1.658752
v -0.007874 0.321107 -2.203948
v -0.011189 0.344161 -1.911591
v -0.014496 0.300646 -1.640566
v -0.018915 -0.182360 -1.510861
v -0.015095 -0.226494 -1.733634
v -0.011199 -0.255687 -1.972026
v -0.018915 0.195375 -1.534941
v -0.015095 0.225138 -1.779124
v -0.011199 0.242484 -2.047228
v -0.009256 -0.223386 -1.500487
v -0.007387 -0.276648 -1.721502
v -0.005480 -0.309047 -1.955301
v -0.019318 -0.057963 -1.551097
v -0.015416 -0.068860 -1.780783
v -0.011437 -0.080073 -2.029399
v -0.009257 0.311865 -1.518272
v -0.007387 0.369785 -1.769142
v -0.005481 0.395182 -2.071053
v -0.021081 -0.080990 -1.444665
v -0.017567 0.243836 -1.410859
v -0.019996 -0.177415 -1.289849
v -0.024106 0.103768 -1.320150
v -0.010735 0.245433 -1.324564
v -0.022404 -0.049925 -1.372842
v -0.010735 -0.196080 -1.326861
v -0.021937 0.162719 -1.344237
v -0.021937 -0.158818 -1.336597
v -0.226913 -0.597484 1.051435
v -0.251601 -0.463912 1.035154
v -0.260060 -0.420042 1.045280
v -0.235074 -0.552811 1.061679
v -0.222410 -0.589448 1.062070
v -0.198011 -0.649680 1.006756
v -0.258753 -0.375638 0.993230
v -0.258660 -0.378784 1.061840
v -0.196281 -0.645955 1.071410
v -0.214685 -0.601072 1.035307
v -0.249354 -0.419532 1.030046
v -0.249420 -0.421408 1.060445
v -0.243037 -0.452642 1.071140
v -0.255398 -0.391890 1.039644
v -0.219033 -0.571854 1.016934
v -0.205709 -0.630723 1.047958
v -0.278534 -0.619718 0.980829
v -0.320672 -0.476404 0.958101
v -0.338986 -0.429205 0.954146
v -0.296916 -0.571815 0.976989
v -0.305589 -0.440039 1.000253
v -0.264757 -0.434252 1.048436
v -0.264721 -0.592732 1.023983
v -0.234646 -0.585308 1.041203
v -0.331007 -0.640186 0.471263
v -0.372195 -0.551989 0.461981
v -0.385960 -0.527523 0.463006
v -0.345257 -0.615614 0.468031
v -0.322960 -0.655992 0.529060
v -0.348956 -0.436678 0.878756
v -0.354023 -0.437588 0.880893
v -0.328108 -0.655340 0.531138
v -0.292488 -0.632542 0.907219
v -0.308006 -0.672107 0.715548
v -0.378992 -0.502737 0.508043
v -0.365020 -0.447340 0.678811
v -0.383932 -0.503596 0.509874
v -0.370178 -0.448250 0.680721
v -0.297769 -0.631846 0.909619
v -0.313387 -0.671411 0.717722
v -0.319215 -0.610185 0.811356
v -0.334034 -0.628348 0.611356
v -0.299019 -0.674138 0.819356
v -0.313838 -0.685855 0.619609
v -0.364458 -0.419423 0.781254
v -0.379276 -0.456922 0.580495
v -0.344359 -0.482673 0.789370
v -0.359178 -0.513727 0.588864
v -0.264232 -0.433325 1.034809
v -0.308529 -0.440949 1.007649
v -0.234946 -0.584600 1.055088
v -0.261759 -0.593428 1.016328
v -0.271224 -0.468036 1.023677
v -0.253222 -0.554853 1.045730
v -0.242352 -0.598459 1.040330
v -0.282147 -0.425133 1.028963
v -0.072984 -0.185007 2.299810
v -0.032008 -0.051074 -1.306836
v -0.032036 0.002881 -1.305552
v -0.176250 -0.227477 2.083824
v -0.179424 -0.174552 2.106511
v -0.227272 -0.217960 1.649589
v -0.232365 -0.094741 1.642939
v -0.248680 -0.229318 1.374033
v -0.254488 -0.074893 1.368362
v -0.274093 -0.225038 0.904568
v -0.274873 -0.066256 0.879674
v -0.273976 -0.221310 0.676250
v -0.274873 -0.060348 0.671236
v -0.273976 -0.215717 0.448231
v -0.274873 -0.056888 0.461228
v -0.270811 -0.218903 -0.037723
v -0.271708 -0.065164 -0.047922
v -0.254986 -0.213934 -0.312636
v -0.255883 -0.066303 -0.321636
v -0.234730 -0.204090 -0.657196
v -0.235627 -0.073855 -0.664574
v -0.204432 -0.175564 -0.954003
v -0.205268 -0.071800 -0.957736
v -0.080018 0.037599 -1.221034
v -0.080018 -0.010372 -1.221851
v -0.265503 0.065775 1.189771
v -0.265479 -0.068076 1.197911
v -0.150013 0.019996 -1.109579
v -0.150013 -0.042304 -1.108943
v -0.273234 0.070376 1.037925
v -0.273234 -0.065864 1.049010
v -0.274873 0.076611 0.294878
v -0.274873 -0.058479 0.296586
v -0.274873 0.071241 0.127741
v -0.274873 -0.063550 0.131207
v -0.006879 -0.102165 -2.303578
v -0.006879 -0.029954 -2.261434
v -0.019318 0.038599 -1.556534
v -0.019318 -0.002944 -1.554403
v -0.015416 0.035177 -1.790956
v -0.015416 -0.009433 -1.786794
v -0.011437 0.037563 -2.028034
v -0.011437 -0.012894 -2.028992
v -0.022404 0.043196 -1.372190
v -0.022404 0.003064 -1.372703
v -0.024162 -0.022037 -1.332617
v -0.024163 0.026850 -1.331165
v -0.013427 -0.041061 -1.901627
v -0.013427 0.016925 -1.907564
v -0.017396 -0.034708 -1.667017
v -0.017396 0.017503 -1.670766
v -0.021081 -0.025997 -1.449769
v -0.021081 0.023743 -1.450723
v -0.003657 -0.070510 -2.333528
v -0.003657 -0.002590 -2.282872
v -0.274873 0.009358 0.213136
v -0.274873 -0.136908 0.214509
v -0.274873 0.012835 0.378815
v -0.274873 -0.133076 0.370313
v -0.269813 0.004472 1.120358
v -0.269765 -0.144899 1.131032
v -0.180834 -0.019518 -1.046796
v -0.180834 -0.104916 -1.044953
v -0.261215 -0.000103 1.268322
v -0.260101 -0.148627 1.274644
v -0.114741 0.006191 -1.167065
v -0.114741 -0.060262 -1.167263
v -0.036945 -0.190783 2.321556
v -0.009376 -0.055605 -2.170440
v -0.009376 0.008968 -2.149306
v -0.051201 0.023322 -1.268681
v -0.051201 -0.029813 -1.270165
v -0.244215 -0.018215 1.501760
v -0.242449 -0.151389 1.505922
v -0.274668 0.006120 0.961601
v -0.274668 -0.144361 0.978193
v -0.274873 0.009112 0.774165
v -0.274873 -0.142105 0.786283
v -0.274873 0.012719 0.564338
v -0.274873 -0.135316 0.558764
v -0.274478 0.003682 0.045509
v -0.274478 -0.139178 0.052235
v -0.264983 0.001039 -0.175650
v -0.264982 -0.137711 -0.166763
v -0.246230 -0.008553 -0.494187
v -0.246230 -0.137202 -0.486456
v -0.222812 -0.024913 -0.828927
v -0.222812 -0.132355 -0.823692
v -0.098029 0.021161 2.124628
v -0.080480 -0.334886 2.204447
v -0.136987 -0.103732 2.192411
v -0.146323 -0.255688 2.190956
v -0.171294 -0.158994 2.137084
v -0.169221 -0.209578 2.129281
v -0.160845 -0.195968 2.165229
v -0.160255 -0.152760 2.165525
v -0.050256 0.000617 2.177867
v -0.045603 -0.376871 2.178333
v -0.157013 -0.236391 2.163627
v -0.124647 -0.051805 2.170242
v -0.115864 -0.333184 2.163393
v -0.115558 -0.278509 2.230433
v -0.152324 -0.222264 2.186675
v -0.116021 -0.169052 2.242241
v -0.137176 -0.255628 2.214363
v -0.134345 -0.269016 2.209978
v -0.145262 -0.241456 2.200501
v -0.090099 -0.050310 2.204909
v -0.110519 -0.134438 2.239584
v -0.111640 -0.092648 2.218999
v -0.046815 -0.051386 2.229435
v -0.123420 -0.265316 2.231604
v -0.040701 -0.334314 2.239290
v -0.103494 -0.301665 2.220839
v -0.032036 0.043784 -1.304205
v -0.179225 -0.115932 2.111969
v -0.232379 0.011372 1.642196
v -0.254584 0.054480 1.363759
v -0.274873 0.072558 0.866865
v -0.274873 0.075162 0.667215
v -0.274873 0.076320 0.467445
v -0.271708 0.064134 -0.053501
v -0.255883 0.056074 -0.327677
v -0.235627 0.033037 -0.669056
v -0.205268 0.010106 -0.960121
v -0.006879 0.024536 -2.227265
v -0.079613 0.072689 -1.219946
v -0.263152 0.187200 1.183138
v -0.148946 0.067051 -1.109745
v -0.271440 0.197011 1.029262
v -0.273079 0.210920 0.286198
v -0.273079 0.206011 0.125500
v -0.019318 0.071086 -1.556955
v -0.015416 0.070965 -1.793055
v -0.011437 0.077630 -2.028227
v -0.022404 0.073248 -1.370692
v -0.153840 -0.108527 2.164850
v -0.222812 0.059151 -0.830536
v -0.246230 0.097916 -0.497275
v -0.264983 0.119580 -0.178722
v -0.274478 0.130677 0.043849
v -0.274873 0.136658 0.563246
v -0.274873 0.135140 0.765522
v -0.274668 0.133510 0.950824
v -0.242992 0.087643 1.501034
v -0.168061 -0.107840 2.134810
v -0.051201 0.057136 -1.267737
v -0.114741 0.048620 -1.166940
v -0.260654 0.120165 1.262318
v -0.180834 0.038577 -1.047894
v -0.269790 0.128463 1.111347
v -0.274873 0.139737 0.376177
v -0.274873 0.138534 0.208231
v -0.024163 0.057960 -1.330241
v -0.013427 0.053826 -1.911343
v -0.017396 0.050729 -1.673152
v -0.021081 0.055397 -1.451330
v -0.003657 0.040632 -2.250637
v -0.009376 0.050060 -2.135857
v -0.029530 -0.158467 -1.276013
v -0.129587 -0.390418 2.049874
v -0.159645 -0.514364 1.651816
v -0.178429 -0.591390 1.384042
v -0.206669 -0.616211 0.924225
v -0.206411 -0.642936 0.662000
v -0.207255 -0.630844 0.415880
v -0.204838 -0.614000 -0.016484
v -0.189333 -0.589554 -0.293948
v -0.169488 -0.533939 -0.636873
v -0.143933 -0.417973 -0.930436
v -0.074962 -0.136787 -1.217616
v -0.241083 -0.421720 1.212194
v -0.136676 -0.211593 -1.099234
v -0.249091 -0.422242 1.100415
v -0.252448 -0.409914 0.278530
v -0.252449 -0.412346 0.137634
v -0.006803 -0.267087 -2.186015
v -0.019318 -0.118298 -1.536346
v -0.015416 -0.141927 -1.762790
v -0.011437 -0.161833 -2.010093
v -0.022404 -0.104322 -1.360595
v -0.235222 -0.553435 1.038113
v -0.251842 -0.464892 1.058484
v -0.217380 -0.570175 1.074825
v -0.243065 -0.450555 1.012305
v -0.290377 -0.572364 0.971328
v -0.327074 -0.477262 0.963533
v -0.340151 -0.615965 0.466002
v -0.377176 -0.552547 0.463861
v -0.351837 -0.483530 0.792189
v -0.366656 -0.514584 0.591684
v -0.311543 -0.610733 0.808306
v -0.326362 -0.628896 0.608305
v -0.251378 -0.555402 1.029248
v -0.273172 -0.468893 1.039933
v -0.147235 -0.279047 2.163772
v -0.249953 -0.509453 1.055201
v -0.249322 -0.509289 1.034567
v -0.335196 -0.559696 0.696669
v -0.319429 -0.534583 0.892420
v -0.343100 -0.559858 0.699732
v -0.327189 -0.534744 0.895823
v -0.357445 -0.579625 0.519357
v -0.360759 -0.585729 0.443838
v -0.282936 -0.516706 1.006409
v -0.287363 -0.516868 1.017697
v -0.349871 -0.579471 0.516422
v -0.231528 -0.510249 1.025055
v -0.230973 -0.510568 1.070784
v -0.229853 -0.512900 1.082125
v -0.230590 -0.513329 0.983767
v -0.023992 -0.129224 -1.309469
v -0.013427 -0.198471 -1.864850
v -0.017396 -0.167403 -1.633787
v -0.021081 -0.138907 -1.423302
v -0.009376 -0.218657 -2.126373
v -0.003657 -0.230526 -2.280654
v -0.231818 -0.519599 0.206419
v -0.231818 -0.518833 0.340664
v -0.224644 -0.517927 1.150319
v -0.146866 -0.306577 -1.026191
v -0.212218 -0.515673 1.284257
v -0.097665 -0.208724 -1.154712
v -0.180120 -0.406064 -0.805324
v -0.203175 -0.475964 -0.468414
v -0.221927 -0.504322 -0.146922
v -0.231422 -0.518068 0.068968
v -0.231781 -0.528714 0.537379
v -0.230958 -0.526680 0.805001
v -0.193842 -0.471614 1.514283
v -0.154077 -0.360475 2.009766
v -0.143424 -0.326063 2.109033
v -0.046758 -0.143472 -1.256081
v -0.128870 -0.291579 2.196955
v -0.142338 -0.164881 2.206052
v -0.138384 -0.138311 2.205680
v -0.150478 -0.144973 2.186198
v -0.094670 -0.196690 2.281706
v -0.152774 -0.183794 2.188882
v -0.147888 -0.207440 2.201032
v -0.091913 -0.286651 2.252870
v -0.089248 -0.258242 2.280372
v -0.116488 -0.198770 2.256820
v -0.105699 -0.250162 2.259149
v -0.107601 -0.205822 2.261907
v -0.066176 -0.202055 2.301282
v -0.144829 -0.220534 2.201716
v -0.086140 -0.246260 2.274848
v -0.033325 -0.209188 2.315863
v -0.086878 -0.210476 2.277326
v -0.116472 -0.242864 2.239949
v -0.033064 -0.248244 2.313487
v -0.075604 -0.172252 2.289092
v -0.129405 -0.195295 2.234969
v -0.117567 -0.212372 2.241502
v -0.105043 -0.186587 2.268234
v -0.129568 -0.206787 2.233341
v -0.038936 -0.174011 2.316888
v -0.131702 -0.238371 2.219763
v -0.119429 -0.255174 2.246849
v -0.067453 -0.278850 2.282707
v -0.127081 -0.247162 2.232719
v -0.036281 -0.286837 2.294262
v -0.107473 -0.269625 2.249389
v -0.089349 -0.278523 2.263845
v -0.107870 -0.261487 2.260148
v -0.126825 -0.226267 2.174257
v -0.079417 -0.239492 2.247420
v -0.031404 -0.217222 2.288463
v -0.079286 -0.217572 2.249875
v -0.103799 -0.236851 2.212414
v -0.031682 -0.240770 2.286042
v -0.104084 -0.218710 2.214008
v -0.116329 -0.232960 2.192271
v -0.096503 -0.239466 2.236531
v -0.123228 -0.237565 2.224151
v -0.142510 -0.227017 2.197129
v -0.059721 -0.216271 2.279230
v -0.124527 -0.217147 2.224015
v -0.102170 -0.214234 2.253134
v -0.061944 -0.244483 2.291079
v -0.115338 -0.225319 2.136617
v -0.077443 -0.244992 2.209780
v -0.033351 -0.211971 2.250725
v -0.077339 -0.212384 2.212235
v -0.097082 -0.241064 2.174773
v -0.033582 -0.246744 2.248281
v -0.097308 -0.214077 2.176368
v -0.107016 -0.235275 2.154631
v -0.090236 -0.241275 2.203194
v -0.108714 -0.234972 2.194302
v -0.058742 -0.214351 2.245893
v -0.118737 -0.227164 2.149528
v -0.109654 -0.220172 2.194185
v -0.001378 -0.244782 2.277799
v -0.058837 -0.240242 2.261247
v -0.090352 -0.215098 2.205279
v -0.092080 -0.238467 2.221197
v -0.105245 -0.236824 2.176299
v -0.058497 -0.217331 2.263896
v -0.001367 -0.214100 2.279754
v -0.123666 -0.227390 2.167531
v -0.106094 -0.217970 2.176183
v -0.059049 -0.243537 2.243245
v -0.092208 -0.217918 2.223282
v -0.100827 -0.217707 2.200111
v -0.078197 -0.240683 2.233523
v -0.078078 -0.216448 2.235978
v -0.031714 -0.242096 2.272144
v -0.119306 -0.229079 2.164526
v -0.114398 -0.221965 2.174802
v -0.031460 -0.216061 2.274566
v -0.100567 -0.237763 2.198517
v -0.101914 -0.242118 2.251036
v -0.115381 -0.235631 2.209637
v -0.132352 -0.227309 2.182865
v -0.061627 -0.213342 2.293715
v -0.116449 -0.219389 2.209520
v -0.096648 -0.216915 2.238616
v -0.060107 -0.241414 2.276581
v -0.083355 -0.242154 2.264689
v -0.083202 -0.215060 2.267144
v -0.032436 -0.243733 2.303310
v -0.111858 -0.216468 2.231277
v -0.129159 -0.221229 2.205968
v -0.032112 -0.214628 2.305732
v -0.135416 -0.229182 2.195692
v -0.111526 -0.238890 2.229682
v -0.135518 -0.216354 2.216198
v -0.076343 -0.164038 2.281327
v -0.135179 -0.192502 2.222372
v -0.118957 -0.222562 2.188699
v -0.109099 -0.219807 2.151059
v -0.121577 -0.226062 2.160360
v -0.138312 -0.225809 2.191526
v -0.139140 -0.223152 2.202425
v -0.121146 -0.224851 2.172555
v -0.116463 -0.223930 2.154552
v -0.129492 -0.224524 2.187890
v -0.038418 -0.163298 2.307333
v -0.109038 -0.178994 2.254524
v -0.141563 -0.208338 2.212930
v -0.067049 -0.274934 2.290964
v -0.107230 -0.266501 2.254505
v -0.090999 -0.271970 2.267931
v -0.035861 -0.280490 2.302681
v -0.124403 -0.259370 2.239455
v -0.131416 -0.254242 2.228869
v -0.073040 -0.306844 2.247140
v -0.141316 -0.233388 2.205374
v -0.124336 -0.228996 2.178423
v -0.113364 -0.229379 2.140782
v -0.112000 -0.233461 2.178374
v -0.126102 -0.234081 2.209540
v -0.134673 -0.232370 2.208220
v -0.117696 -0.230960 2.178392
v -0.113351 -0.231713 2.160390
v -0.125577 -0.231228 2.193727
v -0.117080 -0.262794 2.246437
v -0.136865 -0.244796 2.216676
v -0.090973 -0.268252 2.275308
v -0.121740 -0.262234 2.239025
v -0.116806 -0.264538 2.241970
v -0.125955 -0.261034 2.232744
v -0.035149 -0.275809 2.314950
v -0.122722 0.299443 1.754034
v -0.109136 -0.494837 1.884628
v -0.186793 0.070070 1.898468
v -0.196609 -0.279588 1.899877
v -0.223105 -0.064409 1.746558
v -0.221787 -0.164941 1.753215
v -0.221567 0.020022 1.754069
v -0.175172 -0.412362 1.761246
v -0.188072 -0.329103 1.844106
v -0.210874 0.023506 1.832401
v -0.216856 -0.130723 1.812041
v -0.216804 -0.047581 1.813974
v -0.061823 0.303209 1.827039
v -0.061076 -0.551081 1.841113
v -0.212632 -0.215045 1.831423
v -0.163325 0.160649 1.840977
v -0.145703 -0.459106 1.835458
v -0.114718 0.207571 1.883779
v -0.110144 0.157636 1.955176
v -0.207823 -0.233464 1.940470
v -0.200359 -0.236504 1.994796
v -0.212725 -0.018992 1.903110
v -0.203768 0.001430 1.944436
v -0.194956 -0.000996 2.002022
v -0.195395 -0.129815 2.073288
v -0.164448 -0.386600 1.885490
v -0.159265 -0.375317 1.948345
v -0.101928 -0.448260 2.009476
v -0.105585 -0.471798 1.947415
v -0.167988 0.030515 2.038399
v -0.176919 0.062399 1.966846
v -0.179509 -0.275318 2.022606
v -0.187855 -0.287269 1.962960
v -0.135772 -0.418001 1.975788
v -0.139867 -0.435709 1.915635
v -0.147306 0.087113 1.996929
v -0.154408 0.121216 1.926223
v -0.218653 -0.165655 1.878297
v -0.214750 -0.208475 1.898890
v -0.056507 -0.492423 1.981963
v -0.058457 -0.517562 1.921599
v -0.194868 -0.217512 2.034600
v -0.193899 -0.182295 2.060495
v -0.218295 -0.058792 1.880116
v -0.219250 -0.111302 1.871843
v -0.192711 -0.076775 2.067948
v -0.188924 -0.027687 2.049052
v -0.172820 -0.320414 1.986120
v -0.179510 -0.327125 1.924749
v -0.059092 0.231253 1.916115
v -0.057012 0.173121 1.986098
v -0.182860 -0.045113 2.071515
v -0.186895 -0.209935 2.055987
v -0.187857 -0.161575 2.079093
v -0.187760 -0.103269 2.084002
v -0.202831 0.007640 1.915002
v -0.206232 -0.233818 1.909616
v -0.211411 -0.026602 1.878916
v -0.214720 -0.141396 1.857417
v -0.214655 -0.079610 1.859113
v -0.212544 -0.195728 1.874589
v -0.183842 0.000608 2.034204
v -0.192699 0.017869 1.971857
v -0.190617 -0.240731 2.019373
v -0.197870 -0.251073 1.964892
v -0.177583 -0.014532 2.061347
v -0.180715 -0.075850 2.094401
v -0.182960 -0.191789 2.073322
v -0.181366 -0.243318 2.047361
v -0.184762 -0.133568 2.089625
v -0.204514 0.002751 1.889522
v -0.192514 0.042900 1.934753
v -0.198654 -0.252026 1.932757
v -0.206664 -0.239328 1.878972
v -0.210997 -0.044875 1.861020
v -0.211401 -0.173351 1.857422
v -0.214349 -0.099534 1.836440
v -0.184213 0.019817 2.005619
v -0.188466 -0.266903 1.996558
v -0.175630 -0.009412 2.067111
v -0.180705 -0.073730 2.088466
v -0.181795 -0.198016 2.081757
v -0.182484 -0.236416 2.043803
v -0.184123 -0.138320 2.099364
v -0.203650 0.025999 1.879082
v -0.193338 0.031995 1.936918
v -0.197437 -0.266374 1.933896
v -0.206151 -0.229427 1.883231
v -0.212793 -0.027555 1.849816
v -0.213248 -0.176664 1.846574
v -0.212194 -0.105457 1.844186
v -0.182438 0.032696 2.005694
v -0.188984 -0.259812 1.995682
v -0.193717 -0.264336 1.965284
v -0.185377 -0.253215 2.022796
v -0.188845 0.034659 1.970378
v -0.179272 0.012102 2.038674
v -0.210154 -0.207438 1.864990
v -0.213141 -0.067435 1.846707
v -0.213205 -0.140535 1.844419
v -0.208813 -0.005438 1.867568
v -0.202716 -0.249985 1.905696
v -0.199257 0.029584 1.906859
v -0.183673 -0.105545 2.095427
v -0.183786 -0.167113 2.089088
v -0.181760 -0.219754 2.063004
v -0.178231 -0.041196 2.080999
v -0.176465 -0.012165 2.063484
v -0.181911 -0.194372 2.076239
v -0.183939 -0.135240 2.093341
v -0.203746 0.012709 1.885514
v -0.197710 -0.257415 1.933155
v -0.210877 -0.037535 1.857363
v -0.211308 -0.175230 1.853983
v -0.183280 0.024794 2.005900
v -0.181670 -0.073379 2.084867
v -0.184086 -0.232138 2.042026
v -0.194124 0.024675 1.938665
v -0.206824 -0.222855 1.885031
v -0.212139 -0.108770 1.848052
v -0.190211 -0.255668 1.994758
v -0.177523 -0.041837 2.078191
v -0.181438 -0.216166 2.060705
v -0.182863 -0.165041 2.085757
v -0.182757 -0.104150 2.091707
v -0.198377 0.022649 1.909323
v -0.201878 -0.243992 1.905593
v -0.207553 -0.012621 1.870740
v -0.211385 -0.141765 1.847795
v -0.211319 -0.072682 1.849919
v -0.208798 -0.203272 1.867187
v -0.178551 0.008678 2.037662
v -0.187903 0.029319 1.971060
v -0.185199 -0.248963 2.021501
v -0.193065 -0.259959 1.964134
v -0.207986 -0.122889 2.034295
v -0.207061 -0.171985 2.025826
v -0.206153 -0.074021 2.029668
v -0.222149 -0.109151 1.920468
v -0.215583 -0.112566 1.978605
v -0.221570 -0.163495 1.922121
v -0.214995 -0.168718 1.974779
v -0.221090 -0.061029 1.921797
v -0.214293 -0.061125 1.976512
v -0.209951 -0.195065 1.998031
v -0.217061 -0.193086 1.947749
v -0.211639 -0.092657 2.007287
v -0.219035 -0.082222 1.948370
v -0.211729 -0.144116 2.005353
v -0.219113 -0.137776 1.948308
v -0.207519 -0.043092 2.001653
v -0.215226 -0.036818 1.948303
v -0.197809 -0.053826 2.045624
v -0.201061 -0.195414 2.037164
v -0.202217 -0.152136 2.053098
v -0.202132 -0.101882 2.055184
v -0.214359 -0.022775 1.925690
v -0.216822 -0.208284 1.923434
v -0.219476 -0.043048 1.905137
v -0.222527 -0.136876 1.895552
v -0.222467 -0.086079 1.895401
v -0.220577 -0.185128 1.903475
v -0.198432 -0.028442 2.024464
v -0.206297 -0.016087 1.973542
v -0.203324 -0.213119 2.016255
v -0.210011 -0.218964 1.971211
v -0.212951 -0.599622 1.065880
v -0.223209 -0.590436 1.041138
v -0.253170 -0.427639 1.036250
v -0.253280 -0.428943 1.056884
v -0.237946 -0.508999 1.033498
v -0.237729 -0.509235 1.064673
v -0.242889 -0.461632 1.065777
v -0.224633 -0.559198 1.031686
v -0.214859 -0.607645 1.051703
v -0.242872 -0.460113 1.028932
v -0.252593 -0.411949 1.045905
v -0.223392 -0.558244 1.068821
v -0.031202 0.649715 -0.338093
v -0.032637 0.399533 -0.974477
v -0.030842 0.697204 0.643046
v -0.030842 0.700448 0.386553
v -0.025702 0.662772 1.012196
v -0.029533 0.301348 -1.134181
v -0.037688 0.548878 -0.679459
v -0.037850 0.669527 -0.028958
v -0.037916 0.669277 0.858369
v -0.037916 0.682632 0.210740
v -0.037916 0.678998 0.121052
v -0.015456 0.284714 -1.184499
v -0.033000 0.691916 0.284099
v -0.033028 0.663553 -0.169370
v -0.032312 0.665147 0.944668
v -0.034284 0.475112 -0.838310
v -0.015813 0.653994 1.065229
v -0.033000 0.693756 0.514337
v -0.033000 0.684303 0.758849
v -0.033679 0.608984 -0.510705
v -0.032589 0.339392 -1.070094
v -0.033000 0.687506 0.161143
v -0.033000 0.683342 0.063051
v -0.044094 -0.170626 -1.248813
v -0.123202 -0.362204 2.107756
v -0.151592 -0.481575 1.759825
v -0.169162 -0.555649 1.515995
v -0.310345 -0.429050 1.002736
v -0.205154 -0.634476 0.804521
v -0.207149 -0.639236 0.528192
v -0.207538 -0.620450 0.076656
v -0.198248 -0.603923 -0.141750
v -0.179876 -0.568782 -0.463411
v -0.157457 -0.479989 -0.799082
v -0.178020 0.273626 -0.834604
v -0.221922 -0.192934 -0.820918
v -0.200603 0.368144 -0.506006
v -0.245333 -0.210360 -0.482428
v -0.218965 0.415526 -0.174875
v -0.264085 -0.216754 -0.161603
v -0.228262 0.436795 0.050956
v -0.273580 -0.220026 0.056291
v -0.228649 0.444100 0.544628
v -0.273976 -0.218174 0.555602
v -0.228649 0.436721 0.760524
v -0.273987 -0.223735 0.796125
v -0.228433 0.425404 0.945845
v -0.274100 -0.224517 0.992075
v -0.189310 0.319240 1.500527
v -0.238125 -0.223195 1.508514
v -0.169703 0.209867 1.760334
v -0.218342 -0.216273 1.760543
v -0.131683 -0.012477 2.124822
v -0.166946 -0.232216 2.122815
v -0.045891 0.156344 -1.247496
v -0.051108 -0.058749 -1.270613
v -0.089117 -0.780618 0.802881
v -0.145240 0.190613 -1.045982
v -0.086183 -0.766374 1.024823
v -0.004556 0.362964 -2.223231
v -0.071612 -0.676693 1.521901
v -0.006157 -0.751005 -0.924515
v -0.063566 -0.582377 1.765331
v -0.036049 -0.282795 2.298503
v -0.049556 -0.415895 2.119276
v -0.048569 -0.031035 2.210059
v -0.055909 0.142356 2.022516
v -0.072578 0.490844 1.491544
v -0.082834 0.573252 1.235718
v -0.009376 0.072863 -2.132439
v -0.114423 0.636947 0.760302
v -0.085232 -0.580430 -0.797219
v -0.004556 -0.312141 -2.065532
v -0.114423 0.646498 0.525288
v -0.096844 -0.689374 -0.458134
v -0.114423 0.645411 0.303971
v -0.106478 -0.731424 -0.136510
v -0.040195 -0.122905 2.283610
v -0.109478 0.613745 -0.169784
v -0.102705 -0.760306 0.202385
v -0.100115 0.560515 -0.510424
v -0.091245 -0.782925 0.517047
v -0.088745 0.431495 -0.836126
v -0.020468 -0.649627 -0.826453
v -0.020715 0.234284 -1.236586
v -0.114386 -0.096572 -1.167100
v -0.096346 0.166031 -1.158583
v -0.088461 -0.245769 -1.149007
v -0.113940 0.618339 0.946989
v -0.079155 -0.744321 1.288793
v -0.257027 -0.232930 1.278285
v -0.209710 0.383375 1.253695
v -0.185914 -0.609005 1.285176
v -0.075233 0.305563 -1.053357
v -0.011340 0.319930 -1.206996
v -0.019368 0.733413 0.276486
v -0.019478 0.712878 -0.176625
v -0.019014 0.700968 0.932596
v -0.025594 0.509770 -0.857956
v -0.009397 0.689958 1.025519
v -0.019368 0.734695 0.506328
v -0.019368 0.723694 0.750936
v -0.128889 -0.359565 -1.018529
v -0.180126 -0.151656 -1.043650
v -0.072643 -0.434402 -1.019115
v -0.083767 -0.758211 1.149222
v -0.268800 -0.230776 1.138087
v -0.223110 0.408942 1.099630
v -0.197007 -0.614090 1.150431
v -0.049304 0.258564 -1.165047
v -0.101904 0.601077 1.086093
v -0.005175 0.727717 0.922810
v -0.005026 0.765157 0.269378
v -0.005290 0.746323 -0.570877
v -0.013165 0.708784 -0.763004
v -0.005026 0.753765 0.742189
v -0.005026 0.765728 0.498752
v -0.015700 0.607005 -1.072350
v -0.005051 0.752385 -0.184374
v -0.022633 0.653295 -0.525058
v -0.024178 0.371939 -1.099329
v -0.005749 0.737381 -0.987368
v -0.005425 0.598451 -1.416128
v -0.005878 0.685039 -1.281813
v -0.014512 0.496126 -1.265482
v -0.006717 0.450408 -1.348639
v -0.005026 0.764083 0.146708
v -0.019368 0.730930 0.153559
v -0.091589 -0.769845 0.311832
v -0.114423 0.640095 0.168872
v -0.273976 -0.215316 0.363863
v -0.228649 0.447402 0.342628
v -0.207269 -0.625926 0.330416
v -0.056290 -0.298706 -1.152387
v -0.021224 -0.809070 0.045961
v -0.010564 -0.814690 0.135833
v -0.020751 -0.345719 -1.192223
v -0.010663 -0.248799 -1.279183
v -0.020813 -0.758177 -0.472092
v -0.029307 -0.209491 -1.247299
v -0.114225 0.634454 0.060350
v -0.019368 0.728446 0.055528
v -0.005026 0.762827 0.048876
v -0.273976 -0.218399 0.213474
v -0.228649 0.444231 0.187755
v -0.207598 -0.624441 0.205980
v -0.111051 -0.750263 0.086660
v -0.008462 -0.823685 0.027863
v -0.012313 -0.682398 -1.075527
v -0.008266 -0.814315 -0.175664
v -0.012271 -0.555943 -1.292511
v -0.007973 -0.780526 -0.482452
v -0.021322 -0.796621 -0.162478
v -0.020219 -0.498842 -1.054710
v -0.004950 -0.444231 -1.549083
v -0.004612 -0.701886 -1.306880
v -0.004449 -0.597787 -1.526514
v -0.012963 -0.402096 -1.375159
v -0.006910 -0.306788 -1.396503
v -0.029584 -0.468500 -1.032563
v -0.032249 -0.770895 -0.144231
v -0.031354 -0.729451 -0.461638
v -0.014788 -0.228462 -1.259491
v -0.029277 -0.323361 -1.168398
v -0.017145 -0.799213 0.179451
v -0.032171 -0.788084 0.075323
v -0.030375 -0.619532 -0.806088
v -0.030842 0.690572 0.061851
v -0.030842 0.694466 0.159934
v -0.031263 0.343890 -1.073736
v -0.031923 0.615896 -0.511504
v -0.030842 0.690591 0.758074
v -0.030842 0.700318 0.513083
v -0.014779 0.659701 1.059841
v -0.032913 0.480157 -0.840022
v -0.030200 0.670871 0.943752
v -0.030887 0.671422 -0.170366
v -0.030842 0.698566 0.282887
v -0.014807 0.289620 -1.187184
v -0.003672 0.201205 -2.303996
v -0.003657 0.063501 -2.241047
v -0.003657 -0.187811 -2.331317
v -0.009192 0.226531 -2.173936
v -0.009376 -0.172815 -2.158055
v -0.021081 -0.109675 -1.435507
v -0.017396 -0.129926 -1.647835
v -0.013427 -0.152038 -1.879503
v -0.020642 0.177788 -1.426193
v -0.017033 0.210634 -1.653441
v -0.013147 0.239302 -1.911911
v -0.010101 -0.205803 -1.401423
v -0.008335 -0.249498 -1.608401
v -0.006434 -0.296945 -1.838465
v -0.021081 0.072379 -1.450499
v -0.017396 0.069866 -1.673217
v -0.013427 0.075411 -1.912777
v -0.010101 0.276005 -1.408002
v -0.008335 0.342859 -1.638344
v -0.006434 0.392380 -1.914391
v -0.011422 0.230069 -1.281393
v -0.024155 0.073686 -1.328682
v -0.011665 -0.192246 -1.288510
v -0.023496 0.155104 -1.301468
v -0.024074 -0.102307 -1.321286
v -0.191598 -0.667281 1.040730
v -0.246831 -0.434998 0.981770
v -0.262693 -0.357044 1.027121
v -0.211601 -0.588035 1.082597
v -0.220363 -0.561548 1.071407
v -0.252142 -0.406979 1.044844
v -0.241614 -0.457813 1.024508
v -0.211238 -0.613838 1.050995
v -0.333676 -0.623670 0.522828
v -0.259954 -0.604524 1.021371
v -0.299864 -0.473347 1.012747
v -0.270425 -0.560930 1.011246
v -0.344298 -0.613335 0.447349
v -0.385639 -0.492422 0.506716
v -0.321518 -0.666542 0.530702
v -0.373468 -0.536030 0.513661
v -0.343184 -0.479012 0.887474
v -0.359246 -0.495816 0.689010
v -0.290901 -0.646824 0.910564
v -0.306429 -0.688556 0.719400
v -0.355716 -0.422503 0.877680
v -0.371867 -0.430998 0.677001
v -0.303340 -0.591018 0.900654
v -0.318952 -0.624441 0.707275
v -0.240851 -0.553110 1.036815
v -0.258528 -0.466347 1.052839
v -0.232570 -0.596291 1.048635
v -0.266723 -0.422451 1.041133
v -0.024159 -0.048714 -1.332860
v -0.024162 0.004073 -1.331841
v -0.013427 -0.073333 -1.897892
v -0.013427 -0.010091 -1.904798
v -0.017396 -0.063579 -1.664451
v -0.017396 -0.006823 -1.669019
v -0.021081 -0.053220 -1.448742
v -0.021081 0.000569 -1.450279
v -0.003657 -0.107803 -2.357754
v -0.003657 -0.034234 -2.306473
v -0.274873 0.074556 0.210969
v -0.274873 -0.061045 0.214371
v -0.274873 0.076895 0.378831
v -0.274873 -0.057038 0.375668
v -0.269810 0.068284 1.115674
v -0.269807 -0.066406 1.125235
v -0.180834 0.011716 -1.047412
v -0.180834 -0.059511 -1.045941
v -0.261145 0.062587 1.264958
v -0.261076 -0.070659 1.271439
v -0.114741 0.029641 -1.166996
v -0.114741 -0.024778 -1.167157
v -0.038329 -0.181678 2.320508
v -0.035024 -0.200928 2.319561
v -0.009376 -0.091288 -2.180089
v -0.009376 -0.021117 -2.159152
v -0.051201 0.042041 -1.268159
v -0.051201 -0.001434 -1.269373
v -0.170401 -0.133725 2.137099
v -0.170767 -0.184836 2.134276
v -0.222913 -0.020274 1.749004
v -0.222940 -0.113604 1.748142
v -0.244062 0.037322 1.500907
v -0.243994 -0.082071 1.503538
v -0.274668 0.071592 0.955798
v -0.274668 -0.066440 0.968522
v -0.274873 0.073899 0.769525
v -0.274873 -0.063730 0.779286
v -0.274873 0.075840 0.564752
v -0.274873 -0.057969 0.561978
v -0.274478 0.067510 0.044061
v -0.274477 -0.064872 0.048415
v -0.264983 0.061192 -0.177877
v -0.264982 -0.065117 -0.171718
v -0.246230 0.046353 -0.496107
v -0.246230 -0.069800 -0.490690
v -0.222812 0.018869 -0.830006
v -0.222812 -0.075756 -0.826584
v -0.144605 -0.208583 2.207657
v -0.127190 -0.153989 2.225017
v -0.052365 0.050215 2.125037
v -0.119298 -0.264792 2.238042
v -0.097566 -0.108456 2.242625
v -0.118592 -0.259986 2.247446
v -0.039125 -0.318117 2.259068
v -0.153293 -0.203566 2.187450
v -0.100271 -0.191121 2.276444
v -0.150080 -0.239348 2.188106
v -0.119189 -0.076452 2.198565
v -0.044284 -0.070937 2.247409
v -0.042706 -0.351352 2.216008
v -0.109312 -0.313699 2.199150
v -0.221033 0.103621 -0.831414
v -0.244436 0.154119 -0.498856
v -0.263189 0.184892 -0.178611
v -0.272684 0.201218 0.044636
v -0.273079 0.205165 0.559895
v -0.273079 0.202497 0.762622
v -0.272874 0.200178 0.946912
v -0.238687 0.140199 1.501874
v -0.216801 0.061370 1.759969
v -0.163633 -0.079420 2.130883
v -0.051016 0.073957 -1.266525
v -0.114030 0.069524 -1.166518
v -0.257668 0.179842 1.261008
v -0.179418 0.068975 -1.048213
v -0.267946 0.192636 1.107591
v -0.273079 0.210148 0.370946
v -0.273079 0.209400 0.204803
v -0.024163 0.044072 -1.330653
v -0.013427 0.037352 -1.909655
v -0.017396 0.035896 -1.672086
v -0.021081 0.041266 -1.451059
v -0.003657 0.021336 -2.265028
v -0.009376 0.031716 -2.141860
v -0.241353 -0.552552 1.056703
v -0.257830 -0.465475 1.033178
v -0.351769 -0.494959 0.686191
v -0.335841 -0.478155 0.884328
v -0.326624 -0.623892 0.710325
v -0.310870 -0.590469 0.904031
v -0.341026 -0.623148 0.525750
v -0.376648 -0.557653 0.446180
v -0.295631 -0.472490 1.002043
v -0.274678 -0.560381 1.022178
v -0.366303 -0.535212 0.510958
v -0.221950 -0.562698 1.027507
v -0.241603 -0.459574 1.068256
v -0.246597 -0.437575 1.077887
v -0.213279 -0.591436 0.989665
v -0.023429 -0.155444 -1.297742
v -0.013147 -0.243836 -1.850462
v -0.017033 -0.204011 -1.619949
v -0.020642 -0.167388 -1.411238
v -0.009192 -0.262975 -2.094018
v -0.003672 -0.271482 -2.224730
v -0.252448 -0.411333 0.208533
v -0.252448 -0.409575 0.349329
v -0.246783 -0.419884 1.149090
v -0.163142 -0.252521 -1.034275
v -0.233317 -0.418596 1.283279
v -0.105847 -0.170803 -1.160824
v -0.200576 -0.330599 -0.811866
v -0.223805 -0.381042 -0.473543
v -0.242558 -0.401753 -0.151825
v -0.252053 -0.411557 0.063809
v -0.252444 -0.415924 0.545441
v -0.252188 -0.416959 0.806005
v -0.213787 -0.384214 1.512720
v -0.194908 -0.340394 1.764855
v -0.155892 -0.289768 2.111790
v -0.048887 -0.115578 -1.263571
v -0.152001 -0.163901 2.187589
v -0.140221 -0.272499 2.194218
v -0.146369 -0.126137 2.188014
v -0.090792 -0.274342 2.265469
v -0.090314 -0.204005 2.280986
v -0.087703 -0.251657 2.278566
v -0.118460 -0.248634 2.244000
v -0.033528 -0.254217 2.317297
v -0.107721 -0.182328 2.260366
v -0.120177 -0.206438 2.246503
v -0.038788 -0.167706 2.311832
v -0.085181 -0.284083 2.263528
v -0.140948 -0.243396 2.209105
v -0.036786 -0.293480 2.287220
v -0.097918 -0.292801 2.238147
v -0.107513 -0.237727 2.221110
v -0.121041 -0.233441 2.200967
v -0.031723 -0.216108 2.297159
v -0.132373 -0.226070 2.182953
v -0.107821 -0.217747 2.222704
v -0.032024 -0.242042 2.294737
v -0.081143 -0.216493 2.258572
v -0.081284 -0.240635 2.256116
v -0.098990 -0.239257 2.187772
v -0.031925 -0.214180 2.263805
v -0.118754 -0.225726 2.149616
v -0.109745 -0.234282 2.167630
v -0.032165 -0.244242 2.261380
v -0.077744 -0.214609 2.225234
v -0.077856 -0.242633 2.222779
v -0.099235 -0.216064 2.189367
v -0.102053 -0.218676 2.207369
v -0.078525 -0.239532 2.240781
v -0.078401 -0.217534 2.243237
v -0.031596 -0.240815 2.279403
v -0.113700 -0.232977 2.185632
v -0.123684 -0.226261 2.167618
v -0.031331 -0.217183 2.281824
v -0.101781 -0.236882 2.205775
v -0.084848 -0.243528 2.270615
v -0.084801 -0.213675 2.273073
v -0.032745 -0.245256 2.309238
v -0.114796 -0.215230 2.237211
v -0.142410 -0.225054 2.197439
v -0.032482 -0.213109 2.311654
v -0.129589 -0.234979 2.215474
v -0.114356 -0.240046 2.235622
v -0.132862 -0.220188 2.211903
v -0.116200 -0.222542 2.182060
v -0.112000 -0.220989 2.164058
v -0.123878 -0.221989 2.197395
v -0.038537 -0.159644 2.304141
v -0.110626 -0.176300 2.250548
v -0.136666 -0.207540 2.221680
v -0.090370 -0.264086 2.278874
v -0.034642 -0.269823 2.318762
v -0.139333 -0.229705 2.201543
v -0.121316 -0.228999 2.171784
v -0.116617 -0.229215 2.153781
v -0.129685 -0.229076 2.187119
v -0.035564 -0.278838 2.308787
v -0.132751 -0.245865 2.224032
v -0.116312 -0.264062 2.244523
v -0.091095 -0.270449 2.271362
v -0.128710 -0.266720 2.221846
v -0.126982 -0.259525 2.234164
v -0.183115 -0.327049 1.892191
v -0.203960 -0.238042 1.967903
v -0.211610 -0.223260 1.916945
v -0.197230 -0.229075 2.017010
v -0.064344 0.361862 1.747906
v -0.059516 -0.531179 1.888901
v -0.208513 -0.006317 1.921144
v -0.158241 0.135535 1.890837
v -0.142132 -0.445163 1.883074
v -0.133464 -0.407801 2.007545
v -0.137820 -0.426911 1.945723
v -0.143651 0.063298 2.032741
v -0.150855 0.105911 1.961248
v -0.199238 0.003297 1.972549
v -0.194681 -0.103121 2.072429
v -0.055366 -0.478240 2.014108
v -0.057482 -0.504993 1.951781
v -0.191025 -0.011349 2.028739
v -0.194770 -0.157195 2.069059
v -0.217204 -0.189133 1.886581
v -0.193880 -0.202213 2.048816
v -0.219128 -0.084054 1.874093
v -0.190144 -0.050521 2.061010
v -0.169248 -0.312734 2.016403
v -0.176163 -0.325120 1.955691
v -0.060214 0.261915 1.878807
v -0.058052 0.202260 1.951093
v -0.177481 -0.042061 2.084686
v -0.180817 -0.222744 2.066735
v -0.183314 -0.169152 2.093050
v -0.183187 -0.107591 2.099487
v -0.197815 0.038528 1.904416
v -0.202019 -0.257094 1.904800
v -0.209255 0.002390 1.861638
v -0.214216 -0.138652 1.838560
v -0.214154 -0.061945 1.840873
v -0.210729 -0.211015 1.859658
v -0.177838 0.016171 2.039295
v -0.187438 0.041184 1.969576
v -0.184305 -0.258200 2.023584
v -0.192912 -0.269560 1.965606
v -0.193251 -0.261916 1.964646
v -0.185173 -0.250861 2.022079
v -0.188218 0.031763 1.970751
v -0.178768 0.010220 2.038114
v -0.209298 -0.205199 1.866188
v -0.212027 -0.070278 1.848474
v -0.212093 -0.141217 1.846287
v -0.208010 -0.009085 1.869206
v -0.202147 -0.246734 1.905621
v -0.198665 0.026063 1.908111
v -0.183061 -0.104773 2.093368
v -0.183170 -0.165966 2.087244
v -0.181476 -0.217768 2.061731
v -0.177734 -0.041550 2.079444
v -0.178805 -0.042457 2.076455
v -0.182859 -0.214234 2.059376
v -0.184033 -0.163942 2.083853
v -0.183930 -0.103591 2.089549
v -0.199493 0.017059 1.911194
v -0.202995 -0.240259 1.906209
v -0.208473 -0.018251 1.873197
v -0.212060 -0.142109 1.850092
v -0.211993 -0.075674 1.852165
v -0.209673 -0.200455 1.868964
v -0.179823 0.006459 2.036905
v -0.189041 0.025731 1.971394
v -0.186662 -0.246567 2.020818
v -0.194298 -0.257417 1.963865
v -0.218651 -0.040837 1.924725
v -0.222083 -0.136405 1.920897
v -0.222015 -0.083829 1.920475
v -0.220078 -0.188064 1.924078
v -0.206172 -0.193951 2.019912
v -0.213528 -0.195355 1.973182
v -0.207586 -0.098334 2.033268
v -0.215415 -0.086028 1.978148
v -0.207673 -0.147842 2.031345
v -0.215502 -0.140580 1.977029
v -0.203333 -0.050000 2.025712
v -0.211395 -0.037773 1.974879
v -0.216151 -0.036763 1.889810
v -0.219189 -0.139116 1.873327
v -0.246686 -0.463257 1.062510
v -0.229521 -0.555980 1.035531
v -0.220573 -0.602066 1.051982
v -0.246612 -0.462027 1.032765
v -0.255551 -0.416167 1.046189
v -0.228800 -0.555203 1.065537
v -0.017106 0.280118 -1.181933
v -0.037916 0.685356 0.285783
v -0.037725 0.655953 -0.168643
v -0.037204 0.659254 0.945197
v -0.037494 0.469789 -0.836955
v -0.019488 0.647990 1.070431
v -0.037916 0.687238 0.515697
v -0.037916 0.677985 0.759358
v -0.037673 0.602136 -0.510112
v -0.035289 0.334818 -1.066693
v -0.037916 0.680674 0.162335
v -0.037908 0.676251 0.063836
v -0.043962 -0.792637 0.932717
v -0.033789 -0.801541 0.846589
v -0.032079 -0.796219 0.960766
v -0.007123 -0.813345 0.846587
v -0.008299 -0.809957 0.927830
v -0.032033 -0.798408 0.929201
v -0.008292 -0.808481 0.960768
v -0.044019 -0.797051 0.832622
v -0.044019 -0.789956 0.974046
v -0.048859 -0.845964 0.904648
v -0.057478 -0.843696 0.905874
v 0.048023 -0.845720 0.904705
v 0.058352 -0.843105 0.905895
v -0.051215 -0.824199 0.842383
v -0.059485 -0.822091 0.843313
v -0.048860 -0.856445 0.926071
v -0.057553 -0.853660 0.926604
v 0.060394 -0.821336 0.843768
v 0.050391 -0.824038 0.842901
v 0.048024 -0.856124 0.925761
v 0.058409 -0.853356 0.926779
v -0.073275 -0.882205 0.726225
v -0.074796 -0.881997 0.732994
v 0.073013 -0.881845 0.725836
v 0.074835 -0.881529 0.733266
v -0.073276 -0.852852 0.648856
v -0.074762 -0.852587 0.654795
v -0.073276 -0.894908 0.789640
v -0.074809 -0.894317 0.796323
v 0.074810 -0.852223 0.656138
v 0.073013 -0.852675 0.649069
v 0.073013 -0.894400 0.788799
v 0.074845 -0.893982 0.796259
v 0.068287 -0.835431 0.695851
v 0.063561 -0.829532 0.775859
v 0.070535 -0.827580 0.778794
v 0.072672 -0.834229 0.700853
v 0.068002 -0.878552 0.887653
v 0.070507 -0.890041 0.841604
v 0.075681 -0.888839 0.846916
v 0.076518 -0.876568 0.890818
v 0.070507 -0.876230 0.804402
v 0.068001 -0.865189 0.849326
v 0.076471 -0.863340 0.852597
v 0.075653 -0.875147 0.809752
v -0.069929 -0.828204 0.778042
v -0.072345 -0.834723 0.699806
v -0.075292 -0.875656 0.809564
v -0.075787 -0.863890 0.852492
v -0.068719 -0.865471 0.849419
v -0.070997 -0.876550 0.804643
v -0.068720 -0.835603 0.695537
v -0.064163 -0.829698 0.775443
v -0.075849 -0.876882 0.890723
v -0.075329 -0.889164 0.846901
v -0.070998 -0.890486 0.842268
v -0.068720 -0.878936 0.888140
vn 0.4093 0.4865 0.7719
vn 0.4672 -0.6792 0.5660
vn 0.8974 0.3025 -0.3213
vn 0.8118 -0.3551 -0.4636
vn 0.8043 0.4870 -0.3406
vn 0.8465 0.4831 -0.2237
vn 0.8599 0.4976 -0.1138
vn 0.8499 0.5218 -0.0737
vn 0.8511 0.5249 0.0011
vn 0.8527 0.5220 0.0209
vn 0.8466 0.5300 0.0486
vn 0.7909 0.5694 0.2243
vn 0.7640 0.5620 0.3170
vn 0.5075 0.6364 0.5809
vn 0.6170 -0.6722 0.4091
vn 0.7481 -0.6105 0.2601
vn 0.7669 -0.6093 0.2016
vn 0.1398 -0.3994 -0.9060
vn 0.7695 -0.6384 0.0141
vn 0.7757 -0.6297 -0.0424
vn 0.7908 -0.6075 -0.0747
vn 0.7976 -0.5930 -0.1104
vn 0.7858 -0.5783 -0.2193
vn 0.7266 -0.5458 -0.4173
vn 0.6096 0.2736 0.7440
vn 0.5703 0.1215 0.8124
vn 0.9194 -0.0785 -0.3854
vn 0.9197 0.1279 -0.3713
vn 0.8159 -0.3982 0.4192
vn 0.8361 0.3336 0.4355
vn 0.9828 -0.1603 0.0922
vn 0.9456 0.2712 0.1798
vn 0.9861 -0.1331 0.0990
vn 0.9624 0.2389 0.1296
vn 0.0756 0.3184 -0.9449
vn 0.9834 0.1811 0.0079
vn 0.9943 -0.1069 -0.0010
vn 0.9845 0.1755 0.0044
vn 0.9943 -0.1064 -0.0024
vn 0.9846 0.1750 0.0041
vn 0.9925 -0.1132 -0.0452
vn 0.9823 0.1791 -0.0553
vn 0.9907 -0.1205 -0.0634
vn 0.9799 0.1830 -0.0791
vn 0.9867 -0.1395 -0.0837
vn 0.9720 0.2052 -0.1145
vn 0.9554 -0.1775 -0.2359
vn 0.9389 0.2434 -0.2435
vn 0.9910 0.1324 -0.0217
vn 0.9628 0.2702 -0.0035
vn -0.0000 -0.9986 -0.0523
vn -0.0000 -1.0000 0.0017
vn -0.0000 0.9738 -0.2272
vn -0.0000 -0.2211 -0.9753
vn -0.0000 0.5061 0.8625
vn -0.0000 0.5703 0.8215
vn -0.0000 0.9997 -0.0245
vn -0.0000 0.1170 0.9931
vn -0.0000 0.8193 -0.5734
vn -0.0000 -0.9819 0.1893
vn -0.0000 -0.7497 -0.6618
vn 0.9979 0.0533 -0.0381
vn -0.0000 -0.9987 0.0505
vn -0.0000 0.9513 0.3083
vn -0.0000 0.8932 0.4497
vn -0.0000 0.7297 0.6838
vn -0.0000 -0.8544 0.5196
vn -0.0000 -0.7166 0.6975
vn -0.0000 -0.9262 0.3771
vn -0.0000 -0.9582 0.2861
vn -0.0000 0.9859 -0.1672
vn -0.0000 -0.9994 0.0357
vn 0.7431 -0.3424 -0.5749
vn 0.7924 0.3776 -0.4791
vn 0.8401 0.1702 -0.5150
vn 0.8325 -0.1125 -0.5424
vn -0.0000 0.8045 -0.5940
vn 0.7783 -0.6272 -0.0298
vn 0.8013 0.5683 0.1867
vn 0.7789 -0.6200 0.0939
vn 0.9729 0.2078 0.1013
vn 0.9888 -0.1158 0.0944
vn -0.0000 -0.9933 0.1157
vn -0.0000 0.9689 0.2473
vn 0.5867 0.6913 -0.4218
vn 0.5273 0.8386 -0.1365
vn 0.5496 0.7726 -0.3178
vn 0.4658 0.8802 0.0906
vn 0.4694 0.8823 0.0351
vn 0.4663 0.8846 -0.0072
vn 0.4907 0.8678 -0.0789
vn 0.4620 0.8743 0.1489
vn 0.6555 0.6322 -0.4132
vn 0.8001 0.4346 -0.4136
vn 0.6750 -0.4532 -0.5822
vn 0.8603 0.2155 -0.4620
vn 0.8412 -0.1671 -0.5143
vn 0.5472 -0.3322 0.7683
vn 0.9807 0.1896 0.0466
vn 0.6237 0.1817 0.7602
vn 0.8322 0.5429 0.1130
vn -0.0000 -0.9981 0.0618
vn 0.9967 0.0785 -0.0210
vn 0.9659 0.2588 -0.0104
vn -0.0000 0.9998 -0.0192
vn 0.9215 0.3879 -0.0195
vn -0.0000 0.9991 -0.0429
vn 0.8974 0.4412 -0.0018
vn -0.0000 1.0000 -0.0028
vn 0.8905 0.4545 0.0231
vn -0.0000 0.9990 0.0447
vn 0.8711 0.4863 0.0687
vn -0.0000 0.9904 0.1380
vn -0.0000 0.9341 0.3571
vn -0.0000 -0.6905 -0.7233
vn 0.9985 0.0449 -0.0317
vn 0.8430 0.5200 0.1375
vn 0.9935 -0.0519 -0.1009
vn 0.9944 -0.0399 -0.0980
vn 0.8484 0.5290 -0.0177
vn 0.7771 -0.6294 -0.0055
vn 0.9842 0.1768 -0.0021
vn 0.9941 -0.1081 0.0016
vn -0.0000 -0.9999 -0.0143
vn 0.4695 0.8823 -0.0350
vn -0.0000 1.0000 -0.0085
vn 0.9046 0.4263 -0.0055
vn 0.7813 -0.3404 -0.5231
vn 0.6776 -0.4925 -0.5461
vn 0.6266 -0.6383 -0.4472
vn 0.5749 -0.7772 -0.2559
vn 0.5166 -0.8483 -0.1166
vn 0.4723 -0.8784 -0.0733
vn 0.4352 -0.8995 -0.0393
vn 0.7869 -0.6168 -0.0173
vn 0.9841 0.1772 -0.0119
vn 0.9940 -0.1090 -0.0019
vn 0.4752 0.8788 -0.0424
vn -0.0000 0.9999 -0.0124
vn 0.9102 0.4141 -0.0069
vn 0.8478 0.5295 -0.0303
vn -0.0000 -0.9988 -0.0480
vn 0.8269 -0.5586 -0.0648
vn -0.0000 -0.9940 -0.1091
vn 0.9756 -0.2168 -0.0341
vn -0.0000 -0.9975 -0.0714
vn 0.9987 -0.0432 -0.0286
vn -0.0000 0.8667 -0.4988
vn 0.9990 -0.0300 -0.0331
vn -0.0000 -0.9963 0.0861
vn 0.9954 0.0585 -0.0755
vn 0.7221 -0.6909 0.0345
vn 0.9862 -0.1641 -0.0231
vn -0.0000 -0.9883 -0.1528
vn 0.9972 -0.0674 -0.0323
vn -0.0000 -0.8799 -0.4752
vn -0.0000 -0.1368 -0.9906
vn -0.0000 0.7154 -0.6987
vn 0.9988 -0.0150 -0.0460
vn 0.9942 0.0740 -0.0778
vn 0.9648 -0.2181 -0.1469
vn -0.0000 -0.9785 0.2061
vn 0.9637 -0.1824 -0.1949
vn 0.9674 -0.0776 -0.2412
vn 0.9534 -0.2882 -0.0898
vn 0.8083 -0.5842 0.0737
vn -0.0000 0.4501 -0.8930
vn 0.9147 -0.4032 -0.0266
vn 0.9372 -0.3459 -0.0456
vn -0.0000 -0.2611 -0.9653
vn 0.9821 0.0605 -0.1784
vn 0.9688 0.2452 -0.0347
vn 0.9775 0.1798 -0.1106
vn 0.9743 0.2102 -0.0804
vn 0.9469 0.3213 0.0140
vn 0.9491 0.3150 -0.0024
vn 0.9612 0.2751 -0.0198
vn -0.0000 0.8393 0.5437
vn 0.9040 0.3948 0.1642
vn 0.9357 0.3500 0.0435
vn 0.9527 0.3036 -0.0085
vn 0.9560 0.2931 -0.0096
vn 0.9982 -0.0198 -0.0563
vn 0.9985 0.0181 -0.0526
vn 0.9898 -0.1379 -0.0360
vn 0.9990 -0.0130 -0.0421
vn -0.0000 -0.9528 -0.3037
vn -0.0000 -0.2603 -0.9655
vn -0.0000 -0.4130 -0.9108
vn -0.0000 0.4237 -0.9058
vn -0.0000 -0.9788 0.2047
vn 0.9671 -0.2519 0.0364
vn 0.9822 -0.1863 0.0248
vn 0.9900 -0.1408 -0.0032
vn -0.0000 0.9632 0.2688
vn -0.0000 0.9859 0.1672
vn -0.0000 0.9926 -0.1210
vn 0.9999 0.0052 -0.0159
vn 0.9999 0.0028 -0.0158
vn 0.9999 -0.0009 -0.0171
vn 0.9999 -0.0034 -0.0140
vn 0.9999 -0.0040 -0.0168
vn 0.9998 -0.0041 -0.0169
vn 0.9986 0.0506 -0.0143
vn 0.9974 0.0726 0.0007
vn 0.9938 0.1102 0.0166
vn -0.0000 -0.9941 0.1084
vn 0.9995 -0.0067 -0.0294
vn 0.9857 0.1653 0.0324
vn 0.9505 -0.3106 0.0115
vn -0.0000 0.9403 0.3403
vn 0.9996 0.0120 -0.0268
vn 0.7785 -0.6148 0.1262
vn 0.7921 -0.6101 0.0190
vn 0.9930 -0.1180 -0.0042
vn 0.9932 -0.1095 0.0404
vn 0.9308 -0.2992 0.2098
vn 0.9579 -0.2821 -0.0539
vn 0.9786 -0.2058 0.0039
vn 0.9766 -0.2128 -0.0300
vn 0.8609 -0.3293 0.3878
vn -0.9367 0.1114 -0.3320
vn -0.8757 0.3515 -0.3310
vn 0.9274 -0.1021 0.3599
vn 0.8721 -0.4847 -0.0676
vn -0.9672 0.2364 -0.0934
vn -0.8200 0.4478 -0.3564
vn 0.9627 -0.2371 0.1302
vn -0.9839 0.1421 -0.1081
vn -0.9838 0.1659 -0.0673
vn -0.9164 0.3502 -0.1936
vn -0.9394 0.3300 -0.0926
vn 0.9795 -0.1559 0.1277
vn 0.9850 -0.1477 0.0888
vn 0.9372 -0.3182 0.1431
vn 0.9303 -0.3646 0.0394
vn -0.5710 0.3163 -0.7576
vn 0.6762 0.1126 0.7280
vn 0.6273 -0.3133 0.7130
vn -0.6773 -0.1120 -0.7272
vn 0.5573 -0.1395 0.8185
vn 0.9257 0.0080 -0.3781
vn 0.9255 0.0116 -0.3787
vn 0.8157 -0.2638 0.5148
vn 0.8340 -0.0418 0.5502
vn 0.9960 -0.0362 0.0817
vn 0.9963 0.0005 0.0861
vn 0.9965 -0.0318 0.0768
vn 0.9974 0.0021 0.0721
vn 1.0000 -0.0047 0.0007
vn 1.0000 0.0001 0.0012
vn 1.0000 -0.0054 -0.0002
vn 1.0000 -0.0000 -0.0000
vn 1.0000 -0.0054 -0.0001
vn 0.9991 -0.0082 -0.0417
vn 0.9991 -0.0018 -0.0414
vn 0.9982 -0.0095 -0.0587
vn 0.9983 -0.0028 -0.0588
vn 0.9975 -0.0105 -0.0698
vn 0.9975 -0.0028 -0.0700
vn 0.9796 -0.0148 -0.2006
vn 0.9794 -0.0055 -0.2018
vn -0.0000 -0.1134 0.9936
vn 0.8489 0.0083 -0.5284
vn 0.8517 0.0033 -0.5240
vn 0.9983 0.0034 0.0585
vn 0.9976 -0.0093 0.0690
vn 0.8758 -0.0045 -0.4827
vn 0.8777 -0.0119 -0.4790
vn 0.9995 0.0025 0.0310
vn 0.9995 -0.0010 0.0330
vn 1.0000 -0.0055 0.0001
vn 1.0000 -0.0001 -0.0024
vn 1.0000 -0.0057 -0.0024
vn 0.9985 0.0286 -0.0470
vn 0.9978 0.0357 -0.0561
vn -0.0000 0.5989 -0.8008
vn -0.0000 0.5610 -0.8278
vn 0.9999 -0.0008 -0.0167
vn 0.9999 -0.0010 -0.0169
vn 0.9999 -0.0015 -0.0168
vn 0.9999 -0.0017 -0.0169
vn 0.9999 0.0012 -0.0168
vn 0.9999 0.0008 -0.0152
vn 0.9996 0.0004 -0.0298
vn 0.9995 0.0001 -0.0303
vn 0.5023 0.6122 0.6106
vn 0.5461 -0.6825 0.4858
vn 0.7910 0.3563 0.4973
vn 0.9485 -0.2193 0.2287
vn -0.0000 -0.8191 0.5736
vn -0.0000 0.7029 0.7113
vn 0.9415 0.0085 0.3370
vn 0.9591 -0.1075 0.2620
vn 0.7228 -0.5030 0.4738
vn 0.6316 -0.0257 0.7748
vn 0.8558 0.0743 0.5120
vn 0.8988 -0.2138 0.3827
vn 0.4860 0.5603 0.6708
vn 0.7643 0.2658 0.5875
vn -0.0000 0.6671 0.7450
vn 0.5110 -0.6713 0.5369
vn -0.0000 -0.7571 0.6534
vn 0.9258 0.0246 -0.3772
vn 0.8314 0.1825 0.5249
vn 0.9933 0.0566 0.1012
vn 0.9959 0.0420 0.0799
vn 0.9999 0.0135 0.0013
vn 0.9999 0.0132 0.0001
vn 0.9999 0.0129 0.0003
vn 0.9990 0.0132 -0.0419
vn 0.9981 0.0137 -0.0599
vn 0.9972 0.0164 -0.0726
vn 0.9788 0.0176 -0.2038
vn 0.9977 0.0278 -0.0613
vn 0.8472 0.0256 -0.5307
vn 0.9977 0.0237 0.0630
vn 0.8746 0.0169 -0.4845
vn 0.9994 0.0160 0.0314
vn 0.9999 0.0128 -0.0001
vn 0.9999 0.0127 -0.0030
vn -0.0000 0.5331 -0.8460
vn 0.9999 -0.0002 -0.0166
vn 0.9999 -0.0010 -0.0167
vn 0.9998 0.0007 -0.0181
vn 0.9996 0.0014 -0.0291
vn 0.9032 0.1378 0.4065
vn 0.8943 -0.1832 -0.4082
vn 0.8966 -0.3752 0.2355
vn 0.9529 -0.2708 0.1369
vn 0.9630 -0.2399 0.1230
vn 0.9767 -0.2144 0.0125
vn 0.9790 -0.2036 0.0052
vn 0.9796 -0.2009 -0.0098
vn 0.9753 -0.2140 -0.0541
vn 0.9718 -0.2231 -0.0762
vn 0.9594 -0.2550 -0.1205
vn 0.9028 -0.3166 -0.2912
vn 0.7974 -0.2349 -0.5559
vn 0.9648 -0.2460 0.0930
vn 0.7880 -0.3072 -0.5335
vn 0.9689 -0.2377 0.0693
vn 0.9787 -0.2054 0.0012
vn 0.9782 -0.2076 -0.0048
vn 0.9979 -0.0492 -0.0426
vn -0.0000 -0.7811 -0.6244
vn 0.9998 -0.0123 -0.0156
vn 0.9998 -0.0093 -0.0158
vn 0.9998 -0.0093 -0.0148
vn 0.9994 -0.0212 -0.0274
vn 0.0944 -0.0501 -0.9943
vn 0.6039 -0.0869 0.7923
vn 0.9720 -0.2120 0.1011
vn 0.9800 -0.1976 -0.0244
vn -0.9054 0.2266 -0.3591
vn 0.9061 -0.2282 0.3561
vn -0.8866 0.4173 -0.1997
vn 0.8994 -0.4343 0.0500
vn 0.9650 -0.2383 0.1091
vn 0.9580 -0.2671 0.1047
vn -0.9653 0.2375 -0.1084
vn -0.9582 0.2653 -0.1069
vn -0.6132 0.0911 -0.7846
vn 0.6829 -0.1116 0.7219
vn 0.8256 -0.4594 0.3277
vn 0.8565 0.1245 0.5009
vn 0.6881 -0.5002 0.5256
vn 0.7286 0.1628 0.6653
vn 0.7025 -0.3097 0.6407
vn 0.4138 0.6822 0.6028
vn -0.0000 -0.5918 0.8061
vn 0.4740 -0.7609 0.4431
vn 0.4311 -0.6444 0.6316
vn -0.0000 0.6684 0.7438
vn 0.4812 0.7292 0.4865
vn -0.0000 0.5171 0.8559
vn 0.5814 0.4652 0.6675
vn 0.8434 0.0775 0.5316
vn 0.5360 -0.7024 0.4684
vn 0.5052 0.6915 0.5163
vn -0.0000 -0.7103 0.7039
vn 0.8337 0.0588 0.5491
vn 0.4780 -0.5822 0.6577
vn -0.7261 0.5653 0.3915
vn 0.0286 0.9975 0.0650
vn -0.0000 -0.9968 0.0804
vn 0.0191 -0.9987 0.0479
vn 0.0427 -0.9974 0.0578
vn -0.0000 0.9956 0.0935
vn -0.0290 0.9977 0.0605
vn -0.1140 -0.9895 0.0888
vn -0.1588 0.9822 0.1000
vn -0.9214 0.3051 0.2407
vn -0.2214 0.9581 -0.1820
vn -0.0962 -0.9793 -0.1778
vn -0.3112 -0.9431 -0.1170
vn -0.1770 -0.9697 -0.1685
vn -0.1273 0.9708 -0.2034
vn -0.3886 0.9160 -0.1002
vn -0.4720 -0.8816 -0.0094
vn -0.4955 0.8686 0.0075
vn -0.3081 0.9447 -0.1125
vn -0.3929 0.9194 -0.0181
vn -0.1429 -0.9769 -0.1586
vn -0.0000 -0.9869 -0.1615
vn -0.8354 0.5006 0.2269
vn -0.3673 -0.9294 -0.0366
vn -0.0000 0.9825 -0.1863
vn -0.1779 0.9686 -0.1735
vn -0.2504 -0.9605 -0.1216
vn 0.0772 0.9845 0.1572
vn -0.0790 0.9804 0.1806
vn -0.6886 0.5338 0.4909
vn 0.1319 -0.9741 0.1837
vn -0.0000 -0.9757 0.2192
vn -0.0219 -0.9851 0.1708
vn 0.1251 -0.9822 0.1401
vn -0.0000 0.9729 0.2313
vn 0.1190 0.9736 0.1946
vn -0.0000 0.7521 0.6591
vn 0.6297 -0.5549 0.5437
vn 0.5676 0.5534 0.6096
vn 0.8508 0.2104 0.4816
vn -0.2275 -0.9643 0.1357
vn -0.5211 -0.8489 0.0888
vn -0.4205 -0.9053 0.0594
vn -0.1633 -0.9642 0.2091
vn -0.0000 -0.9410 0.3385
vn 0.3977 -0.8200 0.4116
vn 0.6093 -0.6797 0.4085
vn 0.5048 -0.6303 0.5899
vn 0.6413 -0.6706 0.3728
vn 0.8717 -0.2632 0.4134
vn 0.6384 -0.6185 0.4582
vn 0.6097 0.5557 0.5652
vn -0.2500 0.9586 0.1365
vn -0.5226 0.8476 0.0926
vn -0.4276 0.9016 0.0656
vn -0.1978 0.9585 0.2054
vn 0.6225 -0.7084 0.3325
vn -0.0000 -0.7028 0.7114
vn 0.7104 0.5549 0.4330
vn 0.7196 -0.6373 0.2758
vn 0.9485 0.3087 -0.0713
vn 0.9265 -0.3237 -0.1917
vn -0.0000 -0.9150 0.4035
vn -0.0000 0.7906 0.6123
vn 0.9528 0.0074 -0.3034
vn 0.9460 -0.1305 -0.2967
vn 0.9546 0.1494 -0.2578
vn 0.9384 -0.3139 0.1444
vn 0.6594 0.6027 0.4494
vn 0.5711 0.6432 0.5100
vn -0.0000 -0.9143 0.4050
vn -0.0000 -0.9104 0.4137
vn 0.9271 -0.3475 0.1403
vn 0.9158 -0.3634 0.1712
vn 0.6717 -0.6795 0.2951
vn 0.6957 -0.6615 0.2802
vn 0.8751 0.4184 0.2431
vn 0.9127 0.3980 0.0925
vn 0.8570 -0.4714 0.2081
vn 0.8940 -0.4481 -0.0041
vn -0.0000 0.7578 0.6525
vn -0.0000 0.7622 0.6473
vn 0.8969 0.1684 0.4089
vn 0.7105 0.4547 0.5371
vn 0.9481 -0.2332 0.2162
vn 0.9641 -0.1480 0.2203
vn 0.9525 -0.0203 0.3037
vn 0.8796 0.4342 0.1944
vn 0.9355 0.2927 0.1978
vn 0.9525 -0.2876 0.0999
vn 0.9772 -0.1971 0.0792
vn 0.9920 0.0525 0.1152
vn 0.9954 -0.0017 0.0962
vn 0.9957 -0.0304 0.0871
vn 0.7740 0.5312 0.3446
vn 0.9355 -0.3000 0.1865
vn 0.9954 0.0491 0.0820
vn 0.9960 0.0838 -0.0312
vn 0.9989 -0.0171 -0.0432
vn 0.9921 -0.0377 0.1194
vn 0.9971 0.0157 -0.0751
vn 0.9780 0.0501 0.2025
vn 0.9857 0.0463 0.1618
vn 0.9876 0.0310 0.1541
vn 0.9783 0.0288 0.2051
vn 0.9620 -0.0251 0.2719
vn 0.9485 0.0509 0.3128
vn 0.9459 -0.0154 0.3240
vn 0.9868 0.0349 0.1584
vn 0.9890 -0.0058 0.1477
vn 0.9828 0.1090 0.1488
vn 0.9822 -0.1109 0.1517
vn 0.9909 -0.0146 0.1335
vn 0.9830 0.0899 0.1600
vn 0.9862 -0.1093 0.1245
vn 0.9922 0.0309 0.1207
vn 0.9958 -0.0202 0.0897
vn 0.9822 0.0942 0.1624
vn 0.9778 0.1168 0.1739
vn 0.9572 -0.1754 0.2303
vn 0.9839 0.0913 0.1533
vn 0.9901 -0.0695 0.1216
vn 0.9941 0.0121 0.1081
vn 0.9716 -0.1641 0.1704
vn 0.9902 -0.0023 0.1393
vn 0.9467 -0.0119 0.3218
vn 0.9872 -0.0570 0.1486
vn 0.9347 -0.1465 0.3239
vn 0.9793 0.1028 0.1744
vn 0.9290 0.1470 0.3397
vn 0.9977 0.0018 -0.0675
vn 0.9935 0.0014 0.1134
vn 0.9959 -0.0559 -0.0712
vn 0.9921 -0.0392 0.1193
vn 0.9937 0.0883 -0.0692
vn 0.9886 0.0854 0.1240
vn 0.9522 -0.2488 0.1774
vn 0.9658 -0.2470 0.0786
vn 0.9343 0.2850 0.2142
vn 0.9480 0.2971 0.1143
vn 0.9032 0.2597 0.3416
vn 0.9051 -0.2703 0.3282
vn 0.9631 0.2674 -0.0295
vn 0.9723 -0.2220 -0.0727
vn 0.6910 -0.3757 0.6175
vn 0.8166 -0.3972 -0.4189
vn 0.8925 0.0391 -0.4493
vn 0.8160 0.1061 0.5683
vn 0.8084 -0.1660 -0.5647
vn 0.6989 -0.1194 0.7052
vn -0.0000 0.0304 -0.9995
vn 0.9242 0.3776 -0.0581
vn 0.9312 0.3111 -0.1898
vn 0.8838 0.4675 0.0184
vn 0.8868 0.4621 -0.0044
vn 0.8364 0.5192 0.1755
vn 0.9558 0.1691 -0.2407
vn 0.9245 0.3538 -0.1416
vn 0.9102 0.4128 -0.0342
vn -0.0000 0.8974 0.4412
vn 0.8690 0.4918 0.0546
vn 0.8930 0.4498 -0.0165
vn 0.8990 0.4375 -0.0185
vn 0.4601 0.5254 0.7158
vn 0.4577 -0.6343 0.6231
vn 0.7454 -0.3198 -0.5848
vn 0.9164 0.1761 -0.3594
vn 0.7992 0.4703 -0.3743
vn 0.8229 0.4851 -0.2958
vn 0.8597 0.4873 -0.1532
vn 0.8545 0.5110 -0.0938
vn 0.8496 0.5273 -0.0096
vn 0.8526 0.5225 0.0114
vn 0.8505 0.5249 0.0324
vn 0.7940 0.5721 0.2053
vn 0.7836 0.5666 0.2549
vn 0.5310 0.6443 0.5505
vn 0.5797 -0.6748 0.4566
vn 0.7343 -0.6229 0.2699
vn 0.7587 -0.6048 0.2419
vn 0.7148 -0.6960 0.0681
vn 0.7763 -0.6285 0.0475
vn 0.7713 -0.6358 -0.0296
vn 0.7891 -0.6125 -0.0466
vn 0.7938 -0.6007 -0.0946
vn 0.7970 -0.5860 -0.1461
vn 0.7623 -0.5669 -0.3121
vn 0.6129 0.5670 0.5503
vn 0.8912 0.3879 0.2352
vn 0.9164 0.3631 0.1683
vn 0.9526 0.3035 0.0210
vn 0.9555 0.2949 0.0102
vn 0.9551 0.2962 0.0041
vn 0.9520 0.2995 -0.0635
vn 0.9516 0.2929 -0.0929
vn 0.9383 0.3088 -0.1554
vn 0.8944 0.3490 -0.2799
vn 0.5013 0.3720 0.7812
vn 0.5149 0.4209 0.7468
vn 0.9064 -0.1442 -0.3971
vn 0.9249 0.0719 -0.3733
vn 0.9341 -0.2895 0.2090
vn 0.8350 0.2807 0.4732
vn 0.9691 -0.2198 0.1116
vn 0.9785 0.1561 0.1346
vn 0.9759 -0.1875 0.1115
vn 0.9868 0.1277 0.0996
vn 0.9834 -0.1814 0.0060
vn 0.9969 0.0791 0.0027
vn 0.9864 -0.1643 0.0009
vn 0.9970 0.0768 0.0013
vn 0.9865 -0.1636 -0.0054
vn 0.9971 0.0759 0.0020
vn 0.9834 -0.1746 -0.0494
vn 0.9958 0.0781 -0.0468
vn 0.9803 -0.1851 -0.0694
vn 0.9943 0.0828 -0.0669
vn 0.9715 -0.2144 -0.1011
vn 0.9916 0.0961 -0.0867
vn 0.9250 -0.2712 -0.2660
vn 0.9696 0.1133 -0.2171
vn 0.9604 0.2273 -0.1613
vn 0.9789 -0.1581 -0.1293
vn 0.9777 0.1901 -0.0888
vn 0.9897 -0.1272 -0.0663
vn 0.9809 0.1804 -0.0727
vn 0.9913 -0.1165 -0.0613
vn 0.9836 0.1778 -0.0293
vn 0.9937 -0.1104 -0.0189
vn 0.9846 0.1747 0.0050
vn 0.9944 -0.1059 -0.0027
vn 0.9841 0.1778 0.0043
vn 0.9939 -0.1101 -0.0000
vn 0.9825 0.1849 0.0207
vn 0.9956 -0.0931 0.0076
vn 0.9558 0.2552 0.1459
vn 0.9851 -0.1454 0.0913
vn 0.9334 0.2847 0.2184
vn 0.9796 -0.1777 0.0940
vn 0.7575 0.3988 0.5169
vn 0.9537 -0.2211 0.2040
vn 0.8553 0.1614 -0.4923
vn 0.8553 -0.0996 -0.5085
vn 0.6531 0.6385 -0.4071
vn 0.4793 -0.8776 0.0074
vn 0.3065 0.5323 0.7891
vn 0.7279 -0.4651 -0.5038
vn 0.3813 -0.6797 0.6266
vn -0.0000 0.5950 -0.8037
vn 0.4895 -0.8705 -0.0515
vn 0.9905 0.0006 -0.1378
vn 0.9921 -0.1044 -0.0702
vn 0.7198 0.6857 -0.1081
vn 0.4099 0.4190 0.8102
vn -0.0000 -0.9971 0.0761
vn 0.7570 0.5594 -0.3377
vn 0.4752 0.1139 0.8724
vn 0.8597 -0.3461 -0.3756
vn 0.9879 0.1466 -0.0509
vn -0.0000 -0.9971 -0.0766
vn 0.9047 -0.1959 -0.3783
vn 0.6461 0.7627 0.0301
vn 0.9903 -0.1379 -0.0186
vn 0.5752 0.7733 0.2669
vn 0.5714 0.7248 0.3849
vn 0.4173 0.6671 0.6172
vn 0.4477 -0.7637 0.4652
vn 0.5430 -0.7770 0.3185
vn 0.5556 -0.7954 0.2424
vn 0.7685 0.5895 -0.2489
vn 0.5226 -0.8510 0.0518
vn -0.0000 -0.9991 0.0423
vn -0.0000 0.8767 -0.4811
vn -0.0000 -0.9811 0.1935
vn -0.0000 -0.9977 -0.0678
vn -0.0000 -0.9377 0.3475
vn 0.9751 -0.2144 -0.0572
vn -0.0000 -0.8892 0.4575
vn -0.0000 -0.2760 0.9612
vn 0.5798 -0.2519 0.7749
vn -0.0000 0.7147 0.6995
vn -0.0000 0.8362 0.5484
vn -0.0000 0.9310 0.3649
vn 0.6478 0.7618 -0.0071
vn -0.0000 0.8993 -0.4373
vn 0.9551 0.2957 -0.0183
vn 0.8081 -0.5848 0.0705
vn -0.0000 -0.9924 0.1232
vn -0.0000 0.9957 -0.0931
vn -0.0000 0.6273 0.7788
vn -0.0000 0.8703 0.4925
vn -0.0000 0.7225 -0.6914
vn -0.0000 0.5152 0.8570
vn -0.0000 0.9134 -0.4070
vn -0.0000 -0.9992 -0.0402
vn 0.8849 0.4601 -0.0730
vn -0.0000 -0.9993 -0.0385
vn 0.6044 0.7798 0.1631
vn 0.7111 -0.4024 -0.5766
vn 0.8121 0.3528 -0.4647
vn 0.8425 0.1891 -0.5044
vn 0.8244 -0.1392 -0.5487
vn 0.7736 0.6336 -0.0131
vn 0.5125 -0.8578 -0.0398
vn 0.7096 -0.3949 -0.5835
vn 0.6697 0.5710 -0.4748
vn 0.8485 -0.0314 -0.5283
vn 0.8337 0.2387 -0.4980
vn 0.7856 -0.2697 -0.5569
vn 0.8162 0.5559 0.1574
vn 0.7741 -0.6173 0.1402
vn 0.9678 0.2227 0.1178
vn 0.9867 -0.1231 0.1064
vn -0.0000 -0.9971 0.0767
vn -0.0000 0.9634 0.2681
vn 0.5668 0.7948 0.2169
vn 0.5712 -0.8148 0.0989
vn 0.9956 -0.0450 0.0826
vn 0.9302 0.3405 0.1372
vn 0.9232 -0.3736 0.0905
vn 0.9247 0.3773 0.0499
vn 0.6526 0.7457 -0.1345
vn 0.6593 0.6914 -0.2952
vn 0.6150 0.7846 0.0788
vn 0.6199 0.7840 0.0319
vn 0.6164 0.7874 -0.0038
vn 0.6249 0.7765 -0.0813
vn 0.4608 0.8665 0.1920
vn 0.4633 0.8783 0.1184
vn 0.4806 0.8751 -0.0570
vn 0.5434 0.8136 -0.2068
vn 0.6280 0.6670 -0.4010
vn 0.7974 0.4004 -0.4515
vn 0.4687 0.8812 0.0620
vn 0.4676 0.8839 0.0127
vn 0.5570 0.7242 -0.4066
vn 0.5074 0.8557 -0.1021
vn 0.6532 0.5969 -0.4660
vn 0.9176 -0.3970 -0.0212
vn 0.6862 -0.5026 -0.5259
vn 0.9004 0.2382 -0.3639
vn 0.8992 -0.1829 -0.3974
vn 0.7602 -0.3572 -0.5426
vn 0.8479 0.3042 -0.4343
vn 0.8699 -0.0614 -0.4894
vn 0.7701 -0.6323 -0.0846
vn 0.7788 -0.6211 0.0874
vn 0.9774 0.1967 0.0772
vn 0.9915 -0.1102 0.0686
vn 0.8413 0.5354 0.0738
vn -0.0000 -0.9989 0.0471
vn 0.5537 -0.8290 0.0790
vn 0.9988 -0.0306 0.0382
vn 0.9458 0.3172 0.0702
vn 0.9266 -0.3464 0.1467
vn 0.6937 0.5885 -0.4153
vn 0.6047 0.7832 0.1449
vn 0.9994 0.0267 -0.0219
vn 0.8218 0.5697 -0.0122
vn 0.7724 0.6345 -0.0276
vn 0.7236 0.6902 -0.0017
vn 0.6989 0.7142 0.0374
vn 0.6826 0.7232 0.1051
vn -0.0000 0.9790 0.2039
vn -0.0000 0.9957 0.0923
vn -0.0000 0.9999 0.0112
vn -0.0000 0.9996 -0.0270
vn -0.0000 0.9992 -0.0393
vn 0.9653 0.2610 0.0001
vn 0.9941 -0.0608 -0.0894
vn 0.9981 0.0612 -0.0114
vn 0.6918 0.6860 0.2254
vn 0.8538 0.5109 0.1005
vn 0.9140 0.4055 -0.0125
vn 0.9919 0.1264 -0.0143
vn 0.9987 0.0241 -0.0454
vn 0.8825 0.4679 0.0462
vn 0.8947 0.4465 0.0059
vn 0.9981 0.0550 -0.0269
vn 0.9397 0.3413 -0.0201
vn 0.9512 -0.2043 -0.2314
vn -0.0000 0.4580 -0.8889
vn 0.9519 0.2583 -0.1652
vn 0.9730 0.2303 -0.0133
vn 0.9978 0.0284 -0.0595
vn 0.9965 0.0783 -0.0301
vn 0.9468 -0.1111 -0.3022
vn -0.0000 1.0000 -0.0023
vn -0.0000 -0.6625 -0.7490
vn 0.8477 0.5299 -0.0232
vn 0.7768 -0.6291 -0.0276
vn 0.9844 0.1760 0.0016
vn 0.9942 -0.1073 -0.0002
vn 0.4674 0.8837 -0.0249
vn -0.0000 1.0000 -0.0071
vn 0.9008 0.4342 -0.0046
vn 0.7409 0.6716 -0.0062
vn 0.9450 0.3270 -0.0066
vn 0.5016 -0.8649 -0.0209
vn 0.6148 0.7881 -0.0305
vn 0.9992 -0.0398 0.0007
vn 0.9539 0.3001 -0.0068
vn 0.9436 -0.3311 0.0005
vn 0.5601 -0.8234 -0.0913
vn 0.6016 -0.5222 -0.6045
vn 0.5824 -0.6609 -0.4732
vn 0.5826 -0.7688 -0.2637
vn 0.5592 -0.8199 -0.1228
vn 0.5364 -0.8402 -0.0800
vn 0.7337 -0.4360 -0.5211
vn 0.4264 -0.9043 -0.0201
vn 0.4508 -0.8912 -0.0506
vn 0.6027 -0.7139 -0.3565
vn 0.4938 -0.8643 -0.0956
vn 0.6454 -0.5554 -0.5243
vn 0.5444 -0.8225 -0.1644
vn 0.7659 -0.2501 -0.5923
vn 0.7817 -0.6237 0.0013
vn 0.9842 0.1771 -0.0061
vn 0.9941 -0.1085 0.0020
vn 0.4719 0.8809 -0.0382
vn -0.0000 1.0000 -0.0087
vn 0.9076 0.4198 -0.0057
vn 0.8481 0.5276 -0.0486
vn 0.6161 0.7866 -0.0413
vn 0.9487 0.3160 -0.0078
vn 0.7493 0.6622 -0.0084
vn 0.9992 -0.0404 -0.0021
vn 0.9534 0.3011 -0.0188
vn 0.9443 -0.3289 -0.0077
vn 0.5250 -0.8503 -0.0357
vn 0.7772 -0.6271 -0.0521
vn 0.9993 -0.0317 -0.0184
vn -0.0000 -0.9984 -0.0565
vn 0.9859 -0.1662 -0.0196
vn -0.0000 -0.9948 -0.1014
vn -0.0000 -0.9962 -0.0868
vn 0.9950 0.0756 -0.0648
vn 0.9996 -0.0158 -0.0218
vn -0.0000 -1.0000 0.0040
vn 0.9990 -0.0165 -0.0427
vn 0.5284 -0.8458 0.0732
vn 0.7451 -0.6670 0.0012
vn 0.9971 -0.0707 -0.0277
vn 0.8022 -0.5948 -0.0517
vn 0.9990 -0.0332 -0.0299
vn 0.9006 -0.4305 -0.0597
vn 0.9404 0.2857 -0.1844
vn 0.8756 -0.4789 -0.0636
vn 0.9482 -0.2900 -0.1294
vn -0.0000 -0.6579 -0.7531
vn -0.0000 -0.9486 -0.3164
vn -0.0000 0.4030 -0.9152
vn 0.9724 -0.0344 -0.2309
vn 0.9975 0.0254 -0.0664
vn 0.9927 -0.1160 -0.0322
vn 0.9984 -0.0430 -0.0357
vn 0.9252 0.2805 -0.2557
vn -0.0000 0.8523 -0.5230
vn 0.8444 -0.4411 -0.3041
vn -0.0000 -0.9817 0.1902
vn 0.9924 -0.0840 -0.0898
vn 0.9899 0.0018 -0.1419
vn 0.8137 -0.5532 -0.1784
vn 0.6151 -0.7882 0.0201
vn -0.0000 0.0806 -0.9967
vn 0.7207 -0.6913 -0.0518
vn 0.9400 -0.3385 -0.0423
vn 0.9654 -0.1934 -0.1750
vn 0.9287 -0.3689 -0.0379
vn 0.9448 -0.3218 -0.0618
vn 0.9290 0.1092 -0.3535
vn 0.9646 -0.1652 -0.2054
vn 0.6668 -0.7317 0.1416
vn 0.8874 -0.4609 0.0034
vn 0.9606 -0.2508 -0.1197
vn -0.0000 -0.5204 -0.8539
vn 0.9774 0.0792 -0.1961
vn 0.9713 0.2365 -0.0265
vn 0.9918 0.1083 -0.0680
vn 0.9683 0.2319 -0.0931
vn 0.9379 0.3466 0.0163
vn 0.9408 0.3389 -0.0021
vn 0.9620 0.2722 -0.0213
vn -0.0000 0.8303 0.5573
vn 0.8804 0.4459 0.1613
vn 0.9381 0.3439 0.0410
vn 0.9538 0.3002 -0.0099
vn 0.9571 0.2897 -0.0111
vn 0.9581 0.2860 -0.0138
vn 0.9545 0.2981 -0.0087
vn 0.9815 0.1497 -0.1190
vn 0.9721 0.2288 -0.0523
vn 0.9424 0.3333 0.0275
vn 0.9485 0.3169 0.0039
vn 0.8307 0.4789 0.2839
vn 0.9756 0.1930 -0.1047
vn 0.9283 0.3640 0.0765
vn 0.9650 0.2608 -0.0259
vn 0.9506 0.3102 -0.0065
vn 0.9528 -0.0537 -0.2989
vn 0.9984 -0.0153 -0.0542
vn 0.9986 -0.0358 -0.0397
vn 0.9984 0.0011 -0.0571
vn 0.9234 -0.3720 -0.0953
vn 0.9770 -0.0582 -0.2049
vn 0.9692 -0.0914 -0.2285
vn 0.9718 0.0888 -0.2185
vn -0.0000 -0.2473 -0.9689
vn -0.0000 0.2719 -0.9623
vn -0.0000 -0.8494 -0.5277
vn 0.9997 -0.0051 -0.0236
vn 0.9863 -0.0338 -0.1617
vn 0.9717 0.2210 -0.0830
vn -0.0000 -0.9737 0.2280
vn 0.9583 -0.2845 0.0286
vn 0.9753 -0.2176 0.0370
vn 0.9871 -0.1599 0.0093
vn -0.0000 0.9473 0.3203
vn -0.0000 0.9764 0.2159
vn -0.0000 0.9979 0.0651
vn 0.9999 0.0067 -0.0157
vn 0.9999 0.0040 -0.0159
vn 0.9999 0.0012 -0.0159
vn 0.9998 -0.0046 -0.0168
vn 0.9999 -0.0037 -0.0158
vn 0.9999 -0.0041 -0.0168
vn 0.9988 0.0399 -0.0287
vn 0.9981 0.0610 -0.0051
vn 0.9960 0.0887 0.0065
vn 0.9981 -0.0618 -0.0054
vn 0.9991 -0.0419 -0.0087
vn 0.9994 -0.0322 -0.0132
vn 0.9997 0.0228 -0.0112
vn 0.9998 0.0142 -0.0128
vn 0.9999 0.0073 -0.0149
vn 0.8210 -0.5610 0.1064
vn 0.8583 -0.5036 0.0987
vn 0.8967 -0.4419 0.0243
vn 0.9999 -0.0020 -0.0170
vn 0.9999 -0.0025 -0.0169
vn 0.9999 -0.0006 -0.0144
vn 0.8677 0.4779 0.1364
vn 0.9237 0.3777 0.0643
vn 0.9567 0.2900 -0.0254
vn -0.0000 -0.9888 0.1491
vn 0.9998 -0.0040 -0.0172
vn 0.9902 0.1362 0.0297
vn 0.9221 -0.3501 -0.1648
vn -0.0000 0.9728 0.2315
vn 0.9863 0.0565 -0.1547
vn 0.8046 0.5628 0.1897
vn 0.9995 -0.0021 -0.0300
vn 0.7921 -0.6078 0.0565
vn 0.9991 0.0390 -0.0171
vn 0.9960 -0.0877 -0.0185
vn 0.5846 -0.8091 0.0592
vn 0.0549 0.0154 -0.9984
vn 0.6800 0.7332 0.0024
vn 0.5799 -0.1274 0.8046
vn 0.5590 -0.3733 0.7404
vn 0.9187 -0.3937 -0.0317
vn 0.9837 -0.1796 -0.0018
vn 0.9836 -0.1798 0.0162
vn 0.8951 -0.4028 0.1911
vn 0.9389 -0.3076 -0.1541
vn 0.9847 -0.1421 -0.1009
vn 0.9864 -0.0993 0.1311
vn 0.9776 -0.2101 -0.0082
vn 0.9774 -0.2111 -0.0119
vn 0.9736 -0.2168 -0.0719
vn 0.9389 -0.3384 0.0636
vn -0.2379 -0.9437 0.2299
vn -0.9026 0.2462 -0.3533
vn 0.3118 0.9441 0.1070
vn 0.8991 -0.2435 0.3637
vn -0.7247 0.3226 -0.6089
vn 0.6432 0.1553 0.7498
vn 0.7405 -0.3103 0.5961
vn -0.4543 -0.2234 -0.8624
vn -0.2920 -0.6443 -0.7069
vn -0.8537 0.4195 -0.3085
vn 0.4383 0.4561 -0.7745
vn 0.8887 -0.4570 -0.0354
vn -0.9782 0.1947 -0.0718
vn -0.9271 0.3520 -0.1284
vn 0.9773 -0.1503 0.1491
vn 0.8997 -0.4361 -0.0210
vn -0.9747 0.1445 -0.1706
vn -0.9859 0.1448 -0.0836
vn -0.8649 0.4116 -0.2872
vn -0.9379 0.3225 -0.1276
vn 0.9721 -0.1847 0.1446
vn 0.9847 -0.1441 0.0978
vn 0.9159 -0.3314 0.2263
vn 0.9420 -0.3229 0.0913
vn 0.9607 -0.2494 0.1217
vn 0.9555 -0.2861 0.0720
vn -0.2347 -0.9550 0.1814
vn -0.2433 -0.9628 -0.1174
vn 0.2384 0.9708 -0.0261
vn 0.2778 0.9139 -0.2961
vn -0.9625 0.2526 -0.0987
vn -0.9513 0.2731 -0.1428
vn -0.4131 0.3351 -0.8468
vn 0.7895 0.0143 0.6136
vn 0.5832 -0.3197 0.7468
vn -0.8212 0.0060 -0.5706
vn -0.6062 0.1255 -0.7854
vn 0.6825 -0.1453 0.7162
vn -0.1269 -0.9910 0.0423
vn 0.2233 0.9747 -0.0014
vn 0.5907 0.2102 0.7791
vn 0.9252 -0.0178 -0.3789
vn 0.9256 0.0116 -0.3784
vn 0.9600 -0.1847 0.2104
vn 0.9627 -0.0992 0.2516
vn 0.9926 -0.0897 0.0820
vn 0.9964 -0.0089 0.0848
vn 0.9935 -0.0747 0.0859
vn 0.9973 -0.0081 0.0730
vn 0.9993 -0.0382 -0.0024
vn 1.0000 0.0001 0.0011
vn 0.9992 -0.0397 -0.0008
vn 0.9992 -0.0393 -0.0006
vn 0.9982 -0.0432 -0.0426
vn 0.9991 -0.0025 -0.0415
vn 0.9971 -0.0463 -0.0597
vn 0.9983 -0.0036 -0.0587
vn 0.9959 -0.0530 -0.0729
vn 0.9976 -0.0039 -0.0698
vn 0.9753 -0.0685 -0.2101
vn 0.9796 -0.0066 -0.2007
vn -0.0000 -0.3547 0.9350
vn 0.8477 0.0084 -0.5304
vn 0.8505 0.0083 -0.5259
vn 0.9983 0.0058 0.0588
vn 0.9981 0.0004 0.0610
vn 0.8747 -0.0043 -0.4846
vn 0.8772 -0.0046 -0.4802
vn 0.9995 0.0024 0.0308
vn 0.9995 0.0027 0.0315
vn 1.0000 -0.0000 -0.0024
vn 0.9989 0.0160 -0.0449
vn 0.9981 0.0327 -0.0513
vn 0.9999 -0.0008 -0.0168
vn 0.9999 -0.0015 -0.0167
vn 0.9998 0.0013 -0.0175
vn 0.9999 0.0011 -0.0160
vn 0.9996 0.0004 -0.0296
vn 0.9995 0.0004 -0.0301
vn 0.9861 0.0033 -0.1660
vn 0.9862 0.0050 -0.1655
vn 0.9999 -0.0013 -0.0162
vn 0.9999 -0.0012 -0.0166
vn 0.9999 -0.0014 -0.0168
vn 0.9999 -0.0012 -0.0167
vn 0.9999 -0.0005 -0.0171
vn 0.9999 -0.0003 -0.0168
vn 0.9637 0.1539 -0.2179
vn 0.9595 0.1671 -0.2268
vn 1.0000 -0.0054 -0.0000
vn 0.9987 0.0036 0.0515
vn 0.9984 -0.0024 0.0568
vn 0.9338 -0.0068 -0.3576
vn 0.9345 -0.0157 -0.3555
vn 0.9980 0.0027 0.0627
vn 0.9971 -0.0209 0.0738
vn 0.8483 0.0015 -0.5296
vn 0.8512 -0.0045 -0.5249
vn 0.4621 -0.1105 0.8799
vn 0.9998 0.0065 -0.0191
vn 0.9997 0.0083 -0.0227
vn 0.8696 0.0129 -0.4937
vn 0.8713 0.0083 -0.4907
vn 0.9968 0.0014 0.0802
vn 0.9962 -0.0367 0.0790
vn 1.0000 0.0009 0.0099
vn 0.9999 -0.0028 0.0101
vn 1.0000 -0.0053 -0.0002
vn 0.9999 -0.0006 -0.0167
vn 0.9998 -0.0065 -0.0170
vn 0.9983 -0.0027 -0.0574
vn 0.9983 -0.0094 -0.0574
vn 0.9983 -0.0027 -0.0590
vn 0.9982 -0.0096 -0.0589
vn 0.9943 -0.0037 -0.1064
vn 0.9943 -0.0123 -0.1057
vn 0.5021 0.6262 0.5964
vn 0.5243 -0.6796 0.5131
vn 0.7952 0.3134 0.5191
vn 0.9294 -0.2186 0.2973
vn -0.0000 -0.8311 0.5561
vn -0.0000 0.6859 0.7277
vn 0.9463 -0.0098 0.3232
vn 0.9627 -0.1328 0.2356
vn 0.9537 -0.0528 0.2962
vn 0.9240 0.0726 0.3755
vn 0.3504 0.6644 0.6601
vn 0.4426 -0.7328 0.5169
vn 0.9582 -0.1601 0.2371
vn 0.6740 0.4930 0.5502
vn 0.6927 -0.5892 0.4159
vn 0.7028 -0.5106 0.4953
vn 0.9405 -0.0884 0.3281
vn 0.7553 0.1562 0.6365
vn 0.8778 -0.2100 0.4306
vn 0.8235 -0.3766 0.4242
vn 0.9012 -0.0612 0.4290
vn 0.4974 0.5885 0.6373
vn 0.7097 0.2278 0.6666
vn -0.0000 0.6333 0.7739
vn 0.6695 0.4058 0.6222
vn 0.3130 0.6332 0.7079
vn 0.7463 -0.4925 0.4478
vn -0.0000 -0.7964 0.6048
vn 0.4333 -0.6936 0.5754
vn 0.6198 -0.6011 0.5045
vn 0.9254 0.0116 -0.3789
vn 0.9293 0.0781 0.3609
vn 0.9960 0.0124 0.0885
vn 0.9973 0.0107 0.0731
vn 0.9991 -0.0008 -0.0413
vn 0.9983 -0.0018 -0.0588
vn 0.9975 -0.0015 -0.0702
vn 0.9794 -0.0041 -0.2021
vn 0.9974 0.0385 -0.0606
vn 0.8454 0.0917 -0.5262
vn 0.9923 0.0972 0.0767
vn 0.8717 0.1042 -0.4789
vn 0.9959 0.0837 0.0356
vn 0.9971 0.0762 -0.0005
vn 0.9971 0.0761 -0.0064
vn -0.0000 0.0515 -0.9987
vn 0.9999 0.0014 -0.0165
vn 0.9999 0.0002 -0.0165
vn 0.9998 -0.0008 -0.0181
vn 0.9996 0.0048 -0.0283
vn 0.8643 0.2309 0.4469
vn 0.9939 0.0179 -0.1091
vn 0.9980 0.0147 -0.0609
vn 0.9982 0.0134 -0.0579
vn 0.9998 0.0128 -0.0174
vn 0.9999 0.0131 0.0002
vn 0.9999 0.0133 0.0001
vn 0.9998 0.0142 0.0101
vn 0.9947 0.0505 0.0901
vn 0.8973 0.1551 0.4133
vn 0.8682 0.0290 -0.4953
vn 0.8467 0.0207 -0.5317
vn 0.9971 0.0322 0.0695
vn 0.9331 0.0161 -0.3592
vn 0.9984 0.0188 0.0531
vn 0.9999 0.0128 0.0002
vn 0.9999 0.0127 -0.0004
vn 0.9867 0.0106 -0.1620
vn 0.9999 -0.0007 -0.0166
vn 0.9999 0.0002 -0.0167
vn 0.9658 0.1232 -0.2280
vn 0.9997 0.0064 -0.0254
vn 0.8738 -0.2361 -0.4252
vn 0.7982 -0.5142 0.3137
vn 0.9022 -0.3904 0.1833
vn 0.9177 -0.3679 0.1501
vn 0.9485 -0.3166 0.0025
vn 0.9428 -0.3332 0.0112
vn 0.9447 -0.3271 -0.0209
vn 0.9424 -0.3288 -0.0617
vn 0.9403 -0.3288 -0.0883
vn 0.9232 -0.3514 -0.1559
vn 0.8560 -0.3924 -0.3366
vn 0.8088 -0.1949 -0.5548
vn 0.9775 -0.1874 0.0969
vn 0.8044 -0.2632 -0.5327
vn 0.9809 -0.1867 0.0538
vn 0.9860 -0.1669 0.0019
vn 0.9857 -0.1685 -0.0027
vn 0.9953 -0.0839 -0.0480
vn -0.0000 -0.6625 -0.7491
vn 0.9998 -0.0059 -0.0168
vn 0.9998 -0.0053 -0.0166
vn 0.9999 -0.0057 -0.0143
vn 0.9995 -0.0114 -0.0290
vn 0.1099 -0.1093 -0.9879
vn 0.6110 -0.0404 0.7906
vn 0.9461 -0.2346 0.2230
vn 0.9800 -0.1991 0.0050
vn -0.9095 0.2090 -0.3594
vn 0.9117 -0.2107 0.3528
vn -0.9212 0.3663 -0.1310
vn 0.9230 -0.3696 0.1071
vn 0.9691 -0.2265 0.0980
vn 0.9601 -0.2457 0.1338
vn -0.9679 0.2227 -0.1167
vn -0.9638 0.2556 -0.0758
vn -0.6298 0.0606 -0.7744
vn 0.6777 -0.0748 0.7315
vn 0.9125 -0.3186 0.2566
vn 0.6429 -0.0953 0.7600
vn -0.4195 0.0455 -0.9066
vn -0.9664 0.2366 -0.1004
vn -0.9539 0.2485 -0.1683
vn 0.9662 -0.2376 0.1004
vn 0.9531 -0.2490 0.1719
vn 0.9353 -0.3380 0.1043
vn 0.0972 -0.1003 -0.9902
vn -0.7633 0.1529 -0.6277
vn 0.7883 -0.1630 0.5933
vn -0.9345 0.3326 -0.1265
vn 0.9581 -0.1886 -0.2155
vn 0.9067 -0.1802 0.3814
vn 0.9720 -0.2260 0.0644
vn 0.9779 -0.2091 -0.0001
vn 0.9823 -0.0857 -0.1668
vn 0.9998 -0.0085 -0.0154
vn 0.9998 -0.0107 -0.0156
vn 0.9998 -0.0141 -0.0160
vn 0.9997 -0.0159 -0.0183
vn 0.9670 -0.2010 -0.1566
vn 0.9785 -0.2064 0.0027
vn 0.9790 -0.2036 -0.0047
vn 0.9665 -0.2455 0.0746
vn 0.8383 -0.3255 -0.4374
vn 0.9639 -0.2413 0.1126
vn 0.7868 -0.2709 -0.5545
vn 0.9405 -0.2864 -0.1826
vn 0.9683 -0.2340 -0.0870
vn 0.9734 -0.2176 -0.0712
vn 0.9773 -0.2104 -0.0262
vn 0.9798 -0.1999 -0.0068
vn 0.9774 -0.2107 0.0152
vn 0.9595 -0.2504 0.1289
vn 0.9091 -0.3646 0.2018
vn 0.8710 -0.4097 0.2710
vn 0.8125 -0.2214 -0.5393
vn 0.7674 -0.4923 0.4108
vn 0.8457 0.1006 0.5242
vn 0.8155 0.1798 0.5502
vn 0.8914 0.1281 0.4348
vn 0.6536 -0.2175 0.7249
vn 0.9183 0.0337 0.3945
vn 0.8933 -0.0503 0.4466
vn 0.6064 -0.5935 0.5293
vn 0.6716 0.1445 0.7267
vn 0.7904 -0.1268 0.5993
vn 0.6342 0.4825 0.6041
vn 0.6107 -0.5663 0.5535
vn 0.5048 -0.4157 0.7566
vn -0.0000 0.4109 0.9117
vn 0.6441 -0.4477 0.6202
vn 0.4720 0.7062 0.5278
vn 0.3749 -0.5948 0.7111
vn 0.4711 -0.7121 0.5205
vn 0.4783 0.7272 0.4923
vn 0.3473 0.6664 0.6597
vn -0.0000 0.2054 0.9787
vn 0.5611 0.5803 0.5903
vn 0.8557 0.2205 0.4681
vn 0.4896 -0.7568 0.4331
vn 0.7328 0.3756 0.5674
vn 0.7846 -0.3406 0.5180
vn 0.4456 0.4869 0.7513
vn 0.5603 0.6290 0.5389
vn -0.0000 -0.7142 0.7000
vn 0.7680 0.1499 0.6227
vn 0.4715 -0.6582 0.5869
vn 0.7258 0.3961 0.5624
vn 0.3706 -0.6524 0.6610
vn 0.6856 -0.5029 0.5263
vn 0.6222 -0.5071 0.5965
vn 0.7390 -0.2631 0.6203
vn -0.6910 -0.6131 0.3829
vn 0.0158 0.9982 0.0580
vn 0.0315 -0.9976 0.0609
vn 0.0429 -0.9978 0.0500
vn -0.0922 0.9928 0.0766
vn 0.0231 0.9973 0.0694
vn -0.0339 -0.9976 0.0610
vn -0.2162 0.9686 0.1228
vn 0.0466 0.9914 0.1222
vn 0.1409 0.9320 0.3340
vn -0.5365 0.4677 0.7024
vn 0.0985 -0.9861 0.1341
vn -0.0000 -0.8562 0.5167
vn 0.1986 -0.9294 0.3110
vn 0.2692 -0.9257 0.2657
vn -0.0000 0.9840 0.1784
vn 0.2428 0.9000 0.3620
vn -0.9231 -0.3095 0.2282
vn -0.3191 0.9361 -0.1480
vn -0.1170 -0.9774 -0.1762
vn -0.2567 -0.9551 -0.1479
vn -0.4438 0.8949 -0.0469
vn -0.1513 0.9685 -0.1978
vn -0.3880 -0.9190 -0.0708
vn -0.5283 0.8472 0.0560
vn -0.3520 0.9286 -0.1178
vn -0.2851 0.9582 0.0253
vn -0.1580 -0.9726 -0.1706
vn -0.0000 -0.9983 -0.0580
vn -0.8589 0.4607 0.2238
vn -0.2529 -0.9674 0.0102
vn -0.1243 0.9715 -0.2020
vn -0.0895 0.9928 -0.0796
vn -0.2847 -0.9500 -0.1285
vn -0.1882 0.9810 -0.0463
vn -0.4526 0.8916 -0.0144
vn -0.0634 -0.9953 -0.0727
vn -0.0945 -0.9798 -0.1761
vn -0.7888 0.5450 0.2843
vn -0.4222 -0.9059 -0.0343
vn -0.0000 0.9978 -0.0666
vn -0.1973 0.9625 -0.1862
vn -0.1349 -0.9893 -0.0554
vn -0.3001 -0.9500 -0.0866
vn -0.2486 0.9570 -0.1496
vn -0.2025 -0.9685 -0.1450
vn -0.1298 0.9740 -0.1854
vn -0.4418 0.8912 0.1032
vn -0.4084 -0.9126 0.0165
vn -0.1006 -0.9814 -0.1636
vn -0.3512 0.9339 -0.0671
vn 0.2360 0.9271 0.2913
vn -0.1058 0.9837 0.1454
vn -0.6927 0.5582 0.4567
vn 0.2713 -0.8824 0.3844
vn -0.0000 -0.9880 0.1543
vn -0.0544 -0.9893 0.1354
vn 0.0929 -0.9900 0.1063
vn -0.0000 0.8874 0.4611
vn 0.0903 0.9846 0.1500
vn 0.1210 0.9780 0.1699
vn 0.1459 -0.9767 0.1575
vn 0.1009 0.9715 0.2147
vn 0.0660 -0.9871 0.1456
vn -0.1028 -0.9756 0.1939
vn 0.1077 -0.9735 0.2016
vn -0.2713 0.9370 0.2199
vn 0.0015 0.9865 0.1636
vn -0.0000 0.7162 0.6979
vn 0.5914 -0.6242 0.5105
vn 0.5969 0.3910 0.7006
vn 0.8400 0.1168 0.5299
vn -0.1835 -0.9762 0.1157
vn -0.5044 -0.8622 0.0457
vn -0.8246 -0.5282 0.2027
vn -0.6241 -0.6127 0.4849
vn 0.1507 -0.9047 0.3985
vn -0.3261 -0.9415 0.0852
vn -0.4850 -0.8717 0.0693
vn -0.1921 -0.9666 0.1694
vn 0.3851 0.6566 0.6485
vn 0.7319 0.4446 0.5163
vn 0.8453 -0.1405 0.5155
vn -0.0000 -0.8155 0.5788
vn 0.3912 -0.8386 0.3792
vn 0.5482 -0.7680 0.3312
vn 0.5416 -0.7250 0.4254
vn 0.2763 -0.8857 0.3732
vn -0.0000 -0.7247 0.6891
vn 0.7892 -0.3867 0.4771
vn 0.8895 -0.1146 0.4424
vn 0.4940 -0.6719 0.5518
vn 0.6118 0.4749 0.6327
vn -0.2891 0.9445 0.1562
vn -0.5590 0.8180 0.1355
vn -0.4247 0.9049 0.0282
vn -0.1489 0.9688 0.1981
vn 0.0941 0.9120 0.3993
vn -0.3393 0.9364 0.0890
vn -0.4937 0.8664 0.0754
vn -0.2191 0.9610 0.1687
vn 0.6330 -0.6576 0.4085
vn 0.8574 0.1297 0.4981
vn 0.6055 -0.5981 0.5250
vn -0.0000 -0.9321 0.3621
vn 0.5963 -0.7524 0.2799
vn 0.6177 -0.6905 0.3763
vn 0.7339 -0.5874 0.3411
vn 0.4041 -0.6734 0.6191
vn 0.7350 0.5535 0.3917
vn 0.7068 -0.6504 0.2783
vn 0.9097 0.3723 0.1841
vn 0.9628 -0.2581 0.0799
vn -0.0000 -0.9189 0.3946
vn -0.0000 0.7710 0.6368
vn 0.9958 -0.0007 0.0917
vn 0.9958 -0.0338 0.0849
vn 0.9920 0.0579 0.1118
vn 0.9451 -0.2934 0.1441
vn 0.9571 -0.2675 0.1117
vn 0.9770 0.1545 0.1473
vn 0.9955 -0.0045 0.0950
vn 0.9951 0.0068 0.0985
vn 0.5303 0.6669 0.5235
vn 0.5185 -0.7842 0.3409
vn 0.9925 -0.0948 0.0767
vn 0.8541 0.4182 0.3093
vn 0.8816 -0.4299 0.1947
vn 0.6897 0.5746 0.4406
vn 0.6173 0.6280 0.4739
vn -0.0000 -0.9143 0.4051
vn -0.0000 -0.9144 0.4048
vn 0.9239 -0.3817 0.0278
vn 0.9011 -0.3861 0.1973
vn 0.9464 0.3135 -0.0780
vn 0.9202 0.3797 0.0946
vn 0.9000 0.3707 0.2294
vn 0.8856 -0.0268 0.4638
vn 0.9330 -0.3320 0.1390
vn 0.9211 -0.3586 0.1519
vn 0.6496 -0.6792 0.3417
vn 0.6848 -0.6714 0.2832
vn 0.7047 0.5375 0.4630
vn 0.8368 0.4878 0.2485
vn 0.9347 -0.2766 0.2230
vn 0.9439 -0.3006 0.1366
vn -0.0000 0.7479 0.6638
vn -0.0000 0.7600 0.6499
vn 0.8468 -0.4869 0.2141
vn 0.8650 -0.4625 0.1949
vn 0.6907 0.5884 0.4203
vn 0.8048 0.5097 0.3041
vn 0.9724 -0.0956 -0.2127
vn 0.9432 -0.2931 -0.1565
vn 0.4773 -0.8025 0.3580
vn 0.4966 -0.7961 0.3458
vn 0.8549 -0.3484 0.3845
vn 0.8675 -0.2174 0.4473
vn 0.9712 0.1257 -0.2022
vn 0.9775 0.0043 -0.2109
vn 0.8769 0.1698 0.4497
vn 0.8703 0.2994 0.3910
vn 0.9314 -0.3211 0.1717
vn 0.9430 -0.3126 0.1141
vn 0.5003 0.6670 0.5521
vn 0.4645 0.6760 0.5721
vn 0.8300 0.2551 0.4959
vn 0.8115 -0.3399 0.4753
vn 0.8259 -0.1685 0.5381
vn 0.8341 0.0900 0.5442
vn 0.9314 0.3632 0.0240
vn 0.9111 -0.4004 -0.0977
vn 0.9558 0.2341 -0.1779
vn 0.9509 -0.0540 -0.3047
vn 0.9531 0.0710 -0.2942
vn 0.9381 -0.2256 -0.2629
vn 0.8533 0.3930 0.3427
vn 0.8950 0.4174 0.1573
vn 0.8326 -0.4433 0.3320
vn 0.8773 -0.4713 0.0908
vn 0.8245 0.3425 0.4504
vn 0.9394 0.1559 0.3054
vn 0.8326 -0.2610 0.4886
vn 0.9573 -0.1888 0.2189
vn 0.8507 -0.0432 0.5238
vn 0.9708 0.2398 0.0058
vn 0.9381 0.3123 0.1497
vn 0.9144 -0.4045 0.0159
vn 0.9878 -0.1327 0.0819
vn 0.9718 0.1293 -0.1974
vn 0.9470 -0.1325 -0.2927
vn 0.9915 -0.0042 0.1302
vn 0.8871 0.3915 0.2446
vn 0.9547 -0.2301 0.1886
vn 0.8278 0.3566 0.4331
vn 0.9737 0.0309 -0.2258
vn 0.9783 -0.1268 0.1640
vn 0.9977 0.0515 0.0443
vn 0.9782 -0.0141 0.2072
vn 0.9690 0.2027 0.1414
vn 0.9794 -0.1065 0.1715
vn 0.9732 -0.2037 0.1069
vn 0.9453 0.1188 0.3039
vn 0.9899 0.0361 0.1370
vn 0.9929 -0.0176 0.1177
vn 0.8884 -0.0099 0.4590
vn 0.8777 0.3916 0.2761
vn 0.9842 0.1341 0.1157
vn 0.9898 0.0231 0.1406
vn 0.9876 -0.0311 0.1539
vn 0.9879 0.0339 0.1516
vn 0.9879 0.0360 0.1508
vn 0.9659 0.0429 0.2552
vn 0.9555 -0.0412 0.2921
vn 0.9389 0.0302 0.3430
vn 0.9705 0.0137 0.2409
vn 0.9842 0.0259 0.1754
vn 0.9820 0.0611 0.1786
vn 0.9972 0.0563 -0.0501
vn 0.9964 -0.0099 -0.0846
vn 0.9987 -0.0279 0.0421
vn 0.9967 0.0806 0.0054
vn 0.9771 -0.1405 -0.1595
vn 0.9837 0.0496 -0.1727
vn 0.9705 0.0253 -0.2398
vn 0.9643 -0.0288 0.2631
vn 0.9678 0.1653 0.1897
vn 0.9326 -0.0562 0.3566
vn 0.8925 0.0958 0.4408
vn 0.9800 -0.1846 0.0742
vn 0.8257 0.1856 0.5327
vn 0.8217 -0.3937 0.4120
vn 0.9380 0.3267 0.1158
vn 0.9497 -0.2810 -0.1382
vn 0.9534 0.0057 -0.3017
vn 0.8587 -0.4686 0.2075
vn 0.9788 0.1282 0.1595
vn 0.9698 -0.1449 0.1963
vn 0.9892 -0.0736 0.1270
vn 0.9853 0.0605 0.1596
vn 0.9821 0.0961 0.1622
vn 0.9882 -0.0869 0.1260
vn 0.9870 0.0653 0.1465
vn 0.9954 0.0080 0.0955
vn 0.9944 0.0093 0.1052
vn 0.9930 -0.0493 0.1071
vn 0.9816 0.0947 0.1659
vn 0.9847 0.0906 0.1491
vn 0.9590 -0.1822 0.2170
vn 0.9814 -0.1379 0.1335
vn 0.9808 -0.0047 0.1951
vn 0.9752 -0.0850 0.2041
vn 0.9649 0.1204 0.2335
vn 0.9981 0.0017 0.0612
vn 0.9922 -0.0003 0.1247
vn 0.9973 -0.0370 0.0632
vn 0.9901 -0.0460 0.1324
vn 0.9952 0.0746 0.0640
vn 0.9846 0.0942 0.1471
vn 0.9802 -0.1182 0.1588
vn 0.9875 -0.1104 0.1127
vn 0.9875 0.0411 0.1522
vn 0.9928 0.0269 0.1164
vn 0.9896 -0.0312 0.1403
vn 0.9932 -0.0124 0.1158
vn 0.9629 0.1850 0.1963
vn 0.9750 0.1820 0.1275
vn 0.9159 0.2039 0.3458
vn 0.9217 -0.2032 0.3303
vn 0.9438 -0.0911 0.3176
vn 0.9406 0.0772 0.3305
vn 0.9563 0.2874 0.0531
vn 0.9703 -0.2415 0.0134
vn 0.9827 0.1772 -0.0534
vn 0.9976 -0.0179 -0.0676
vn 0.9971 0.0292 -0.0706
vn 0.9890 -0.1277 -0.0748
vn 0.9204 0.2746 0.2782
vn 0.9423 0.2937 0.1608
vn 0.9328 -0.2589 0.2507
vn 0.9615 -0.2451 0.1239
vn 0.8749 -0.3274 0.3568
vn 0.6048 -0.4373 -0.6656
vn 0.5999 0.2154 -0.7706
vn 0.6445 0.2057 0.7364
vn 0.5617 -0.1272 -0.8175
vn 0.5881 -0.0879 0.8040
vn 0.7323 -0.0739 0.6770
vn 0.7972 -0.2118 -0.5654
vn 0.8398 -0.5339 0.0980
vn 0.8219 -0.1289 -0.5548
vn 0.9821 0.1842 0.0400
vn 0.6580 -0.1682 0.7340
vn -0.0000 -0.1733 -0.9849
vn 0.9679 0.2488 -0.0372
vn 0.9703 0.2058 -0.1271
vn 0.9481 0.3177 0.0131
vn 0.9502 0.3116 -0.0026
vn 0.9111 0.3763 0.1682
vn 0.8216 0.4483 -0.3522
vn 0.7281 0.6353 -0.2572
vn 0.6865 0.7245 -0.0623
vn -0.0000 0.9605 0.2781
vn 0.6304 0.7720 0.0814
vn 0.6560 0.7542 -0.0291
vn 0.6657 0.7455 -0.0334
vn 0.9374 0.0483 -0.3448
vn 0.8895 0.4568 -0.0125
vn 0.9181 0.3939 -0.0435
vn 0.8595 0.5028 0.0921
vn 0.9237 0.3357 -0.1848
vn 0.7833 0.5591 0.2717
vn 0.8858 0.4640 0.0057
vn 0.8778 0.4778 0.0348
vn 0.9262 0.3661 -0.0897
vn 0.9450 0.2680 -0.1876
vn 0.8960 0.4437 -0.0171
vn 0.9036 0.4277 -0.0248
vn 0.7910 -0.2562 -0.5557
vn 0.7510 -0.5497 0.3660
vn 0.8915 -0.4106 0.1913
vn 0.9115 -0.3740 0.1712
vn 0.2800 0.9584 0.0556
vn 0.9427 -0.3326 0.0273
vn 0.9444 -0.3284 -0.0137
vn 0.9438 -0.3288 -0.0333
vn 0.9413 -0.3281 -0.0797
vn 0.9359 -0.3355 -0.1077
vn 0.8982 -0.3744 -0.2301
vn 0.9189 0.3319 -0.2132
vn 0.9920 -0.0603 -0.1112
vn 0.9486 0.2955 -0.1130
vn 0.9970 -0.0486 -0.0605
vn 0.9517 0.2960 -0.0817
vn 0.9973 -0.0450 -0.0582
vn 0.9529 0.3009 -0.0374
vn 0.9990 -0.0413 -0.0175
vn 0.9556 0.2945 0.0080
vn 0.9992 -0.0393 -0.0010
vn 0.9544 0.2982 0.0133
vn 0.9992 -0.0400 -0.0009
vn 0.9501 0.3096 0.0386
vn 0.9994 -0.0321 0.0091
vn 0.9075 0.3753 0.1887
vn 0.9931 -0.0844 0.0817
vn 0.8691 0.3993 0.2919
vn 0.9921 -0.0937 0.0829
vn 0.6391 0.5307 0.5567
vn 0.9607 -0.1777 0.2133
vn 0.8452 0.2212 -0.4865
vn 0.8688 -0.0235 -0.4946
vn 0.5008 -0.8642 0.0489
vn 0.8684 0.3384 -0.3623
vn 0.5349 -0.8429 0.0584
vn 0.9671 0.2337 -0.1008
vn 0.5490 -0.7822 0.2945
vn 0.8462 -0.5317 -0.0353
vn 0.5323 -0.7785 0.3325
vn 0.3471 -0.7410 0.5749
vn 0.4412 -0.7443 0.5014
vn 0.3263 0.6511 0.6853
vn 0.4441 0.6723 0.5923
vn 0.5805 0.7528 0.3104
vn 0.5672 0.7887 0.2370
vn 0.9997 -0.0005 -0.0251
vn 0.6186 0.7839 0.0537
vn 0.5854 -0.7214 -0.3701
vn 0.9061 -0.4226 -0.0206
vn 0.6186 0.7856 0.0136
vn 0.5730 -0.8015 -0.1711
vn 0.6152 0.7881 -0.0201
vn 0.5465 -0.8313 -0.1014
vn 0.3589 0.4460 0.8199
vn 0.6370 0.7638 -0.1040
vn 0.5166 -0.8560 -0.0210
vn 0.6631 0.7225 -0.1958
vn 0.4776 -0.8778 -0.0375
vn 0.6487 0.6589 -0.3808
vn 0.9880 -0.1407 -0.0636
vn 0.6868 0.5853 -0.4310
vn 0.8459 -0.0460 -0.5313
vn 0.8387 0.2664 -0.4750
vn 0.7719 -0.3143 -0.5526
vn 0.6113 0.7841 0.1078
vn 0.5649 -0.8089 0.1628
vn 0.9942 -0.0596 0.0899
vn 0.9228 0.3522 0.1560
vn 0.9211 -0.3710 0.1182
vn 0.6751 0.6185 -0.4021
vn 0.9564 -0.1311 -0.2609
vn 0.9426 0.3339 -0.0053
vn 0.9625 0.2702 -0.0223
vn 0.9170 0.3911 0.0779
vn 0.9908 0.1199 -0.0632
vn 0.7770 0.5667 0.2739
vn 0.9399 0.3413 0.0043
vn 0.9326 0.3595 0.0327
vn 0.7968 -0.3860 -0.4648
vn 0.9271 -0.0706 -0.3680
vn 0.5792 -0.5855 -0.5672
vn 0.5697 -0.8186 0.0733
vn 0.9974 -0.0358 0.0633
vn 0.9385 0.3280 0.1075
vn 0.9256 -0.3682 0.0875
vn 0.6885 0.5671 -0.4521
vn 0.5863 0.7879 0.1882
vn 0.6657 0.7310 0.1498
vn 0.7339 0.6792 -0.0051
vn 0.8080 0.5892 0.0001
vn 0.9944 0.1057 -0.0051
vn 0.6912 0.7190 0.0728
vn 0.7107 0.7034 0.0101
vn 0.9991 0.0383 -0.0168
vn 0.8031 0.5953 -0.0264
vn 0.9809 0.1911 -0.0362
vn 0.9933 0.0842 -0.0797
vn 0.8247 0.5643 -0.0370
vn 0.9537 0.1467 -0.2624
vn 0.9316 0.3423 -0.1224
vn 0.9994 0.0077 -0.0348
vn 0.9426 -0.2233 -0.2484
vn 0.7453 0.6667 -0.0064
vn 0.9470 0.3213 -0.0068
vn 0.4981 -0.8663 -0.0374
vn 0.6149 0.7878 -0.0354
vn 0.9992 -0.0395 0.0001
vn 0.9545 0.2983 -0.0013
vn 0.9441 -0.3295 -0.0119
vn 0.6601 -0.4688 -0.5869
vn 0.8972 -0.4416 0.0057
vn 0.6415 -0.7555 0.1331
vn 0.9918 -0.0739 -0.1040
vn 0.9465 0.2003 -0.2532
vn 0.9557 -0.2900 -0.0496
vn 0.7072 -0.3559 -0.6109
vn 0.6186 0.7836 -0.0577
vn 0.9511 0.3086 -0.0121
vn 0.7563 0.6540 -0.0170
vn 0.9992 -0.0401 0.0008
vn 0.9535 0.3010 -0.0118
vn 0.9439 -0.3303 0.0045
vn 0.5287 -0.8470 -0.0560
vn 0.4887 -0.8724 0.0023
vn 0.9984 -0.0540 -0.0173
vn 0.5309 -0.8443 -0.0722
vn 0.9996 -0.0225 -0.0191
vn 0.6620 -0.7449 -0.0833
vn 0.9309 -0.3638 -0.0340
vn 0.9930 -0.0878 -0.0795
vn 0.9504 0.1524 -0.2710
vn 0.9165 -0.3874 -0.1001
vn 0.9658 -0.1983 -0.1671
vn 0.9996 0.0002 -0.0296
vn 0.9263 0.3216 -0.1965
vn 0.8512 -0.3851 -0.3566
vn 0.7484 -0.6595 -0.0702
vn 0.7921 -0.5991 -0.1168
vn 0.8779 -0.0230 -0.4783
vn 0.8820 -0.3017 -0.3620
vn 0.5459 -0.8353 0.0653
vn 0.6799 -0.7330 -0.0216
vn 0.8308 -0.4996 -0.2453
vn 0.9591 0.2827 -0.0153
vn 0.9555 0.2947 -0.0103
vn 0.9758 0.1716 -0.1352
vn 0.9689 0.2406 -0.0583
vn 0.9440 0.3289 0.0253
vn 0.9496 0.3135 0.0039
vn 0.8489 0.4466 0.2828
vn 0.9679 0.2199 -0.1214
vn 0.9319 0.3544 0.0773
vn 0.9653 0.2597 -0.0275
vn 0.9518 0.3067 -0.0076
vn 0.9495 -0.0268 -0.3127
vn 0.9652 -0.0885 -0.2463
vn 0.9775 0.0099 -0.2107
vn 0.9731 -0.1618 -0.1642
vn 0.9998 0.0013 -0.0210
vn 0.9998 -0.0108 -0.0170
vn 0.9998 -0.0062 -0.0171
vn 0.9998 -0.0056 -0.0166
vn 0.9999 -0.0050 -0.0158
vn 0.9995 0.0287 -0.0092
vn 0.9998 0.0181 -0.0125
vn 0.9999 0.0109 -0.0132
vn 0.8065 -0.5858 0.0803
vn 0.8376 -0.5330 0.1198
vn 0.8798 -0.4714 0.0603
vn 0.9999 0.0020 -0.0165
vn 0.9999 0.0009 -0.0165
vn 0.9999 -0.0005 -0.0168
vn 0.8324 0.5253 0.1765
vn 0.9000 0.4255 0.0947
vn 0.9411 0.3367 0.0298
vn 0.8103 0.5844 0.0446
vn 0.9872 0.0298 -0.1564
vn 0.7646 -0.6324 -0.1244
vn 0.9861 0.0917 -0.1388
vn 0.9842 -0.0628 -0.1652
vn 0.8730 -0.4834 0.0650
vn 0.9807 -0.1952 0.0095
vn 0.9863 -0.1648 0.0013
vn 0.9429 -0.2777 0.1841
vn 0.8669 -0.2146 0.4500
vn 0.9894 -0.1437 -0.0201
vn 0.9681 -0.1785 -0.1759
vn 0.9307 -0.3576 0.0776
vn -0.9454 0.3189 -0.0676
vn -0.1523 -0.9818 0.1135
vn 0.7859 -0.1344 0.6036
vn -0.7776 0.1323 -0.6147
vn -0.1143 -0.2812 -0.9528
vn 0.3665 0.8108 -0.4564
vn -0.2900 -0.9091 -0.2990
vn 0.9386 -0.3045 0.1619
vn 0.9591 -0.2372 0.1545
vn 0.9691 -0.2228 0.1059
vn -0.2539 -0.9308 0.2630
vn -0.2247 -0.9734 0.0440
vn 0.2753 0.9582 0.0778
vn 0.2388 0.9582 -0.1575
vn -0.9555 0.2312 -0.1831
vn -0.9700 0.2249 -0.0922
vn -0.4210 0.0009 -0.9071
vn 0.6420 -0.0539 0.7648
vn 0.1791 -0.9835 -0.0248
vn 0.3478 0.9366 -0.0424
vn 0.9866 -0.0083 -0.1632
vn 0.9861 0.0050 -0.1661
vn 0.9999 -0.0021 -0.0160
vn 0.9999 -0.0011 -0.0164
vn 0.9999 -0.0023 -0.0169
vn 0.9999 -0.0012 -0.0168
vn 0.9999 -0.0016 -0.0172
vn 0.9999 -0.0003 -0.0170
vn 0.9695 0.0988 -0.2244
vn 0.9615 0.1631 -0.2212
vn 0.9987 0.0042 0.0514
vn 0.9986 0.0030 0.0528
vn 0.9334 -0.0060 -0.3588
vn 0.9345 -0.0074 -0.3558
vn 0.9980 0.0081 0.0634
vn 0.9979 -0.0042 0.0652
vn 0.8469 0.0015 -0.5318
vn 0.8500 0.0015 -0.5268
vn 0.4741 0.2041 0.8565
vn 0.4318 -0.3530 0.8300
vn 0.9998 0.0028 -0.0178
vn 0.9998 0.0076 -0.0208
vn 0.8688 0.0129 -0.4950
vn 0.8705 0.0128 -0.4920
vn 0.9248 0.0737 0.3733
vn 0.9586 -0.0800 0.2731
vn 0.9955 0.0103 0.0945
vn 0.9959 -0.0070 0.0901
vn 0.9966 0.0124 0.0817
vn 0.9968 -0.0096 0.0796
vn 1.0000 0.0008 0.0099
vn 0.9999 0.0010 0.0100
vn 0.9999 -0.0009 -0.0168
vn 0.9984 -0.0014 -0.0573
vn 0.9983 -0.0036 -0.0574
vn 0.9983 -0.0016 -0.0591
vn 0.9983 -0.0035 -0.0589
vn 0.9943 -0.0021 -0.1064
vn 0.9944 -0.0049 -0.1058
vn 0.8500 -0.1077 0.5156
vn 0.7764 0.1485 0.6125
vn 0.3838 0.6667 0.6389
vn 0.6930 -0.5525 0.4631
vn 0.6233 0.3640 0.6921
vn 0.7633 -0.2981 0.5731
vn 0.4091 -0.6802 0.6082
vn 0.9339 -0.0331 0.3561
vn 0.7229 0.1425 0.6761
vn 0.9425 -0.1273 0.3089
vn 0.6851 0.4520 0.5712
vn 0.3021 0.6024 0.7388
vn 0.4435 -0.7164 0.5386
vn 0.6431 -0.6045 0.4702
vn 0.9862 0.1066 -0.1263
vn 0.9936 0.0877 -0.0707
vn 0.9948 0.0801 -0.0633
vn 0.9968 0.0766 -0.0219
vn 0.9971 0.0762 0.0019
vn 0.9970 0.0778 0.0009
vn 0.9966 0.0809 0.0128
vn 0.9833 0.1426 0.1131
vn 0.9745 0.1620 0.1554
vn 0.8480 0.2599 0.4618
vn 0.8649 0.0899 -0.4939
vn 0.8460 0.0966 -0.5243
vn 0.9899 0.1116 0.0879
vn 0.9256 0.1111 -0.3618
vn 0.9942 0.0884 0.0607
vn 0.9971 0.0760 0.0012
vn 0.9971 0.0761 -0.0024
vn 0.9863 0.0050 -0.1651
vn 0.9999 -0.0003 -0.0167
vn 0.9577 0.1706 -0.2318
vn 0.9997 0.0090 -0.0244
vn 0.6344 -0.1325 0.7615
vn -0.4357 0.0952 -0.8950
vn -0.9624 0.2484 -0.1097
vn -0.9521 0.2664 -0.1502
vn 0.9632 -0.2519 0.0938
vn 0.9463 -0.2595 0.1926
vn 0.9339 -0.3550 0.0429
vn 0.3024 0.0750 -0.9502
vn -0.7547 0.1773 -0.6316
vn 0.7868 -0.1881 0.5879
vn -0.9233 0.3314 -0.1940
vn 0.9462 -0.2145 -0.2422
vn 0.9409 -0.1561 0.3005
vn 0.9786 -0.2055 0.0095
vn 0.9640 -0.2631 -0.0386
vn 0.9747 -0.1506 -0.1651
vn 0.9993 -0.0354 -0.0113
vn 0.9987 -0.0507 -0.0060
vn 0.9973 -0.0736 -0.0065
vn 0.9992 -0.0352 -0.0187
vn 0.9510 -0.2715 -0.1477
vn 0.9859 -0.1675 0.0027
vn 0.9862 -0.1656 -0.0018
vn 0.9798 -0.1872 0.0707
vn 0.8610 -0.2806 -0.4241
vn 0.9761 -0.1855 0.1136
vn 0.7963 -0.2288 -0.5599
vn 0.9575 -0.2429 -0.1555
vn 0.9778 -0.1954 -0.0759
vn 0.9816 -0.1791 -0.0662
vn 0.9850 -0.1709 -0.0220
vn 0.9867 -0.1624 -0.0048
vn 0.9853 -0.1709 0.0059
vn 0.9740 -0.1994 0.1075
vn 0.9628 -0.2438 0.1168
vn 0.9316 -0.2926 0.2156
vn 0.8314 -0.1797 -0.5258
vn 0.9059 0.0766 0.4166
vn 0.8720 -0.3504 0.3418
vn 0.8564 0.2061 0.4733
vn 0.6188 -0.5477 0.5631
vn 0.5669 -0.5093 0.6475
vn 0.5974 0.4550 0.6604
vn 0.6620 0.4694 0.5843
vn 0.4311 0.3990 0.8093
vn 0.7199 0.4900 0.4915
vn 0.6947 -0.4882 0.5282
vn 0.3976 0.6508 0.6468
vn 0.5601 -0.5871 0.5845
vn 0.8700 0.0367 0.4918
vn 0.3685 -0.6671 0.6475
vn 0.6138 -0.6004 0.5126
vn -0.0270 0.9912 0.1292
vn -0.1743 0.9713 0.1617
vn 0.0776 -0.9864 0.1447
vn -0.6484 -0.6139 0.4503
vn 0.0343 -0.9930 0.1128
vn 0.0757 0.9834 0.1651
vn 0.1120 -0.9867 0.1175
vn 0.0897 0.9873 0.1312
vn -0.4038 0.9124 -0.0676
vn -0.1089 -0.9784 -0.1759
vn -0.8469 -0.4929 0.1996
vn -0.4893 0.8714 0.0356
vn -0.1409 0.9698 -0.1989
vn -0.2278 -0.9613 -0.1549
vn -0.2807 0.9465 -0.1593
vn -0.3438 -0.9348 -0.0896
vn -0.1835 -0.9826 -0.0297
vn -0.1335 0.9887 -0.0684
vn -0.0956 -0.9931 -0.0678
vn -0.0691 0.9937 -0.0881
vn -0.3249 0.9438 0.0617
vn -0.7721 -0.5768 0.2670
vn -0.0482 -0.9959 -0.0772
vn -0.2368 0.9715 -0.0130
vn 0.2647 0.9115 0.3148
vn 0.2895 -0.9050 0.3119
vn 0.2029 0.8947 0.3980
vn 0.2349 -0.9340 0.2690
vn -0.3214 -0.6742 0.6649
vn 0.2337 -0.8689 0.4363
vn 0.1160 0.9219 0.3696
vn 0.1841 0.9350 0.3030
vn 0.1741 -0.9168 0.3593
vn -0.3036 -0.9514 0.0517
vn -0.4699 -0.8824 0.0234
vn -0.1354 -0.9785 0.1559
vn 0.4145 0.5184 0.7479
vn 0.7513 0.2656 0.6041
vn 0.8388 -0.2021 0.5056
vn 0.6846 -0.2443 0.6867
vn 0.4827 -0.2569 0.8373
vn -0.1401 0.8949 0.4237
vn -0.3606 0.9251 0.1192
vn -0.5105 0.8522 0.1149
vn -0.2691 0.9454 0.1838
vn 0.2800 -0.8936 0.3509
vn 0.8211 0.2511 0.5126
vn 0.5420 -0.7892 0.2889
vn 0.5058 -0.7798 0.3690
vn 0.7866 -0.4185 0.4540
vn 0.7995 -0.4713 0.3724
vn 0.9506 -0.2924 0.1045
vn 0.9163 -0.3863 0.1057
vn 0.9306 -0.3609 -0.0611
vn 0.8763 -0.3769 0.3000
vn 0.5494 0.6900 0.4713
vn 0.5063 -0.7907 0.3442
vn 0.9312 0.3638 0.0214
vn 0.8391 0.4581 0.2932
vn 0.8731 -0.4472 0.1940
vn 0.8295 -0.4971 0.2546
vn 0.8565 -0.4757 0.2004
vn 0.6321 0.5923 0.4996
vn 0.7544 0.5562 0.3487
vn 0.9114 0.3806 0.1563
vn 0.8832 0.0882 0.4606
vn 0.4626 -0.7896 0.4032
vn 0.4877 -0.8009 0.3474
vn 0.8839 0.3481 0.3123
vn 0.8791 -0.1360 0.4568
vn 0.9610 -0.1850 -0.2054
vn 0.8561 -0.2877 0.4293
vn 0.9757 0.0513 -0.2131
vn 0.8703 0.2312 0.4348
vn 0.9303 -0.3065 0.2015
vn 0.9364 -0.3224 0.1383
vn 0.5164 0.6625 0.5426
vn 0.4824 0.6732 0.5605
vn 0.8844 0.2541 0.3916
vn 0.9696 -0.1580 0.1869
vn 0.9817 -0.0861 0.1697
vn 0.9632 0.0774 0.2575
vn 0.9538 0.2660 0.1395
vn 0.9802 -0.1766 0.0893
vn 0.9832 0.1140 0.1424
vn 0.9913 0.0017 0.1319
vn 0.9918 -0.0018 0.1276
vn 0.9930 -0.0717 0.0934
vn 0.8276 0.4063 0.3872
vn 0.9162 0.3515 0.1923
vn 0.9502 -0.2157 0.2248
vn 0.9655 -0.2206 0.1385
vn 0.9753 0.1680 0.1436
vn 0.9921 0.0810 0.0960
vn 0.9805 -0.1521 0.1248
vn 0.9799 -0.1982 -0.0214
vn 0.9219 0.1074 0.3723
vn 0.9133 -0.0577 0.4031
vn 0.8755 0.0571 0.4798
vn 0.9491 -0.0335 0.3131
vn 0.9594 0.1413 0.2440
vn 0.9745 -0.0569 0.2173
vn 0.9734 0.0323 -0.2270
vn 0.9719 0.0328 -0.2330
vn 0.9968 0.0526 -0.0608
vn 0.9725 -0.0299 -0.2308
vn 0.8170 0.2642 0.5125
vn 0.8226 -0.3353 0.4592
vn 0.8460 -0.1682 0.5060
vn 0.8403 0.0894 0.5347
vn 0.9556 0.2850 0.0743
vn 0.9377 -0.3434 -0.0529
vn 0.9776 0.1883 -0.0936
vn 0.9483 -0.0593 -0.3117
vn 0.9611 0.0670 -0.2679
vn 0.9497 -0.2109 -0.2315
vn 0.8520 0.3896 0.3496
vn 0.9165 0.3652 0.1633
vn 0.8343 -0.4412 0.3304
vn 0.8861 -0.4538 0.0939
vn 0.9835 0.1669 0.0697
vn 0.9980 -0.0096 0.0624
vn 0.9979 0.0219 0.0613
vn 0.9927 -0.1058 0.0583
vn 0.9661 -0.1389 0.2177
vn 0.9847 -0.1121 0.1334
vn 0.9758 0.0575 0.2109
vn 0.9907 0.0326 0.1320
vn 0.9797 -0.0527 0.1933
vn 0.9917 -0.0197 0.1269
vn 0.9491 0.1877 0.2529
vn 0.9696 0.1853 0.1596
vn 0.9617 0.2212 -0.1616
vn 0.9769 -0.0363 -0.2108
vn 0.6052 -0.0345 0.7953
vn 0.5641 -0.1846 -0.8048
vn 0.7190 -0.6901 0.0825
vn 0.5444 -0.0677 -0.8361
vn 0.8454 0.5328 0.0376
vn 0.5518 -0.1368 0.8227
vn 0.8312 0.3417 -0.4386
vn 0.6512 0.7586 -0.0215
vn 0.7040 0.7056 -0.0804
vn 0.6190 0.7771 0.1137
vn 0.7324 0.5957 -0.3296
vn 0.5950 0.7701 0.2299
vn 0.6473 0.7622 0.0099
vn 0.6400 0.7664 0.0547
vn 0.7280 0.6653 -0.1657
vn 0.7921 0.5201 -0.3195
vn 0.6606 0.7501 -0.0307
vn 0.6737 0.7376 -0.0449
vn 0.4211 -0.9054 0.0547
vn -0.0000 -0.9993 0.0378
vn -0.0000 -0.9995 0.0303
vn 0.6875 -0.6226 -0.3737
vn 0.5608 -0.7822 0.2712
vn 0.1871 -0.9738 -0.1296
vn -0.1455 -0.9882 -0.0480
vn 0.9512 -0.2944 0.0925
vn 0.2785 -0.9378 0.2072
vn 0.4025 -0.9142 0.0468
vn 0.4428 -0.8956 0.0431
vn -0.4093 0.4865 0.7719
vn -0.4672 -0.6792 0.5660
vn -0.8974 0.3025 -0.3213
vn -0.8118 -0.3551 -0.4636
vn -0.8043 0.4870 -0.3406
vn -0.8465 0.4831 -0.2237
vn -0.8599 0.4976 -0.1138
vn -0.8499 0.5218 -0.0737
vn -0.8511 0.5249 0.0011
vn -0.8527 0.5220 0.0209
vn -0.8466 0.5300 0.0486
vn -0.7909 0.5694 0.2243
vn -0.7640 0.5620 0.3170
vn -0.5075 0.6364 0.5809
vn -0.6170 -0.6722 0.4091
vn -0.7481 -0.6105 0.2601
vn -0.7669 -0.6093 0.2016
vn -0.1398 -0.3994 -0.9060
vn -0.7695 -0.6384 0.0141
vn -0.7757 -0.6297 -0.0424
vn -0.7908 -0.6075 -0.0747
vn -0.7976 -0.5930 -0.1104
vn -0.7858 -0.5783 -0.2193
vn -0.7266 -0.5458 -0.4173
vn -0.6096 0.2736 0.7440
vn -0.5703 0.1215 0.8124
vn -0.9194 -0.0785 -0.3854
vn -0.9197 0.1279 -0.3713
vn -0.8159 -0.3982 0.4192
vn -0.8361 0.3336 0.4355
vn -0.9828 -0.1603 0.0922
vn -0.9456 0.2712 0.1798
vn -0.9861 -0.1331 0.0990
vn -0.9624 0.2389 0.1296
vn -0.0756 0.3184 -0.9449
vn -0.9834 0.1811 0.0079
vn -0.9943 -0.1069 -0.0010
vn -0.9845 0.1755 0.0044
vn -0.9943 -0.1064 -0.0024
vn -0.9846 0.1750 0.0041
vn -0.9925 -0.1132 -0.0452
vn -0.9823 0.1791 -0.0553
vn -0.9907 -0.1205 -0.0634
vn -0.9799 0.1830 -0.0791
vn -0.9867 -0.1395 -0.0837
vn -0.9720 0.2052 -0.1145
vn -0.9554 -0.1775 -0.2359
vn -0.9389 0.2434 -0.2435
vn -0.9910 0.1324 -0.0217
vn -0.9628 0.2702 -0.0035
vn -0.9979 0.0533 -0.0381
vn -0.7431 -0.3424 -0.5749
vn -0.7924 0.3776 -0.4791
vn -0.8401 0.1702 -0.5150
vn -0.8325 -0.1125 -0.5424
vn -0.7783 -0.6272 -0.0298
vn -0.8013 0.5683 0.1867
vn -0.7789 -0.6200 0.0939
vn -0.9729 0.2078 0.1013
vn -0.9888 -0.1158 0.0944
vn -0.5867 0.6913 -0.4218
vn -0.5273 0.8386 -0.1365
vn -0.5496 0.7726 -0.3178
vn -0.4658 0.8802 0.0906
vn -0.4694 0.8823 0.0351
vn -0.4663 0.8846 -0.0072
vn -0.4907 0.8678 -0.0789
vn -0.4620 0.8743 0.1489
vn -0.6555 0.6322 -0.4132
vn -0.8001 0.4346 -0.4136
vn -0.6750 -0.4532 -0.5822
vn -0.8603 0.2155 -0.4620
vn -0.8412 -0.1671 -0.5143
vn -0.5472 -0.3322 0.7683
vn -0.9807 0.1896 0.0466
vn -0.6237 0.1817 0.7602
vn -0.8322 0.5429 0.1130
vn -0.9967 0.0785 -0.0210
vn -0.9659 0.2588 -0.0104
vn -0.9215 0.3879 -0.0195
vn -0.8974 0.4412 -0.0018
vn -0.8905 0.4545 0.0231
vn -0.8711 0.4863 0.0687
vn -0.9985 0.0449 -0.0317
vn -0.8430 0.5200 0.1375
vn -0.9935 -0.0519 -0.1009
vn -0.9944 -0.0399 -0.0980
vn -0.8484 0.5290 -0.0177
vn -0.7771 -0.6294 -0.0055
vn -0.9842 0.1768 -0.0021
vn -0.9941 -0.1081 0.0016
vn -0.4695 0.8823 -0.0350
vn -0.9046 0.4263 -0.0055
vn -0.7813 -0.3404 -0.5231
vn -0.6776 -0.4925 -0.5461
vn -0.6266 -0.6383 -0.4472
vn -0.5749 -0.7772 -0.2559
vn -0.5165 -0.8483 -0.1166
vn -0.4723 -0.8784 -0.0733
vn -0.4352 -0.8995 -0.0393
vn -0.7869 -0.6168 -0.0173
vn -0.9841 0.1772 -0.0119
vn -0.9940 -0.1090 -0.0019
vn -0.4752 0.8788 -0.0424
vn -0.9102 0.4141 -0.0069
vn -0.8478 0.5295 -0.0303
vn -0.8269 -0.5586 -0.0648
vn -0.9756 -0.2168 -0.0341
vn -0.9987 -0.0432 -0.0286
vn -0.9990 -0.0300 -0.0331
vn -0.9954 0.0585 -0.0755
vn -0.7221 -0.6909 0.0345
vn -0.9862 -0.1641 -0.0231
vn -0.9972 -0.0674 -0.0323
vn -0.9988 -0.0150 -0.0460
vn -0.9942 0.0740 -0.0778
vn -0.9648 -0.2181 -0.1469
vn -0.9637 -0.1824 -0.1949
vn -0.9674 -0.0776 -0.2412
vn -0.9534 -0.2882 -0.0898
vn -0.8083 -0.5842 0.0737
vn -0.9147 -0.4032 -0.0266
vn -0.9372 -0.3459 -0.0456
vn -0.9821 0.0605 -0.1785
vn -0.9688 0.2452 -0.0347
vn -0.9775 0.1798 -0.1106
vn -0.9743 0.2102 -0.0804
vn -0.9469 0.3213 0.0140
vn -0.9491 0.3150 -0.0024
vn -0.9612 0.2751 -0.0198
vn -0.9040 0.3948 0.1642
vn -0.9357 0.3500 0.0435
vn -0.9527 0.3036 -0.0085
vn -0.9560 0.2931 -0.0096
vn -0.9982 -0.0198 -0.0563
vn -0.9985 0.0181 -0.0526
vn -0.9898 -0.1379 -0.0360
vn -0.9990 -0.0130 -0.0421
vn -0.9671 -0.2519 0.0364
vn -0.9822 -0.1863 0.0248
vn -0.9900 -0.1408 -0.0032
vn -0.9999 0.0052 -0.0159
vn -0.9999 0.0028 -0.0158
vn -0.9999 -0.0009 -0.0171
vn -0.9999 -0.0034 -0.0140
vn -0.9999 -0.0040 -0.0168
vn -0.9998 -0.0041 -0.0169
vn -0.9986 0.0506 -0.0143
vn -0.9974 0.0726 0.0007
vn -0.9938 0.1102 0.0166
vn -0.9995 -0.0067 -0.0294
vn -0.9857 0.1653 0.0324
vn -0.9505 -0.3106 0.0115
vn -0.9996 0.0120 -0.0268
vn -0.7785 -0.6148 0.1262
vn -0.7921 -0.6101 0.0190
vn -0.9930 -0.1180 -0.0042
vn -0.9932 -0.1095 0.0404
vn -0.9308 -0.2992 0.2098
vn -0.9579 -0.2821 -0.0539
vn -0.9786 -0.2058 0.0039
vn -0.9766 -0.2128 -0.0300
vn -0.8609 -0.3293 0.3878
vn 0.9367 0.1114 -0.3320
vn 0.8757 0.3515 -0.3310
vn -0.9274 -0.1021 0.3599
vn -0.8721 -0.4847 -0.0676
vn 0.9672 0.2364 -0.0934
vn 0.8200 0.4478 -0.3564
vn -0.9627 -0.2371 0.1302
vn 0.9839 0.1421 -0.1081
vn 0.9838 0.1659 -0.0673
vn 0.9164 0.3502 -0.1936
vn 0.9394 0.3300 -0.0926
vn -0.9795 -0.1559 0.1277
vn -0.9850 -0.1477 0.0888
vn -0.9372 -0.3182 0.1431
vn -0.9303 -0.3646 0.0394
vn 0.5710 0.3163 -0.7576
vn -0.6762 0.1126 0.7280
vn -0.6273 -0.3133 0.7130
vn 0.6773 -0.1120 -0.7272
vn -0.5573 -0.1395 0.8185
vn -0.9257 0.0080 -0.3781
vn -0.9255 0.0116 -0.3787
vn -0.8157 -0.2638 0.5148
vn -0.8340 -0.0418 0.5502
vn -0.9960 -0.0362 0.0817
vn -0.9963 0.0005 0.0861
vn -0.9965 -0.0318 0.0768
vn -0.9974 0.0021 0.0721
vn -1.0000 -0.0047 0.0007
vn -1.0000 0.0001 0.0012
vn -1.0000 -0.0054 -0.0002
vn -1.0000 -0.0000 -0.0000
vn -1.0000 -0.0054 -0.0001
vn -0.9991 -0.0082 -0.0417
vn -0.9991 -0.0018 -0.0414
vn -0.9982 -0.0095 -0.0587
vn -0.9983 -0.0028 -0.0588
vn -0.9975 -0.0105 -0.0698
vn -0.9975 -0.0029 -0.0700
vn -0.9796 -0.0148 -0.2006
vn -0.9794 -0.0055 -0.2018
vn -0.8489 0.0083 -0.5284
vn -0.8517 0.0033 -0.5240
vn -0.9983 0.0034 0.0585
vn -0.9976 -0.0093 0.0690
vn -0.8758 -0.0045 -0.4827
vn -0.8777 -0.0119 -0.4790
vn -0.9995 0.0025 0.0310
vn -0.9995 -0.0010 0.0330
vn -1.0000 -0.0055 0.0001
vn -1.0000 -0.0001 -0.0024
vn -1.0000 -0.0057 -0.0024
vn -0.9985 0.0286 -0.0470
vn -0.9978 0.0357 -0.0561
vn -0.9999 -0.0008 -0.0167
vn -0.9999 -0.0010 -0.0169
vn -0.9999 -0.0015 -0.0168
vn -0.9999 -0.0017 -0.0169
vn -0.9999 0.0012 -0.0168
vn -0.9999 0.0008 -0.0152
vn -0.9996 0.0004 -0.0298
vn -0.9995 0.0001 -0.0303
vn -0.5023 0.6122 0.6106
vn -0.5461 -0.6825 0.4858
vn -0.7910 0.3563 0.4973
vn -0.9485 -0.2193 0.2287
vn -0.9415 0.0085 0.3370
vn -0.9591 -0.1075 0.2620
vn -0.7228 -0.5030 0.4738
vn -0.6316 -0.0257 0.7748
vn -0.8558 0.0743 0.5120
vn -0.8988 -0.2138 0.3827
vn -0.4860 0.5602 0.6708
vn -0.7643 0.2658 0.5875
vn -0.5110 -0.6713 0.5369
vn -0.9258 0.0246 -0.3772
vn -0.8314 0.1825 0.5249
vn -0.9933 0.0566 0.1012
vn -0.9959 0.0420 0.0799
vn -0.9999 0.0135 0.0013
vn -0.9999 0.0132 0.0001
vn -0.9999 0.0129 0.0003
vn -0.9990 0.0132 -0.0419
vn -0.9981 0.0137 -0.0599
vn -0.9972 0.0164 -0.0726
vn -0.9788 0.0176 -0.2038
vn -0.9977 0.0278 -0.0614
vn -0.8472 0.0256 -0.5307
vn -0.9977 0.0237 0.0630
vn -0.8746 0.0169 -0.4845
vn -0.9994 0.0160 0.0314
vn -0.9999 0.0128 -0.0001
vn -0.9999 0.0127 -0.0030
vn -0.9999 -0.0002 -0.0166
vn -0.9999 -0.0010 -0.0167
vn -0.9998 0.0007 -0.0181
vn -0.9996 0.0014 -0.0291
vn -0.9032 0.1378 0.4065
vn -0.8943 -0.1832 -0.4082
vn -0.8966 -0.3752 0.2355
vn -0.9529 -0.2708 0.1369
vn -0.9630 -0.2399 0.1230
vn -0.9767 -0.2144 0.0125
vn -0.9790 -0.2036 0.0052
vn -0.9796 -0.2009 -0.0098
vn -0.9753 -0.2140 -0.0541
vn -0.9718 -0.2231 -0.0762
vn -0.9594 -0.2550 -0.1205
vn -0.9028 -0.3166 -0.2912
vn -0.7974 -0.2349 -0.5559
vn -0.9648 -0.2460 0.0930
vn -0.7880 -0.3072 -0.5335
vn -0.9689 -0.2377 0.0693
vn -0.9787 -0.2054 0.0012
vn -0.9782 -0.2076 -0.0048
vn -0.9979 -0.0492 -0.0426
vn -0.9998 -0.0123 -0.0156
vn -0.9998 -0.0093 -0.0158
vn -0.9998 -0.0093 -0.0148
vn -0.9994 -0.0212 -0.0274
vn -0.0944 -0.0501 -0.9943
vn -0.6039 -0.0869 0.7923
vn -0.9720 -0.2120 0.1011
vn -0.9800 -0.1976 -0.0244
vn 0.9054 0.2266 -0.3591
vn -0.9061 -0.2282 0.3561
vn 0.8866 0.4173 -0.1997
vn -0.8994 -0.4343 0.0500
vn -0.9650 -0.2383 0.1091
vn -0.9580 -0.2671 0.1047
vn 0.9653 0.2375 -0.1084
vn 0.9582 0.2653 -0.1069
vn 0.6132 0.0911 -0.7846
vn -0.6829 -0.1116 0.7219
vn -0.8256 -0.4594 0.3277
vn -0.8565 0.1245 0.5009
vn -0.6881 -0.5002 0.5256
vn -0.7286 0.1628 0.6653
vn -0.7025 -0.3097 0.6407
vn -0.4138 0.6822 0.6028
vn -0.4740 -0.7609 0.4431
vn -0.4311 -0.6444 0.6316
vn -0.4812 0.7292 0.4865
vn -0.5814 0.4652 0.6675
vn -0.8434 0.0775 0.5316
vn -0.5360 -0.7024 0.4684
vn -0.5052 0.6915 0.5163
vn -0.8337 0.0588 0.5491
vn -0.4780 -0.5822 0.6577
vn 0.7261 0.5653 0.3915
vn -0.0286 0.9975 0.0650
vn -0.0191 -0.9987 0.0479
vn -0.0427 -0.9974 0.0578
vn 0.0290 0.9977 0.0605
vn 0.1140 -0.9895 0.0888
vn 0.1588 0.9822 0.1000
vn 0.9214 0.3051 0.2407
vn 0.2214 0.9581 -0.1820
vn 0.0962 -0.9793 -0.1778
vn 0.3112 -0.9431 -0.1170
vn 0.1770 -0.9697 -0.1685
vn 0.1273 0.9708 -0.2034
vn 0.3886 0.9160 -0.1002
vn 0.4720 -0.8816 -0.0094
vn 0.4955 0.8686 0.0075
vn 0.3081 0.9447 -0.1125
vn 0.3929 0.9194 -0.0181
vn 0.1429 -0.9769 -0.1586
vn 0.8354 0.5006 0.2269
vn 0.3673 -0.9294 -0.0366
vn 0.1779 0.9686 -0.1735
vn 0.2504 -0.9605 -0.1216
vn -0.0772 0.9845 0.1572
vn 0.0790 0.9804 0.1806
vn 0.6886 0.5338 0.4909
vn -0.1319 -0.9741 0.1837
vn 0.0219 -0.9851 0.1708
vn -0.1251 -0.9822 0.1401
vn -0.1190 0.9736 0.1946
vn -0.6297 -0.5549 0.5437
vn -0.5676 0.5534 0.6096
vn -0.8508 0.2104 0.4816
vn 0.2275 -0.9643 0.1357
vn 0.5211 -0.8489 0.0888
vn 0.4205 -0.9053 0.0594
vn 0.1633 -0.9642 0.2091
vn -0.3977 -0.8200 0.4116
vn -0.6093 -0.6797 0.4085
vn -0.5048 -0.6303 0.5899
vn -0.6413 -0.6706 0.3727
vn -0.8717 -0.2632 0.4134
vn -0.6384 -0.6185 0.4582
vn -0.6097 0.5557 0.5652
vn 0.2500 0.9586 0.1365
vn 0.5226 0.8476 0.0926
vn 0.4276 0.9016 0.0656
vn 0.1978 0.9585 0.2054
vn -0.6226 -0.7084 0.3325
vn -0.7104 0.5549 0.4330
vn -0.7196 -0.6373 0.2758
vn -0.9485 0.3087 -0.0713
vn -0.9265 -0.3237 -0.1917
vn -0.9528 0.0074 -0.3034
vn -0.9460 -0.1305 -0.2967
vn -0.9546 0.1494 -0.2578
vn -0.9384 -0.3139 0.1444
vn -0.6594 0.6027 0.4494
vn -0.5711 0.6432 0.5100
vn -0.9271 -0.3475 0.1403
vn -0.9158 -0.3634 0.1712
vn -0.6717 -0.6795 0.2951
vn -0.6957 -0.6615 0.2802
vn -0.8751 0.4184 0.2431
vn -0.9127 0.3980 0.0925
vn -0.8570 -0.4714 0.2081
vn -0.8940 -0.4481 -0.0041
vn -0.8969 0.1684 0.4089
vn -0.7105 0.4547 0.5371
vn -0.9481 -0.2332 0.2162
vn -0.9641 -0.1480 0.2203
vn -0.9525 -0.0203 0.3037
vn -0.8796 0.4341 0.1944
vn -0.9355 0.2927 0.1978
vn -0.9525 -0.2876 0.0999
vn -0.9772 -0.1971 0.0792
vn -0.9920 0.0525 0.1152
vn -0.9954 -0.0017 0.0962
vn -0.9957 -0.0304 0.0871
vn -0.7740 0.5312 0.3446
vn -0.9355 -0.3000 0.1865
vn -0.9954 0.0491 0.0820
vn -0.9960 0.0838 -0.0312
vn -0.9989 -0.0171 -0.0432
vn -0.9921 -0.0377 0.1194
vn -0.9971 0.0157 -0.0751
vn -0.9780 0.0501 0.2025
vn -0.9857 0.0463 0.1618
vn -0.9876 0.0310 0.1541
vn -0.9783 0.0288 0.2051
vn -0.9620 -0.0251 0.2719
vn -0.9485 0.0509 0.3128
vn -0.9459 -0.0154 0.3240
vn -0.9868 0.0349 0.1584
vn -0.9890 -0.0058 0.1477
vn -0.9828 0.1090 0.1488
vn -0.9822 -0.1109 0.1517
vn -0.9909 -0.0146 0.1335
vn -0.9830 0.0899 0.1600
vn -0.9862 -0.1093 0.1245
vn -0.9922 0.0309 0.1207
vn -0.9958 -0.0202 0.0897
vn -0.9822 0.0942 0.1624
vn -0.9778 0.1168 0.1739
vn -0.9572 -0.1754 0.2303
vn -0.9839 0.0913 0.1533
vn -0.9901 -0.0695 0.1216
vn -0.9941 0.0121 0.1081
vn -0.9716 -0.1641 0.1704
vn -0.9902 -0.0023 0.1393
vn -0.9467 -0.0119 0.3218
vn -0.9872 -0.0570 0.1486
vn -0.9347 -0.1465 0.3239
vn -0.9793 0.1028 0.1744
vn -0.9290 0.1470 0.3397
vn -0.9977 0.0018 -0.0675
vn -0.9935 0.0014 0.1134
vn -0.9959 -0.0559 -0.0712
vn -0.9921 -0.0392 0.1193
vn -0.9937 0.0883 -0.0692
vn -0.9886 0.0854 0.1240
vn -0.9522 -0.2488 0.1774
vn -0.9658 -0.2470 0.0786
vn -0.9343 0.2850 0.2142
vn -0.9480 0.2971 0.1143
vn -0.9032 0.2597 0.3416
vn -0.9051 -0.2703 0.3282
vn -0.9631 0.2674 -0.0295
vn -0.9723 -0.2220 -0.0727
vn -0.6910 -0.3757 0.6175
vn -0.8166 -0.3972 -0.4189
vn -0.8925 0.0391 -0.4493
vn -0.8160 0.1061 0.5683
vn -0.8084 -0.1660 -0.5647
vn -0.6989 -0.1194 0.7052
vn -0.9242 0.3776 -0.0581
vn -0.9312 0.3111 -0.1898
vn -0.8838 0.4674 0.0184
vn -0.8868 0.4621 -0.0044
vn -0.8364 0.5192 0.1755
vn -0.9558 0.1691 -0.2407
vn -0.9245 0.3538 -0.1416
vn -0.9102 0.4128 -0.0342
vn -0.8690 0.4918 0.0546
vn -0.8930 0.4498 -0.0165
vn -0.8990 0.4375 -0.0185
vn -0.4601 0.5254 0.7158
vn -0.4577 -0.6343 0.6231
vn -0.7454 -0.3198 -0.5848
vn -0.9164 0.1761 -0.3594
vn -0.7992 0.4703 -0.3743
vn -0.8229 0.4851 -0.2958
vn -0.8597 0.4873 -0.1532
vn -0.8545 0.5110 -0.0938
vn -0.8496 0.5273 -0.0096
vn -0.8526 0.5225 0.0114
vn -0.8505 0.5249 0.0324
vn -0.7940 0.5721 0.2053
vn -0.7836 0.5666 0.2549
vn -0.5310 0.6443 0.5505
vn -0.5797 -0.6748 0.4566
vn -0.7343 -0.6229 0.2699
vn -0.7587 -0.6048 0.2419
vn -0.7148 -0.6960 0.0681
vn -0.7763 -0.6285 0.0475
vn -0.7713 -0.6358 -0.0296
vn -0.7891 -0.6125 -0.0466
vn -0.7938 -0.6007 -0.0946
vn -0.7970 -0.5860 -0.1461
vn -0.7623 -0.5669 -0.3121
vn -0.6129 0.5670 0.5503
vn -0.8912 0.3879 0.2352
vn -0.9164 0.3631 0.1683
vn -0.9526 0.3035 0.0210
vn -0.9555 0.2949 0.0102
vn -0.9551 0.2962 0.0041
vn -0.9520 0.2995 -0.0635
vn -0.9516 0.2929 -0.0929
vn -0.9383 0.3088 -0.1554
vn -0.8944 0.3490 -0.2799
vn -0.5013 0.3720 0.7812
vn -0.5149 0.4209 0.7468
vn -0.9064 -0.1442 -0.3971
vn -0.9249 0.0719 -0.3733
vn -0.9341 -0.2895 0.2090
vn -0.8350 0.2807 0.4732
vn -0.9691 -0.2198 0.1116
vn -0.9785 0.1561 0.1346
vn -0.9759 -0.1875 0.1115
vn -0.9868 0.1277 0.0996
vn -0.9834 -0.1814 0.0060
vn -0.9969 0.0791 0.0027
vn -0.9864 -0.1643 0.0009
vn -0.9970 0.0768 0.0013
vn -0.9865 -0.1636 -0.0054
vn -0.9971 0.0759 0.0020
vn -0.9834 -0.1746 -0.0494
vn -0.9958 0.0781 -0.0468
vn -0.9803 -0.1851 -0.0694
vn -0.9943 0.0828 -0.0669
vn -0.9715 -0.2144 -0.1011
vn -0.9916 0.0961 -0.0867
vn -0.9250 -0.2712 -0.2660
vn -0.9696 0.1133 -0.2171
vn -0.9604 0.2273 -0.1613
vn -0.9789 -0.1581 -0.1293
vn -0.9777 0.1901 -0.0888
vn -0.9897 -0.1272 -0.0663
vn -0.9809 0.1804 -0.0727
vn -0.9913 -0.1165 -0.0613
vn -0.9836 0.1778 -0.0293
vn -0.9937 -0.1104 -0.0189
vn -0.9846 0.1747 0.0050
vn -0.9944 -0.1059 -0.0027
vn -0.9841 0.1778 0.0043
vn -0.9939 -0.1101 -0.0000
vn -0.9825 0.1849 0.0207
vn -0.9956 -0.0931 0.0076
vn -0.9558 0.2552 0.1459
vn -0.9851 -0.1454 0.0913
vn -0.9334 0.2847 0.2184
vn -0.9796 -0.1777 0.0940
vn -0.7575 0.3988 0.5169
vn -0.9537 -0.2211 0.2040
vn -0.8553 0.1614 -0.4923
vn -0.8553 -0.0996 -0.5085
vn -0.6531 0.6385 -0.4071
vn -0.4793 -0.8776 0.0074
vn -0.3065 0.5323 0.7891
vn -0.7279 -0.4651 -0.5038
vn -0.3813 -0.6797 0.6266
vn -0.4895 -0.8705 -0.0515
vn -0.9905 0.0006 -0.1378
vn -0.9921 -0.1044 -0.0702
vn -0.7198 0.6857 -0.1081
vn -0.4099 0.4190 0.8102
vn -0.7570 0.5594 -0.3377
vn -0.4752 0.1139 0.8724
vn -0.8597 -0.3461 -0.3756
vn -0.9879 0.1466 -0.0509
vn -0.9047 -0.1959 -0.3783
vn -0.6461 0.7627 0.0301
vn -0.9903 -0.1379 -0.0186
vn -0.5752 0.7733 0.2669
vn -0.5714 0.7248 0.3849
vn -0.4173 0.6671 0.6172
vn -0.4477 -0.7637 0.4652
vn -0.5430 -0.7770 0.3185
vn -0.5556 -0.7954 0.2424
vn -0.7685 0.5895 -0.2489
vn -0.5226 -0.8510 0.0518
vn -0.9751 -0.2144 -0.0572
vn -0.5798 -0.2519 0.7749
vn -0.6478 0.7618 -0.0071
vn -0.9551 0.2957 -0.0183
vn -0.8081 -0.5848 0.0705
vn -0.8849 0.4601 -0.0730
vn -0.6044 0.7798 0.1631
vn -0.7111 -0.4024 -0.5766
vn -0.8121 0.3528 -0.4647
vn -0.8425 0.1891 -0.5044
vn -0.8244 -0.1392 -0.5487
vn -0.7736 0.6336 -0.0131
vn -0.5125 -0.8578 -0.0398
vn -0.7096 -0.3949 -0.5835
vn -0.6697 0.5710 -0.4748
vn -0.8485 -0.0314 -0.5283
vn -0.8337 0.2387 -0.4980
vn -0.7856 -0.2697 -0.5569
vn -0.8162 0.5559 0.1574
vn -0.7741 -0.6173 0.1402
vn -0.9678 0.2227 0.1178
vn -0.9867 -0.1231 0.1064
vn -0.5668 0.7948 0.2169
vn -0.5712 -0.8148 0.0989
vn -0.9956 -0.0450 0.0826
vn -0.9302 0.3405 0.1372
vn -0.9232 -0.3736 0.0905
vn -0.9247 0.3773 0.0499
vn -0.6526 0.7457 -0.1345
vn -0.6593 0.6914 -0.2952
vn -0.6150 0.7846 0.0788
vn -0.6199 0.7840 0.0319
vn -0.6164 0.7874 -0.0038
vn -0.6249 0.7765 -0.0813
vn -0.4608 0.8665 0.1920
vn -0.4633 0.8783 0.1184
vn -0.4806 0.8751 -0.0570
vn -0.5434 0.8136 -0.2068
vn -0.6280 0.6670 -0.4010
vn -0.7974 0.4004 -0.4515
vn -0.4687 0.8812 0.0620
vn -0.4676 0.8839 0.0127
vn -0.5570 0.7242 -0.4066
vn -0.5074 0.8557 -0.1021
vn -0.6532 0.5969 -0.4660
vn -0.9176 -0.3970 -0.0212
vn -0.6862 -0.5026 -0.5259
vn -0.9004 0.2382 -0.3639
vn -0.8992 -0.1829 -0.3974
vn -0.7602 -0.3573 -0.5426
vn -0.8479 0.3042 -0.4343
vn -0.8699 -0.0614 -0.4894
vn -0.7701 -0.6323 -0.0846
vn -0.7788 -0.6211 0.0874
vn -0.9774 0.1967 0.0772
vn -0.9915 -0.1102 0.0686
vn -0.8413 0.5354 0.0738
vn -0.5537 -0.8290 0.0790
vn -0.9988 -0.0306 0.0382
vn -0.9458 0.3172 0.0702
vn -0.9266 -0.3464 0.1467
vn -0.6937 0.5885 -0.4153
vn -0.6047 0.7832 0.1449
vn -0.9994 0.0267 -0.0219
vn -0.8218 0.5697 -0.0122
vn -0.7724 0.6345 -0.0276
vn -0.7236 0.6902 -0.0017
vn -0.6989 0.7142 0.0374
vn -0.6826 0.7232 0.1051
vn -0.9653 0.2610 0.0001
vn -0.9941 -0.0608 -0.0894
vn -0.9981 0.0612 -0.0114
vn -0.6918 0.6860 0.2254
vn -0.8538 0.5109 0.1005
vn -0.9140 0.4055 -0.0125
vn -0.9919 0.1264 -0.0143
vn -0.9987 0.0241 -0.0454
vn -0.8825 0.4679 0.0462
vn -0.8947 0.4465 0.0059
vn -0.9981 0.0550 -0.0269
vn -0.9397 0.3413 -0.0201
vn -0.9512 -0.2043 -0.2314
vn -0.9519 0.2583 -0.1652
vn -0.9730 0.2303 -0.0133
vn -0.9978 0.0284 -0.0595
vn -0.9965 0.0783 -0.0301
vn -0.9468 -0.1111 -0.3022
vn -0.8477 0.5299 -0.0232
vn -0.7768 -0.6291 -0.0276
vn -0.9844 0.1760 0.0016
vn -0.9942 -0.1073 -0.0002
vn -0.4674 0.8837 -0.0249
vn -0.9008 0.4342 -0.0046
vn -0.7409 0.6716 -0.0062
vn -0.9450 0.3270 -0.0066
vn -0.5016 -0.8649 -0.0209
vn -0.6148 0.7881 -0.0305
vn -0.9992 -0.0398 0.0007
vn -0.9539 0.3001 -0.0068
vn -0.9436 -0.3311 0.0005
vn -0.5601 -0.8234 -0.0913
vn -0.6016 -0.5222 -0.6045
vn -0.5824 -0.6609 -0.4732
vn -0.5826 -0.7688 -0.2637
vn -0.5592 -0.8199 -0.1228
vn -0.5364 -0.8402 -0.0800
vn -0.7337 -0.4360 -0.5211
vn -0.4264 -0.9043 -0.0201
vn -0.4508 -0.8912 -0.0506
vn -0.6027 -0.7139 -0.3565
vn -0.4938 -0.8643 -0.0956
vn -0.6454 -0.5554 -0.5243
vn -0.5444 -0.8225 -0.1644
vn -0.7659 -0.2501 -0.5923
vn -0.7817 -0.6237 0.0013
vn -0.9842 0.1771 -0.0061
vn -0.9941 -0.1085 0.0020
vn -0.4719 0.8809 -0.0382
vn -0.9076 0.4198 -0.0057
vn -0.8481 0.5276 -0.0486
vn -0.6161 0.7866 -0.0413
vn -0.9487 0.3160 -0.0078
vn -0.7493 0.6622 -0.0084
vn -0.9992 -0.0404 -0.0021
vn -0.9534 0.3011 -0.0188
vn -0.9443 -0.3289 -0.0077
vn -0.5250 -0.8503 -0.0357
vn -0.7772 -0.6271 -0.0521
vn -0.9993 -0.0317 -0.0184
vn -0.9859 -0.1662 -0.0196
vn -0.9950 0.0756 -0.0648
vn -0.9996 -0.0158 -0.0218
vn -0.9990 -0.0165 -0.0427
vn -0.5284 -0.8458 0.0732
vn -0.7451 -0.6670 0.0012
vn -0.9971 -0.0707 -0.0277
vn -0.8022 -0.5948 -0.0517
vn -0.9990 -0.0332 -0.0299
vn -0.9006 -0.4305 -0.0597
vn -0.9404 0.2857 -0.1844
vn -0.8756 -0.4789 -0.0636
vn -0.9482 -0.2900 -0.1294
vn -0.9724 -0.0344 -0.2309
vn -0.9975 0.0254 -0.0664
vn -0.9927 -0.1160 -0.0322
vn -0.9984 -0.0430 -0.0357
vn -0.9252 0.2805 -0.2557
vn -0.8444 -0.4411 -0.3041
vn -0.9924 -0.0840 -0.0898
vn -0.9899 0.0018 -0.1419
vn -0.8137 -0.5532 -0.1784
vn -0.6151 -0.7882 0.0201
vn -0.7207 -0.6913 -0.0518
vn -0.9400 -0.3385 -0.0423
vn -0.9654 -0.1934 -0.1750
vn -0.9287 -0.3689 -0.0379
vn -0.9448 -0.3218 -0.0618
vn -0.9290 0.1092 -0.3535
vn -0.9646 -0.1652 -0.2054
vn -0.6668 -0.7317 0.1416
vn -0.8874 -0.4609 0.0034
vn -0.9606 -0.2508 -0.1197
vn -0.9774 0.0792 -0.1961
vn -0.9713 0.2365 -0.0265
vn -0.9918 0.1083 -0.0680
vn -0.9683 0.2319 -0.0931
vn -0.9379 0.3466 0.0163
vn -0.9408 0.3389 -0.0021
vn -0.9620 0.2722 -0.0213
vn -0.8804 0.4459 0.1613
vn -0.9381 0.3439 0.0410
vn -0.9538 0.3002 -0.0099
vn -0.9571 0.2897 -0.0111
vn -0.9581 0.2860 -0.0138
vn -0.9545 0.2981 -0.0087
vn -0.9815 0.1497 -0.1190
vn -0.9721 0.2288 -0.0523
vn -0.9424 0.3333 0.0275
vn -0.9485 0.3169 0.0039
vn -0.8307 0.4789 0.2839
vn -0.9756 0.1930 -0.1047
vn -0.9283 0.3640 0.0765
vn -0.9650 0.2608 -0.0259
vn -0.9506 0.3102 -0.0065
vn -0.9528 -0.0537 -0.2989
vn -0.9984 -0.0153 -0.0542
vn -0.9986 -0.0358 -0.0397
vn -0.9984 0.0011 -0.0571
vn -0.9234 -0.3719 -0.0953
vn -0.9770 -0.0582 -0.2049
vn -0.9692 -0.0914 -0.2285
vn -0.9718 0.0888 -0.2185
vn -0.9997 -0.0051 -0.0236
vn -0.9863 -0.0338 -0.1617
vn -0.9717 0.2210 -0.0830
vn -0.9583 -0.2845 0.0286
vn -0.9753 -0.2176 0.0370
vn -0.9871 -0.1599 0.0093
vn -0.9999 0.0067 -0.0157
vn -0.9999 0.0040 -0.0159
vn -0.9999 0.0012 -0.0159
vn -0.9998 -0.0046 -0.0168
vn -0.9999 -0.0037 -0.0158
vn -0.9999 -0.0041 -0.0168
vn -0.9988 0.0399 -0.0287
vn -0.9981 0.0610 -0.0051
vn -0.9960 0.0887 0.0065
vn -0.9981 -0.0618 -0.0054
vn -0.9991 -0.0419 -0.0087
vn -0.9994 -0.0322 -0.0132
vn -0.9997 0.0228 -0.0112
vn -0.9998 0.0142 -0.0128
vn -0.9999 0.0073 -0.0149
vn -0.8210 -0.5610 0.1064
vn -0.8583 -0.5036 0.0987
vn -0.8967 -0.4419 0.0243
vn -0.9999 -0.0020 -0.0170
vn -0.9999 -0.0025 -0.0169
vn -0.9999 -0.0006 -0.0144
vn -0.8677 0.4779 0.1364
vn -0.9237 0.3777 0.0643
vn -0.9567 0.2900 -0.0254
vn -0.9998 -0.0040 -0.0172
vn -0.9902 0.1362 0.0297
vn -0.9221 -0.3501 -0.1648
vn -0.9863 0.0565 -0.1547
vn -0.8046 0.5628 0.1897
vn -0.9995 -0.0021 -0.0300
vn -0.7921 -0.6078 0.0565
vn -0.9991 0.0390 -0.0171
vn -0.9960 -0.0877 -0.0185
vn -0.5846 -0.8091 0.0592
vn -0.0549 0.0154 -0.9984
vn -0.6800 0.7332 0.0024
vn -0.5799 -0.1274 0.8046
vn -0.5590 -0.3733 0.7404
vn -0.9187 -0.3937 -0.0317
vn -0.9837 -0.1796 -0.0018
vn -0.9836 -0.1798 0.0162
vn -0.8951 -0.4028 0.1911
vn -0.9389 -0.3076 -0.1541
vn -0.9847 -0.1421 -0.1009
vn -0.9864 -0.0993 0.1311
vn -0.9776 -0.2101 -0.0082
vn -0.9774 -0.2111 -0.0119
vn -0.9736 -0.2168 -0.0719
vn -0.9389 -0.3384 0.0636
vn 0.2379 -0.9437 0.2299
vn 0.9026 0.2462 -0.3533
vn -0.3118 0.9441 0.1070
vn -0.8991 -0.2435 0.3637
vn 0.7247 0.3226 -0.6089
vn -0.6432 0.1553 0.7498
vn -0.7405 -0.3103 0.5961
vn 0.4543 -0.2234 -0.8624
vn 0.2920 -0.6443 -0.7069
vn 0.8537 0.4195 -0.3085
vn -0.4383 0.4561 -0.7745
vn -0.8887 -0.4570 -0.0354
vn 0.9782 0.1947 -0.0718
vn 0.9271 0.3520 -0.1284
vn -0.9773 -0.1503 0.1491
vn -0.8997 -0.4361 -0.0210
vn 0.9747 0.1445 -0.1706
vn 0.9859 0.1448 -0.0836
vn 0.8649 0.4116 -0.2872
vn 0.9379 0.3225 -0.1276
vn -0.9721 -0.1847 0.1446
vn -0.9847 -0.1441 0.0978
vn -0.9159 -0.3314 0.2263
vn -0.9420 -0.3229 0.0913
vn -0.9607 -0.2494 0.1217
vn -0.9555 -0.2861 0.0720
vn 0.2347 -0.9550 0.1814
vn 0.2433 -0.9628 -0.1174
vn -0.2384 0.9708 -0.0261
vn -0.2778 0.9139 -0.2961
vn 0.9625 0.2526 -0.0987
vn 0.9513 0.2731 -0.1428
vn 0.4131 0.3351 -0.8468
vn -0.7895 0.0143 0.6136
vn -0.5832 -0.3197 0.7468
vn 0.8212 0.0060 -0.5706
vn 0.6062 0.1255 -0.7854
vn -0.6825 -0.1453 0.7162
vn 0.1269 -0.9910 0.0423
vn -0.2233 0.9747 -0.0014
vn -0.5907 0.2102 0.7791
vn -0.9252 -0.0178 -0.3789
vn -0.9256 0.0116 -0.3784
vn -0.9600 -0.1847 0.2104
vn -0.9627 -0.0992 0.2516
vn -0.9926 -0.0897 0.0820
vn -0.9964 -0.0089 0.0848
vn -0.9935 -0.0747 0.0859
vn -0.9973 -0.0081 0.0730
vn -0.9993 -0.0382 -0.0024
vn -1.0000 0.0001 0.0011
vn -0.9992 -0.0397 -0.0008
vn -0.9992 -0.0393 -0.0006
vn -0.9982 -0.0432 -0.0426
vn -0.9991 -0.0025 -0.0415
vn -0.9971 -0.0463 -0.0597
vn -0.9983 -0.0036 -0.0587
vn -0.9959 -0.0530 -0.0729
vn -0.9976 -0.0039 -0.0698
vn -0.9753 -0.0685 -0.2101
vn -0.9796 -0.0066 -0.2007
vn -0.8477 0.0084 -0.5304
vn -0.8505 0.0083 -0.5259
vn -0.9983 0.0058 0.0588
vn -0.9981 0.0004 0.0610
vn -0.8747 -0.0043 -0.4846
vn -0.8772 -0.0046 -0.4802
vn -0.9995 0.0024 0.0308
vn -0.9995 0.0027 0.0315
vn -1.0000 -0.0000 -0.0024
vn -0.9989 0.0160 -0.0449
vn -0.9981 0.0327 -0.0513
vn -0.9999 -0.0008 -0.0168
vn -0.9999 -0.0015 -0.0167
vn -0.9998 0.0013 -0.0175
vn -0.9999 0.0011 -0.0160
vn -0.9996 0.0004 -0.0296
vn -0.9995 0.0004 -0.0301
vn -0.9861 0.0033 -0.1660
vn -0.9862 0.0050 -0.1655
vn -0.9999 -0.0013 -0.0162
vn -0.9999 -0.0012 -0.0166
vn -0.9999 -0.0014 -0.0168
vn -0.9999 -0.0012 -0.0167
vn -0.9999 -0.0005 -0.0171
vn -0.9999 -0.0003 -0.0168
vn -0.9637 0.1539 -0.2179
vn -0.9595 0.1671 -0.2268
vn -1.0000 -0.0054 -0.0000
vn -0.9987 0.0036 0.0515
vn -0.9984 -0.0024 0.0568
vn -0.9338 -0.0068 -0.3576
vn -0.9345 -0.0157 -0.3555
vn -0.9980 0.0027 0.0627
vn -0.9971 -0.0209 0.0738
vn -0.8483 0.0015 -0.5296
vn -0.8512 -0.0045 -0.5249
vn -0.4621 -0.1105 0.8799
vn -0.9998 0.0065 -0.0191
vn -0.9997 0.0083 -0.0227
vn -0.8696 0.0129 -0.4937
vn -0.8713 0.0083 -0.4907
vn -0.9968 0.0014 0.0802
vn -0.9962 -0.0367 0.0790
vn -1.0000 0.0009 0.0099
vn -0.9999 -0.0028 0.0101
vn -1.0000 -0.0053 -0.0002
vn -0.9999 -0.0006 -0.0167
vn -0.9998 -0.0065 -0.0170
vn -0.9983 -0.0027 -0.0574
vn -0.9983 -0.0094 -0.0574
vn -0.9983 -0.0027 -0.0590
vn -0.9982 -0.0096 -0.0589
vn -0.9943 -0.0037 -0.1064
vn -0.9943 -0.0123 -0.1057
vn -0.5021 0.6262 0.5964
vn -0.5243 -0.6796 0.5131
vn -0.7952 0.3134 0.5191
vn -0.9294 -0.2186 0.2973
vn -0.9463 -0.0098 0.3232
vn -0.9627 -0.1328 0.2356
vn -0.9537 -0.0528 0.2962
vn -0.9240 0.0726 0.3755
vn -0.3504 0.6644 0.6601
vn -0.4426 -0.7328 0.5169
vn -0.9582 -0.1601 0.2371
vn -0.6740 0.4930 0.5502
vn -0.6927 -0.5892 0.4159
vn -0.7028 -0.5106 0.4953
vn -0.9405 -0.0884 0.3281
vn -0.7553 0.1562 0.6365
vn -0.8778 -0.2100 0.4306
vn -0.8235 -0.3766 0.4242
vn -0.9012 -0.0612 0.4290
vn -0.4974 0.5885 0.6373
vn -0.7097 0.2278 0.6666
vn -0.6695 0.4058 0.6222
vn -0.3130 0.6332 0.7079
vn -0.7463 -0.4925 0.4478
vn -0.4333 -0.6936 0.5754
vn -0.6198 -0.6011 0.5045
vn -0.9254 0.0116 -0.3789
vn -0.9293 0.0781 0.3609
vn -0.9960 0.0124 0.0885
vn -0.9973 0.0107 0.0731
vn -0.9991 -0.0008 -0.0413
vn -0.9983 -0.0018 -0.0588
vn -0.9975 -0.0015 -0.0702
vn -0.9794 -0.0041 -0.2021
vn -0.9974 0.0385 -0.0606
vn -0.8454 0.0917 -0.5262
vn -0.9923 0.0972 0.0767
vn -0.8717 0.1042 -0.4789
vn -0.9959 0.0837 0.0356
vn -0.9971 0.0762 -0.0005
vn -0.9971 0.0760 -0.0064
vn -0.9999 0.0014 -0.0165
vn -0.9999 0.0002 -0.0165
vn -0.9998 -0.0008 -0.0181
vn -0.9996 0.0048 -0.0283
vn -0.8643 0.2309 0.4469
vn -0.9939 0.0179 -0.1091
vn -0.9980 0.0147 -0.0609
vn -0.9982 0.0134 -0.0579
vn -0.9998 0.0128 -0.0174
vn -0.9999 0.0131 0.0002
vn -0.9999 0.0133 0.0001
vn -0.9998 0.0142 0.0101
vn -0.9947 0.0505 0.0901
vn -0.8973 0.1551 0.4133
vn -0.8682 0.0290 -0.4953
vn -0.8467 0.0207 -0.5317
vn -0.9971 0.0322 0.0695
vn -0.9331 0.0161 -0.3592
vn -0.9984 0.0188 0.0531
vn -0.9999 0.0128 0.0002
vn -0.9999 0.0127 -0.0004
vn -0.9867 0.0106 -0.1620
vn -0.9999 -0.0007 -0.0166
vn -0.9999 0.0002 -0.0167
vn -0.9658 0.1232 -0.2279
vn -0.9997 0.0064 -0.0254
vn -0.8738 -0.2361 -0.4252
vn -0.7982 -0.5142 0.3137
vn -0.9022 -0.3904 0.1833
vn -0.9177 -0.3679 0.1501
vn -0.9485 -0.3166 0.0025
vn -0.9428 -0.3332 0.0112
vn -0.9447 -0.3271 -0.0209
vn -0.9424 -0.3288 -0.0617
vn -0.9403 -0.3288 -0.0883
vn -0.9232 -0.3514 -0.1559
vn -0.8560 -0.3924 -0.3366
vn -0.8088 -0.1949 -0.5548
vn -0.9775 -0.1874 0.0969
vn -0.8044 -0.2632 -0.5327
vn -0.9809 -0.1867 0.0538
vn -0.9860 -0.1669 0.0019
vn -0.9857 -0.1685 -0.0027
vn -0.9953 -0.0839 -0.0480
vn -0.9998 -0.0059 -0.0168
vn -0.9998 -0.0053 -0.0166
vn -0.9999 -0.0057 -0.0143
vn -0.9995 -0.0114 -0.0290
vn -0.1099 -0.1093 -0.9879
vn -0.6110 -0.0404 0.7906
vn -0.9461 -0.2346 0.2230
vn -0.9800 -0.1991 0.0050
vn 0.9095 0.2090 -0.3594
vn -0.9117 -0.2107 0.3528
vn 0.9212 0.3663 -0.1310
vn -0.9230 -0.3696 0.1071
vn -0.9691 -0.2265 0.0980
vn -0.9601 -0.2457 0.1338
vn 0.9679 0.2227 -0.1167
vn 0.9638 0.2556 -0.0758
vn 0.6298 0.0606 -0.7744
vn -0.6777 -0.0748 0.7315
vn -0.9125 -0.3186 0.2566
vn -0.6429 -0.0953 0.7600
vn 0.4195 0.0455 -0.9066
vn 0.9664 0.2366 -0.1004
vn 0.9539 0.2485 -0.1683
vn -0.9662 -0.2376 0.1004
vn -0.9531 -0.2490 0.1719
vn -0.9353 -0.3380 0.1043
vn -0.0972 -0.1003 -0.9902
vn 0.7633 0.1529 -0.6277
vn -0.7883 -0.1630 0.5933
vn 0.9345 0.3326 -0.1265
vn -0.9581 -0.1886 -0.2155
vn -0.9067 -0.1802 0.3814
vn -0.9720 -0.2260 0.0644
vn -0.9779 -0.2091 -0.0001
vn -0.9823 -0.0857 -0.1668
vn -0.9998 -0.0085 -0.0154
vn -0.9998 -0.0107 -0.0156
vn -0.9998 -0.0141 -0.0160
vn -0.9997 -0.0159 -0.0183
vn -0.9670 -0.2010 -0.1566
vn -0.9785 -0.2064 0.0027
vn -0.9790 -0.2036 -0.0047
vn -0.9665 -0.2455 0.0746
vn -0.8383 -0.3255 -0.4374
vn -0.9639 -0.2413 0.1126
vn -0.7868 -0.2709 -0.5545
vn -0.9405 -0.2864 -0.1826
vn -0.9683 -0.2340 -0.0870
vn -0.9734 -0.2176 -0.0712
vn -0.9773 -0.2104 -0.0262
vn -0.9798 -0.1999 -0.0068
vn -0.9774 -0.2107 0.0152
vn -0.9595 -0.2504 0.1289
vn -0.9091 -0.3646 0.2018
vn -0.8710 -0.4097 0.2710
vn -0.8125 -0.2214 -0.5393
vn -0.7674 -0.4923 0.4108
vn -0.8457 0.1006 0.5242
vn -0.8155 0.1798 0.5502
vn -0.8914 0.1281 0.4348
vn -0.6536 -0.2175 0.7249
vn -0.9183 0.0337 0.3945
vn -0.8933 -0.0503 0.4466
vn -0.6064 -0.5935 0.5293
vn -0.6716 0.1445 0.7267
vn -0.7904 -0.1268 0.5993
vn -0.6342 0.4825 0.6041
vn -0.6107 -0.5663 0.5535
vn -0.5048 -0.4157 0.7566
vn -0.6441 -0.4477 0.6202
vn -0.4720 0.7062 0.5278
vn -0.3749 -0.5948 0.7111
vn -0.4711 -0.7121 0.5205
vn -0.4783 0.7272 0.4923
vn -0.3473 0.6664 0.6597
vn -0.5611 0.5803 0.5903
vn -0.8557 0.2205 0.4681
vn -0.4896 -0.7568 0.4331
vn -0.7328 0.3756 0.5674
vn -0.7846 -0.3406 0.5180
vn -0.4456 0.4869 0.7513
vn -0.5603 0.6290 0.5389
vn -0.7680 0.1499 0.6227
vn -0.4715 -0.6582 0.5869
vn -0.7258 0.3961 0.5624
vn -0.3706 -0.6524 0.6610
vn -0.6856 -0.5029 0.5263
vn -0.6222 -0.5071 0.5965
vn -0.7390 -0.2631 0.6203
vn 0.6910 -0.6131 0.3829
vn -0.0158 0.9982 0.0580
vn -0.0315 -0.9976 0.0609
vn -0.0429 -0.9978 0.0500
vn 0.0922 0.9928 0.0766
vn -0.0231 0.9973 0.0694
vn 0.0339 -0.9976 0.0610
vn 0.2162 0.9686 0.1228
vn -0.0466 0.9914 0.1222
vn -0.1409 0.9320 0.3340
vn 0.5365 0.4677 0.7024
vn -0.0985 -0.9861 0.1341
vn -0.1986 -0.9294 0.3110
vn -0.2692 -0.9257 0.2657
vn -0.2428 0.9000 0.3620
vn 0.9231 -0.3095 0.2282
vn 0.3191 0.9361 -0.1480
vn 0.1170 -0.9774 -0.1762
vn 0.2567 -0.9551 -0.1479
vn 0.4438 0.8949 -0.0469
vn 0.1513 0.9685 -0.1978
vn 0.3880 -0.9190 -0.0708
vn 0.5283 0.8472 0.0560
vn 0.3520 0.9286 -0.1178
vn 0.2851 0.9582 0.0253
vn 0.1580 -0.9726 -0.1706
vn 0.8589 0.4607 0.2238
vn 0.2529 -0.9674 0.0102
vn 0.1243 0.9715 -0.2020
vn 0.0895 0.9928 -0.0796
vn 0.2847 -0.9500 -0.1285
vn 0.1882 0.9810 -0.0463
vn 0.4526 0.8916 -0.0144
vn 0.0634 -0.9953 -0.0727
vn 0.0945 -0.9798 -0.1761
vn 0.7888 0.5450 0.2843
vn 0.4222 -0.9059 -0.0343
vn 0.1973 0.9625 -0.1862
vn 0.1349 -0.9893 -0.0554
vn 0.3001 -0.9500 -0.0866
vn 0.2486 0.9570 -0.1496
vn 0.2025 -0.9685 -0.1450
vn 0.1298 0.9740 -0.1854
vn 0.4418 0.8912 0.1032
vn 0.4084 -0.9126 0.0165
vn 0.1006 -0.9814 -0.1636
vn 0.3512 0.9339 -0.0671
vn -0.2360 0.9271 0.2913
vn 0.1058 0.9837 0.1454
vn 0.6927 0.5582 0.4567
vn -0.2713 -0.8824 0.3844
vn 0.0544 -0.9893 0.1354
vn -0.0929 -0.9900 0.1063
vn -0.0903 0.9846 0.1500
vn -0.1210 0.9780 0.1699
vn -0.1459 -0.9767 0.1575
vn -0.1009 0.9715 0.2147
vn -0.0660 -0.9871 0.1456
vn 0.1028 -0.9756 0.1939
vn -0.1077 -0.9735 0.2016
vn 0.2713 0.9370 0.2199
vn -0.0015 0.9865 0.1636
vn -0.5914 -0.6242 0.5105
vn -0.5969 0.3910 0.7006
vn -0.8400 0.1168 0.5299
vn 0.1835 -0.9762 0.1157
vn 0.5044 -0.8622 0.0457
vn 0.8246 -0.5282 0.2027
vn 0.6241 -0.6127 0.4849
vn -0.1507 -0.9047 0.3985
vn 0.3261 -0.9415 0.0852
vn 0.4850 -0.8717 0.0693
vn 0.1921 -0.9666 0.1694
vn -0.3851 0.6566 0.6485
vn -0.7319 0.4446 0.5163
vn -0.8453 -0.1405 0.5155
vn -0.3912 -0.8386 0.3792
vn -0.5482 -0.7679 0.3312
vn -0.5416 -0.7250 0.4254
vn -0.2763 -0.8857 0.3732
vn -0.7892 -0.3867 0.4771
vn -0.8895 -0.1146 0.4424
vn -0.4940 -0.6719 0.5518
vn -0.6118 0.4749 0.6327
vn 0.2891 0.9445 0.1562
vn 0.5589 0.8180 0.1355
vn 0.4247 0.9049 0.0282
vn 0.1489 0.9688 0.1981
vn -0.0941 0.9120 0.3993
vn 0.3393 0.9364 0.0890
vn 0.4937 0.8664 0.0754
vn 0.2191 0.9610 0.1687
vn -0.6330 -0.6576 0.4085
vn -0.8574 0.1297 0.4981
vn -0.6055 -0.5981 0.5250
vn -0.5963 -0.7524 0.2799
vn -0.6177 -0.6905 0.3763
vn -0.7339 -0.5874 0.3411
vn -0.4041 -0.6734 0.6191
vn -0.7350 0.5535 0.3917
vn -0.7068 -0.6504 0.2783
vn -0.9097 0.3723 0.1841
vn -0.9628 -0.2581 0.0799
vn -0.9958 -0.0007 0.0917
vn -0.9958 -0.0338 0.0849
vn -0.9920 0.0579 0.1118
vn -0.9451 -0.2934 0.1441
vn -0.9571 -0.2675 0.1117
vn -0.9770 0.1545 0.1473
vn -0.9955 -0.0045 0.0950
vn -0.9951 0.0068 0.0985
vn -0.5303 0.6669 0.5235
vn -0.5185 -0.7842 0.3409
vn -0.9925 -0.0948 0.0767
vn -0.8541 0.4182 0.3093
vn -0.8816 -0.4299 0.1947
vn -0.6897 0.5746 0.4406
vn -0.6173 0.6280 0.4739
vn -0.9239 -0.3817 0.0278
vn -0.9011 -0.3861 0.1973
vn -0.9464 0.3135 -0.0780
vn -0.9202 0.3797 0.0946
vn -0.9000 0.3707 0.2294
vn -0.8856 -0.0268 0.4638
vn -0.9330 -0.3320 0.1390
vn -0.9211 -0.3586 0.1519
vn -0.6496 -0.6792 0.3417
vn -0.6848 -0.6714 0.2832
vn -0.7047 0.5375 0.4630
vn -0.8368 0.4878 0.2485
vn -0.9347 -0.2766 0.2230
vn -0.9439 -0.3006 0.1366
vn -0.8468 -0.4869 0.2141
vn -0.8650 -0.4625 0.1949
vn -0.6907 0.5884 0.4203
vn -0.8048 0.5097 0.3041
vn -0.9724 -0.0956 -0.2127
vn -0.9432 -0.2931 -0.1565
vn -0.4773 -0.8025 0.3580
vn -0.4966 -0.7961 0.3458
vn -0.8549 -0.3484 0.3845
vn -0.8675 -0.2174 0.4473
vn -0.9712 0.1257 -0.2022
vn -0.9775 0.0043 -0.2109
vn -0.8769 0.1698 0.4497
vn -0.8703 0.2994 0.3910
vn -0.9314 -0.3211 0.1717
vn -0.9430 -0.3126 0.1141
vn -0.5003 0.6670 0.5521
vn -0.4645 0.6760 0.5721
vn -0.8300 0.2551 0.4959
vn -0.8115 -0.3399 0.4753
vn -0.8259 -0.1685 0.5381
vn -0.8341 0.0900 0.5442
vn -0.9314 0.3632 0.0240
vn -0.9111 -0.4004 -0.0977
vn -0.9558 0.2341 -0.1779
vn -0.9509 -0.0540 -0.3047
vn -0.9531 0.0710 -0.2942
vn -0.9381 -0.2256 -0.2629
vn -0.8533 0.3930 0.3427
vn -0.8950 0.4174 0.1573
vn -0.8326 -0.4433 0.3320
vn -0.8773 -0.4713 0.0908
vn -0.8245 0.3425 0.4504
vn -0.9394 0.1559 0.3054
vn -0.8326 -0.2610 0.4886
vn -0.9573 -0.1888 0.2189
vn -0.8507 -0.0432 0.5238
vn -0.9708 0.2398 0.0058
vn -0.9381 0.3123 0.1497
vn -0.9144 -0.4045 0.0159
vn -0.9878 -0.1327 0.0819
vn -0.9718 0.1293 -0.1974
vn -0.9470 -0.1325 -0.2927
vn -0.9915 -0.0042 0.1302
vn -0.8871 0.3915 0.2446
vn -0.9547 -0.2301 0.1886
vn -0.8278 0.3566 0.4331
vn -0.9737 0.0309 -0.2258
vn -0.9783 -0.1268 0.1640
vn -0.9977 0.0515 0.0443
vn -0.9782 -0.0141 0.2072
vn -0.9690 0.2027 0.1414
vn -0.9794 -0.1065 0.1715
vn -0.9732 -0.2037 0.1069
vn -0.9453 0.1188 0.3039
vn -0.9899 0.0361 0.1370
vn -0.9929 -0.0176 0.1177
vn -0.8884 -0.0099 0.4590
vn -0.8777 0.3916 0.2761
vn -0.9842 0.1341 0.1157
vn -0.9898 0.0231 0.1406
vn -0.9876 -0.0311 0.1539
vn -0.9879 0.0339 0.1516
vn -0.9879 0.0360 0.1508
vn -0.9659 0.0429 0.2552
vn -0.9555 -0.0412 0.2921
vn -0.9389 0.0302 0.3430
vn -0.9705 0.0137 0.2409
vn -0.9842 0.0259 0.1754
vn -0.9820 0.0611 0.1786
vn -0.9972 0.0563 -0.0501
vn -0.9964 -0.0099 -0.0846
vn -0.9987 -0.0279 0.0421
vn -0.9967 0.0806 0.0054
vn -0.9771 -0.1405 -0.1595
vn -0.9837 0.0496 -0.1727
vn -0.9705 0.0253 -0.2398
vn -0.9643 -0.0288 0.2631
vn -0.9678 0.1653 0.1897
vn -0.9326 -0.0562 0.3566
vn -0.8925 0.0958 0.4408
vn -0.9800 -0.1846 0.0742
vn -0.8257 0.1856 0.5327
vn -0.8217 -0.3937 0.4120
vn -0.9380 0.3267 0.1158
vn -0.9497 -0.2810 -0.1382
vn -0.9534 0.0057 -0.3017
vn -0.8587 -0.4686 0.2075
vn -0.9788 0.1282 0.1595
vn -0.9698 -0.1449 0.1963
vn -0.9892 -0.0736 0.1270
vn -0.9853 0.0605 0.1596
vn -0.9821 0.0961 0.1622
vn -0.9882 -0.0869 0.1260
vn -0.9870 0.0653 0.1465
vn -0.9954 0.0080 0.0955
vn -0.9944 0.0093 0.1052
vn -0.9930 -0.0493 0.1071
vn -0.9816 0.0947 0.1659
vn -0.9847 0.0906 0.1491
vn -0.9590 -0.1822 0.2170
vn -0.9814 -0.1379 0.1335
vn -0.9808 -0.0047 0.1951
vn -0.9752 -0.0850 0.2041
vn -0.9649 0.1204 0.2335
vn -0.9981 0.0017 0.0612
vn -0.9922 -0.0003 0.1247
vn -0.9973 -0.0370 0.0632
vn -0.9901 -0.0460 0.1324
vn -0.9952 0.0746 0.0640
vn -0.9846 0.0942 0.1471
vn -0.9802 -0.1182 0.1588
vn -0.9875 -0.1104 0.1127
vn -0.9875 0.0411 0.1522
vn -0.9928 0.0269 0.1164
vn -0.9896 -0.0312 0.1403
vn -0.9932 -0.0124 0.1158
vn -0.9629 0.1850 0.1963
vn -0.9750 0.1820 0.1275
vn -0.9159 0.2039 0.3458
vn -0.9217 -0.2032 0.3303
vn -0.9438 -0.0911 0.3176
vn -0.9406 0.0772 0.3305
vn -0.9563 0.2874 0.0531
vn -0.9703 -0.2415 0.0134
vn -0.9827 0.1772 -0.0534
vn -0.9976 -0.0179 -0.0676
vn -0.9971 0.0292 -0.0706
vn -0.9890 -0.1277 -0.0748
vn -0.9204 0.2746 0.2782
vn -0.9423 0.2937 0.1608
vn -0.9328 -0.2589 0.2507
vn -0.9615 -0.2451 0.1239
vn -0.8749 -0.3274 0.3568
vn -0.6048 -0.4373 -0.6656
vn -0.5999 0.2154 -0.7706
vn -0.6445 0.2057 0.7364
vn -0.5617 -0.1272 -0.8175
vn -0.5881 -0.0879 0.8040
vn -0.7323 -0.0739 0.6770
vn -0.7972 -0.2118 -0.5654
vn -0.8398 -0.5339 0.0980
vn -0.8219 -0.1289 -0.5548
vn -0.9821 0.1842 0.0400
vn -0.6580 -0.1682 0.7340
vn -0.9679 0.2488 -0.0372
vn -0.9703 0.2058 -0.1271
vn -0.9481 0.3177 0.0131
vn -0.9502 0.3116 -0.0026
vn -0.9111 0.3763 0.1682
vn -0.8216 0.4483 -0.3522
vn -0.7281 0.6353 -0.2572
vn -0.6865 0.7245 -0.0623
vn -0.6304 0.7720 0.0814
vn -0.6560 0.7542 -0.0291
vn -0.6657 0.7455 -0.0334
vn -0.9374 0.0483 -0.3448
vn -0.8895 0.4568 -0.0125
vn -0.9181 0.3939 -0.0435
vn -0.8595 0.5028 0.0921
vn -0.9237 0.3357 -0.1848
vn -0.7833 0.5591 0.2717
vn -0.8858 0.4640 0.0057
vn -0.8778 0.4778 0.0348
vn -0.9262 0.3661 -0.0897
vn -0.9450 0.2680 -0.1876
vn -0.8960 0.4437 -0.0171
vn -0.9036 0.4277 -0.0248
vn -0.7910 -0.2562 -0.5557
vn -0.7510 -0.5497 0.3660
vn -0.8915 -0.4106 0.1913
vn -0.9115 -0.3740 0.1712
vn -0.2800 0.9584 0.0556
vn -0.9427 -0.3326 0.0273
vn -0.9444 -0.3284 -0.0137
vn -0.9438 -0.3288 -0.0333
vn -0.9413 -0.3281 -0.0797
vn -0.9359 -0.3355 -0.1077
vn -0.8982 -0.3745 -0.2301
vn -0.9189 0.3319 -0.2132
vn -0.9920 -0.0603 -0.1112
vn -0.9486 0.2955 -0.1130
vn -0.9970 -0.0486 -0.0605
vn -0.9517 0.2960 -0.0817
vn -0.9973 -0.0450 -0.0582
vn -0.9529 0.3009 -0.0374
vn -0.9990 -0.0413 -0.0175
vn -0.9556 0.2945 0.0080
vn -0.9992 -0.0393 -0.0010
vn -0.9544 0.2982 0.0133
vn -0.9992 -0.0400 -0.0009
vn -0.9501 0.3096 0.0386
vn -0.9994 -0.0321 0.0091
vn -0.9075 0.3753 0.1887
vn -0.9931 -0.0844 0.0817
vn -0.8691 0.3993 0.2919
vn -0.9921 -0.0937 0.0829
vn -0.6391 0.5307 0.5567
vn -0.9607 -0.1777 0.2133
vn -0.8452 0.2212 -0.4865
vn -0.8688 -0.0235 -0.4946
vn -0.5008 -0.8642 0.0489
vn -0.8684 0.3384 -0.3623
vn -0.5349 -0.8429 0.0584
vn -0.9671 0.2337 -0.1008
vn -0.5490 -0.7822 0.2945
vn -0.8462 -0.5317 -0.0353
vn -0.5323 -0.7785 0.3325
vn -0.3471 -0.7410 0.5749
vn -0.4412 -0.7443 0.5014
vn -0.3263 0.6511 0.6853
vn -0.4441 0.6723 0.5923
vn -0.5805 0.7528 0.3104
vn -0.5672 0.7887 0.2370
vn -0.9997 -0.0005 -0.0251
vn -0.6186 0.7839 0.0537
vn -0.5854 -0.7214 -0.3701
vn -0.9061 -0.4226 -0.0206
vn -0.6186 0.7856 0.0136
vn -0.5730 -0.8015 -0.1711
vn -0.6152 0.7881 -0.0201
vn -0.5465 -0.8313 -0.1014
vn -0.3589 0.4460 0.8199
vn -0.6370 0.7638 -0.1040
vn -0.5166 -0.8560 -0.0210
vn -0.6631 0.7225 -0.1958
vn -0.4776 -0.8778 -0.0375
vn -0.6487 0.6589 -0.3808
vn -0.9880 -0.1407 -0.0636
vn -0.6868 0.5853 -0.4310
vn -0.8459 -0.0460 -0.5313
vn -0.8387 0.2664 -0.4750
vn -0.7719 -0.3143 -0.5526
vn -0.6113 0.7841 0.1078
vn -0.5649 -0.8089 0.1628
vn -0.9942 -0.0596 0.0899
vn -0.9228 0.3522 0.1560
vn -0.9211 -0.3710 0.1182
vn -0.6751 0.6185 -0.4021
vn -0.9564 -0.1311 -0.2609
vn -0.9426 0.3339 -0.0053
vn -0.9625 0.2702 -0.0223
vn -0.9170 0.3911 0.0779
vn -0.9908 0.1199 -0.0632
vn -0.7770 0.5667 0.2739
vn -0.9399 0.3413 0.0043
vn -0.9326 0.3595 0.0327
vn -0.7968 -0.3860 -0.4648
vn -0.9271 -0.0706 -0.3680
vn -0.5792 -0.5855 -0.5672
vn -0.5697 -0.8186 0.0733
vn -0.9974 -0.0358 0.0633
vn -0.9385 0.3280 0.1075
vn -0.9256 -0.3682 0.0875
vn -0.6885 0.5671 -0.4521
vn -0.5863 0.7879 0.1882
vn -0.6657 0.7310 0.1498
vn -0.7339 0.6792 -0.0051
vn -0.8080 0.5892 0.0001
vn -0.9944 0.1057 -0.0051
vn -0.6912 0.7190 0.0728
vn -0.7107 0.7034 0.0101
vn -0.9991 0.0383 -0.0168
vn -0.8031 0.5953 -0.0264
vn -0.9809 0.1911 -0.0362
vn -0.9933 0.0842 -0.0797
vn -0.8247 0.5643 -0.0370
vn -0.9537 0.1467 -0.2624
vn -0.9316 0.3423 -0.1224
vn -0.9994 0.0077 -0.0348
vn -0.9426 -0.2233 -0.2484
vn -0.7453 0.6667 -0.0064
vn -0.9470 0.3213 -0.0068
vn -0.4981 -0.8663 -0.0374
vn -0.6149 0.7878 -0.0354
vn -0.9992 -0.0395 0.0001
vn -0.9545 0.2983 -0.0013
vn -0.9441 -0.3295 -0.0119
vn -0.6601 -0.4688 -0.5869
vn -0.8972 -0.4416 0.0057
vn -0.6415 -0.7555 0.1331
vn -0.9918 -0.0739 -0.1040
vn -0.9465 0.2003 -0.2532
vn -0.9557 -0.2900 -0.0496
vn -0.7072 -0.3559 -0.6109
vn -0.6186 0.7836 -0.0577
vn -0.9511 0.3086 -0.0121
vn -0.7563 0.6540 -0.0170
vn -0.9992 -0.0401 0.0008
vn -0.9535 0.3010 -0.0118
vn -0.9439 -0.3303 0.0045
vn -0.5287 -0.8470 -0.0560
vn -0.4887 -0.8724 0.0023
vn -0.9984 -0.0540 -0.0173
vn -0.5309 -0.8443 -0.0722
vn -0.9996 -0.0225 -0.0191
vn -0.6620 -0.7449 -0.0833
vn -0.9309 -0.3638 -0.0340
vn -0.9930 -0.0878 -0.0795
vn -0.9504 0.1524 -0.2710
vn -0.9165 -0.3874 -0.1001
vn -0.9658 -0.1983 -0.1671
vn -0.9996 0.0002 -0.0296
vn -0.9263 0.3216 -0.1965
vn -0.8512 -0.3851 -0.3566
vn -0.7484 -0.6595 -0.0702
vn -0.7921 -0.5991 -0.1168
vn -0.8779 -0.0230 -0.4783
vn -0.8820 -0.3017 -0.3620
vn -0.5459 -0.8353 0.0653
vn -0.6799 -0.7330 -0.0216
vn -0.8308 -0.4996 -0.2453
vn -0.9591 0.2827 -0.0153
vn -0.9555 0.2947 -0.0103
vn -0.9758 0.1716 -0.1352
vn -0.9689 0.2406 -0.0583
vn -0.9440 0.3289 0.0253
vn -0.9496 0.3135 0.0039
vn -0.8489 0.4466 0.2828
vn -0.9679 0.2199 -0.1214
vn -0.9319 0.3544 0.0773
vn -0.9653 0.2597 -0.0275
vn -0.9518 0.3067 -0.0076
vn -0.9495 -0.0268 -0.3127
vn -0.9652 -0.0885 -0.2463
vn -0.9775 0.0099 -0.2107
vn -0.9731 -0.1618 -0.1642
vn -0.9998 0.0013 -0.0210
vn -0.9998 -0.0108 -0.0170
vn -0.9998 -0.0062 -0.0171
vn -0.9998 -0.0056 -0.0166
vn -0.9999 -0.0050 -0.0158
vn -0.9995 0.0287 -0.0092
vn -0.9998 0.0181 -0.0125
vn -0.9999 0.0109 -0.0132
vn -0.8065 -0.5858 0.0803
vn -0.8376 -0.5330 0.1198
vn -0.8798 -0.4714 0.0603
vn -0.9999 0.0020 -0.0165
vn -0.9999 0.0009 -0.0165
vn -0.9999 -0.0005 -0.0168
vn -0.8324 0.5253 0.1765
vn -0.9000 0.4255 0.0947
vn -0.9411 0.3367 0.0298
vn -0.8103 0.5844 0.0446
vn -0.9872 0.0298 -0.1564
vn -0.7646 -0.6324 -0.1244
vn -0.9861 0.0917 -0.1388
vn -0.9842 -0.0628 -0.1652
vn -0.8730 -0.4834 0.0650
vn -0.9807 -0.1952 0.0095
vn -0.9863 -0.1648 0.0013
vn -0.9429 -0.2777 0.1841
vn -0.8669 -0.2146 0.4500
vn -0.9894 -0.1437 -0.0201
vn -0.9681 -0.1785 -0.1759
vn -0.9307 -0.3576 0.0776
vn 0.9454 0.3189 -0.0676
vn 0.1523 -0.9818 0.1135
vn -0.7859 -0.1344 0.6036
vn 0.7776 0.1323 -0.6147
vn 0.1143 -0.2812 -0.9528
vn -0.3665 0.8108 -0.4564
vn 0.2900 -0.9091 -0.2990
vn -0.9386 -0.3045 0.1619
vn -0.9591 -0.2372 0.1545
vn -0.9691 -0.2228 0.1059
vn 0.2539 -0.9308 0.2630
vn 0.2247 -0.9734 0.0440
vn -0.2753 0.9582 0.0778
vn -0.2388 0.9582 -0.1575
vn 0.9555 0.2312 -0.1831
vn 0.9700 0.2249 -0.0922
vn 0.4210 0.0009 -0.9071
vn -0.6420 -0.0539 0.7648
vn -0.1791 -0.9835 -0.0248
vn -0.3478 0.9366 -0.0424
vn -0.9866 -0.0083 -0.1632
vn -0.9861 0.0050 -0.1661
vn -0.9999 -0.0021 -0.0160
vn -0.9999 -0.0011 -0.0164
vn -0.9999 -0.0023 -0.0169
vn -0.9999 -0.0012 -0.0168
vn -0.9999 -0.0016 -0.0172
vn -0.9999 -0.0003 -0.0170
vn -0.9695 0.0988 -0.2244
vn -0.9615 0.1631 -0.2212
vn -0.9987 0.0042 0.0514
vn -0.9986 0.0030 0.0528
vn -0.9334 -0.0060 -0.3588
vn -0.9345 -0.0074 -0.3558
vn -0.9980 0.0081 0.0634
vn -0.9979 -0.0042 0.0652
vn -0.8469 0.0015 -0.5318
vn -0.8500 0.0015 -0.5268
vn -0.4741 0.2041 0.8565
vn -0.4318 -0.3530 0.8300
vn -0.9998 0.0028 -0.0178
vn -0.9998 0.0076 -0.0208
vn -0.8688 0.0129 -0.4950
vn -0.8705 0.0128 -0.4920
vn -0.9248 0.0737 0.3733
vn -0.9586 -0.0800 0.2731
vn -0.9955 0.0103 0.0945
vn -0.9959 -0.0070 0.0901
vn -0.9966 0.0124 0.0817
vn -0.9968 -0.0096 0.0796
vn -1.0000 0.0008 0.0099
vn -0.9999 0.0010 0.0100
vn -0.9999 -0.0009 -0.0168
vn -0.9984 -0.0014 -0.0573
vn -0.9983 -0.0036 -0.0574
vn -0.9983 -0.0016 -0.0591
vn -0.9983 -0.0035 -0.0589
vn -0.9943 -0.0021 -0.1064
vn -0.9944 -0.0049 -0.1058
vn -0.8500 -0.1077 0.5156
vn -0.7764 0.1485 0.6125
vn -0.3838 0.6667 0.6389
vn -0.6930 -0.5525 0.4631
vn -0.6233 0.3640 0.6921
vn -0.7633 -0.2981 0.5731
vn -0.4091 -0.6802 0.6082
vn -0.9339 -0.0331 0.3561
vn -0.7229 0.1425 0.6761
vn -0.9425 -0.1273 0.3089
vn -0.6851 0.4520 0.5712
vn -0.3021 0.6024 0.7388
vn -0.4435 -0.7164 0.5386
vn -0.6431 -0.6045 0.4702
vn -0.9862 0.1066 -0.1263
vn -0.9936 0.0877 -0.0707
vn -0.9948 0.0801 -0.0633
vn -0.9968 0.0766 -0.0219
vn -0.9971 0.0762 0.0019
vn -0.9970 0.0778 0.0009
vn -0.9966 0.0809 0.0128
vn -0.9833 0.1426 0.1131
vn -0.9745 0.1620 0.1554
vn -0.8480 0.2599 0.4618
vn -0.8649 0.0899 -0.4939
vn -0.8460 0.0966 -0.5243
vn -0.9899 0.1116 0.0879
vn -0.9256 0.1111 -0.3618
vn -0.9942 0.0884 0.0607
vn -0.9971 0.0760 0.0012
vn -0.9971 0.0761 -0.0024
vn -0.9863 0.0050 -0.1651
vn -0.9999 -0.0003 -0.0167
vn -0.9577 0.1706 -0.2318
vn -0.9997 0.0090 -0.0244
vn -0.6344 -0.1325 0.7615
vn 0.4357 0.0952 -0.8950
vn 0.9624 0.2484 -0.1097
vn 0.9521 0.2664 -0.1502
vn -0.9632 -0.2519 0.0938
vn -0.9463 -0.2595 0.1926
vn -0.9339 -0.3550 0.0429
vn -0.3024 0.0750 -0.9502
vn 0.7547 0.1773 -0.6316
vn -0.7868 -0.1881 0.5879
vn 0.9233 0.3314 -0.1940
vn -0.9462 -0.2145 -0.2422
vn -0.9409 -0.1561 0.3005
vn -0.9786 -0.2055 0.0095
vn -0.9640 -0.2631 -0.0386
vn -0.9747 -0.1506 -0.1651
vn -0.9993 -0.0354 -0.0113
vn -0.9987 -0.0507 -0.0060
vn -0.9973 -0.0736 -0.0065
vn -0.9992 -0.0352 -0.0187
vn -0.9510 -0.2715 -0.1477
vn -0.9859 -0.1675 0.0027
vn -0.9862 -0.1656 -0.0018
vn -0.9798 -0.1872 0.0707
vn -0.8610 -0.2806 -0.4241
vn -0.9761 -0.1855 0.1136
vn -0.7963 -0.2288 -0.5599
vn -0.9575 -0.2429 -0.1555
vn -0.9778 -0.1954 -0.0759
vn -0.9816 -0.1791 -0.0662
vn -0.9850 -0.1709 -0.0220
vn -0.9867 -0.1624 -0.0048
vn -0.9853 -0.1709 0.0059
vn -0.9740 -0.1994 0.1075
vn -0.9628 -0.2438 0.1168
vn -0.9316 -0.2926 0.2156
vn -0.8314 -0.1797 -0.5258
vn -0.9059 0.0766 0.4166
vn -0.8720 -0.3504 0.3418
vn -0.8564 0.2061 0.4733
vn -0.6188 -0.5477 0.5631
vn -0.5669 -0.5093 0.6475
vn -0.5974 0.4550 0.6604
vn -0.6620 0.4694 0.5843
vn -0.4311 0.3990 0.8093
vn -0.7199 0.4900 0.4915
vn -0.6947 -0.4882 0.5282
vn -0.3976 0.6508 0.6468
vn -0.5601 -0.5871 0.5845
vn -0.8700 0.0367 0.4917
vn -0.3685 -0.6671 0.6475
vn -0.6138 -0.6004 0.5126
vn 0.0270 0.9912 0.1292
vn 0.1743 0.9713 0.1617
vn -0.0776 -0.9864 0.1447
vn 0.6484 -0.6139 0.4503
vn -0.0343 -0.9930 0.1128
vn -0.0757 0.9834 0.1651
vn -0.1120 -0.9867 0.1175
vn -0.0897 0.9873 0.1312
vn 0.4038 0.9124 -0.0676
vn 0.1089 -0.9784 -0.1759
vn 0.8469 -0.4929 0.1996
vn 0.4893 0.8714 0.0356
vn 0.1409 0.9698 -0.1989
vn 0.2278 -0.9613 -0.1549
vn 0.2807 0.9465 -0.1593
vn 0.3438 -0.9348 -0.0896
vn 0.1835 -0.9826 -0.0297
vn 0.1335 0.9887 -0.0684
vn 0.0956 -0.9931 -0.0678
vn 0.0691 0.9937 -0.0881
vn 0.3249 0.9438 0.0617
vn 0.7721 -0.5768 0.2670
vn 0.0482 -0.9959 -0.0772
vn 0.2368 0.9715 -0.0130
vn -0.2647 0.9115 0.3148
vn -0.2895 -0.9050 0.3119
vn -0.2029 0.8947 0.3980
vn -0.2349 -0.9340 0.2690
vn 0.3214 -0.6742 0.6649
vn -0.2337 -0.8689 0.4363
vn -0.1160 0.9219 0.3696
vn -0.1841 0.9350 0.3030
vn -0.1741 -0.9168 0.3593
vn 0.3036 -0.9514 0.0517
vn 0.4699 -0.8824 0.0234
vn 0.1354 -0.9785 0.1559
vn -0.4145 0.5184 0.7479
vn -0.7513 0.2656 0.6041
vn -0.8388 -0.2021 0.5056
vn -0.6846 -0.2443 0.6867
vn -0.4827 -0.2569 0.8373
vn 0.1401 0.8949 0.4237
vn 0.3606 0.9251 0.1192
vn 0.5105 0.8522 0.1149
vn 0.2691 0.9454 0.1838
vn -0.2800 -0.8936 0.3509
vn -0.8211 0.2511 0.5126
vn -0.5420 -0.7892 0.2889
vn -0.5058 -0.7798 0.3690
vn -0.7866 -0.4185 0.4540
vn -0.7995 -0.4713 0.3724
vn -0.9506 -0.2924 0.1045
vn -0.9163 -0.3863 0.1057
vn -0.9306 -0.3609 -0.0611
vn -0.8763 -0.3769 0.3000
vn -0.5494 0.6900 0.4713
vn -0.5063 -0.7907 0.3442
vn -0.9312 0.3638 0.0214
vn -0.8391 0.4581 0.2932
vn -0.8731 -0.4472 0.1940
vn -0.8295 -0.4971 0.2546
vn -0.8565 -0.4757 0.2004
vn -0.6321 0.5923 0.4996
vn -0.7544 0.5562 0.3487
vn -0.9114 0.3806 0.1563
vn -0.8832 0.0882 0.4606
vn -0.4626 -0.7896 0.4032
vn -0.4877 -0.8009 0.3474
vn -0.8839 0.3481 0.3123
vn -0.8791 -0.1360 0.4568
vn -0.9610 -0.1850 -0.2054
vn -0.8561 -0.2877 0.4293
vn -0.9757 0.0513 -0.2131
vn -0.8703 0.2312 0.4348
vn -0.9303 -0.3065 0.2015
vn -0.9364 -0.3224 0.1383
vn -0.5164 0.6625 0.5426
vn -0.4824 0.6732 0.5605
vn -0.8843 0.2541 0.3916
vn -0.9696 -0.1580 0.1869
vn -0.9817 -0.0861 0.1697
vn -0.9632 0.0774 0.2575
vn -0.9538 0.2660 0.1395
vn -0.9802 -0.1766 0.0893
vn -0.9832 0.1140 0.1424
vn -0.9913 0.0017 0.1319
vn -0.9918 -0.0018 0.1276
vn -0.9930 -0.0717 0.0934
vn -0.8276 0.4063 0.3872
vn -0.9162 0.3515 0.1923
vn -0.9502 -0.2157 0.2248
vn -0.9655 -0.2206 0.1385
vn -0.9753 0.1680 0.1436
vn -0.9921 0.0810 0.0960
vn -0.9805 -0.1521 0.1248
vn -0.9799 -0.1982 -0.0214
vn -0.9219 0.1074 0.3723
vn -0.9133 -0.0577 0.4031
vn -0.8755 0.0571 0.4798
vn -0.9491 -0.0335 0.3131
vn -0.9594 0.1413 0.2440
vn -0.9745 -0.0569 0.2173
vn -0.9734 0.0323 -0.2270
vn -0.9719 0.0328 -0.2330
vn -0.9968 0.0526 -0.0608
vn -0.9725 -0.0299 -0.2308
vn -0.8170 0.2642 0.5125
vn -0.8226 -0.3353 0.4592
vn -0.8460 -0.1682 0.5060
vn -0.8403 0.0894 0.5347
vn -0.9556 0.2850 0.0743
vn -0.9377 -0.3434 -0.0529
vn -0.9776 0.1883 -0.0936
vn -0.9483 -0.0593 -0.3117
vn -0.9611 0.0670 -0.2679
vn -0.9497 -0.2109 -0.2315
vn -0.8520 0.3896 0.3496
vn -0.9165 0.3652 0.1633
vn -0.8343 -0.4412 0.3304
vn -0.8861 -0.4538 0.0939
vn -0.9835 0.1669 0.0697
vn -0.9980 -0.0096 0.0624
vn -0.9979 0.0219 0.0613
vn -0.9927 -0.1058 0.0583
vn -0.9661 -0.1389 0.2177
vn -0.9847 -0.1121 0.1334
vn -0.9758 0.0575 0.2109
vn -0.9907 0.0326 0.1320
vn -0.9797 -0.0527 0.1933
vn -0.9917 -0.0197 0.1269
vn -0.9491 0.1877 0.2529
vn -0.9696 0.1853 0.1596
vn -0.9617 0.2212 -0.1616
vn -0.9769 -0.0363 -0.2108
vn -0.6052 -0.0345 0.7953
vn -0.5641 -0.1846 -0.8048
vn -0.7190 -0.6901 0.0825
vn -0.5443 -0.0677 -0.8361
vn -0.8454 0.5328 0.0376
vn -0.5518 -0.1368 0.8227
vn -0.8312 0.3417 -0.4386
vn -0.6512 0.7586 -0.0215
vn -0.7040 0.7056 -0.0804
vn -0.6190 0.7771 0.1137
vn -0.7324 0.5957 -0.3296
vn -0.5950 0.7701 0.2299
vn -0.6473 0.7622 0.0099
vn -0.6400 0.7664 0.0547
vn -0.7280 0.6653 -0.1657
vn -0.7921 0.5201 -0.3195
vn -0.6606 0.7501 -0.0307
vn -0.6737 0.7376 -0.0449
vn -0.4211 -0.9054 0.0547
vn -0.6932 -0.6211 -0.3656
vn -0.5651 -0.7799 0.2691
vn -0.1868 -0.9738 -0.1296
vn 0.1422 -0.9887 -0.0484
vn -0.9489 -0.3030 0.0886
vn -0.2821 -0.9369 0.2066
vn -0.4025 -0.9142 0.0468
vn -0.4428 -0.8956 0.0431
vn 0.7698 -0.6218 -0.1444
vn -0.8789 0.4628 0.1160
vn -0.7711 -0.6201 -0.1446
vn 0.8754 0.4688 0.1183
vn 0.7289 -0.1070 -0.6763
vn -0.6732 0.7297 -0.1194
vn 0.3763 -0.8008 0.4660
vn -0.7349 -0.2345 0.6363
vn 0.6677 0.7352 -0.1166
vn -0.7279 -0.1230 -0.6746
vn -0.3943 -0.7986 0.4546
vn 0.7262 -0.2466 0.6417
vn 0.2084 -0.9264 -0.3136
vn -0.9399 -0.3329 -0.0754
vn -0.2123 -0.9255 -0.3135
vn 0.9294 -0.3596 -0.0825
vn 0.4448 0.2705 -0.8538
vn -0.9256 0.2410 -0.2918
vn 0.2923 -0.9423 -0.1631
vn -0.7415 -0.6694 0.0444
vn 0.9178 0.2541 -0.3052
vn -0.4515 0.2117 -0.8668
vn -0.3131 -0.9357 -0.1627
vn 0.7095 -0.7035 0.0420
vn -0.6362 0.7246 -0.2650
vn -0.8314 0.5439 -0.1136
vn 0.5804 0.8118 -0.0641
vn 0.6344 0.7655 -0.1071
vn -0.4651 -0.8629 0.1975
vn -0.6327 -0.7708 0.0748
vn 0.7025 -0.6969 0.1441
vn 0.7869 -0.4400 0.4327
vn -0.9906 -0.1331 -0.0321
vn -0.9606 -0.2602 -0.0974
vn 0.9796 0.1906 0.0641
vn 0.9996 0.0266 -0.0072
vn -0.5857 0.8084 -0.0589
vn -0.6423 0.7598 -0.1003
vn -0.9993 0.0377 -0.0034
vn -0.9776 0.1997 0.0666
vn 0.9620 -0.2560 -0.0951
vn 0.9916 -0.1260 -0.0295
vn 0.6208 0.7384 -0.2636
vn 0.8241 0.5555 -0.1110
vn -0.8013 -0.4152 0.4308
vn -0.7275 -0.6705 0.1451
vn 0.6068 -0.7909 0.0797
vn 0.4394 -0.8738 0.2081
vt 0.222464 0.172980
vt 0.228225 0.173703
vt 0.223501 0.164919
vt 0.218296 0.163756
vt 0.221450 0.159224
vt 0.216262 0.157516
vt 0.227960 0.165367
vt 0.225970 0.160146
vt 0.233245 0.173607
vt 0.226265 0.786360
vt 0.232704 0.786399
vt 0.237504 0.775804
vt 0.229938 0.775841
vt 0.242664 0.765133
vt 0.234043 0.765087
vt 0.245302 0.777220
vt 0.251167 0.766539
vt 0.239768 0.787839
vt 0.245448 0.726488
vt 0.257557 0.727027
vt 0.262411 0.713539
vt 0.249290 0.712794
vt 0.269323 0.694229
vt 0.255006 0.693208
vt 0.274558 0.715220
vt 0.282564 0.695953
vt 0.268784 0.728685
vt 0.277824 0.669911
vt 0.262199 0.668613
vt 0.285139 0.646263
vt 0.268463 0.644881
vt 0.292128 0.671696
vt 0.300299 0.648008
vt 0.935184 0.277843
vt 0.934164 0.269736
vt 0.931551 0.269227
vt 0.932470 0.277275
vt 0.932085 0.312061
vt 0.931004 0.319687
vt 0.933472 0.320028
vt 0.934505 0.312738
vt 0.928720 0.330691
vt 0.931478 0.330748
vt 0.932120 0.258178
vt 0.929387 0.257797
vt 0.275144 0.561391
vt 0.293155 0.563362
vt 0.297304 0.541950
vt 0.277442 0.541178
vt 0.299589 0.516298
vt 0.279223 0.516677
vt 0.315082 0.542959
vt 0.317340 0.516092
vt 0.310476 0.568963
vt 0.299801 0.492125
vt 0.279493 0.493082
vt 0.299114 0.471786
vt 0.279058 0.473012
vt 0.317552 0.491396
vt 0.316870 0.470662
vt 0.279905 0.421755
vt 0.298968 0.423177
vt 0.298576 0.410538
vt 0.279760 0.408884
vt 0.297766 0.393741
vt 0.279164 0.392389
vt 0.314699 0.411905
vt 0.313770 0.394639
vt 0.315324 0.424445
vt 0.296461 0.371113
vt 0.278106 0.370061
vt 0.294338 0.343616
vt 0.276431 0.342750
vt 0.312255 0.371681
vt 0.309738 0.344010
vt 0.290908 0.313052
vt 0.273826 0.312243
vt 0.285019 0.281781
vt 0.269309 0.280943
vt 0.305650 0.313314
vt 0.298709 0.281921
vt 0.275937 0.252406
vt 0.262186 0.251570
vt 0.265472 0.228375
vt 0.253772 0.227556
vt 0.288121 0.252350
vt 0.276000 0.228109
vt 0.107938 0.269660
vt 0.129788 0.271534
vt 0.140038 0.243321
vt 0.120834 0.241443
vt 0.149767 0.220565
vt 0.133460 0.218512
vt 0.158916 0.244945
vt 0.165635 0.222040
vt 0.151530 0.273274
vt 0.213078 0.277358
vt 0.225126 0.278225
vt 0.223611 0.249023
vt 0.212903 0.248314
vt 0.221017 0.225180
vt 0.211689 0.224605
vt 0.235292 0.249766
vt 0.230976 0.225839
vt 0.238463 0.279077
vt 0.092187 0.330745
vt 0.116308 0.332400
vt 0.121953 0.301928
vt 0.098552 0.299949
vt 0.145461 0.303764
vt 0.140732 0.333902
vt 0.212262 0.338600
vt 0.225964 0.339713
vt 0.225789 0.309407
vt 0.212752 0.308416
vt 0.240248 0.310361
vt 0.241145 0.340784
vt 0.084597 0.384576
vt 0.109168 0.384477
vt 0.112100 0.360918
vt 0.087634 0.360232
vt 0.137035 0.361448
vt 0.134323 0.384278
vt 0.211548 0.387486
vt 0.225926 0.388779
vt 0.225986 0.366676
vt 0.211850 0.365418
vt 0.241705 0.367884
vt 0.241991 0.390025
vt 0.081757 0.412215
vt 0.106195 0.413507
vt 0.107356 0.401065
vt 0.082827 0.400922
vt 0.132520 0.401234
vt 0.131286 0.414852
vt 0.210929 0.418853
vt 0.225461 0.419559
vt 0.225782 0.405532
vt 0.211308 0.404439
vt 0.241986 0.406596
vt 0.241716 0.420204
vt 0.078592 0.507239
vt 0.103687 0.508436
vt 0.103571 0.488798
vt 0.078488 0.486323
vt 0.103613 0.469793
vt 0.078742 0.466024
vt 0.129290 0.491168
vt 0.129200 0.473186
vt 0.129323 0.509788
vt 0.208210 0.514989
vt 0.223006 0.516019
vt 0.223155 0.494481
vt 0.208271 0.494555
vt 0.223303 0.475325
vt 0.208455 0.476044
vt 0.239802 0.494302
vt 0.239893 0.474636
vt 0.239504 0.516799
vt 0.079914 0.544328
vt 0.104273 0.544491
vt 0.103869 0.527197
vt 0.079051 0.526730
vt 0.129154 0.527939
vt 0.129032 0.544983
vt 0.207872 0.553517
vt 0.222178 0.556780
vt 0.222684 0.537422
vt 0.208147 0.535122
vt 0.238817 0.539624
vt 0.238930 0.562148
vt 0.082457 0.573779
vt 0.105996 0.574226
vt 0.105037 0.560085
vt 0.081162 0.559987
vt 0.129220 0.560571
vt 0.129660 0.575008
vt 0.206639 0.583376
vt 0.221444 0.585813
vt 0.221452 0.572390
vt 0.207271 0.569341
vt 0.234849 0.576045
vt 0.238663 0.588424
vt 0.107814 0.685087
vt 0.127017 0.685590
vt 0.119266 0.659360
vt 0.098597 0.658917
vt 0.113530 0.633969
vt 0.091454 0.633200
vt 0.139037 0.660018
vt 0.134776 0.634881
vt 0.145191 0.686252
vt 0.203888 0.688981
vt 0.214952 0.690279
vt 0.217224 0.664962
vt 0.204436 0.663813
vt 0.219456 0.640860
vt 0.205349 0.639632
vt 0.230985 0.666156
vt 0.234656 0.642164
vt 0.226934 0.691471
vt 0.126409 0.720746
vt 0.143635 0.721612
vt 0.135926 0.706663
vt 0.117754 0.705936
vt 0.152974 0.707495
vt 0.161481 0.723747
vt 0.205282 0.720413
vt 0.212454 0.723106
vt 0.213488 0.710271
vt 0.204437 0.708378
vt 0.223587 0.712006
vt 0.220698 0.727792
vt 0.168705 0.785346
vt 0.176342 0.783649
vt 0.170355 0.774687
vt 0.161790 0.775859
vt 0.163786 0.764849
vt 0.154327 0.765455
vt 0.177841 0.774779
vt 0.172135 0.765176
vt 0.182996 0.783080
vt 0.208740 0.786878
vt 0.212498 0.786933
vt 0.212071 0.778416
vt 0.207834 0.779345
vt 0.211643 0.770471
vt 0.206983 0.772627
vt 0.216804 0.777190
vt 0.217392 0.766383
vt 0.216370 0.786856
vt 0.150736 0.173293
vt 0.161074 0.173195
vt 0.161707 0.164897
vt 0.152063 0.166222
vt 0.162072 0.158846
vt 0.152779 0.161147
vt 0.171466 0.162905
vt 0.171605 0.156020
vt 0.171398 0.172223
vt 0.198799 0.171383
vt 0.204742 0.171465
vt 0.202177 0.161412
vt 0.196735 0.161380
vt 0.200827 0.154050
vt 0.195693 0.154019
vt 0.207577 0.161757
vt 0.205924 0.154551
vt 0.210659 0.171726
vt 0.329151 0.567766
vt 0.331633 0.543576
vt 0.333495 0.516377
vt 0.348928 0.544341
vt 0.350641 0.516991
vt 0.337912 0.568171
vt 0.339787 0.549678
vt 0.155795 0.205263
vt 0.141682 0.203167
vt 0.158729 0.194005
vt 0.146170 0.192240
vt 0.169545 0.206400
vt 0.171087 0.194579
vt 0.307410 0.594430
vt 0.325710 0.596112
vt 0.327456 0.584269
vt 0.312173 0.583958
vt 0.344750 0.585563
vt 0.345802 0.576713
vt 0.336992 0.575819
vt 0.343094 0.597899
vt 0.819723 0.884458
vt 0.821696 0.867247
vt 0.816303 0.865470
vt 0.813757 0.883771
vt 0.815001 0.864733
vt 0.812284 0.883223
vt 0.823214 0.853848
vt 0.822330 0.852619
vt 0.825518 0.857585
vt 0.295216 0.699184
vt 0.305728 0.674780
vt 0.314747 0.650805
vt 0.319701 0.678958
vt 0.329721 0.654535
vt 0.308158 0.703602
vt 0.754535 0.682776
vt 0.768549 0.646645
vt 0.767431 0.645611
vt 0.753105 0.682015
vt 0.766952 0.638444
vt 0.750386 0.676276
vt 0.783327 0.615118
vt 0.780327 0.616093
vt 0.784744 0.615177
vt 0.279816 0.731992
vt 0.286307 0.718505
vt 0.298369 0.723004
vt 0.291217 0.736524
vt 0.231461 0.812283
vt 0.236579 0.816410
vt 0.236792 0.815604
vt 0.231672 0.811575
vt 0.237144 0.814649
vt 0.232096 0.810762
vt 0.242635 0.819528
vt 0.243026 0.818593
vt 0.242376 0.820381
vt 0.247053 0.791476
vt 0.253239 0.780802
vt 0.259956 0.769909
vt 0.261321 0.785867
vt 0.269096 0.774787
vt 0.254494 0.796444
vt 0.160381 0.788484
vt 0.165270 0.794615
vt 0.172860 0.791263
vt 0.168199 0.798476
vt 0.175197 0.795217
vt 0.157276 0.799096
vt 0.160769 0.803072
vt 0.151649 0.792722
vt 0.144206 0.750268
vt 0.132553 0.752066
vt 0.137507 0.759014
vt 0.148627 0.757108
vt 0.143897 0.767638
vt 0.125912 0.761992
vt 0.132955 0.770902
vt 0.120590 0.754939
vt 0.073628 0.633397
vt 0.081683 0.659432
vt 0.091767 0.685634
vt 0.066409 0.660817
vt 0.077168 0.687088
vt 0.057536 0.634507
vt 0.084826 0.598684
vt 0.066093 0.597782
vt 0.068546 0.612953
vt 0.087125 0.613490
vt 0.051539 0.613468
vt 0.048123 0.599669
vt 0.855601 0.887188
vt 0.855819 0.873605
vt 0.853022 0.874069
vt 0.852852 0.887157
vt 0.846315 0.872909
vt 0.845896 0.886598
vt 0.853543 0.864545
vt 0.847036 0.862946
vt 0.856416 0.863582
vt 0.061431 0.506514
vt 0.061962 0.526614
vt 0.062964 0.544450
vt 0.051171 0.526662
vt 0.052181 0.544676
vt 0.050642 0.506128
vt 0.309843 0.280637
vt 0.298184 0.250521
vt 0.284803 0.225812
vt 0.305673 0.248094
vt 0.291362 0.222979
vt 0.318161 0.278747
vt 0.901545 0.895889
vt 0.901583 0.882293
vt 0.900649 0.882614
vt 0.900449 0.896177
vt 0.898616 0.882019
vt 0.898202 0.895773
vt 0.899226 0.871475
vt 0.898131 0.873006
vt 0.899962 0.870796
vt 0.061765 0.462820
vt 0.061377 0.484377
vt 0.050625 0.483086
vt 0.051076 0.460594
vt 0.322256 0.343487
vt 0.317564 0.312509
vt 0.326532 0.311158
vt 0.331763 0.342388
vt 0.080120 0.433939
vt 0.063327 0.430477
vt 0.062491 0.444585
vt 0.079340 0.448393
vt 0.051851 0.441927
vt 0.052684 0.428099
vt 0.327183 0.394405
vt 0.325301 0.371227
vt 0.335283 0.370012
vt 0.337561 0.393174
vt 0.177618 0.803327
vt 0.173692 0.806401
vt 0.177362 0.810886
vt 0.181324 0.805354
vt 0.180426 0.814788
vt 0.186440 0.807777
vt 0.171808 0.816037
vt 0.174918 0.820123
vt 0.167745 0.811170
vt 0.076043 0.329264
vt 0.071030 0.359306
vt 0.067687 0.384220
vt 0.060774 0.358322
vt 0.057046 0.383556
vt 0.066300 0.328049
vt 0.316157 0.443199
vt 0.332309 0.441783
vt 0.330587 0.433436
vt 0.315790 0.433959
vt 0.329205 0.424832
vt 0.342529 0.431999
vt 0.340047 0.424120
vt 0.350676 0.440286
vt 0.093248 0.267865
vt 0.082974 0.298221
vt 0.073769 0.296801
vt 0.084662 0.266219
vt 0.333810 0.491203
vt 0.333391 0.469935
vt 0.351226 0.491343
vt 0.350983 0.469446
vt 0.122012 0.215993
vt 0.107578 0.239451
vt 0.099786 0.237576
vt 0.115272 0.213656
vt 0.740105 0.686429
vt 0.743495 0.685362
vt 0.743829 0.652929
vt 0.740101 0.654280
vt 0.742994 0.624254
vt 0.739014 0.625259
vt 0.752423 0.642271
vt 0.753140 0.614820
vt 0.147699 0.160799
vt 0.146357 0.165071
vt 0.144305 0.170921
vt 0.142913 0.162103
vt 0.140533 0.164815
vt 0.145097 0.158755
vt 0.205558 0.195416
vt 0.212984 0.195786
vt 0.208559 0.183297
vt 0.201924 0.183083
vt 0.215297 0.183655
vt 0.220686 0.196304
vt 0.160226 0.183244
vt 0.148901 0.182245
vt 0.171450 0.183136
vt 0.237691 0.197888
vt 0.246343 0.198711
vt 0.236539 0.185586
vt 0.229458 0.184924
vt 0.242793 0.185210
vt 0.254095 0.198308
vt 0.064319 0.560258
vt 0.065461 0.573826
vt 0.053495 0.560658
vt 0.054300 0.574143
vt 0.319950 0.632537
vt 0.304796 0.630062
vt 0.322604 0.618801
vt 0.306835 0.616626
vt 0.335734 0.635795
vt 0.339049 0.621646
vt 0.220839 0.623692
vt 0.205857 0.622352
vt 0.221421 0.610873
vt 0.206072 0.609341
vt 0.236932 0.625029
vt 0.237862 0.612319
vt 0.110110 0.614946
vt 0.108231 0.600488
vt 0.132347 0.616381
vt 0.131075 0.602208
vt 0.289001 0.628525
vt 0.271767 0.627373
vt 0.290492 0.615305
vt 0.272903 0.614363
vt 0.132073 0.199871
vt 0.126638 0.196637
vt 0.138060 0.188583
vt 0.133827 0.184758
vt 0.785546 0.033147
vt 0.781241 0.033898
vt 0.781466 0.039358
vt 0.786294 0.039910
vt 0.781879 0.047907
vt 0.786895 0.049418
vt 0.769208 0.035154
vt 0.769263 0.042527
vt 0.769452 0.031207
vt 0.762636 0.328380
vt 0.758116 0.327568
vt 0.757650 0.341829
vt 0.762053 0.342695
vt 0.756891 0.361549
vt 0.761211 0.362490
vt 0.753345 0.340935
vt 0.752669 0.360576
vt 0.753700 0.326732
vt 0.766463 0.223639
vt 0.761033 0.222571
vt 0.759968 0.255456
vt 0.765191 0.255967
vt 0.759112 0.282124
vt 0.764067 0.282690
vt 0.754696 0.254471
vt 0.754284 0.281527
vt 0.753453 0.213579
vt 0.757880 0.452656
vt 0.754013 0.451090
vt 0.753831 0.467045
vt 0.757434 0.469076
vt 0.753364 0.478529
vt 0.756573 0.481706
vt 0.750352 0.464979
vt 0.750831 0.474395
vt 0.750216 0.449481
vt 0.785020 0.087589
vt 0.780286 0.086089
vt 0.775296 0.117608
vt 0.779863 0.119085
vt 0.768806 0.153058
vt 0.773412 0.154637
vt 0.763899 0.107611
vt 0.759361 0.140844
vt 0.767938 0.078469
vt 0.752169 0.484888
vt 0.755007 0.489879
vt 0.750554 0.488560
vt 0.753044 0.495687
vt 0.749550 0.476624
vt 0.748250 0.478003
vt 0.755850 0.385589
vt 0.760166 0.386643
vt 0.754835 0.410290
vt 0.759113 0.411486
vt 0.751644 0.384508
vt 0.750669 0.409064
vt 0.754262 0.432202
vt 0.758368 0.433551
vt 0.750250 0.430802
vt 0.255739 0.211768
vt 0.245659 0.210911
vt 0.264845 0.211401
vt 0.217322 0.208609
vt 0.209060 0.208122
vt 0.226001 0.209221
vt 0.272402 0.208836
vt 0.260346 0.195788
vt 0.278009 0.205764
vt 0.264900 0.192756
vt 0.324314 0.607100
vt 0.307872 0.605294
vt 0.341308 0.609435
vt 0.221487 0.598524
vt 0.206268 0.596627
vt 0.237902 0.600412
vt 0.106995 0.587394
vt 0.083523 0.586133
vt 0.130256 0.588756
vt 0.290982 0.604274
vt 0.273128 0.603255
vt 0.289933 0.595996
vt 0.272962 0.595045
vt 0.141794 0.179067
vt 0.138113 0.175323
vt 0.053538 0.585358
vt 0.065793 0.585501
vt 0.748108 0.448552
vt 0.748370 0.464414
vt 0.747216 0.464365
vt 0.746983 0.448079
vt 0.751320 0.326187
vt 0.751015 0.340344
vt 0.750387 0.359934
vt 0.749851 0.339954
vt 0.749242 0.359509
vt 0.750144 0.325836
vt 0.745008 0.173075
vt 0.744271 0.182562
vt 0.749951 0.220155
vt 0.743152 0.183560
vt 0.748636 0.220651
vt 0.736663 0.145216
vt 0.735387 0.145202
vt 0.738157 0.145434
vt 0.742180 0.114274
vt 0.744419 0.146366
vt 0.755722 0.175713
vt 0.731562 0.119798
vt 0.724877 0.089087
vt 0.748446 0.408292
vt 0.748077 0.429930
vt 0.746965 0.429412
vt 0.747342 0.407819
vt 0.749391 0.383811
vt 0.748273 0.383366
vt 0.745238 0.062329
vt 0.743039 0.085853
vt 0.722474 0.065134
vt 0.723289 0.046815
vt 0.751869 0.254466
vt 0.751717 0.281112
vt 0.750586 0.254274
vt 0.750499 0.280820
vt 0.763714 0.188120
vt 0.768736 0.189667
vt 0.782028 0.062863
vt 0.786955 0.064556
vt 0.769346 0.056619
vt 0.716722 0.078287
vt 0.725616 0.109480
vt 0.723801 0.108192
vt 0.714636 0.076735
vt 0.725681 0.018253
vt 0.714587 0.024852
vt 0.716461 0.026406
vt 0.726729 0.020470
vt 0.725690 0.032174
vt 0.730937 0.025532
vt 0.713352 0.040043
vt 0.711210 0.038739
vt 0.712929 0.056318
vt 0.710743 0.054928
vt 0.747686 0.032082
vt 0.746672 0.043993
vt 0.747442 0.023048
vt 0.747431 0.025855
vt 0.753910 0.309858
vt 0.751466 0.309375
vt 0.751430 0.317111
vt 0.753845 0.317622
vt 0.750247 0.316789
vt 0.750277 0.309076
vt 0.763151 0.311352
vt 0.758473 0.310613
vt 0.758340 0.318415
vt 0.762946 0.319188
vt 0.332999 0.453545
vt 0.316414 0.454886
vt 0.350738 0.452279
vt 0.064816 0.411415
vt 0.064071 0.420255
vt 0.080916 0.422426
vt 0.053361 0.418832
vt 0.054038 0.410896
vt 0.223658 0.460289
vt 0.208851 0.461001
vt 0.224219 0.447181
vt 0.209473 0.447480
vt 0.240168 0.459506
vt 0.240646 0.446672
vt 0.103938 0.452847
vt 0.104514 0.438129
vt 0.129274 0.456800
vt 0.129628 0.441898
vt 0.298756 0.456322
vt 0.278922 0.457662
vt 0.298791 0.444329
vt 0.279175 0.445243
vt 0.239593 0.169999
vt 0.237007 0.172078
vt 0.247637 0.183074
vt 0.251054 0.180414
vt 0.733228 0.822684
vt 0.735302 0.819482
vt 0.735927 0.808703
vt 0.733622 0.811262
vt 0.737099 0.792560
vt 0.734608 0.794666
vt 0.738042 0.806513
vt 0.739380 0.790805
vt 0.737002 0.815653
vt 0.735966 0.831738
vt 0.737678 0.826559
vt 0.736002 0.824542
vt 0.734132 0.828663
vt 0.737976 0.817567
vt 0.739552 0.818432
vt 0.735108 0.583760
vt 0.739087 0.583362
vt 0.737178 0.564166
vt 0.733564 0.564645
vt 0.736328 0.548614
vt 0.733111 0.549053
vt 0.747313 0.559241
vt 0.744677 0.545488
vt 0.750694 0.576550
vt 0.736502 0.540526
vt 0.733491 0.540463
vt 0.737034 0.536640
vt 0.734233 0.535844
vt 0.743890 0.538574
vt 0.743985 0.535521
vt 0.736345 0.748349
vt 0.739111 0.747680
vt 0.740735 0.718051
vt 0.737829 0.718491
vt 0.743607 0.717161
vt 0.741585 0.747096
vt 0.233555 0.162833
vt 0.231257 0.164457
vt 0.229294 0.159476
vt 0.231784 0.156496
vt 0.065835 0.400717
vt 0.055039 0.400364
vt 0.758646 0.299742
vt 0.763425 0.300426
vt 0.753988 0.299040
vt 0.751502 0.298591
vt 0.750306 0.298309
vt 0.224887 0.433517
vt 0.210250 0.433302
vt 0.241219 0.433562
vt 0.105274 0.425332
vt 0.130318 0.428075
vt 0.298956 0.433853
vt 0.279619 0.433566
vt 0.338869 0.411370
vt 0.328268 0.412206
vt 0.741292 0.805910
vt 0.739697 0.805934
vt 0.741135 0.789939
vt 0.742729 0.789637
vt 0.769543 0.618227
vt 0.774056 0.595060
vt 0.788233 0.598211
vt 0.795547 0.577227
vt 0.742267 0.770550
vt 0.740502 0.771191
vt 0.743357 0.746748
vt 0.743836 0.770257
vt 0.744903 0.746559
vt 0.776085 0.576090
vt 0.752954 0.594083
vt 0.773649 0.560723
vt 0.799246 0.559318
vt 0.796298 0.545473
vt 0.745582 0.717282
vt 0.747126 0.717358
vt 0.738108 0.772374
vt 0.735456 0.773765
vt 0.741387 0.602200
vt 0.737263 0.602789
vt 0.776336 0.527520
vt 0.775874 0.529219
vt 0.793647 0.530802
vt 0.795135 0.529276
vt 0.806511 0.538719
vt 0.808537 0.537266
vt 0.785669 0.536241
vt 0.774521 0.532777
vt 0.796763 0.590783
vt 0.805451 0.569905
vt 0.798659 0.590030
vt 0.807493 0.568931
vt 0.809799 0.552193
vt 0.811927 0.550990
vt 0.766872 0.547583
vt 0.760239 0.538158
vt 0.758018 0.533253
vt 0.757908 0.531065
vt 0.295148 0.221373
vt 0.281436 0.204041
vt 0.267798 0.190921
vt 0.734587 0.602108
vt 0.732595 0.583120
vt 0.736251 0.624833
vt 0.342583 0.391402
vt 0.340215 0.368603
vt 0.336559 0.341355
vt 0.732849 0.774923
vt 0.733665 0.748879
vt 0.732112 0.796442
vt 0.331148 0.310147
vt 0.322548 0.277525
vt 0.735114 0.718650
vt 0.737358 0.686413
vt 0.241311 0.168307
vt 0.235267 0.161684
vt 0.232954 0.156834
vt 0.731525 0.540134
vt 0.732511 0.534841
vt 0.730999 0.549025
vt 0.253254 0.178540
vt 0.731261 0.564381
vt 0.350911 0.433254
vt 0.347450 0.429258
vt 0.345174 0.422300
vt 0.732024 0.831600
vt 0.730999 0.825034
vt 0.734324 0.836057
vt 0.343927 0.409588
vt 0.731257 0.813353
vt 0.309775 0.246652
vt 0.737330 0.654107
vt 0.768451 0.283187
vt 0.766956 0.283017
vt 0.766210 0.300822
vt 0.767652 0.301028
vt 0.765876 0.311780
vt 0.767287 0.312002
vt 0.765629 0.319638
vt 0.767018 0.319871
vt 0.765269 0.328852
vt 0.766632 0.329098
vt 0.790196 0.050197
vt 0.789072 0.049933
vt 0.789079 0.065090
vt 0.790178 0.065367
vt 0.787048 0.087849
vt 0.788098 0.087982
vt 0.776790 0.154432
vt 0.775637 0.154501
vt 0.771375 0.189557
vt 0.772741 0.189502
vt 0.769443 0.223652
vt 0.770987 0.223659
vt 0.762900 0.412475
vt 0.761607 0.412155
vt 0.760763 0.434260
vt 0.762008 0.434544
vt 0.760140 0.453443
vt 0.761323 0.453708
vt 0.765030 0.363319
vt 0.763727 0.363036
vt 0.762681 0.387252
vt 0.763982 0.387564
vt 0.759552 0.483894
vt 0.758519 0.483245
vt 0.756717 0.492377
vt 0.757621 0.493580
vt 0.754529 0.499439
vt 0.755302 0.501365
vt 0.781890 0.119081
vt 0.782939 0.119078
vt 0.759561 0.470084
vt 0.760683 0.470440
vt 0.768209 0.256151
vt 0.769772 0.256247
vt 0.764618 0.343197
vt 0.765945 0.343458
vt 0.788291 0.031921
vt 0.787348 0.032349
vt 0.788364 0.039899
vt 0.789435 0.039883
vt 0.847133 0.858548
vt 0.835081 0.853565
vt 0.835149 0.858662
vt 0.834733 0.852284
vt 0.846969 0.857351
vt 0.856795 0.859158
vt 0.853761 0.860306
vt 0.853705 0.859135
vt 0.856834 0.857959
vt 0.890024 0.862067
vt 0.890723 0.856370
vt 0.885691 0.850113
vt 0.884757 0.856494
vt 0.880849 0.846206
vt 0.879708 0.853005
vt 0.886175 0.848791
vt 0.881298 0.844805
vt 0.891214 0.855146
vt 0.833739 0.869833
vt 0.832652 0.885468
vt 0.888063 0.891852
vt 0.889031 0.875168
vt 0.883359 0.871215
vt 0.882193 0.889472
vt 0.878032 0.868614
vt 0.876778 0.887705
vt 0.878468 0.971720
vt 0.879056 0.962402
vt 0.875475 0.961011
vt 0.874956 0.970413
vt 0.871969 0.959953
vt 0.871499 0.969434
vt 0.876760 0.948426
vt 0.872977 0.947232
vt 0.880697 0.949977
vt 0.883037 0.936284
vt 0.878471 0.934542
vt 0.874195 0.933186
vt 0.880059 0.920221
vt 0.875244 0.918775
vt 0.885299 0.922050
vt 0.886936 0.907509
vt 0.881224 0.905689
vt 0.875997 0.904226
vt 0.848367 0.969936
vt 0.848542 0.959811
vt 0.840083 0.961327
vt 0.841008 0.971555
vt 0.831887 0.962430
vt 0.833892 0.972648
vt 0.838595 0.947927
vt 0.828873 0.949130
vt 0.848504 0.946421
vt 0.848309 0.931918
vt 0.837068 0.933444
vt 0.826028 0.934764
vt 0.835415 0.918135
vt 0.823328 0.919290
vt 0.847700 0.916873
vt 0.846614 0.901572
vt 0.833518 0.901979
vt 0.820708 0.902402
vt 0.888682 0.973112
vt 0.889290 0.964467
vt 0.887536 0.964719
vt 0.886864 0.973556
vt 0.885472 0.964593
vt 0.884781 0.973614
vt 0.889768 0.952785
vt 0.887691 0.952535
vt 0.891409 0.952617
vt 0.894750 0.939314
vt 0.893232 0.939490
vt 0.891076 0.939189
vt 0.896710 0.925357
vt 0.894458 0.925069
vt 0.898097 0.925127
vt 0.900402 0.910427
vt 0.899157 0.910709
vt 0.896862 0.910461
vt 0.854575 0.969052
vt 0.855260 0.959069
vt 0.853176 0.959101
vt 0.852535 0.969140
vt 0.853786 0.945762
vt 0.855977 0.945769
vt 0.856522 0.931320
vt 0.854202 0.931288
vt 0.854115 0.916413
vt 0.856582 0.916498
vt 0.856067 0.901708
vt 0.853442 0.901546
vt 0.827793 0.962383
vt 0.830329 0.972446
vt 0.826035 0.961795
vt 0.828570 0.971748
vt 0.824162 0.949220
vt 0.822437 0.948684
vt 0.820780 0.934943
vt 0.819104 0.934434
vt 0.817661 0.919429
vt 0.816040 0.918942
vt 0.814762 0.902270
vt 0.813202 0.901771
vt 0.834195 0.980930
vt 0.834475 0.978071
vt 0.831100 0.977788
vt 0.830758 0.980445
vt 0.829369 0.976846
vt 0.828907 0.979228
vt 0.853921 0.977730
vt 0.854141 0.974295
vt 0.852080 0.974419
vt 0.851755 0.977855
vt 0.848065 0.975253
vt 0.847648 0.978593
vt 0.889492 0.978525
vt 0.888993 0.977307
vt 0.887192 0.978120
vt 0.887831 0.980433
vt 0.885066 0.978346
vt 0.885745 0.980930
vt 0.841135 0.976937
vt 0.840766 0.980052
vt 0.879323 0.979586
vt 0.878588 0.976613
vt 0.875005 0.975354
vt 0.875655 0.978529
vt 0.871485 0.974416
vt 0.872009 0.977727
vt 0.291225 0.589165
vt 0.297183 0.590186
vt 0.301279 0.584896
vt 0.294324 0.585746
vt 0.298441 0.578542
vt 0.291891 0.581876
vt 0.273020 0.578408
vt 0.273673 0.573121
vt 0.259426 0.572139
vt 0.262023 0.577730
vt 0.248541 0.573738
vt 0.253915 0.578703
vt 0.257074 0.560331
vt 0.244884 0.579660
vt 0.251117 0.582189
vt 0.248519 0.586058
vt 0.253957 0.586138
vt 0.272518 0.589538
vt 0.272720 0.590965
vt 0.286475 0.591774
vt 0.283213 0.590192
vt 0.272231 0.588295
vt 0.272382 0.588903
vt 0.281631 0.589472
vt 0.280970 0.588823
vt 0.288534 0.588737
vt 0.287467 0.588244
vt 0.256962 0.581357
vt 0.256237 0.580665
vt 0.253815 0.583254
vt 0.254700 0.583474
vt 0.256291 0.586207
vt 0.257022 0.585925
vt 0.272514 0.581359
vt 0.272729 0.580501
vt 0.263239 0.579973
vt 0.263561 0.580836
vt 0.291177 0.586121
vt 0.289908 0.586146
vt 0.289003 0.583126
vt 0.287855 0.583681
vt 0.950355 0.405883
vt 0.950130 0.422874
vt 0.959845 0.422274
vt 0.962732 0.404919
vt 0.966898 0.421545
vt 0.971796 0.404135
vt 0.957096 0.433755
vt 0.962390 0.431340
vt 0.949759 0.434198
vt 0.966426 0.313831
vt 0.966471 0.319156
vt 0.968933 0.318596
vt 0.968983 0.313245
vt 0.969492 0.276279
vt 0.969446 0.270446
vt 0.966824 0.270881
vt 0.966900 0.277031
vt 0.970750 0.260509
vt 0.967841 0.260605
vt 0.967601 0.328544
vt 0.970179 0.328144
vt 0.951063 0.277555
vt 0.950439 0.270407
vt 0.941093 0.270120
vt 0.941998 0.277837
vt 0.939679 0.258759
vt 0.949915 0.259453
vt 0.950397 0.313913
vt 0.949940 0.319940
vt 0.959460 0.319640
vt 0.959597 0.314144
vt 0.959992 0.329098
vt 0.949567 0.329760
vt 0.950174 0.154373
vt 0.957448 0.154777
vt 0.956864 0.150557
vt 0.950261 0.150264
vt 0.949438 0.437989
vt 0.956034 0.437551
vt 0.962476 0.433054
vt 0.962821 0.157102
vt 0.963302 0.155015
vt 0.929334 0.181121
vt 0.933817 0.165218
vt 0.931445 0.164830
vt 0.926104 0.180754
vt 0.925497 0.407546
vt 0.930713 0.423555
vt 0.933232 0.423324
vt 0.928790 0.407412
vt 0.936666 0.433378
vt 0.937171 0.431766
vt 0.937810 0.156772
vt 0.937510 0.155095
vt 0.969100 0.421404
vt 0.974857 0.403687
vt 0.975476 0.184501
vt 0.969834 0.166723
vt 0.967187 0.167020
vt 0.972026 0.184469
vt 0.950629 0.182848
vt 0.950420 0.165837
vt 0.940841 0.165412
vt 0.938385 0.181876
vt 0.942954 0.154841
vt 0.949900 0.243777
vt 0.937919 0.243019
vt 0.929065 0.242433
vt 0.936667 0.223496
vt 0.926675 0.222863
vt 0.950179 0.224304
vt 0.950499 0.203167
vt 0.936833 0.202179
vt 0.926721 0.201411
vt 0.970626 0.343739
vt 0.973631 0.343411
vt 0.974234 0.245004
vt 0.970852 0.244995
vt 0.977545 0.225580
vt 0.973779 0.225572
vt 0.973560 0.363069
vt 0.976968 0.362714
vt 0.974150 0.383852
vt 0.977596 0.383424
vt 0.978172 0.204809
vt 0.974368 0.204765
vt 0.925905 0.242112
vt 0.925292 0.346168
vt 0.928517 0.346146
vt 0.922549 0.365706
vt 0.926157 0.365662
vt 0.923110 0.222524
vt 0.923110 0.201028
vt 0.922549 0.387222
vt 0.926195 0.387114
vt 0.949627 0.344972
vt 0.961747 0.344277
vt 0.963551 0.363658
vt 0.949908 0.364411
vt 0.950226 0.385562
vt 0.964026 0.384611
vt 0.950875 0.309681
vt 0.950664 0.310917
vt 0.959729 0.311454
vt 0.960035 0.310319
vt 0.966564 0.311189
vt 0.966949 0.310004
vt 0.951709 0.282895
vt 0.951424 0.281199
vt 0.942488 0.281795
vt 0.942663 0.283591
vt 0.935722 0.282008
vt 0.935824 0.283817
vt 0.969394 0.310798
vt 0.970107 0.309723
vt 0.970291 0.280640
vt 0.969731 0.279251
vt 0.966994 0.280055
vt 0.967394 0.281510
vt 0.932882 0.281494
vt 0.932790 0.283266
vt 0.932039 0.306702
vt 0.932351 0.308229
vt 0.934902 0.308939
vt 0.934918 0.307368
vt 0.868017 0.974101
vt 0.868395 0.977464
vt 0.864558 0.974130
vt 0.864790 0.977514
vt 0.868101 0.969072
vt 0.864724 0.969070
vt 0.861163 0.974207
vt 0.861266 0.977603
vt 0.858198 0.974255
vt 0.858179 0.977677
vt 0.861412 0.969099
vt 0.858520 0.969099
vt 0.871572 0.903377
vt 0.871129 0.917971
vt 0.867629 0.902903
vt 0.867435 0.917554
vt 0.872119 0.886992
vt 0.867922 0.886935
vt 0.863851 0.902504
vt 0.863890 0.917209
vt 0.860559 0.902163
vt 0.860800 0.916908
vt 0.863894 0.886996
vt 0.860385 0.887065
vt 0.870397 0.932475
vt 0.869439 0.946640
vt 0.866887 0.932149
vt 0.866050 0.946404
vt 0.863501 0.931886
vt 0.862759 0.946221
vt 0.860550 0.931651
vt 0.859891 0.946041
vt 0.868573 0.959491
vt 0.865235 0.959393
vt 0.861978 0.959320
vt 0.859136 0.959234
vt 0.876047 0.846426
vt 0.874934 0.853106
vt 0.871246 0.849212
vt 0.870307 0.855413
vt 0.876396 0.844995
vt 0.871487 0.847821
vt 0.866567 0.852440
vt 0.865784 0.858058
vt 0.862480 0.855280
vt 0.861820 0.860378
vt 0.866723 0.851109
vt 0.862578 0.854004
vt 0.160147 0.445492
vt 0.171550 0.446470
vt 0.172310 0.431586
vt 0.160840 0.430759
vt 0.173280 0.416826
vt 0.161829 0.416285
vt 0.184002 0.432313
vt 0.184914 0.417431
vt 0.183181 0.447166
vt 0.195801 0.447495
vt 0.196633 0.432895
vt 0.197437 0.418122
vt 0.159663 0.476500
vt 0.170761 0.477104
vt 0.171097 0.461370
vt 0.159822 0.460552
vt 0.182601 0.461720
vt 0.182145 0.477188
vt 0.194713 0.476751
vt 0.195167 0.461543
vt 0.157851 0.604359
vt 0.168346 0.605502
vt 0.168446 0.592297
vt 0.157765 0.591079
vt 0.168613 0.578454
vt 0.157764 0.577211
vt 0.179769 0.593607
vt 0.180084 0.579821
vt 0.179574 0.606756
vt 0.192107 0.607996
vt 0.192346 0.595007
vt 0.192795 0.581406
vt 0.182513 0.223077
vt 0.188319 0.223303
vt 0.188417 0.207227
vt 0.183657 0.207095
vt 0.187137 0.194901
vt 0.183132 0.194865
vt 0.193949 0.207417
vt 0.191982 0.194983
vt 0.194799 0.223599
vt 0.202750 0.224053
vt 0.201029 0.207718
vt 0.198320 0.195149
vt 0.159219 0.635879
vt 0.168979 0.636563
vt 0.168334 0.618905
vt 0.158099 0.617967
vt 0.179470 0.620017
vt 0.179742 0.637470
vt 0.191984 0.638500
vt 0.192005 0.621147
vt 0.185500 0.182926
vt 0.182034 0.182959
vt 0.184082 0.171491
vt 0.180995 0.171568
vt 0.189784 0.182919
vt 0.187911 0.171424
vt 0.195440 0.182962
vt 0.192981 0.171379
vt 0.188823 0.813970
vt 0.183348 0.819612
vt 0.184147 0.820865
vt 0.189324 0.815453
vt 0.185123 0.822167
vt 0.189948 0.816931
vt 0.178555 0.826137
vt 0.179760 0.827312
vt 0.177687 0.824966
vt 0.186377 0.823527
vt 0.190983 0.818365
vt 0.187576 0.824627
vt 0.192122 0.819474
vt 0.181277 0.828504
vt 0.182668 0.829453
vt 0.873275 0.868317
vt 0.868851 0.869422
vt 0.864579 0.870749
vt 0.860863 0.871929
vt 0.183249 0.161627
vt 0.180421 0.161726
vt 0.182895 0.154321
vt 0.180216 0.154428
vt 0.186758 0.161528
vt 0.186227 0.154210
vt 0.191404 0.161437
vt 0.190641 0.154099
vt 0.192542 0.784066
vt 0.196521 0.784978
vt 0.193897 0.778662
vt 0.189212 0.777471
vt 0.191356 0.773221
vt 0.186012 0.771665
vt 0.198493 0.779469
vt 0.196558 0.774003
vt 0.200504 0.785872
vt 0.204666 0.786536
vt 0.203242 0.779730
vt 0.201877 0.773804
vt 0.176276 0.718848
vt 0.182924 0.717899
vt 0.178702 0.705996
vt 0.171439 0.706459
vt 0.174146 0.686608
vt 0.166082 0.686521
vt 0.186609 0.706059
vt 0.182964 0.686998
vt 0.190137 0.717712
vt 0.197750 0.718596
vt 0.195360 0.706895
vt 0.193057 0.687825
vt 0.170855 0.661158
vt 0.161881 0.660716
vt 0.180745 0.661830
vt 0.192106 0.662741
vt 0.168926 0.563853
vt 0.157917 0.562555
vt 0.169289 0.548049
vt 0.158227 0.546772
vt 0.180562 0.565333
vt 0.180986 0.549537
vt 0.193450 0.567070
vt 0.194000 0.551247
vt 0.169603 0.530755
vt 0.158663 0.529670
vt 0.169934 0.512580
vt 0.159107 0.511763
vt 0.181170 0.531985
vt 0.181324 0.513359
vt 0.194172 0.533363
vt 0.194198 0.514118
vt 0.170350 0.494384
vt 0.159443 0.493767
vt 0.181679 0.494677
vt 0.194376 0.494671
vt 0.174308 0.401982
vt 0.162996 0.401626
vt 0.175306 0.384656
vt 0.164318 0.384331
vt 0.185736 0.402554
vt 0.186424 0.385276
vt 0.198007 0.403405
vt 0.198431 0.386263
vt 0.176295 0.362528
vt 0.165854 0.362102
vt 0.177740 0.335859
vt 0.167932 0.335348
vt 0.187049 0.363204
vt 0.188065 0.336543
vt 0.198874 0.364209
vt 0.199592 0.337494
vt 0.180058 0.305890
vt 0.170870 0.305435
vt 0.183037 0.275139
vt 0.174678 0.274792
vt 0.189839 0.306487
vt 0.191990 0.275619
vt 0.200747 0.307381
vt 0.202011 0.276420
vt 0.186179 0.246540
vt 0.179047 0.246255
vt 0.193923 0.246927
vt 0.202906 0.247564
vt 0.200101 0.800040
vt 0.204349 0.797627
vt 0.204990 0.796404
vt 0.200359 0.798876
vt 0.205396 0.794843
vt 0.200292 0.796172
vt 0.208279 0.795789
vt 0.210047 0.795130
vt 0.207008 0.797130
vt 0.193784 0.802048
vt 0.192951 0.797348
vt 0.187820 0.799563
vt 0.191707 0.792457
vt 0.187300 0.793266
vt 0.196698 0.793781
vt 0.194407 0.791632
vt 0.152400 0.778548
vt 0.142556 0.782326
vt 0.218992 0.799261
vt 0.220806 0.800986
vt 0.222278 0.802059
vt 0.221693 0.800672
vt 0.224635 0.804412
vt 0.225267 0.803431
vt 0.222641 0.802899
vt 0.224481 0.804995
vt 0.221670 0.801954
vt 0.182415 0.799255
vt 0.176878 0.799379
vt 0.181603 0.793821
vt 0.223057 0.807452
vt 0.223716 0.806776
vt 0.221907 0.804046
vt 0.221059 0.804281
vt 0.220943 0.802362
vt 0.219811 0.802037
vt 0.222443 0.803782
vt 0.221655 0.802706
vt 0.224111 0.806081
vt 0.233153 0.807080
vt 0.238596 0.810555
vt 0.239949 0.807042
vt 0.233894 0.803797
vt 0.241625 0.803010
vt 0.235017 0.799857
vt 0.246622 0.810780
vt 0.248703 0.806823
vt 0.244827 0.814467
vt 0.209421 0.792042
vt 0.205433 0.791624
vt 0.201465 0.791067
vt 0.198820 0.803999
vt 0.194260 0.808363
vt 0.194056 0.810369
vt 0.197752 0.806642
vt 0.194058 0.812178
vt 0.196764 0.808987
vt 0.217338 0.795303
vt 0.216664 0.792497
vt 0.213124 0.792284
vt 0.214092 0.794954
vt 0.185905 0.788595
vt 0.179836 0.789407
vt 0.164071 0.806851
vt 0.170800 0.802227
vt 0.250836 0.802858
vt 0.243585 0.798485
vt 0.236629 0.795103
vt 0.230180 0.793505
vt 0.229157 0.798015
vt 0.224612 0.793030
vt 0.224266 0.796961
vt 0.165608 0.274292
vt 0.171164 0.245839
vt 0.175930 0.222771
vt 0.157079 0.334810
vt 0.160854 0.304856
vt 0.151980 0.384212
vt 0.154167 0.361798
vt 0.149121 0.415719
vt 0.150358 0.401400
vt 0.147008 0.510885
vt 0.147160 0.492786
vt 0.147163 0.475338
vt 0.146210 0.545755
vt 0.146614 0.528761
vt 0.146118 0.576041
vt 0.146047 0.561435
vt 0.157511 0.686509
vt 0.152470 0.660423
vt 0.149141 0.635436
vt 0.169938 0.720395
vt 0.163931 0.707125
vt 0.188234 0.783331
vt 0.184033 0.776030
vt 0.180086 0.769361
vt 0.177576 0.171718
vt 0.177269 0.161951
vt 0.177220 0.154704
vt 0.178678 0.194820
vt 0.178213 0.183012
vt 0.147460 0.617272
vt 0.146765 0.603394
vt 0.178270 0.206914
vt 0.146363 0.589953
vt 0.147197 0.459232
vt 0.147469 0.444194
vt 0.148133 0.429766
vt 0.855953 0.974285
vt 0.855829 0.977708
vt 0.856335 0.969081
vt 0.858072 0.901909
vt 0.858464 0.916681
vt 0.857736 0.887128
vt 0.858320 0.931469
vt 0.857724 0.945894
vt 0.856990 0.959149
vt 0.859359 0.857430
vt 0.858820 0.862140
vt 0.859423 0.856194
vt 0.858065 0.872845
vt 0.960318 0.280595
vt 0.960693 0.282164
vt 0.960127 0.277291
vt 0.941603 0.310009
vt 0.941699 0.308643
vt 0.941216 0.313381
vt 0.936411 0.386492
vt 0.936254 0.365167
vt 0.937959 0.406795
vt 0.937490 0.345681
vt 0.939158 0.330367
vt 0.964175 0.204143
vt 0.963703 0.225096
vt 0.962881 0.183831
vt 0.961901 0.244537
vt 0.960182 0.260169
vt 0.960020 0.166445
vt 0.943698 0.151145
vt 0.942865 0.437269
vt 0.942421 0.433740
vt 0.940440 0.320070
vt 0.959804 0.270726
vt 0.940400 0.423246
vt 0.282172 0.581371
vt 0.281423 0.582164
vt 0.283978 0.579550
vt 0.263148 0.587966
vt 0.263497 0.587451
vt 0.261861 0.588416
vt 0.259042 0.589479
vt 0.256065 0.593368
vt 0.287893 0.574850
vt 0.882104 0.977758
vt 0.882845 0.980516
vt 0.881905 0.972926
vt 0.892526 0.909276
vt 0.890431 0.923845
vt 0.893792 0.894184
vt 0.887508 0.938004
vt 0.884548 0.951500
vt 0.882559 0.963737
vt 0.894517 0.879160
vt 0.895044 0.867928
vt 0.895640 0.863204
vt 0.896183 0.862140
vt 0.259269 0.446020
vt 0.259803 0.433507
vt 0.260231 0.420829
vt 0.258783 0.473931
vt 0.258881 0.458684
vt 0.255138 0.613441
vt 0.255261 0.602079
vt 0.242007 0.226642
vt 0.235529 0.209989
vt 0.228974 0.197005
vt 0.251254 0.643519
vt 0.254107 0.626247
vt 0.222281 0.184202
vt 0.216561 0.172247
vt 0.253397 0.279996
vt 0.248311 0.250631
vt 0.258224 0.341791
vt 0.256496 0.311314
vt 0.260050 0.391175
vt 0.259359 0.368987
vt 0.260329 0.407621
vt 0.258582 0.516950
vt 0.258908 0.493844
vt 0.257427 0.540538
vt 0.240510 0.692387
vt 0.246217 0.667377
vt 0.232951 0.726800
vt 0.235905 0.712528
vt 0.220873 0.786643
vt 0.222893 0.776407
vt 0.225491 0.765786
vt 0.212939 0.162595
vt 0.211047 0.155803
vt 0.197692 0.789883
vt 0.194169 0.788794
vt 0.220300 0.792752
vt 0.220502 0.796039
vt 0.190516 0.788406
vt 0.227682 0.807765
vt 0.227408 0.808318
vt 0.228364 0.807281
vt 0.194932 0.813470
vt 0.198009 0.809117
vt 0.196091 0.814349
vt 0.199287 0.809607
vt 0.227905 0.817709
vt 0.228956 0.817106
vt 0.225053 0.812362
vt 0.223964 0.812847
vt 0.221991 0.808024
vt 0.220824 0.808404
vt 0.226056 0.811632
vt 0.229979 0.816258
vt 0.219805 0.804578
vt 0.218511 0.804818
vt 0.218302 0.801986
vt 0.216850 0.802056
vt 0.237674 0.827072
vt 0.238777 0.826340
vt 0.233628 0.821836
vt 0.232579 0.822539
vt 0.234714 0.820892
vt 0.239979 0.825341
vt 0.194116 0.805298
vt 0.194242 0.806586
vt 0.199611 0.801704
vt 0.188225 0.812619
vt 0.187708 0.811612
vt 0.200079 0.805432
vt 0.201686 0.802289
vt 0.201542 0.805647
vt 0.203377 0.802345
vt 0.182043 0.817473
vt 0.182612 0.818410
vt 0.177052 0.823762
vt 0.176600 0.822774
vt 0.232698 0.809438
vt 0.229596 0.807072
vt 0.228900 0.804795
vt 0.218072 0.797357
vt 0.215236 0.796790
vt 0.216264 0.798430
vt 0.212861 0.796590
vt 0.214325 0.798246
vt 0.243683 0.817041
vt 0.237715 0.813072
vt 0.228765 0.801671
vt 0.224498 0.800159
vt 0.952131 0.713755
vt 0.953420 0.715210
vt 0.954142 0.712516
vt 0.952696 0.711209
vt 0.954639 0.708774
vt 0.953110 0.707625
vt 0.955394 0.714052
vt 0.956048 0.710113
vt 0.954422 0.716904
vt 0.950893 0.717024
vt 0.951601 0.718703
vt 0.952600 0.717165
vt 0.951534 0.715577
vt 0.953279 0.718947
vt 0.951916 0.720469
vt 0.944822 0.684315
vt 0.943221 0.684297
vt 0.942802 0.691224
vt 0.944430 0.690655
vt 0.943174 0.697771
vt 0.944688 0.696910
vt 0.941217 0.691918
vt 0.941706 0.698758
vt 0.941533 0.684285
vt 0.947882 0.718089
vt 0.947618 0.719746
vt 0.948817 0.720348
vt 0.948827 0.718777
vt 0.949114 0.720364
vt 0.949111 0.718793
vt 0.948810 0.722114
vt 0.949117 0.722128
vt 0.947510 0.721477
vt 0.945040 0.707456
vt 0.943499 0.708585
vt 0.943974 0.712382
vt 0.945437 0.711093
vt 0.944748 0.715390
vt 0.946041 0.713932
vt 0.942699 0.713900
vt 0.943769 0.717091
vt 0.942078 0.709903
vt 0.953370 0.697168
vt 0.954898 0.698026
vt 0.955198 0.691376
vt 0.953559 0.690817
vt 0.954675 0.684223
vt 0.953058 0.684204
vt 0.956792 0.692067
vt 0.956372 0.684234
vt 0.956377 0.699014
vt 0.943334 0.703617
vt 0.944851 0.702620
vt 0.941881 0.704757
vt 0.954786 0.703855
vt 0.953266 0.702851
vt 0.956241 0.705006
vt 0.955030 0.719946
vt 0.954876 0.722422
vt 0.956986 0.719530
vt 0.956597 0.716972
vt 0.958661 0.715135
vt 0.957718 0.712745
vt 0.956848 0.722851
vt 0.959413 0.718391
vt 0.954304 0.725420
vt 0.938703 0.684276
vt 0.936760 0.686456
vt 0.937114 0.695016
vt 0.938864 0.693497
vt 0.938042 0.702470
vt 0.939589 0.700723
vt 0.935142 0.697173
vt 0.936274 0.704790
vt 0.935257 0.690370
vt 0.947774 0.724214
vt 0.947926 0.726394
vt 0.948812 0.727231
vt 0.948826 0.724997
vt 0.949125 0.727245
vt 0.949131 0.725010
vt 0.948749 0.729979
vt 0.949087 0.729998
vt 0.947968 0.729115
vt 0.951646 0.723254
vt 0.951315 0.725421
vt 0.952933 0.724175
vt 0.953324 0.721906
vt 0.952431 0.726953
vt 0.951025 0.728148
vt 0.958518 0.700981
vt 0.960093 0.702729
vt 0.960947 0.695163
vt 0.959167 0.693647
vt 0.961191 0.686440
vt 0.959214 0.684243
vt 0.962959 0.697317
vt 0.962752 0.690404
vt 0.961899 0.705049
vt 0.938637 0.709085
vt 0.939943 0.707030
vt 0.939471 0.714890
vt 0.940406 0.712513
vt 0.937260 0.711877
vt 0.938732 0.718131
vt 0.959516 0.709359
vt 0.958192 0.707294
vt 0.960917 0.712168
vt 0.941111 0.719339
vt 0.941493 0.716800
vt 0.943426 0.722536
vt 0.943236 0.720096
vt 0.941270 0.722641
vt 0.944019 0.725489
vt 0.941185 0.711065
vt 0.941986 0.715212
vt 0.943354 0.718491
vt 0.956936 0.711288
vt 0.957225 0.706023
vt 0.957423 0.699892
vt 0.940668 0.699634
vt 0.940898 0.705766
vt 0.957946 0.692732
vt 0.957693 0.684239
vt 0.951907 0.721812
vt 0.953462 0.720355
vt 0.954876 0.718314
vt 0.947562 0.722796
vt 0.948814 0.723504
vt 0.949128 0.723517
vt 0.940215 0.684280
vt 0.940070 0.692582
vt 0.956100 0.715374
vt 0.219866 0.808542
vt 0.223054 0.813043
vt 0.227039 0.818011
vt 0.952172 0.702219
vt 0.952272 0.696628
vt 0.951992 0.706916
vt 0.193011 0.819968
vt 0.197042 0.814704
vt 0.200292 0.809833
vt 0.945960 0.702002
vt 0.946185 0.706769
vt 0.945795 0.696383
vt 0.231742 0.822942
vt 0.236824 0.827496
vt 0.952384 0.690474
vt 0.951970 0.684185
vt 0.202585 0.805810
vt 0.204477 0.802470
vt 0.946554 0.710322
vt 0.947075 0.713066
vt 0.208390 0.797116
vt 0.209734 0.796103
vt 0.210191 0.796100
vt 0.948838 0.717779
vt 0.949095 0.717848
vt 0.948445 0.717026
vt 0.183609 0.829942
vt 0.188452 0.825175
vt 0.945614 0.690307
vt 0.945907 0.684334
vt 0.213158 0.798208
vt 0.214443 0.799931
vt 0.215548 0.799967
vt 0.215791 0.802066
vt 0.950606 0.714628
vt 0.951111 0.712886
vt 0.950104 0.715994
vt 0.217501 0.804900
vt 0.951605 0.710417
vt 0.206474 0.799467
vt 0.205258 0.799421
vt 0.947784 0.715397
vt 0.946882 0.716356
vt 0.945407 0.721132
vt 0.945493 0.719763
vt 0.945607 0.722629
vt 0.946013 0.724832
vt 0.946393 0.727544
vt 0.945971 0.717987
vt 0.181636 0.816737
vt 0.187381 0.810777
vt 0.176214 0.822037
vt 0.194042 0.804343
vt 0.203178 0.799606
vt 0.230709 0.815252
vt 0.226695 0.810732
vt 0.227061 0.809795
vt 0.231136 0.814197
vt 0.235574 0.819808
vt 0.236107 0.818679
vt 0.241013 0.824198
vt 0.241687 0.822998
vt 0.211644 0.796788
vt 0.949579 0.717161
vt 0.950043 0.718238
vt 0.950266 0.722901
vt 0.950321 0.721589
vt 0.950090 0.724323
vt 0.949966 0.726521
vt 0.949862 0.729264
vt 0.950238 0.719870
vt 0.242075 0.821652
vt 0.236377 0.817502
vt 0.231324 0.813184
vt 0.219047 0.800416
vt 0.217198 0.800029
vt 0.224344 0.805507
vt 0.222680 0.803409
vt 0.221644 0.802256
vt 0.227250 0.808988
vt 0.221021 0.798577
vt 0.220514 0.801291
vt 0.223852 0.742203
vt 0.231558 0.741477
vt 0.231982 0.735537
vt 0.223112 0.736351
vt 0.243208 0.735056
vt 0.241767 0.740898
vt 0.921212 0.878102
vt 0.923983 0.877029
vt 0.922962 0.871335
vt 0.920000 0.871842
vt 0.923207 0.865741
vt 0.920257 0.865620
vt 0.927062 0.870760
vt 0.927241 0.865666
vt 0.927809 0.875998
vt 0.927369 0.887597
vt 0.929276 0.885627
vt 0.926163 0.881902
vt 0.923758 0.883412
vt 0.929401 0.880589
vt 0.930906 0.883717
vt 0.924642 0.861084
vt 0.921955 0.860362
vt 0.926939 0.857359
vt 0.924721 0.856058
vt 0.928115 0.861423
vt 0.928909 0.858557
vt 0.102370 0.706613
vt 0.111666 0.721686
vt 0.088349 0.708398
vt 0.098159 0.723892
vt 0.262519 0.742872
vt 0.272781 0.746180
vt 0.275653 0.740439
vt 0.265081 0.737127
vt 0.286626 0.744995
vt 0.283454 0.750754
vt 0.975766 0.876012
vt 0.972491 0.875468
vt 0.970903 0.880364
vt 0.974034 0.881474
vt 0.968297 0.884182
vt 0.971046 0.885837
vt 0.967309 0.879592
vt 0.966187 0.882647
vt 0.968468 0.875051
vt 0.136261 0.737160
vt 0.149683 0.737213
vt 0.147502 0.730776
vt 0.132203 0.730320
vt 0.160451 0.731980
vt 0.160392 0.737902
vt 0.252343 0.741256
vt 0.254473 0.735488
vt 0.246105 0.757521
vt 0.236872 0.757431
vt 0.248333 0.751891
vt 0.238732 0.751763
vt 0.255126 0.758973
vt 0.257747 0.753409
vt 0.250349 0.746577
vt 0.240323 0.746339
vt 0.260139 0.748153
vt 0.158644 0.756839
vt 0.154971 0.750124
vt 0.165968 0.757244
vt 0.162927 0.750708
vt 0.152053 0.743580
vt 0.140151 0.743677
vt 0.161178 0.744176
vt 0.974966 0.862700
vt 0.971873 0.863487
vt 0.972823 0.869604
vt 0.976089 0.869501
vt 0.968610 0.869666
vt 0.967685 0.864115
vt 0.944515 0.846665
vt 0.945044 0.849313
vt 0.950564 0.849383
vt 0.950570 0.846624
vt 0.956051 0.850133
vt 0.956655 0.847388
vt 0.950803 0.853221
vt 0.955811 0.853941
vt 0.945732 0.853060
vt 0.264459 0.762228
vt 0.267420 0.756679
vt 0.274239 0.766867
vt 0.277535 0.761273
vt 0.270110 0.751448
vt 0.280505 0.756034
vt 0.968344 0.851704
vt 0.966320 0.853752
vt 0.969712 0.857942
vt 0.972412 0.856497
vt 0.965998 0.859140
vt 0.964420 0.855768
vt 0.932715 0.849781
vt 0.934186 0.851948
vt 0.939385 0.850193
vt 0.938356 0.847753
vt 0.940525 0.853759
vt 0.935658 0.855196
vt 0.937088 0.892897
vt 0.938146 0.889854
vt 0.933297 0.888162
vt 0.931813 0.890714
vt 0.934185 0.884662
vt 0.938853 0.885667
vt 0.930070 0.854370
vt 0.928231 0.852552
vt 0.931668 0.857056
vt 0.961893 0.891842
vt 0.960149 0.889152
vt 0.954971 0.890518
vt 0.956003 0.893681
vt 0.949362 0.891086
vt 0.949623 0.894540
vt 0.954435 0.886125
vt 0.949358 0.886387
vt 0.959095 0.885312
vt 0.961543 0.851387
vt 0.962834 0.848858
vt 0.960734 0.854877
vt 0.227863 0.758313
vt 0.220901 0.759144
vt 0.229571 0.752710
vt 0.222727 0.753747
vt 0.230791 0.747129
vt 0.223685 0.748040
vt 0.118278 0.731576
vt 0.123205 0.738706
vt 0.105216 0.734073
vt 0.110533 0.741382
vt 0.127867 0.745387
vt 0.115560 0.748178
vt 0.173536 0.762211
vt 0.173175 0.762638
vt 0.178732 0.766434
vt 0.178665 0.765765
vt 0.184622 0.768926
vt 0.184392 0.768169
vt 0.206074 0.768643
vt 0.206405 0.769463
vt 0.210981 0.766996
vt 0.210498 0.766212
vt 0.214864 0.763518
vt 0.214087 0.762960
vt 0.195308 0.770574
vt 0.195600 0.771377
vt 0.201141 0.770980
vt 0.200849 0.770164
vt 0.190179 0.770614
vt 0.189900 0.769826
vt 0.170715 0.729623
vt 0.169005 0.728679
vt 0.166487 0.733095
vt 0.168112 0.733579
vt 0.165418 0.738434
vt 0.166816 0.738714
vt 0.219158 0.742339
vt 0.220234 0.742430
vt 0.218957 0.736978
vt 0.217687 0.737070
vt 0.216145 0.732050
vt 0.214904 0.732647
vt 0.180107 0.725154
vt 0.178982 0.724016
vt 0.173471 0.725787
vt 0.174823 0.726928
vt 0.205324 0.726462
vt 0.205499 0.725411
vt 0.198889 0.723491
vt 0.199163 0.724588
vt 0.191978 0.722600
vt 0.192624 0.723719
vt 0.185237 0.722883
vt 0.186165 0.724010
vt 0.211390 0.728201
vt 0.210690 0.729138
vt 0.167531 0.751158
vt 0.166547 0.751062
vt 0.169051 0.757241
vt 0.169813 0.757183
vt 0.165408 0.744597
vt 0.166590 0.744778
vt 0.217757 0.759117
vt 0.216873 0.758917
vt 0.219586 0.754081
vt 0.218722 0.753994
vt 0.220413 0.748329
vt 0.219492 0.748231
vt 0.218023 0.753793
vt 0.218333 0.753885
vt 0.219064 0.748117
vt 0.218723 0.748021
vt 0.218649 0.742242
vt 0.218238 0.742158
vt 0.213338 0.762590
vt 0.213671 0.762757
vt 0.216462 0.758778
vt 0.216133 0.758661
vt 0.167901 0.739078
vt 0.167392 0.738910
vt 0.167108 0.744895
vt 0.167539 0.744987
vt 0.167976 0.751197
vt 0.168337 0.751227
vt 0.170163 0.757134
vt 0.170444 0.757096
vt 0.173771 0.762053
vt 0.173955 0.761930
vt 0.213845 0.732833
vt 0.214332 0.732752
vt 0.210271 0.729370
vt 0.209915 0.729550
vt 0.205150 0.726802
vt 0.205007 0.727062
vt 0.193224 0.724463
vt 0.192953 0.724139
vt 0.186661 0.724413
vt 0.187078 0.724730
vt 0.180696 0.725534
vt 0.181222 0.725847
vt 0.199256 0.724991
vt 0.199334 0.725300
vt 0.175462 0.727294
vt 0.176080 0.727623
vt 0.171366 0.729963
vt 0.172024 0.730288
vt 0.217105 0.737053
vt 0.216620 0.737036
vt 0.168736 0.733856
vt 0.169339 0.734114
vt 0.184341 0.767529
vt 0.184364 0.767811
vt 0.189798 0.769422
vt 0.189716 0.769104
vt 0.195168 0.770157
vt 0.195054 0.769830
vt 0.200679 0.769763
vt 0.200543 0.769449
vt 0.205847 0.768290
vt 0.205665 0.768012
vt 0.210165 0.765930
vt 0.209898 0.765704
vt 0.178758 0.765493
vt 0.178832 0.765280
vt 0.969391 0.850661
vt 0.963502 0.847607
vt 0.956941 0.846023
vt 0.963668 0.847177
vt 0.956946 0.845533
vt 0.969733 0.850329
vt 0.931905 0.848705
vt 0.927181 0.851635
vt 0.923462 0.855342
vt 0.926731 0.851296
vt 0.922916 0.855073
vt 0.931576 0.848309
vt 0.944195 0.845340
vt 0.937786 0.846539
vt 0.937537 0.846092
vt 0.944006 0.844855
vt 0.950529 0.845242
vt 0.950416 0.844738
vt 0.973148 0.886793
vt 0.976115 0.882151
vt 0.977693 0.876334
vt 0.977297 0.882487
vt 0.978639 0.876501
vt 0.974467 0.887242
vt 0.919721 0.878532
vt 0.922284 0.884113
vt 0.926009 0.888561
vt 0.921482 0.884229
vt 0.925184 0.888820
vt 0.919053 0.878521
vt 0.963293 0.893127
vt 0.968811 0.890374
vt 0.966960 0.889247
vt 0.970013 0.890824
vt 0.964220 0.893556
vt 0.936460 0.894340
vt 0.943009 0.895827
vt 0.943159 0.894229
vt 0.949977 0.896164
vt 0.943082 0.896318
vt 0.950339 0.896657
vt 0.936207 0.894790
vt 0.956882 0.895169
vt 0.957523 0.895626
vt 0.930752 0.891934
vt 0.930148 0.892307
vt 0.976571 0.862297
vt 0.973775 0.855748
vt 0.974279 0.855534
vt 0.977215 0.862203
vt 0.977865 0.869458
vt 0.978639 0.869483
vt 0.920552 0.859910
vt 0.918778 0.865467
vt 0.919992 0.859718
vt 0.918231 0.865342
vt 0.918502 0.871987
vt 0.917925 0.871908
vt 0.964313 0.875065
vt 0.963543 0.879922
vt 0.963184 0.883918
vt 0.959425 0.880628
vt 0.959911 0.875237
vt 0.949614 0.875279
vt 0.943734 0.875426
vt 0.944088 0.881062
vt 0.949638 0.881081
vt 0.944051 0.886246
vt 0.938573 0.880850
vt 0.937855 0.875566
vt 0.955033 0.875267
vt 0.954791 0.880996
vt 0.932469 0.875617
vt 0.933565 0.880467
vt 0.932074 0.860720
vt 0.936548 0.859482
vt 0.931918 0.865258
vt 0.937017 0.864550
vt 0.931929 0.870385
vt 0.937361 0.870028
vt 0.951554 0.857825
vt 0.956529 0.858452
vt 0.952763 0.863178
vt 0.957874 0.863638
vt 0.946549 0.857685
vt 0.947576 0.863112
vt 0.954181 0.869158
vt 0.959260 0.869399
vt 0.948781 0.869135
vt 0.941466 0.858324
vt 0.942290 0.863689
vt 0.943085 0.869517
vt 0.961482 0.859107
vt 0.962920 0.864087
vt 0.964061 0.869595
vt 0.964653 0.887036
vt 0.943624 0.890840
vt 0.935557 0.285108
vt 0.942691 0.284963
vt 0.952129 0.284265
vt 0.942639 0.286036
vt 0.952548 0.285369
vt 0.935159 0.286069
vt 0.967682 0.308662
vt 0.960695 0.309130
vt 0.951222 0.308506
vt 0.961393 0.307916
vt 0.951583 0.307343
vt 0.968361 0.307293
vt 0.968346 0.282806
vt 0.971556 0.281849
vt 0.971092 0.308405
vt 0.971779 0.306943
vt 0.969368 0.283932
vt 0.972738 0.282921
vt 0.941687 0.307455
vt 0.934754 0.306145
vt 0.941638 0.306301
vt 0.934577 0.305027
vt 0.931611 0.305568
vt 0.932205 0.284389
vt 0.931486 0.285133
vt 0.931320 0.304560
vt 0.961467 0.283505
vt 0.962311 0.284622
vt 0.139088 0.165960
vt 0.136469 0.173706
vt 0.132000 0.182731
vt 0.790480 0.039925
vt 0.791356 0.050499
vt 0.789069 0.031349
vt 0.047974 0.427038
vt 0.047149 0.440751
vt 0.046359 0.459584
vt 0.767499 0.343821
vt 0.766567 0.363686
vt 0.768212 0.329420
vt 0.061945 0.327459
vt 0.056195 0.357783
vt 0.052315 0.383117
vt 0.771480 0.256305
vt 0.770128 0.283304
vt 0.772655 0.223638
vt 0.047436 0.544718
vt 0.048740 0.560746
vt 0.049425 0.574091
vt 0.762118 0.470728
vt 0.760940 0.484420
vt 0.762795 0.453929
vt 0.112341 0.212461
vt 0.096404 0.236660
vt 0.080915 0.265444
vt 0.784152 0.119011
vt 0.778114 0.154329
vt 0.789273 0.088041
vt 0.048610 0.584395
vt 0.046507 0.593318
vt 0.758872 0.494674
vt 0.756034 0.503686
vt 0.045881 0.482451
vt 0.045881 0.505869
vt 0.765523 0.387907
vt 0.764438 0.412774
vt 0.046415 0.526609
vt 0.763518 0.434788
vt 0.069696 0.296142
vt 0.774253 0.189426
vt 0.124286 0.194934
vt 0.791356 0.065606
vt 0.049263 0.410563
vt 0.048621 0.418148
vt 0.768621 0.320112
vt 0.768910 0.312168
vt 0.050249 0.400067
vt 0.769297 0.301164
vt 0.348405 0.550295
vt 0.345076 0.567894
vt 0.346680 0.568541
vt 0.346781 0.552794
vt 0.344398 0.574059
vt 0.341572 0.552411
vt 0.340336 0.567734
vt 0.339625 0.573592
vt 0.480487 0.172979
vt 0.484654 0.163755
vt 0.479449 0.164919
vt 0.474726 0.173703
vt 0.486688 0.157516
vt 0.481501 0.159224
vt 0.476981 0.160145
vt 0.474990 0.165367
vt 0.469705 0.173607
vt 0.476660 0.786334
vt 0.472988 0.775814
vt 0.465422 0.775776
vt 0.470221 0.786372
vt 0.468885 0.765059
vt 0.460264 0.765104
vt 0.451761 0.766509
vt 0.457624 0.777191
vt 0.463157 0.787811
vt 0.457485 0.726458
vt 0.453644 0.712763
vt 0.440524 0.713506
vt 0.445375 0.726995
vt 0.447931 0.693175
vt 0.433615 0.694194
vt 0.420375 0.695916
vt 0.428377 0.715185
vt 0.434148 0.728652
vt 0.440741 0.668576
vt 0.425118 0.669872
vt 0.434480 0.644838
vt 0.417806 0.646220
vt 0.402648 0.647968
vt 0.410815 0.671656
vt 0.909726 0.277848
vt 0.912440 0.277274
vt 0.913346 0.269211
vt 0.910734 0.269724
vt 0.911517 0.312794
vt 0.909097 0.313457
vt 0.910112 0.320761
vt 0.912580 0.320425
vt 0.912087 0.331483
vt 0.914845 0.331429
vt 0.915495 0.257781
vt 0.912762 0.258164
vt 0.427805 0.561430
vt 0.425509 0.541199
vt 0.405650 0.541963
vt 0.409799 0.563383
vt 0.423729 0.516688
vt 0.403365 0.516306
vt 0.385614 0.516096
vt 0.387871 0.542961
vt 0.392471 0.568960
vt 0.423458 0.493089
vt 0.403152 0.492131
vt 0.423893 0.473016
vt 0.403838 0.471791
vt 0.386083 0.470666
vt 0.385402 0.491400
vt 0.423045 0.421758
vt 0.423190 0.408886
vt 0.404374 0.410540
vt 0.403983 0.423180
vt 0.423786 0.392391
vt 0.405184 0.393743
vt 0.389180 0.394641
vt 0.388252 0.411908
vt 0.387627 0.424448
vt 0.424843 0.370062
vt 0.406488 0.371115
vt 0.426519 0.342751
vt 0.408611 0.343617
vt 0.393211 0.344012
vt 0.390694 0.371683
vt 0.429123 0.312243
vt 0.412041 0.313053
vt 0.433640 0.280943
vt 0.417931 0.281781
vt 0.404240 0.281922
vt 0.397299 0.313315
vt 0.440763 0.251570
vt 0.427012 0.252406
vt 0.449178 0.227556
vt 0.437477 0.228375
vt 0.426949 0.228109
vt 0.414828 0.252350
vt 0.595012 0.269660
vt 0.582116 0.241443
vt 0.562912 0.243321
vt 0.573161 0.271534
vt 0.569490 0.218512
vt 0.553182 0.220565
vt 0.537315 0.222040
vt 0.544034 0.244945
vt 0.551419 0.273274
vt 0.489872 0.277358
vt 0.490046 0.248314
vt 0.479339 0.249023
vt 0.477823 0.278225
vt 0.491261 0.224605
vt 0.481932 0.225180
vt 0.471974 0.225839
vt 0.467658 0.249766
vt 0.464486 0.279077
vt 0.610763 0.330744
vt 0.604397 0.299948
vt 0.580996 0.301928
vt 0.586641 0.332400
vt 0.557488 0.303764
vt 0.562217 0.333902
vt 0.490687 0.338600
vt 0.490197 0.308416
vt 0.477160 0.309407
vt 0.476985 0.339713
vt 0.462701 0.310361
vt 0.461804 0.340784
vt 0.618353 0.384574
vt 0.615315 0.360231
vt 0.590849 0.360917
vt 0.593781 0.384476
vt 0.565914 0.361447
vt 0.568626 0.384277
vt 0.491401 0.387486
vt 0.491099 0.365418
vt 0.476963 0.366676
vt 0.477023 0.388779
vt 0.461244 0.367884
vt 0.460958 0.390026
vt 0.621192 0.412213
vt 0.620122 0.400920
vt 0.595593 0.401063
vt 0.596754 0.413505
vt 0.570430 0.401232
vt 0.571664 0.414850
vt 0.492020 0.418853
vt 0.491641 0.404439
vt 0.477167 0.405533
vt 0.477488 0.419559
vt 0.460964 0.406597
vt 0.461234 0.420205
vt 0.624358 0.507236
vt 0.624462 0.486320
vt 0.599378 0.488795
vt 0.599262 0.508432
vt 0.624207 0.466021
vt 0.599336 0.469790
vt 0.573749 0.473182
vt 0.573659 0.491164
vt 0.573627 0.509784
vt 0.494739 0.514987
vt 0.494678 0.494554
vt 0.479794 0.494482
vt 0.479943 0.516020
vt 0.494493 0.476043
vt 0.479646 0.475326
vt 0.463056 0.474639
vt 0.463147 0.494306
vt 0.463445 0.516803
vt 0.623036 0.544324
vt 0.623898 0.526726
vt 0.599081 0.527192
vt 0.598677 0.544486
vt 0.573796 0.527934
vt 0.573918 0.544978
vt 0.495080 0.553510
vt 0.494802 0.535118
vt 0.480265 0.537421
vt 0.480774 0.556774
vt 0.464131 0.539627
vt 0.464022 0.562146
vt 0.620491 0.573775
vt 0.621787 0.559983
vt 0.597912 0.560080
vt 0.596953 0.574221
vt 0.573730 0.560564
vt 0.573289 0.575001
vt 0.496314 0.583364
vt 0.495682 0.569332
vt 0.481502 0.572380
vt 0.481510 0.585800
vt 0.468107 0.576035
vt 0.464294 0.588408
vt 0.595124 0.685079
vt 0.604345 0.658910
vt 0.583675 0.659351
vt 0.575921 0.685580
vt 0.611490 0.633194
vt 0.589414 0.633962
vt 0.568168 0.634872
vt 0.563904 0.660007
vt 0.557747 0.686239
vt 0.499049 0.688958
vt 0.498504 0.663792
vt 0.485715 0.664937
vt 0.487984 0.690254
vt 0.497594 0.639612
vt 0.483486 0.640836
vt 0.468285 0.642134
vt 0.471953 0.666128
vt 0.476002 0.691444
vt 0.576524 0.720735
vt 0.585182 0.705926
vt 0.567009 0.706651
vt 0.559298 0.721598
vt 0.549961 0.707481
vt 0.541452 0.723730
vt 0.497650 0.720390
vt 0.498497 0.708355
vt 0.489446 0.710247
vt 0.490478 0.723081
vt 0.479346 0.711980
vt 0.482234 0.727766
vt 0.534220 0.785327
vt 0.541137 0.775842
vt 0.532571 0.774669
vt 0.526583 0.783630
vt 0.548600 0.765438
vt 0.539141 0.764832
vt 0.530792 0.765157
vt 0.525086 0.774759
vt 0.519929 0.783060
vt 0.494185 0.786854
vt 0.495092 0.779321
vt 0.490855 0.778392
vt 0.490427 0.786909
vt 0.495944 0.772604
vt 0.491283 0.770447
vt 0.485535 0.766358
vt 0.486122 0.777165
vt 0.486555 0.786831
vt 0.552214 0.173294
vt 0.550888 0.166223
vt 0.541243 0.164897
vt 0.541877 0.173195
vt 0.550171 0.161147
vt 0.540878 0.158846
vt 0.531346 0.156021
vt 0.531484 0.162905
vt 0.531552 0.172223
vt 0.504151 0.171383
vt 0.506215 0.161380
vt 0.500774 0.161412
vt 0.498208 0.171465
vt 0.507257 0.154019
vt 0.502124 0.154050
vt 0.497026 0.154551
vt 0.495373 0.161757
vt 0.492292 0.171726
vt 0.371319 0.543573
vt 0.373795 0.567757
vt 0.369459 0.516377
vt 0.352313 0.516989
vt 0.354023 0.544334
vt 0.363163 0.549672
vt 0.365034 0.568159
vt 0.561267 0.203167
vt 0.547155 0.205263
vt 0.556780 0.192240
vt 0.544222 0.194006
vt 0.531863 0.194579
vt 0.533405 0.206400
vt 0.395531 0.594408
vt 0.390766 0.583943
vt 0.375485 0.584253
vt 0.377232 0.596093
vt 0.365951 0.575805
vt 0.357141 0.576699
vt 0.358192 0.585548
vt 0.359848 0.597881
vt 0.804500 0.884458
vt 0.810466 0.883771
vt 0.807919 0.865470
vt 0.802527 0.867247
vt 0.811939 0.883223
vt 0.809222 0.864733
vt 0.801893 0.852619
vt 0.801009 0.853848
vt 0.798705 0.857585
vt 0.397215 0.674741
vt 0.407722 0.699145
vt 0.388201 0.650768
vt 0.373227 0.654498
vt 0.383243 0.678918
vt 0.394780 0.703561
vt 0.869809 0.682776
vt 0.871239 0.682015
vt 0.856913 0.645611
vt 0.855795 0.646645
vt 0.873958 0.676276
vt 0.857392 0.638444
vt 0.844017 0.616093
vt 0.841017 0.615118
vt 0.839600 0.615177
vt 0.416628 0.718468
vt 0.423116 0.731957
vt 0.404565 0.722965
vt 0.411715 0.736487
vt 0.471462 0.812256
vt 0.471251 0.811548
vt 0.466131 0.815577
vt 0.466344 0.816383
vt 0.470827 0.810734
vt 0.465778 0.814621
vt 0.459897 0.818565
vt 0.460287 0.819500
vt 0.460547 0.820353
vt 0.449687 0.780773
vt 0.455872 0.791448
vt 0.442971 0.769878
vt 0.433830 0.774755
vt 0.441604 0.785837
vt 0.448430 0.796414
vt 0.530064 0.791245
vt 0.537654 0.794597
vt 0.542544 0.788466
vt 0.527727 0.795198
vt 0.534725 0.798458
vt 0.542154 0.803054
vt 0.545648 0.799079
vt 0.551276 0.792705
vt 0.558723 0.750254
vt 0.554302 0.757093
vt 0.565422 0.759000
vt 0.570376 0.752053
vt 0.559030 0.767623
vt 0.569972 0.770889
vt 0.577016 0.761979
vt 0.582338 0.754928
vt 0.621258 0.659427
vt 0.629316 0.633393
vt 0.611171 0.685628
vt 0.625770 0.687084
vt 0.636532 0.660814
vt 0.645408 0.634505
vt 0.618121 0.598679
vt 0.615821 0.613485
vt 0.634400 0.612949
vt 0.636854 0.597778
vt 0.651407 0.613465
vt 0.654824 0.599666
vt 0.768622 0.887188
vt 0.771371 0.887157
vt 0.771200 0.874069
vt 0.768404 0.873605
vt 0.778327 0.886598
vt 0.777907 0.872909
vt 0.777186 0.862946
vt 0.770679 0.864545
vt 0.767807 0.863582
vt 0.640987 0.526611
vt 0.641519 0.506511
vt 0.639985 0.544446
vt 0.650768 0.544673
vt 0.651778 0.526659
vt 0.652308 0.506124
vt 0.404765 0.250521
vt 0.393106 0.280637
vt 0.418147 0.225812
vt 0.411588 0.222978
vt 0.397276 0.248093
vt 0.384789 0.278747
vt 0.722678 0.895889
vt 0.723774 0.896177
vt 0.723574 0.882614
vt 0.722640 0.882293
vt 0.726021 0.895773
vt 0.725606 0.882019
vt 0.726092 0.873006
vt 0.724997 0.871475
vt 0.724260 0.870796
vt 0.641572 0.484374
vt 0.641184 0.462817
vt 0.652324 0.483083
vt 0.651874 0.460591
vt 0.385386 0.312509
vt 0.380694 0.343488
vt 0.376417 0.311159
vt 0.371186 0.342389
vt 0.622830 0.433936
vt 0.623609 0.448391
vt 0.640458 0.444582
vt 0.639622 0.430474
vt 0.651098 0.441925
vt 0.650266 0.428097
vt 0.377649 0.371229
vt 0.375767 0.394407
vt 0.367667 0.370013
vt 0.365389 0.393176
vt 0.525305 0.803308
vt 0.521599 0.805334
vt 0.525561 0.810866
vt 0.529231 0.806382
vt 0.516483 0.807757
vt 0.522497 0.814768
vt 0.528005 0.820104
vt 0.531114 0.816018
vt 0.535178 0.811151
vt 0.631919 0.359305
vt 0.626906 0.329263
vt 0.635262 0.384219
vt 0.645903 0.383555
vt 0.642175 0.358321
vt 0.636650 0.328049
vt 0.386795 0.443202
vt 0.387161 0.433962
vt 0.372364 0.433439
vt 0.370642 0.441786
vt 0.373746 0.424835
vt 0.362904 0.424123
vt 0.360422 0.432002
vt 0.352276 0.440290
vt 0.619976 0.298221
vt 0.609701 0.267865
vt 0.629181 0.296801
vt 0.618288 0.266219
vt 0.369144 0.491205
vt 0.369562 0.469938
vt 0.351970 0.469449
vt 0.351728 0.491345
vt 0.595371 0.239451
vt 0.580938 0.215993
vt 0.603164 0.237577
vt 0.587678 0.213656
vt 0.884238 0.686429
vt 0.884243 0.654280
vt 0.880515 0.652929
vt 0.880849 0.685362
vt 0.885330 0.625259
vt 0.881350 0.624254
vt 0.871204 0.614820
vt 0.871921 0.642271
vt 0.556594 0.165072
vt 0.555251 0.160799
vt 0.558645 0.170921
vt 0.562418 0.164815
vt 0.560038 0.162103
vt 0.557853 0.158756
vt 0.497392 0.195416
vt 0.501027 0.183083
vt 0.494391 0.183297
vt 0.489966 0.195786
vt 0.487653 0.183655
vt 0.482264 0.196304
vt 0.554049 0.182246
vt 0.542724 0.183244
vt 0.531500 0.183136
vt 0.465259 0.197888
vt 0.473492 0.184924
vt 0.466411 0.185585
vt 0.456607 0.198710
vt 0.460158 0.185210
vt 0.448855 0.198308
vt 0.638630 0.560254
vt 0.637488 0.573823
vt 0.648648 0.574140
vt 0.649453 0.560655
vt 0.398153 0.630023
vt 0.382998 0.632503
vt 0.396113 0.616591
vt 0.380343 0.618772
vt 0.363898 0.621621
vt 0.367215 0.635764
vt 0.497089 0.622333
vt 0.482105 0.623669
vt 0.496876 0.609325
vt 0.481526 0.610853
vt 0.465082 0.612290
vt 0.466010 0.624999
vt 0.592836 0.614939
vt 0.594716 0.600482
vt 0.571872 0.602201
vt 0.570599 0.616372
vt 0.431177 0.627321
vt 0.413947 0.628477
vt 0.430043 0.614301
vt 0.412457 0.615253
vt 0.576312 0.196637
vt 0.570877 0.199871
vt 0.569124 0.184758
vt 0.564890 0.188583
vt 0.797700 0.033147
vt 0.796953 0.039910
vt 0.801780 0.039358
vt 0.802006 0.033898
vt 0.796351 0.049418
vt 0.801367 0.047907
vt 0.813983 0.042527
vt 0.814039 0.035153
vt 0.813795 0.031207
vt 0.820610 0.328380
vt 0.821193 0.342695
vt 0.825596 0.341829
vt 0.825131 0.327567
vt 0.822035 0.362490
vt 0.826355 0.361549
vt 0.830577 0.360576
vt 0.829901 0.340934
vt 0.829546 0.326732
vt 0.816783 0.223639
vt 0.818055 0.255967
vt 0.823278 0.255456
vt 0.822213 0.222571
vt 0.819179 0.282690
vt 0.824134 0.282124
vt 0.828962 0.281527
vt 0.828550 0.254471
vt 0.829793 0.213579
vt 0.825366 0.452656
vt 0.825812 0.469075
vt 0.829415 0.467045
vt 0.829233 0.451089
vt 0.826673 0.481705
vt 0.829882 0.478528
vt 0.832415 0.474395
vt 0.832894 0.464979
vt 0.833030 0.449480
vt 0.798227 0.087589
vt 0.803383 0.119085
vt 0.807950 0.117608
vt 0.802960 0.086089
vt 0.809834 0.154637
vt 0.814440 0.153058
vt 0.823885 0.140844
vt 0.819347 0.107611
vt 0.815308 0.078469
vt 0.828239 0.489878
vt 0.831077 0.484888
vt 0.830202 0.495687
vt 0.832692 0.488560
vt 0.834996 0.478003
vt 0.833696 0.476624
vt 0.823080 0.386643
vt 0.827396 0.385589
vt 0.824133 0.411486
vt 0.828411 0.410290
vt 0.832577 0.409064
vt 0.831602 0.384508
vt 0.824878 0.433551
vt 0.828984 0.432202
vt 0.832996 0.430801
vt 0.457291 0.210910
vt 0.447211 0.211768
vt 0.438105 0.211400
vt 0.493890 0.208122
vt 0.485628 0.208609
vt 0.476948 0.209220
vt 0.430548 0.208836
vt 0.442604 0.195787
vt 0.438050 0.192755
vt 0.424940 0.205764
vt 0.395074 0.605264
vt 0.378630 0.607076
vt 0.361636 0.609414
vt 0.496683 0.596613
vt 0.481464 0.598507
vt 0.465047 0.600388
vt 0.619425 0.586128
vt 0.595953 0.587389
vt 0.572693 0.588748
vt 0.429816 0.603179
vt 0.411966 0.604216
vt 0.429981 0.594954
vt 0.413012 0.595931
vt 0.561157 0.179068
vt 0.564838 0.175323
vt 0.637155 0.585498
vt 0.649410 0.585355
vt 0.834876 0.464414
vt 0.835138 0.448552
vt 0.836030 0.464365
vt 0.836263 0.448079
vt 0.832231 0.340343
vt 0.831926 0.326187
vt 0.832859 0.359934
vt 0.834004 0.359509
vt 0.833395 0.339954
vt 0.833102 0.325836
vt 0.833295 0.220155
vt 0.838975 0.182562
vt 0.838238 0.173075
vt 0.834610 0.220651
vt 0.840094 0.183560
vt 0.847860 0.145202
vt 0.846584 0.145216
vt 0.845089 0.145434
vt 0.827524 0.175713
vt 0.838828 0.146366
vt 0.841067 0.114274
vt 0.851684 0.119798
vt 0.858370 0.089087
vt 0.835169 0.429930
vt 0.834800 0.408292
vt 0.836281 0.429412
vt 0.835904 0.407819
vt 0.833855 0.383811
vt 0.834973 0.383366
vt 0.840207 0.085853
vt 0.838008 0.062329
vt 0.860772 0.065134
vt 0.859957 0.046815
vt 0.831377 0.254466
vt 0.831529 0.281112
vt 0.832747 0.280820
vt 0.832660 0.254274
vt 0.814510 0.189667
vt 0.819532 0.188120
vt 0.796292 0.064556
vt 0.801219 0.062863
vt 0.813900 0.056619
vt 0.857630 0.109480
vt 0.866524 0.078287
vt 0.859446 0.108192
vt 0.868611 0.076735
vt 0.857565 0.018253
vt 0.856518 0.020470
vt 0.866785 0.026406
vt 0.868660 0.024852
vt 0.852309 0.025532
vt 0.857556 0.032174
vt 0.869895 0.040043
vt 0.872036 0.038739
vt 0.870317 0.056318
vt 0.872503 0.054928
vt 0.836574 0.043993
vt 0.835560 0.032082
vt 0.835816 0.025855
vt 0.835804 0.023047
vt 0.829336 0.309857
vt 0.829401 0.317621
vt 0.831816 0.317111
vt 0.831780 0.309375
vt 0.833000 0.316789
vt 0.832969 0.309076
vt 0.820095 0.311352
vt 0.820300 0.319188
vt 0.824906 0.318415
vt 0.824773 0.310613
vt 0.386538 0.454890
vt 0.369953 0.453548
vt 0.352214 0.452283
vt 0.622034 0.422424
vt 0.638878 0.420253
vt 0.638133 0.411413
vt 0.649588 0.418830
vt 0.648912 0.410894
vt 0.494098 0.461001
vt 0.479291 0.460290
vt 0.493476 0.447480
vt 0.478730 0.447181
vt 0.462303 0.446674
vt 0.462781 0.459508
vt 0.599012 0.452844
vt 0.598436 0.438127
vt 0.573322 0.441895
vt 0.573675 0.456797
vt 0.424029 0.457665
vt 0.404196 0.456325
vt 0.423776 0.445246
vt 0.404160 0.444332
vt 0.463358 0.169999
vt 0.451896 0.180414
vt 0.455313 0.183073
vt 0.465944 0.172078
vt 0.891115 0.822684
vt 0.890722 0.811262
vt 0.888417 0.808703
vt 0.889042 0.819482
vt 0.889736 0.794666
vt 0.887245 0.792560
vt 0.884963 0.790805
vt 0.886301 0.806513
vt 0.887342 0.815653
vt 0.888377 0.831738
vt 0.890212 0.828663
vt 0.888342 0.824542
vt 0.886665 0.826559
vt 0.886368 0.817567
vt 0.884792 0.818432
vt 0.889236 0.583760
vt 0.890780 0.564645
vt 0.887166 0.564166
vt 0.885257 0.583362
vt 0.891232 0.549053
vt 0.888016 0.548614
vt 0.879667 0.545488
vt 0.877031 0.559241
vt 0.873650 0.576550
vt 0.890853 0.540463
vt 0.887842 0.540526
vt 0.890111 0.535844
vt 0.887310 0.536640
vt 0.880358 0.535521
vt 0.880454 0.538574
vt 0.887999 0.748349
vt 0.886514 0.718491
vt 0.883609 0.718051
vt 0.885232 0.747680
vt 0.880737 0.717161
vt 0.882758 0.747096
vt 0.471693 0.164456
vt 0.469396 0.162833
vt 0.473656 0.159475
vt 0.471167 0.156495
vt 0.637114 0.400715
vt 0.647910 0.400362
vt 0.819821 0.300426
vt 0.824600 0.299742
vt 0.829258 0.299040
vt 0.831744 0.298590
vt 0.832940 0.298309
vt 0.492699 0.433302
vt 0.478063 0.433518
vt 0.461731 0.433564
vt 0.597675 0.425330
vt 0.572631 0.428073
vt 0.423332 0.433569
vt 0.403995 0.433856
vt 0.374683 0.412209
vt 0.364082 0.411373
vt 0.884646 0.805934
vt 0.883052 0.805910
vt 0.883209 0.789939
vt 0.881615 0.789637
vt 0.854800 0.618227
vt 0.850288 0.595061
vt 0.828796 0.577227
vt 0.836111 0.598211
vt 0.883842 0.771191
vt 0.882077 0.770550
vt 0.880987 0.746748
vt 0.879441 0.746559
vt 0.880508 0.770257
vt 0.871389 0.594083
vt 0.848259 0.576090
vt 0.850695 0.560723
vt 0.828045 0.545474
vt 0.825098 0.559318
vt 0.878762 0.717282
vt 0.877218 0.717358
vt 0.888888 0.773765
vt 0.886236 0.772374
vt 0.887081 0.602789
vt 0.882957 0.602200
vt 0.848008 0.527520
vt 0.829208 0.529276
vt 0.830696 0.530802
vt 0.848469 0.529219
vt 0.815806 0.537266
vt 0.817833 0.538719
vt 0.838674 0.536241
vt 0.849823 0.532777
vt 0.827581 0.590783
vt 0.818892 0.569905
vt 0.816851 0.568931
vt 0.825685 0.590030
vt 0.814545 0.552193
vt 0.812416 0.550990
vt 0.857472 0.547583
vt 0.864104 0.538158
vt 0.866326 0.533253
vt 0.866436 0.531065
vt 0.421514 0.204041
vt 0.407801 0.221372
vt 0.435152 0.190921
vt 0.889757 0.602108
vt 0.891749 0.583120
vt 0.888093 0.624833
vt 0.362734 0.368605
vt 0.360367 0.391404
vt 0.366391 0.341356
vt 0.891494 0.774923
vt 0.890679 0.748879
vt 0.892232 0.796442
vt 0.371801 0.310148
vt 0.380402 0.277525
vt 0.889230 0.718650
vt 0.886986 0.686413
vt 0.467683 0.161684
vt 0.461639 0.168307
vt 0.469996 0.156834
vt 0.892818 0.540134
vt 0.891833 0.534841
vt 0.893345 0.549025
vt 0.449696 0.178539
vt 0.893083 0.564381
vt 0.355501 0.429261
vt 0.352040 0.433258
vt 0.357777 0.422304
vt 0.892320 0.831600
vt 0.893345 0.825034
vt 0.890020 0.836057
vt 0.359023 0.409591
vt 0.893086 0.813353
vt 0.393174 0.246651
vt 0.887014 0.654107
vt 0.814795 0.283187
vt 0.815594 0.301028
vt 0.817036 0.300822
vt 0.816291 0.283017
vt 0.815959 0.312002
vt 0.817370 0.311780
vt 0.816228 0.319871
vt 0.817617 0.319638
vt 0.816614 0.329098
vt 0.817977 0.328852
vt 0.793050 0.050197
vt 0.793069 0.065366
vt 0.794168 0.065090
vt 0.794175 0.049933
vt 0.795148 0.087982
vt 0.796198 0.087849
vt 0.806457 0.154431
vt 0.810505 0.189502
vt 0.811871 0.189557
vt 0.807609 0.154501
vt 0.812260 0.223659
vt 0.813803 0.223652
vt 0.820347 0.412475
vt 0.821238 0.434543
vt 0.822483 0.434260
vt 0.821639 0.412155
vt 0.821923 0.453708
vt 0.823106 0.453442
vt 0.818216 0.363319
vt 0.819264 0.387564
vt 0.820565 0.387252
vt 0.819519 0.363036
vt 0.823694 0.483894
vt 0.825625 0.493579
vt 0.826528 0.492377
vt 0.824727 0.483244
vt 0.827944 0.501364
vt 0.828717 0.499439
vt 0.800307 0.119078
vt 0.801356 0.119081
vt 0.822563 0.470440
vt 0.823685 0.470084
vt 0.813474 0.256247
vt 0.815037 0.256151
vt 0.817301 0.343457
vt 0.818628 0.343197
vt 0.794956 0.031921
vt 0.793812 0.039883
vt 0.794882 0.039899
vt 0.795898 0.032349
vt 0.789074 0.858662
vt 0.789141 0.853565
vt 0.777089 0.858548
vt 0.789489 0.852284
vt 0.777254 0.857351
vt 0.770462 0.860306
vt 0.767427 0.859158
vt 0.770517 0.859135
vt 0.767389 0.857959
vt 0.734199 0.862067
vt 0.739466 0.856494
vt 0.738531 0.850113
vt 0.733500 0.856370
vt 0.744515 0.853005
vt 0.743374 0.846206
vt 0.742924 0.844805
vt 0.738047 0.848791
vt 0.733009 0.855146
vt 0.791571 0.885468
vt 0.790484 0.869833
vt 0.736160 0.891852
vt 0.742030 0.889472
vt 0.740864 0.871215
vt 0.735192 0.875168
vt 0.747445 0.887705
vt 0.746191 0.868614
vt 0.745754 0.971720
vt 0.749266 0.970413
vt 0.748748 0.961011
vt 0.745167 0.962403
vt 0.752724 0.969434
vt 0.752253 0.959953
vt 0.751246 0.947232
vt 0.747463 0.948426
vt 0.743526 0.949977
vt 0.745752 0.934542
vt 0.741185 0.936284
vt 0.750028 0.933186
vt 0.748978 0.918775
vt 0.744164 0.920221
vt 0.738924 0.922050
vt 0.742999 0.905689
vt 0.737287 0.907509
vt 0.748226 0.904226
vt 0.775856 0.969936
vt 0.783215 0.971555
vt 0.784139 0.961327
vt 0.775680 0.959811
vt 0.790331 0.972648
vt 0.792336 0.962430
vt 0.795350 0.949130
vt 0.785628 0.947927
vt 0.775719 0.946421
vt 0.787154 0.933444
vt 0.775914 0.931918
vt 0.798195 0.934764
vt 0.800895 0.919290
vt 0.788808 0.918135
vt 0.776523 0.916873
vt 0.790705 0.901979
vt 0.777608 0.901572
vt 0.803514 0.902402
vt 0.735541 0.973112
vt 0.737359 0.973556
vt 0.736687 0.964719
vt 0.734933 0.964467
vt 0.739441 0.973614
vt 0.738750 0.964593
vt 0.736532 0.952535
vt 0.734455 0.952785
vt 0.732813 0.952617
vt 0.730990 0.939490
vt 0.729473 0.939314
vt 0.733146 0.939189
vt 0.729765 0.925069
vt 0.727513 0.925357
vt 0.726126 0.925127
vt 0.725066 0.910710
vt 0.723821 0.910427
vt 0.727360 0.910461
vt 0.769648 0.969052
vt 0.771688 0.969140
vt 0.771047 0.959101
vt 0.768963 0.959069
vt 0.770437 0.945762
vt 0.768246 0.945769
vt 0.770020 0.931288
vt 0.767700 0.931320
vt 0.770108 0.916413
vt 0.767641 0.916498
vt 0.770780 0.901546
vt 0.768156 0.901708
vt 0.793893 0.972446
vt 0.796430 0.962383
vt 0.795653 0.971748
vt 0.798187 0.961795
vt 0.801785 0.948684
vt 0.800061 0.949220
vt 0.803443 0.934943
vt 0.805119 0.934434
vt 0.808183 0.918942
vt 0.806561 0.919429
vt 0.809461 0.902270
vt 0.811021 0.901771
vt 0.790028 0.980930
vt 0.793464 0.980445
vt 0.793123 0.977788
vt 0.789748 0.978071
vt 0.795316 0.979228
vt 0.794854 0.976846
vt 0.770302 0.977730
vt 0.772468 0.977855
vt 0.772142 0.974420
vt 0.770082 0.974295
vt 0.776574 0.978593
vt 0.776157 0.975253
vt 0.734731 0.978525
vt 0.736392 0.980433
vt 0.737031 0.978120
vt 0.735230 0.977307
vt 0.738478 0.980930
vt 0.739156 0.978346
vt 0.783456 0.980052
vt 0.783088 0.976937
vt 0.744900 0.979586
vt 0.748568 0.978529
vt 0.749217 0.975354
vt 0.745635 0.976614
vt 0.752214 0.977727
vt 0.752738 0.974416
vt 0.411711 0.589105
vt 0.408607 0.585729
vt 0.401657 0.584882
vt 0.405754 0.590154
vt 0.411051 0.581897
vt 0.404501 0.578541
vt 0.429932 0.578478
vt 0.440936 0.577775
vt 0.443525 0.572169
vt 0.429277 0.573180
vt 0.449042 0.578712
vt 0.454413 0.573738
vt 0.445874 0.560350
vt 0.451845 0.582176
vt 0.458076 0.579650
vt 0.449003 0.586098
vt 0.454440 0.586034
vt 0.430428 0.589436
vt 0.419725 0.590091
vt 0.416465 0.591688
vt 0.430224 0.590865
vt 0.892381 0.285294
vt 0.882676 0.284623
vt 0.881932 0.285310
vt 0.892117 0.285951
vt 0.875541 0.284151
vt 0.874566 0.284923
vt 0.421307 0.589366
vt 0.414399 0.588652
vt 0.430565 0.588800
vt 0.909102 0.305648
vt 0.912654 0.305505
vt 0.913058 0.304561
vt 0.909431 0.304594
vt 0.913490 0.285134
vt 0.909708 0.286136
vt 0.910344 0.286720
vt 0.914391 0.285537
vt 0.449144 0.583235
vt 0.446671 0.586154
vt 0.446727 0.580692
vt 0.892028 0.308142
vt 0.901937 0.307056
vt 0.902141 0.306035
vt 0.891794 0.307173
vt 0.439725 0.580026
vt 0.430224 0.580574
vt 0.871904 0.283081
vt 0.870794 0.283902
vt 0.871241 0.307865
vt 0.875029 0.307846
vt 0.874385 0.306644
vt 0.870579 0.306587
vt 0.411758 0.586101
vt 0.413935 0.583184
vt 0.893195 0.406601
vt 0.880818 0.405638
vt 0.883706 0.422993
vt 0.893421 0.423591
vt 0.871754 0.404855
vt 0.876653 0.422264
vt 0.881162 0.432059
vt 0.886457 0.434473
vt 0.893793 0.434915
vt 0.877111 0.314476
vt 0.874555 0.313905
vt 0.874611 0.319271
vt 0.877073 0.319830
vt 0.875379 0.276363
vt 0.877973 0.277115
vt 0.878042 0.270924
vt 0.875420 0.270487
vt 0.877030 0.260621
vt 0.874120 0.260523
vt 0.873370 0.328843
vt 0.875947 0.329242
vt 0.893838 0.277512
vt 0.902912 0.277808
vt 0.903806 0.270103
vt 0.894451 0.270387
vt 0.905203 0.258749
vt 0.894964 0.259446
vt 0.893186 0.314676
vt 0.883961 0.314843
vt 0.884093 0.320342
vt 0.893632 0.320680
vt 0.883557 0.329803
vt 0.893993 0.330486
vt 0.894702 0.154373
vt 0.894616 0.150264
vt 0.888013 0.150555
vt 0.887428 0.154775
vt 0.894115 0.438706
vt 0.887520 0.438270
vt 0.881077 0.433774
vt 0.881575 0.155012
vt 0.882055 0.157099
vt 0.915537 0.181121
vt 0.918767 0.180754
vt 0.913429 0.164831
vt 0.911056 0.165219
vt 0.918053 0.408264
vt 0.914759 0.408130
vt 0.910319 0.424042
vt 0.912838 0.424272
vt 0.906381 0.432483
vt 0.906885 0.434095
vt 0.907366 0.155096
vt 0.907065 0.156774
vt 0.868694 0.404407
vt 0.874451 0.422124
vt 0.869396 0.184497
vt 0.872847 0.184467
vt 0.877687 0.167017
vt 0.875040 0.166720
vt 0.894243 0.182847
vt 0.906487 0.181875
vt 0.904033 0.165413
vt 0.894453 0.165836
vt 0.901922 0.154842
vt 0.906955 0.243012
vt 0.894972 0.243775
vt 0.915808 0.242424
vt 0.918195 0.222858
vt 0.908203 0.223492
vt 0.894692 0.224303
vt 0.908038 0.202177
vt 0.894372 0.203166
vt 0.918149 0.201409
vt 0.869919 0.344123
vt 0.872924 0.344450
vt 0.874019 0.245000
vt 0.870636 0.245008
vt 0.871092 0.225572
vt 0.867325 0.225579
vt 0.866581 0.363431
vt 0.869989 0.363785
vt 0.865953 0.384144
vt 0.869400 0.384571
vt 0.870503 0.204763
vt 0.866699 0.204806
vt 0.918968 0.242102
vt 0.915035 0.346875
vt 0.918260 0.346898
vt 0.917391 0.366386
vt 0.920999 0.366430
vt 0.921761 0.222519
vt 0.921761 0.201026
vt 0.917353 0.387834
vt 0.920999 0.387942
vt 0.881803 0.344990
vt 0.893924 0.345691
vt 0.879998 0.364374
vt 0.893640 0.365130
vt 0.879523 0.385329
vt 0.893323 0.386281
vt 0.892724 0.310466
vt 0.883546 0.311013
vt 0.883842 0.312151
vt 0.892929 0.311695
vt 0.876544 0.310599
vt 0.876952 0.311804
vt 0.893208 0.282828
vt 0.902233 0.283539
vt 0.902416 0.281751
vt 0.893488 0.281139
vt 0.909078 0.283853
vt 0.909188 0.282033
vt 0.873365 0.310437
vt 0.874117 0.311475
vt 0.874566 0.280802
vt 0.877489 0.281648
vt 0.877881 0.280171
vt 0.875134 0.279380
vt 0.912125 0.283295
vt 0.912029 0.281513
vt 0.911648 0.307512
vt 0.908727 0.308035
vt 0.908724 0.309631
vt 0.911283 0.308988
vt 0.755827 0.977464
vt 0.756205 0.974101
vt 0.759433 0.977514
vt 0.759665 0.974130
vt 0.759499 0.969070
vt 0.756122 0.969072
vt 0.762957 0.977603
vt 0.763059 0.974207
vt 0.766044 0.977677
vt 0.766024 0.974255
vt 0.765702 0.969099
vt 0.762810 0.969099
vt 0.753094 0.917971
vt 0.752651 0.903377
vt 0.756788 0.917554
vt 0.756594 0.902903
vt 0.756301 0.886935
vt 0.752104 0.886992
vt 0.760333 0.917209
vt 0.760371 0.902504
vt 0.763423 0.916908
vt 0.763663 0.902163
vt 0.763838 0.887065
vt 0.760329 0.886996
vt 0.754784 0.946640
vt 0.753826 0.932475
vt 0.758173 0.946404
vt 0.757336 0.932149
vt 0.761464 0.946221
vt 0.760722 0.931886
vt 0.764332 0.946041
vt 0.763673 0.931651
vt 0.755650 0.959491
vt 0.758987 0.959393
vt 0.762245 0.959320
vt 0.765086 0.959234
vt 0.749288 0.853106
vt 0.748175 0.846426
vt 0.753916 0.855413
vt 0.752977 0.849212
vt 0.752736 0.847821
vt 0.747827 0.844995
vt 0.758439 0.858058
vt 0.757656 0.852440
vt 0.762403 0.860378
vt 0.761743 0.855280
vt 0.761645 0.854004
vt 0.757500 0.851109
vt 0.542802 0.445490
vt 0.542109 0.430758
vt 0.530639 0.431585
vt 0.531399 0.446468
vt 0.541120 0.416284
vt 0.529669 0.416825
vt 0.518035 0.417430
vt 0.518947 0.432312
vt 0.519768 0.447165
vt 0.506316 0.432894
vt 0.507148 0.447494
vt 0.505512 0.418122
vt 0.543286 0.476497
vt 0.543127 0.460550
vt 0.531853 0.461368
vt 0.532188 0.477101
vt 0.520348 0.461718
vt 0.520804 0.477186
vt 0.507782 0.461542
vt 0.508236 0.476750
vt 0.545097 0.604349
vt 0.545184 0.591070
vt 0.534504 0.592286
vt 0.534602 0.605491
vt 0.545186 0.577202
vt 0.534337 0.578445
vt 0.522867 0.579811
vt 0.523180 0.593596
vt 0.523374 0.606744
vt 0.510604 0.594995
vt 0.510842 0.607983
vt 0.510157 0.581396
vt 0.520437 0.223077
vt 0.519293 0.207095
vt 0.514533 0.207227
vt 0.514631 0.223303
vt 0.519818 0.194865
vt 0.515813 0.194901
vt 0.510968 0.194983
vt 0.509001 0.207417
vt 0.508151 0.223599
vt 0.501921 0.207718
vt 0.500200 0.224053
vt 0.504630 0.195149
vt 0.543725 0.635867
vt 0.544847 0.617956
vt 0.534612 0.618893
vt 0.533964 0.636549
vt 0.523476 0.620004
vt 0.523202 0.637454
vt 0.510941 0.621131
vt 0.510959 0.638483
vt 0.520916 0.182959
vt 0.517450 0.182926
vt 0.521956 0.171568
vt 0.518869 0.171491
vt 0.515039 0.171424
vt 0.513167 0.182919
vt 0.507510 0.182962
vt 0.509969 0.171379
vt 0.514100 0.813949
vt 0.513599 0.815433
vt 0.518776 0.820845
vt 0.519574 0.819591
vt 0.512975 0.816911
vt 0.517800 0.822147
vt 0.523162 0.827292
vt 0.524368 0.826118
vt 0.525236 0.824946
vt 0.511940 0.818344
vt 0.516545 0.823507
vt 0.510800 0.819453
vt 0.515346 0.824607
vt 0.520254 0.829433
vt 0.521645 0.828484
vt 0.750947 0.868317
vt 0.755372 0.869422
vt 0.759644 0.870749
vt 0.763360 0.871929
vt 0.522530 0.161726
vt 0.519701 0.161627
vt 0.522735 0.154428
vt 0.520056 0.154321
vt 0.516723 0.154210
vt 0.516192 0.161529
vt 0.511546 0.161437
vt 0.512309 0.154099
vt 0.510383 0.784044
vt 0.513714 0.777450
vt 0.509029 0.778640
vt 0.506404 0.784956
vt 0.516914 0.771645
vt 0.511571 0.773200
vt 0.506369 0.773981
vt 0.504433 0.779447
vt 0.502421 0.785850
vt 0.499684 0.779707
vt 0.498259 0.786513
vt 0.501049 0.773781
vt 0.526657 0.718830
vt 0.531496 0.706442
vt 0.524232 0.705977
vt 0.520009 0.717880
vt 0.536855 0.686505
vt 0.528791 0.686591
vt 0.519972 0.686979
vt 0.516325 0.706039
vt 0.512796 0.717692
vt 0.507575 0.706874
vt 0.505182 0.718574
vt 0.509879 0.687804
vt 0.541059 0.660702
vt 0.532086 0.661142
vt 0.522196 0.661813
vt 0.510833 0.662722
vt 0.545033 0.562547
vt 0.534024 0.563845
vt 0.544723 0.546765
vt 0.533661 0.548042
vt 0.521965 0.549530
vt 0.522389 0.565324
vt 0.509502 0.567061
vt 0.508951 0.551240
vt 0.544287 0.529665
vt 0.533347 0.530749
vt 0.543843 0.511759
vt 0.533016 0.512576
vt 0.521626 0.513355
vt 0.521780 0.531980
vt 0.508778 0.533358
vt 0.508751 0.514115
vt 0.543506 0.493763
vt 0.532600 0.494381
vt 0.521270 0.494674
vt 0.508573 0.494669
vt 0.539953 0.401625
vt 0.528641 0.401981
vt 0.538631 0.384330
vt 0.527643 0.384655
vt 0.516525 0.385275
vt 0.517213 0.402554
vt 0.504942 0.403404
vt 0.504518 0.386263
vt 0.537095 0.362101
vt 0.526654 0.362527
vt 0.535017 0.335347
vt 0.525209 0.335859
vt 0.514884 0.336543
vt 0.515900 0.363204
vt 0.504075 0.364208
vt 0.503357 0.337494
vt 0.532079 0.305434
vt 0.522891 0.305890
vt 0.528271 0.274792
vt 0.519913 0.275138
vt 0.510959 0.275619
vt 0.513110 0.306487
vt 0.502203 0.307381
vt 0.500938 0.276420
vt 0.523902 0.246255
vt 0.516770 0.246540
vt 0.509026 0.246927
vt 0.500044 0.247564
vt 0.502823 0.800018
vt 0.502565 0.798854
vt 0.497934 0.796382
vt 0.498574 0.797604
vt 0.502632 0.796150
vt 0.497528 0.794820
vt 0.492877 0.795106
vt 0.494645 0.795765
vt 0.495916 0.797107
vt 0.515104 0.799542
vt 0.509973 0.797326
vt 0.509140 0.802027
vt 0.515624 0.793245
vt 0.511218 0.792436
vt 0.508517 0.791611
vt 0.506227 0.793760
vt 0.550526 0.778531
vt 0.560370 0.782311
vt 0.483932 0.799235
vt 0.481231 0.800645
vt 0.480645 0.802032
vt 0.482117 0.800960
vt 0.477656 0.803405
vt 0.478288 0.804385
vt 0.478443 0.804969
vt 0.480282 0.802873
vt 0.481254 0.801927
vt 0.526046 0.799360
vt 0.520509 0.799235
vt 0.521321 0.793801
vt 0.479866 0.807426
vt 0.481864 0.804255
vt 0.481016 0.804020
vt 0.479207 0.806750
vt 0.483113 0.802011
vt 0.481980 0.802336
vt 0.481269 0.802680
vt 0.480480 0.803756
vt 0.478812 0.806054
vt 0.469770 0.807053
vt 0.469030 0.803769
vt 0.462974 0.807014
vt 0.464327 0.810527
vt 0.467907 0.799829
vt 0.461299 0.802982
vt 0.454221 0.806795
vt 0.456301 0.810751
vt 0.458096 0.814439
vt 0.497492 0.791601
vt 0.493504 0.792019
vt 0.501459 0.791044
vt 0.504103 0.803978
vt 0.505171 0.806620
vt 0.508867 0.810348
vt 0.508663 0.808342
vt 0.506159 0.808966
vt 0.508865 0.812157
vt 0.485586 0.795278
vt 0.488832 0.794929
vt 0.489801 0.792260
vt 0.486261 0.792472
vt 0.523089 0.789388
vt 0.517019 0.788575
vt 0.532123 0.802208
vt 0.538852 0.806833
vt 0.459339 0.798457
vt 0.452088 0.802829
vt 0.466296 0.795075
vt 0.473767 0.797988
vt 0.472744 0.793478
vt 0.478658 0.796934
vt 0.478312 0.793003
vt 0.531786 0.245839
vt 0.537342 0.274292
vt 0.527020 0.222771
vt 0.542095 0.304856
vt 0.545870 0.334810
vt 0.548782 0.361798
vt 0.550969 0.384211
vt 0.552591 0.401399
vt 0.553828 0.415717
vt 0.555789 0.492782
vt 0.555941 0.510881
vt 0.555787 0.475335
vt 0.556336 0.528755
vt 0.556740 0.545749
vt 0.556903 0.561428
vt 0.556832 0.576033
vt 0.550470 0.660410
vt 0.545426 0.686495
vt 0.553803 0.635425
vt 0.539003 0.707108
vt 0.532995 0.720377
vt 0.518893 0.776010
vt 0.514692 0.783310
vt 0.522841 0.769341
vt 0.525682 0.161951
vt 0.525374 0.171718
vt 0.525730 0.154704
vt 0.524737 0.183012
vt 0.524272 0.194820
vt 0.555486 0.617262
vt 0.556182 0.603385
vt 0.524680 0.206914
vt 0.556586 0.589944
vt 0.555753 0.459230
vt 0.555480 0.444192
vt 0.554816 0.429764
vt 0.768394 0.977708
vt 0.768269 0.974285
vt 0.767888 0.969081
vt 0.765758 0.916681
vt 0.766151 0.901909
vt 0.766487 0.887128
vt 0.766499 0.945894
vt 0.765903 0.931469
vt 0.767233 0.959149
vt 0.765403 0.862140
vt 0.764864 0.857430
vt 0.764800 0.856194
vt 0.766158 0.872845
vt 0.884242 0.282154
vt 0.884597 0.280588
vt 0.884760 0.277292
vt 0.901896 0.309391
vt 0.901996 0.310755
vt 0.902383 0.314120
vt 0.907295 0.365889
vt 0.907137 0.387211
vt 0.905591 0.407513
vt 0.904407 0.331097
vt 0.906062 0.346407
vt 0.881168 0.225097
vt 0.880696 0.204141
vt 0.881991 0.183829
vt 0.884689 0.260177
vt 0.882969 0.244541
vt 0.884853 0.166443
vt 0.901179 0.151146
vt 0.901131 0.434457
vt 0.900688 0.437986
vt 0.903144 0.320805
vt 0.885073 0.270734
vt 0.903151 0.423964
vt 0.882223 0.308593
vt 0.881614 0.307559
vt 0.420767 0.581460
vt 0.418966 0.579625
vt 0.902237 0.285972
vt 0.902500 0.286623
vt 0.439809 0.587889
vt 0.441096 0.588344
vt 0.443913 0.589418
vt 0.446885 0.593319
vt 0.415058 0.574895
vt 0.741378 0.980516
vt 0.742119 0.977758
vt 0.742317 0.972926
vt 0.733792 0.923845
vt 0.731697 0.909276
vt 0.730431 0.894184
vt 0.739675 0.951500
vt 0.736715 0.938004
vt 0.741664 0.963737
vt 0.729706 0.879160
vt 0.729179 0.867928
vt 0.728583 0.863204
vt 0.728039 0.862140
vt 0.443147 0.433509
vt 0.443681 0.446023
vt 0.442718 0.420831
vt 0.444069 0.458687
vt 0.444167 0.473935
vt 0.447684 0.602031
vt 0.447805 0.613395
vt 0.467421 0.209989
vt 0.460942 0.226642
vt 0.473976 0.197005
vt 0.448835 0.626205
vt 0.451687 0.643481
vt 0.480669 0.184202
vt 0.486390 0.172247
vt 0.454639 0.250631
vt 0.449552 0.279996
vt 0.446453 0.311314
vt 0.444725 0.341792
vt 0.443591 0.368988
vt 0.442899 0.391176
vt 0.442621 0.407623
vt 0.444042 0.493850
vt 0.444367 0.516959
vt 0.445521 0.540552
vt 0.456722 0.667344
vt 0.462426 0.692356
vt 0.467028 0.712499
vt 0.469981 0.726772
vt 0.480033 0.776381
vt 0.482052 0.786617
vt 0.477436 0.765759
vt 0.490011 0.162595
vt 0.491903 0.155803
vt 0.505233 0.789861
vt 0.508756 0.788773
vt 0.482624 0.792726
vt 0.482422 0.796013
vt 0.512408 0.788385
vt 0.475515 0.808291
vt 0.475241 0.807738
vt 0.474559 0.807254
vt 0.507991 0.813449
vt 0.504914 0.809096
vt 0.503636 0.809586
vt 0.506832 0.814328
vt 0.475018 0.817682
vt 0.478959 0.812820
vt 0.477870 0.812335
vt 0.473967 0.817079
vt 0.482099 0.808378
vt 0.480932 0.807997
vt 0.476867 0.811605
vt 0.472944 0.816231
vt 0.484412 0.804792
vt 0.483119 0.804552
vt 0.486073 0.802030
vt 0.484622 0.801961
vt 0.465248 0.827045
vt 0.470344 0.822511
vt 0.469294 0.821809
vt 0.464145 0.826312
vt 0.468208 0.820864
vt 0.462944 0.825314
vt 0.503313 0.801682
vt 0.508681 0.806565
vt 0.508807 0.805277
vt 0.514697 0.812599
vt 0.515215 0.811591
vt 0.502845 0.805411
vt 0.501237 0.802267
vt 0.499547 0.802322
vt 0.501381 0.805625
vt 0.520310 0.818390
vt 0.520879 0.817453
vt 0.525870 0.823743
vt 0.526323 0.822754
vt 0.473327 0.807045
vt 0.470226 0.809411
vt 0.474023 0.804768
vt 0.486660 0.798405
vt 0.487688 0.796765
vt 0.484851 0.797331
vt 0.488599 0.798221
vt 0.490063 0.796566
vt 0.465208 0.813044
vt 0.459240 0.817013
vt 0.474159 0.801644
vt 0.478425 0.800133
vt 0.952178 0.654782
vt 0.952734 0.657322
vt 0.954185 0.656023
vt 0.953474 0.653330
vt 0.953135 0.660904
vt 0.954668 0.659763
vt 0.956082 0.658430
vt 0.955444 0.654493
vt 0.954485 0.651640
vt 0.950957 0.651506
vt 0.951590 0.652957
vt 0.952664 0.651373
vt 0.951674 0.649830
vt 0.953352 0.649594
vt 0.951997 0.648065
vt 0.944427 0.677845
vt 0.942800 0.677286
vt 0.944691 0.671597
vt 0.943178 0.670735
vt 0.941711 0.669747
vt 0.941216 0.676596
vt 0.947951 0.650424
vt 0.948900 0.649741
vt 0.948899 0.648170
vt 0.947696 0.648766
vt 0.949185 0.649726
vt 0.949195 0.648156
vt 0.949208 0.646392
vt 0.948901 0.646404
vt 0.947597 0.647034
vt 0.945065 0.661052
vt 0.945475 0.657415
vt 0.944017 0.656118
vt 0.943528 0.659918
vt 0.946088 0.654570
vt 0.944803 0.653108
vt 0.943832 0.651403
vt 0.942748 0.654594
vt 0.942112 0.658594
vt 0.953371 0.671364
vt 0.953555 0.677721
vt 0.955195 0.677153
vt 0.954900 0.670506
vt 0.956790 0.676458
vt 0.956380 0.669520
vt 0.944863 0.665888
vt 0.943349 0.664888
vt 0.941898 0.663744
vt 0.953278 0.665679
vt 0.954800 0.664679
vt 0.956258 0.663532
vt 0.955108 0.648602
vt 0.956660 0.651580
vt 0.957061 0.649026
vt 0.954967 0.646126
vt 0.957763 0.655806
vt 0.958716 0.653423
vt 0.959483 0.650175
vt 0.956941 0.645707
vt 0.954412 0.643127
vt 0.938864 0.675015
vt 0.937114 0.673493
vt 0.936760 0.682082
vt 0.939596 0.667778
vt 0.938053 0.666026
vt 0.936290 0.663698
vt 0.935143 0.671331
vt 0.935257 0.678154
vt 0.947876 0.644298
vt 0.948932 0.643521
vt 0.948930 0.641287
vt 0.948040 0.642119
vt 0.949237 0.643510
vt 0.949243 0.641275
vt 0.949221 0.638522
vt 0.948883 0.638539
vt 0.948097 0.639398
vt 0.951742 0.645278
vt 0.953412 0.646634
vt 0.953034 0.644364
vt 0.951423 0.643110
vt 0.952548 0.641584
vt 0.951148 0.640382
vt 0.958525 0.667557
vt 0.959165 0.674879
vt 0.960946 0.673366
vt 0.960103 0.665815
vt 0.961190 0.682061
vt 0.962750 0.678110
vt 0.962959 0.671219
vt 0.961914 0.663503
vt 0.939966 0.661464
vt 0.938668 0.659401
vt 0.940449 0.655974
vt 0.939524 0.653591
vt 0.938800 0.650343
vt 0.937301 0.656600
vt 0.958215 0.661252
vt 0.959547 0.659194
vt 0.960958 0.656395
vt 0.941555 0.651686
vt 0.941185 0.649144
vt 0.943314 0.648395
vt 0.943518 0.645955
vt 0.944127 0.643004
vt 0.941362 0.645840
vt 0.942041 0.653278
vt 0.941222 0.657427
vt 0.943425 0.650002
vt 0.957245 0.662518
vt 0.956974 0.657259
vt 0.957427 0.668644
vt 0.940918 0.662731
vt 0.940674 0.668869
vt 0.957943 0.675793
vt 0.953542 0.648186
vt 0.951995 0.646722
vt 0.954946 0.650232
vt 0.948912 0.645014
vt 0.947655 0.645716
vt 0.949226 0.645003
vt 0.940069 0.675932
vt 0.956156 0.653174
vt 0.479869 0.813016
vt 0.483057 0.808516
vt 0.475884 0.817984
vt 0.952183 0.666308
vt 0.952272 0.671903
vt 0.952015 0.661610
vt 0.505881 0.814683
vt 0.509911 0.819947
vt 0.502631 0.809812
vt 0.945972 0.666508
vt 0.946209 0.661744
vt 0.945799 0.672124
vt 0.471180 0.822915
vt 0.466099 0.827469
vt 0.952376 0.678080
vt 0.500339 0.805788
vt 0.498446 0.802448
vt 0.946589 0.658194
vt 0.947117 0.655436
vt 0.493190 0.796079
vt 0.494534 0.797092
vt 0.492733 0.796076
vt 0.948906 0.650739
vt 0.949164 0.650672
vt 0.948509 0.651490
vt 0.514470 0.825155
vt 0.519313 0.829922
vt 0.945608 0.678177
vt 0.487376 0.799941
vt 0.488481 0.799906
vt 0.489765 0.798183
vt 0.487132 0.802041
vt 0.950658 0.653902
vt 0.951154 0.655651
vt 0.950162 0.652532
vt 0.485422 0.804874
vt 0.951638 0.658105
vt 0.497665 0.799398
vt 0.496450 0.799444
vt 0.947839 0.653114
vt 0.946942 0.652151
vt 0.945571 0.648738
vt 0.945491 0.647369
vt 0.945700 0.645873
vt 0.946117 0.643671
vt 0.946513 0.640961
vt 0.946040 0.650517
vt 0.515542 0.810757
vt 0.521286 0.816717
vt 0.526708 0.822018
vt 0.508881 0.804322
vt 0.499746 0.799583
vt 0.476228 0.810705
vt 0.472214 0.815224
vt 0.475862 0.809768
vt 0.471787 0.814169
vt 0.467349 0.819781
vt 0.466816 0.818652
vt 0.461236 0.822970
vt 0.461910 0.824170
vt 0.491279 0.796763
vt 0.949644 0.651362
vt 0.950113 0.650287
vt 0.950409 0.646937
vt 0.950360 0.645624
vt 0.950192 0.644202
vt 0.950080 0.642003
vt 0.949992 0.639260
vt 0.950317 0.648656
vt 0.466546 0.817474
vt 0.460848 0.821624
vt 0.471599 0.813156
vt 0.485726 0.800004
vt 0.483876 0.800390
vt 0.480244 0.803382
vt 0.478580 0.805480
vt 0.481280 0.802230
vt 0.475673 0.808961
vt 0.481903 0.798551
vt 0.482410 0.801265
vt 0.479078 0.742176
vt 0.479819 0.736325
vt 0.470949 0.735510
vt 0.471372 0.741449
vt 0.459723 0.735027
vt 0.461163 0.740869
vt 0.921080 0.809355
vt 0.919868 0.815616
vt 0.922830 0.816123
vt 0.923851 0.810429
vt 0.920125 0.821838
vt 0.923075 0.821717
vt 0.927109 0.821792
vt 0.926930 0.816698
vt 0.927677 0.811460
vt 0.927237 0.799860
vt 0.923626 0.804046
vt 0.926031 0.805556
vt 0.929144 0.801831
vt 0.929269 0.806869
vt 0.930774 0.803741
vt 0.921824 0.827096
vt 0.924511 0.826373
vt 0.924589 0.831400
vt 0.926807 0.830099
vt 0.928777 0.828901
vt 0.927983 0.826034
vt 0.600565 0.706605
vt 0.591267 0.721676
vt 0.604774 0.723884
vt 0.614586 0.708392
vt 0.440411 0.742840
vt 0.437850 0.737094
vt 0.427277 0.740404
vt 0.430149 0.746147
vt 0.416305 0.744960
vt 0.419475 0.750719
vt 0.975635 0.811446
vt 0.973902 0.805984
vt 0.970771 0.807094
vt 0.972359 0.811990
vt 0.970914 0.801621
vt 0.968165 0.803276
vt 0.966055 0.804811
vt 0.967177 0.807866
vt 0.968336 0.812407
vt 0.566670 0.737147
vt 0.570729 0.730307
vt 0.555429 0.730762
vt 0.553248 0.737198
vt 0.542481 0.731964
vt 0.542538 0.737886
vt 0.448458 0.735457
vt 0.450588 0.741225
vt 0.466056 0.757403
vt 0.456823 0.757491
vt 0.464197 0.751734
vt 0.454596 0.751862
vt 0.445182 0.753378
vt 0.447802 0.758942
vt 0.462607 0.746310
vt 0.452581 0.746547
vt 0.442791 0.748121
vt 0.544284 0.756822
vt 0.547958 0.750108
vt 0.540002 0.750691
vt 0.536960 0.757226
vt 0.562779 0.743663
vt 0.550877 0.743565
vt 0.541752 0.744159
vt 0.974834 0.824758
vt 0.975957 0.817957
vt 0.972691 0.817854
vt 0.971741 0.823970
vt 0.968478 0.817792
vt 0.967553 0.823343
vt 0.944383 0.840793
vt 0.950438 0.840834
vt 0.950432 0.838075
vt 0.944912 0.838145
vt 0.956523 0.840070
vt 0.955919 0.837325
vt 0.955680 0.833517
vt 0.950671 0.834237
vt 0.945600 0.834397
vt 0.438469 0.762197
vt 0.435508 0.756646
vt 0.425393 0.761240
vt 0.428689 0.766834
vt 0.432819 0.751415
vt 0.422423 0.756000
vt 0.968213 0.835754
vt 0.972280 0.830961
vt 0.969580 0.829516
vt 0.966188 0.833706
vt 0.965866 0.828317
vt 0.964288 0.831690
vt 0.932583 0.837677
vt 0.938224 0.839705
vt 0.939253 0.837264
vt 0.934054 0.835510
vt 0.940393 0.833699
vt 0.935526 0.832262
vt 0.936956 0.794561
vt 0.931681 0.796744
vt 0.933165 0.799296
vt 0.938015 0.797603
vt 0.934053 0.802796
vt 0.938721 0.801790
vt 0.928099 0.834905
vt 0.929938 0.833087
vt 0.931537 0.830402
vt 0.961761 0.795616
vt 0.955871 0.793776
vt 0.954840 0.796939
vt 0.960018 0.798306
vt 0.949492 0.792917
vt 0.949230 0.796372
vt 0.949226 0.801071
vt 0.954303 0.801333
vt 0.958963 0.802145
vt 0.962702 0.838600
vt 0.961411 0.836071
vt 0.960602 0.832580
vt 0.482027 0.759118
vt 0.475065 0.758286
vt 0.480202 0.753721
vt 0.473357 0.752683
vt 0.479244 0.748014
vt 0.472139 0.747101
vt 0.584654 0.731565
vt 0.579726 0.738695
vt 0.592397 0.741373
vt 0.597716 0.734064
vt 0.575063 0.745375
vt 0.587369 0.748168
vt 0.529392 0.762192
vt 0.524263 0.765746
vt 0.524195 0.766415
vt 0.529753 0.762619
vt 0.518535 0.768148
vt 0.518305 0.768906
vt 0.496853 0.768620
vt 0.492429 0.766188
vt 0.491946 0.766972
vt 0.496522 0.769440
vt 0.488841 0.762935
vt 0.488063 0.763493
vt 0.507619 0.770552
vt 0.502078 0.770141
vt 0.501786 0.770958
vt 0.507327 0.771356
vt 0.513027 0.769805
vt 0.512748 0.770593
vt 0.532217 0.729605
vt 0.534819 0.733561
vt 0.536444 0.733078
vt 0.533927 0.728661
vt 0.536114 0.738696
vt 0.537512 0.738416
vt 0.483772 0.742314
vt 0.485244 0.737044
vt 0.483974 0.736952
vt 0.482697 0.742405
vt 0.488028 0.732623
vt 0.486786 0.732025
vt 0.522825 0.725135
vt 0.528109 0.726909
vt 0.529461 0.725769
vt 0.523950 0.723997
vt 0.497607 0.726439
vt 0.503769 0.724566
vt 0.504043 0.723468
vt 0.497433 0.725388
vt 0.510308 0.723698
vt 0.510955 0.722579
vt 0.516767 0.723990
vt 0.517695 0.722863
vt 0.492241 0.729114
vt 0.491542 0.728177
vt 0.535398 0.751140
vt 0.533115 0.757165
vt 0.533877 0.757223
vt 0.536382 0.751044
vt 0.536340 0.744761
vt 0.537522 0.744579
vt 0.486055 0.758892
vt 0.485171 0.759091
vt 0.484206 0.753969
vt 0.483343 0.754055
vt 0.483437 0.748205
vt 0.482517 0.748304
vt 0.484906 0.753768
vt 0.484206 0.747996
vt 0.483866 0.748092
vt 0.484596 0.753860
vt 0.484692 0.742133
vt 0.484281 0.742216
vt 0.489590 0.762566
vt 0.486795 0.758636
vt 0.486466 0.758753
vt 0.489256 0.762733
vt 0.535029 0.739060
vt 0.535391 0.744969
vt 0.535822 0.744877
vt 0.535538 0.738892
vt 0.534592 0.751209
vt 0.534953 0.751179
vt 0.532485 0.757078
vt 0.532765 0.757116
vt 0.528972 0.761911
vt 0.529157 0.762034
vt 0.489086 0.732809
vt 0.493017 0.729526
vt 0.492661 0.729346
vt 0.488600 0.732728
vt 0.497925 0.727039
vt 0.497782 0.726779
vt 0.509708 0.724442
vt 0.515854 0.724710
vt 0.516272 0.724393
vt 0.509979 0.724118
vt 0.521710 0.725828
vt 0.522236 0.725515
vt 0.503598 0.725278
vt 0.503676 0.724969
vt 0.526852 0.727604
vt 0.527470 0.727275
vt 0.530908 0.730270
vt 0.531566 0.729945
vt 0.486311 0.737011
vt 0.485826 0.737028
vt 0.533592 0.734097
vt 0.534195 0.733838
vt 0.518586 0.767509
vt 0.513211 0.769083
vt 0.513129 0.769401
vt 0.518563 0.767790
vt 0.507873 0.769808
vt 0.507759 0.770135
vt 0.502384 0.769427
vt 0.502248 0.769741
vt 0.497262 0.767989
vt 0.497080 0.768267
vt 0.493029 0.765680
vt 0.492763 0.765906
vt 0.524095 0.765261
vt 0.524169 0.765473
vt 0.963371 0.839851
vt 0.969259 0.836797
vt 0.956809 0.841435
vt 0.956814 0.841924
vt 0.963536 0.840281
vt 0.969601 0.837129
vt 0.927049 0.835823
vt 0.931773 0.838752
vt 0.923330 0.832116
vt 0.922784 0.832385
vt 0.926600 0.836162
vt 0.931444 0.839149
vt 0.937654 0.840919
vt 0.944063 0.842117
vt 0.937406 0.841365
vt 0.943874 0.842603
vt 0.950397 0.842216
vt 0.950285 0.842720
vt 0.975983 0.805307
vt 0.973016 0.800664
vt 0.977561 0.811123
vt 0.978507 0.810957
vt 0.977165 0.804971
vt 0.974335 0.800216
vt 0.922152 0.803345
vt 0.919590 0.808926
vt 0.925877 0.798896
vt 0.925052 0.798638
vt 0.921350 0.803229
vt 0.918921 0.808937
vt 0.966829 0.798211
vt 0.968679 0.797084
vt 0.963161 0.794331
vt 0.969881 0.796634
vt 0.964088 0.793902
vt 0.943027 0.793228
vt 0.942877 0.791631
vt 0.936328 0.793118
vt 0.949845 0.791294
vt 0.950207 0.790801
vt 0.942950 0.791140
vt 0.936075 0.792668
vt 0.956750 0.792289
vt 0.957391 0.791832
vt 0.930620 0.795524
vt 0.930016 0.795151
vt 0.973643 0.831710
vt 0.976439 0.825161
vt 0.974147 0.831924
vt 0.977084 0.825255
vt 0.977733 0.817999
vt 0.978507 0.817975
vt 0.920420 0.827548
vt 0.918646 0.821990
vt 0.918099 0.822115
vt 0.919860 0.827740
vt 0.918370 0.815471
vt 0.917794 0.815550
vt 0.963411 0.807536
vt 0.964182 0.812393
vt 0.963053 0.803540
vt 0.959293 0.806829
vt 0.959780 0.812220
vt 0.949482 0.812179
vt 0.949506 0.806376
vt 0.943956 0.806396
vt 0.943603 0.812032
vt 0.943919 0.801211
vt 0.938441 0.806608
vt 0.937723 0.811892
vt 0.954659 0.806462
vt 0.954902 0.812191
vt 0.933433 0.806991
vt 0.932337 0.811841
vt 0.936416 0.827976
vt 0.931942 0.826738
vt 0.936885 0.822907
vt 0.931787 0.822200
vt 0.937229 0.817430
vt 0.931797 0.817073
vt 0.956398 0.829006
vt 0.951422 0.829633
vt 0.957743 0.823820
vt 0.952631 0.824280
vt 0.947444 0.824345
vt 0.946417 0.829772
vt 0.959129 0.818059
vt 0.954050 0.818300
vt 0.948649 0.818323
vt 0.941334 0.829133
vt 0.942158 0.823769
vt 0.942953 0.817941
vt 0.961350 0.828350
vt 0.962788 0.823371
vt 0.963929 0.817863
vt 0.964521 0.800422
vt 0.943492 0.796618
vt 0.902195 0.284904
vt 0.909330 0.285159
vt 0.892794 0.284193
vt 0.882900 0.309816
vt 0.875769 0.309234
vt 0.892383 0.309299
vt 0.873249 0.282034
vt 0.876546 0.282982
vt 0.872253 0.309209
vt 0.901901 0.308206
vt 0.908909 0.306789
vt 0.912181 0.306443
vt 0.912728 0.284411
vt 0.883492 0.283499
vt 0.566482 0.173706
vt 0.563862 0.165960
vt 0.570950 0.182731
vt 0.792766 0.039925
vt 0.791890 0.050498
vt 0.794177 0.031349
vt 0.655800 0.440749
vt 0.654976 0.427036
vt 0.656591 0.459582
vt 0.815747 0.343821
vt 0.816679 0.363685
vt 0.815034 0.329419
vt 0.646755 0.357783
vt 0.641004 0.327458
vt 0.650634 0.383115
vt 0.811766 0.256304
vt 0.813118 0.283304
vt 0.810591 0.223638
vt 0.654209 0.560743
vt 0.655513 0.544715
vt 0.653523 0.574088
vt 0.821128 0.470728
vt 0.822306 0.484420
vt 0.820451 0.453929
vt 0.606546 0.236661
vt 0.590609 0.212461
vt 0.622034 0.265444
vt 0.799094 0.119011
vt 0.805132 0.154329
vt 0.793974 0.088041
vt 0.654338 0.584392
vt 0.656440 0.593315
vt 0.824374 0.494674
vt 0.827212 0.503685
vt 0.657069 0.482448
vt 0.657069 0.505866
vt 0.817723 0.387907
vt 0.818808 0.412774
vt 0.656535 0.526606
vt 0.819728 0.434787
vt 0.633254 0.296142
vt 0.808993 0.189426
vt 0.578664 0.194935
vt 0.791890 0.065606
vt 0.654329 0.418146
vt 0.653686 0.410561
vt 0.814625 0.320112
vt 0.814336 0.312168
vt 0.652700 0.400066
vt 0.813949 0.301164
vt 0.354545 0.550287
vt 0.357870 0.567881
vt 0.356169 0.552785
vt 0.356265 0.568527
vt 0.358546 0.574046
vt 0.361378 0.552403
vt 0.362610 0.567722
vt 0.363319 0.573579
vt 0.958215 0.550836
vt 0.961973 0.545232
vt 0.968276 0.558339
vt 0.964364 0.561245
vt 0.947774 0.529515
vt 0.941815 0.530243
vt 0.937616 0.524561
vt 0.939785 0.524921
vt 0.969361 0.548831
vt 0.965029 0.543864
vt 0.969517 0.533095
vt 0.973750 0.535098
vt 0.930928 0.543908
vt 0.926511 0.548821
vt 0.922285 0.535072
vt 0.926585 0.533094
vt 0.948629 0.601796
vt 0.963275 0.583040
vt 0.959674 0.598598
vt 0.949398 0.611972
vt 0.924502 0.517843
vt 0.923834 0.516480
vt 0.928225 0.507052
vt 0.927960 0.508547
vt 0.965696 0.512536
vt 0.949304 0.495307
vt 0.949249 0.485455
vt 0.960910 0.497797
vt 0.947774 0.494682
vt 0.946630 0.495492
vt 0.946674 0.485697
vt 0.947155 0.484248
vt 0.921162 0.550120
vt 0.920177 0.535687
vt 0.938393 0.550866
vt 0.947951 0.564680
vt 0.941461 0.571282
vt 0.932347 0.561162
vt 0.954290 0.530107
vt 0.958462 0.524481
vt 0.948629 0.564632
vt 0.955181 0.571433
vt 0.934647 0.545255
vt 0.928489 0.558310
vt 0.974712 0.550115
vt 0.975545 0.535595
vt 0.948348 0.529198
vt 0.956661 0.524746
vt 0.935091 0.497835
vt 0.935498 0.496348
vt 0.948827 0.484248
vt 0.960514 0.496458
vt 0.967852 0.507232
vt 0.968085 0.508569
vt 0.933415 0.583020
vt 0.947951 0.601716
vt 0.947158 0.611915
vt 0.936989 0.598618
vt 0.972056 0.516681
vt 0.971502 0.517860
vt 0.930352 0.512573
vt 0.948348 0.494623
vt 0.928328 0.576929
vt 0.930787 0.587147
vt 0.968434 0.576895
vt 0.965961 0.587068
vt 0.922373 0.526169
vt 0.928705 0.521351
vt 0.932542 0.573656
vt 0.926928 0.567730
vt 0.941822 0.510891
vt 0.944428 0.585561
vt 0.943430 0.510826
vt 0.920561 0.525591
vt 0.969838 0.567728
vt 0.964159 0.573707
vt 0.967368 0.521334
vt 0.973700 0.526162
vt 0.952845 0.510666
vt 0.954182 0.510745
vt 0.975226 0.525662
vt 0.952189 0.585674
s 1
usemtl Material
f 341/1/339 694/2/692 1594/3/1573 1239/4/1218
f 1239/4/1218 1594/3/1573 1165/5/1144 330/6/328
f 1594/3/1573 551/7/549 4/8/4 1165/5/1144
f 694/2/692 73/9/73 551/7/549 1594/3/1573
f 367/10/365 1103/11/1086 1595/12/1574 1238/13/1217
f 1238/13/1217 1595/12/1574 1166/14/1145 331/15/329
f 1595/12/1574 563/16/561 15/17/15 1166/14/1145
f 1103/11/1086 290/18/288 563/16/561 1595/12/1574
f 453/19/451 1403/20/1382 1596/21/1575 1394/22/1373
f 1394/22/1373 1596/21/1575 1167/23/1146 332/24/330
f 1596/21/1575 564/25/562 16/26/16 1167/23/1146
f 1403/20/1382 445/27/443 564/25/562 1596/21/1575
f 332/24/330 1167/23/1146 1597/28/1576 1236/29/1215
f 1236/29/1215 1597/28/1576 1168/30/1147 333/31/331
f 1597/28/1576 565/32/563 17/33/17 1168/30/1147
f 1167/23/1146 16/26/16 565/32/563 1597/28/1576
f 238/34/238 991/35/989 1598/36/1577 997/37/995
f 997/38/995 1598/39/1577 962/40/960 237/41/237
f 1598/39/1577 960/42/958 223/43/223 962/40/960
f 991/35/989 224/44/224 960/45/958 1598/36/1577
f 334/46/332 1169/47/1148 1599/48/1578 1235/49/1214
f 1235/49/1214 1599/48/1578 1170/50/1149 335/51/333
f 1599/48/1578 567/52/565 19/53/19 1170/50/1149
f 1169/47/1148 214/54/214 567/52/565 1599/48/1578
f 335/51/333 1170/50/1149 1600/55/1579 1234/56/1213
f 1234/56/1213 1600/55/1579 1171/57/1150 336/58/334
f 1600/55/1579 568/59/566 20/60/20 1171/57/1150
f 1170/50/1149 19/53/19 568/59/566 1600/55/1579
f 346/61/344 815/62/813 1601/63/1580 1233/64/1212
f 1233/64/1212 1601/63/1580 1172/65/1151 337/66/335
f 1601/63/1580 569/67/567 21/68/21 1172/65/1151
f 815/62/813 135/69/135 569/67/567 1601/63/1580
f 337/66/335 1172/65/1151 1602/70/1581 1232/71/1211
f 1232/71/1211 1602/70/1581 1173/72/1152 338/73/336
f 1602/70/1581 570/74/568 22/75/22 1173/72/1152
f 1172/65/1151 21/68/21 570/74/568 1602/70/1581
f 338/73/336 1173/72/1152 1603/76/1582 1231/77/1210
f 1231/77/1210 1603/76/1582 1174/78/1153 339/79/337
f 1603/76/1582 571/80/569 23/81/23 1174/78/1153
f 1173/72/1152 22/75/22 571/80/569 1603/76/1582
f 339/79/337 1174/78/1153 1604/82/1583 1230/83/1209
f 1230/83/1209 1604/82/1583 1175/84/1154 340/85/338
f 1604/82/1583 572/86/570 24/87/24 1175/84/1154
f 1174/78/1153 23/81/23 572/86/570 1604/82/1583
f 6/88/6 581/89/579 1605/90/1584 554/91/552
f 554/91/552 1605/90/1584 582/92/580 5/93/5
f 1605/90/1584 607/94/605 48/95/48 582/92/580
f 581/89/579 46/96/46 607/94/605 1605/90/1584
f 260/97/259 1017/98/1013 1606/99/1585 1088/100/1071
f 1088/100/1071 1606/99/1585 1019/101/1015 262/102/261
f 1606/99/1585 608/103/606 47/104/47 1019/101/1015
f 1017/98/1013 45/105/45 608/103/606 1606/99/1585
f 7/106/7 580/107/578 1607/108/1586 555/109/553
f 555/109/553 1607/108/1586 581/89/579 6/88/6
f 1607/108/1586 609/110/607 46/96/46 581/89/579
f 580/107/578 44/111/44 609/110/607 1607/108/1586
f 258/112/257 1015/113/1011 1608/114/1587 1086/115/1069
f 1086/115/1069 1608/114/1587 1017/98/1013 260/97/259
f 1608/114/1587 610/116/608 45/105/45 1017/98/1013
f 1015/113/1011 43/117/43 610/116/608 1608/114/1587
f 8/118/8 579/119/577 1609/120/1588 556/121/554
f 556/121/554 1609/120/1588 580/107/578 7/106/7
f 1609/120/1588 611/122/609 44/111/44 580/107/578
f 579/119/577 42/123/42 611/122/609 1609/120/1588
f 256/124/255 1013/125/1009 1610/126/1589 1084/127/1067
f 1084/127/1067 1610/126/1589 1015/113/1011 258/112/257
f 1610/126/1589 612/128/610 43/117/43 1015/113/1011
f 1013/125/1009 41/129/41 612/128/610 1610/126/1589
f 141/130/141 814/131/812 1611/132/1590 809/133/807
f 809/133/807 1611/132/1590 579/119/577 8/118/8
f 1611/132/1590 613/134/611 42/123/42 579/119/577
f 814/131/812 136/135/136 613/134/611 1611/132/1590
f 276/136/274 813/137/811 1612/138/1591 1082/139/1065
f 1082/139/1065 1612/138/1591 1013/125/1009 256/124/255
f 1612/138/1591 614/140/612 41/129/41 1013/125/1009
f 813/137/811 137/141/137 614/140/612 1612/138/1591
f 10/142/10 577/143/575 1613/144/1592 558/145/556
f 558/145/556 1613/144/1592 578/146/576 9/147/9
f 1613/144/1592 615/148/613 40/149/40 578/146/576
f 577/143/575 38/150/38 615/148/613 1613/144/1592
f 252/151/252 1009/152/1007 1614/153/1593 1080/154/254
f 1080/154/254 1614/153/1593 1011/155/1008 254/156/254
f 1614/153/1593 616/157/614 39/158/39 1011/155/1008
f 1009/152/1007 37/159/37 616/157/614 1614/153/1593
f 11/160/11 576/161/574 1615/162/1594 559/163/557
f 559/163/557 1615/162/1594 577/143/575 10/142/10
f 1615/162/1594 617/164/615 38/150/38 577/143/575
f 576/161/574 36/165/36 617/164/615 1615/162/1594
f 250/166/250 1007/167/1005 1616/168/1595 1078/169/1063
f 1078/169/1063 1616/168/1595 1009/152/1007 252/151/252
f 1616/168/1595 618/170/616 37/159/37 1009/152/1007
f 1007/167/1005 215/171/215 618/170/616 1616/168/1595
f 101/172/101 739/173/737 1617/174/1596 735/175/733
f 735/175/733 1617/174/1596 576/161/574 11/160/11
f 1617/174/1596 619/176/617 36/165/36 576/161/574
f 739/173/737 99/177/99 619/176/617 1617/174/1596
f 272/178/271 738/179/736 1618/180/1597 1076/181/1062
f 1076/181/1062 1618/180/1597 1007/167/1005 250/166/250
f 1618/180/1597 620/182/618 215/171/215 1007/167/1005
f 738/179/736 216/183/216 620/182/618 1618/180/1597
f 13/184/13 574/185/572 1619/186/1598 561/187/559
f 561/187/559 1619/186/1598 575/188/573 12/189/12
f 1619/186/1598 621/190/619 34/191/34 575/188/573
f 574/185/572 32/192/32 621/190/619 1619/186/1598
f 246/193/246 1003/194/1001 1620/195/1599 1074/196/1060
f 1074/196/1060 1620/195/1599 1005/197/1003 248/198/248
f 1620/195/1599 622/199/620 33/200/33 1005/197/1003
f 1003/194/1001 31/201/31 622/199/620 1620/195/1599
f 444/202/442 1402/203/1381 1621/204/1600 1385/205/1364
f 1385/205/1364 1621/204/1600 574/185/572 13/184/13
f 1621/204/1600 623/206/621 32/192/32 574/185/572
f 1402/203/1381 474/207/472 623/206/621 1621/204/1600
f 479/208/477 1401/209/1380 1622/210/1601 1392/211/1371
f 1392/211/1371 1622/210/1601 1003/194/1001 246/193/246
f 1622/210/1601 624/212/622 31/201/31 1003/194/1001
f 1401/209/1380 476/213/474 624/212/622 1622/210/1601
f 289/214/287 1102/215/1085 1623/216/1602 1089/217/1072
f 1089/217/1072 1623/216/1602 573/218/571 14/219/14
f 1623/216/1602 625/220/623 469/221/467 573/218/571
f 1102/215/1085 291/222/289 625/220/623 1623/216/1602
f 296/223/294 1101/224/1084 1624/225/1603 1096/226/1079
f 1096/226/1079 1624/225/1603 1001/227/999 471/228/469
f 1624/225/1603 626/229/624 470/230/468 1001/227/999
f 1101/224/1084 292/231/290 626/229/624 1624/225/1603
f 74/232/74 693/233/691 1625/234/1604 685/235/683
f 685/235/683 1625/234/1604 552/236/550 3/237/3
f 1625/234/1604 627/238/625 28/239/28 552/236/550
f 693/233/691 75/240/75 627/238/625 1625/234/1604
f 266/241/265 692/242/690 1626/243/1605 1072/244/1058
f 1072/244/1058 1626/243/1605 999/245/997 242/246/242
f 1626/243/1605 628/247/626 27/248/27 999/245/997
f 692/242/690 76/249/76 628/247/626 1626/243/1605
f 214/54/214 656/250/654 1627/251/1606 567/52/565
f 567/52/565 1627/251/1606 630/252/628 19/53/19
f 1627/251/1606 657/253/655 52/254/52 630/252/628
f 656/250/654 2092/255/2060 2101/256/2069 1627/251/1606
f 5/93/5 582/92/580 1628/257/1607 553/258/551
f 553/258/551 1628/257/1607 729/259/727 94/260/94
f 1628/257/1607 726/261/724 96/262/96 729/259/727
f 582/92/580 48/95/48 726/261/724 1628/257/1607
f 213/263/213 737/264/735 1629/265/1608 566/266/564
f 566/266/564 1629/265/1608 656/250/654 214/54/214
f 1629/265/1608 736/267/734 2094/268/2062 2102/269/2070
f 737/264/735 102/270/102 736/267/734 1629/265/1608
f 204/271/204 913/272/911 1630/273/1609 930/274/928
f 930/274/928 1630/273/1609 670/275/668 197/276/197
f 1630/273/1609 893/277/891 190/278/190 670/275/668
f 913/272/911 184/279/184 893/277/891 1630/273/1609
f 16/26/16 653/280/651 1631/281/1610 565/32/563
f 565/32/563 1631/281/1610 654/282/652 17/33/17
f 1631/281/1610 661/283/659 70/284/70 654/282/652
f 653/280/651 69/285/69 661/283/659 1631/281/1610
f 146/286/146 819/287/817 1632/288/1611 817/289/815
f 817/289/815 1632/288/1611 820/290/818 145/291/145
f 1632/288/1611 834/292/832 153/293/153 820/290/818
f 819/287/817 154/294/154 834/292/832 1632/288/1611
f 445/27/443 1400/295/1379 1633/296/1612 564/25/562
f 564/25/562 1633/296/1612 653/280/651 16/26/16
f 1633/296/1612 1389/297/1368 69/285/69 653/280/651
f 1400/295/1379 448/298/446 1389/297/1368 1633/296/1612
f 431/299/429 1363/300/1342 1634/301/1613 1270/302/1249
f 1270/302/1249 1634/301/1613 1272/303/1251 385/304/383
f 1634/301/1613 1359/305/1338 383/306/381 1272/303/1251
f 1363/300/1342 430/307/428 1359/305/1338 1634/301/1613
f 290/18/288 1100/308/1083 1635/309/1614 563/16/561
f 563/16/561 1635/309/1614 652/310/650 15/17/15
f 1635/309/1614 1093/311/1076 67/312/67 652/310/650
f 1100/308/1083 293/313/291 1093/311/1076 1635/309/1614
f 289/214/287 1099/314/1082 1636/315/1615 1110/316/1093
f 1110/316/1093 1636/315/1615 1114/317/1097 301/318/299
f 1636/315/1615 1094/319/1077 303/320/301 1114/317/1097
f 1099/314/1082 294/321/292 1094/319/1077 1636/315/1615
f 455/322/453 1441/323/1420 1637/324/1616 562/325/560
f 562/325/560 1637/324/1616 651/326/649 14/219/14
f 1637/324/1616 1422/327/1401 66/328/66 651/326/649
f 1441/323/1420 466/329/464 1422/327/1401 1637/324/1616
f 12/189/12 649/330/647 1638/331/1617 561/187/559
f 561/187/559 1638/331/1617 650/332/648 13/184/13
f 1638/331/1617 668/333/666 65/334/65 650/332/648
f 649/330/647 64/335/64 668/333/666 1638/331/1617
f 79/336/79 701/337/699 1639/338/1618 560/339/558
f 560/339/558 1639/338/1618 649/330/647 12/189/12
f 1639/338/1618 700/340/698 64/335/64 649/330/647
f 701/337/699 84/341/84 700/340/698 1639/338/1618
f 327/342/325 1164/343/1143 1640/344/1619 1140/345/1120
f 1140/345/1120 1640/344/1619 897/346/895 200/347/200
f 1640/344/1619 889/348/887 183/349/183 897/346/895
f 1164/343/1143 317/350/315 889/348/887 1640/344/1619
f 10/142/10 710/351/708 1641/352/1620 559/163/557
f 559/163/557 1641/352/1620 709/353/707 11/160/11
f 1641/352/1620 719/354/717 88/355/88 709/353/707
f 710/351/708 89/356/89 719/354/717 1641/352/1620
f 23/81/23 792/357/790 1642/358/1621 572/86/570
f 572/86/570 1642/358/1621 791/359/789 24/87/24
f 1642/358/1621 798/360/796 130/361/130 791/359/789
f 792/357/790 131/362/131 798/360/796 1642/358/1621
f 63/363/63 660/364/658 1643/365/1622 924/366/922
f 924/366/922 1643/365/1622 648/367/646 194/368/194
f 1643/365/1622 890/369/888 185/370/185 648/367/646
f 660/364/658 187/371/187 890/369/888 1643/365/1622
f 9/147/9 711/372/709 1644/373/1623 558/145/556
f 558/145/556 1644/373/1623 710/351/708 10/142/10
f 1644/373/1623 720/374/718 89/356/89 710/351/708
f 711/372/709 90/375/90 720/374/718 1644/373/1623
f 22/75/22 793/376/791 1645/377/1624 571/80/569
f 571/80/569 1645/377/1624 792/357/790 23/81/23
f 1645/377/1624 801/378/799 131/362/131 792/357/790
f 793/376/791 132/379/132 801/378/799 1645/377/1624
f 120/380/120 785/381/783 1646/382/1625 557/383/555
f 557/383/555 1646/382/1625 711/372/709 9/147/9
f 1646/382/1625 779/384/777 90/375/90 711/372/709
f 785/381/783 125/385/125 779/384/777 1646/382/1625
f 21/68/21 794/386/792 1647/387/1626 570/74/568
f 570/74/568 1647/387/1626 793/376/791 22/75/22
f 1647/387/1626 799/388/797 132/379/132 793/376/791
f 794/386/792 133/389/133 799/388/797 1647/387/1626
f 1/390/1 631/391/629 1648/392/1627 583/393/581
f 583/393/581 1648/392/1627 639/394/637 25/395/25
f 1648/392/1627 678/396/676 55/397/55 639/394/637
f 631/391/629 56/398/56 678/396/676 1648/392/1627
f 7/106/7 707/399/705 1649/400/1628 556/121/554
f 556/121/554 1649/400/1628 712/401/710 8/118/8
f 1649/400/1628 722/402/720 91/403/91 712/401/710
f 707/399/705 86/404/86 722/402/720 1649/400/1628
f 121/405/121 784/406/782 1650/407/1629 803/408/801
f 803/408/801 1650/407/1629 816/409/814 135/69/135
f 1650/407/1629 796/410/794 134/411/134 816/409/814
f 784/406/782 124/412/124 796/410/794 1650/407/1629
f 6/88/6 708/413/706 1651/414/1630 555/109/553
f 555/109/553 1651/414/1630 707/399/705 7/106/7
f 1651/414/1630 716/415/714 86/404/86 707/399/705
f 708/413/706 87/416/87 716/415/714 1651/414/1630
f 19/53/19 630/252/628 1652/417/1631 568/59/566
f 568/59/566 1652/417/1631 635/418/633 20/60/20
f 1652/417/1631 682/419/680 51/420/51 635/418/633
f 630/252/628 52/254/52 682/419/680 1652/417/1631
f 5/93/5 629/421/627 1653/422/1632 554/91/552
f 554/91/552 1653/422/1632 708/413/706 6/88/6
f 1653/422/1632 721/423/719 87/416/87 708/413/706
f 629/421/627 85/424/85 721/423/719 1653/422/1632
f 165/425/165 662/426/660 1654/427/1633 861/428/859
f 861/428/859 1654/427/1633 637/429/635 161/430/161
f 1654/427/1633 829/431/827 147/432/147 637/429/635
f 662/426/660 145/291/145 829/431/827 1654/427/1633
f 3/237/3 655/433/653 1655/434/1634 685/235/683
f 685/235/683 1655/434/1634 691/435/689 74/232/74
f 1655/434/1634 658/436/656 77/437/77 691/435/689
f 655/433/653 71/438/71 658/436/656 1655/434/1634
f 270/439/269 730/440/728 1656/441/1635 1067/442/1053
f 1067/442/1053 1656/441/1635 692/242/690 266/241/265
f 1656/441/1635 687/443/685 76/249/76 692/242/690
f 730/440/728 97/444/97 687/443/685 1656/441/1635
f 94/260/94 729/259/727 1657/445/1636 718/446/716
f 718/446/716 1657/445/1636 693/233/691 74/232/74
f 1657/445/1636 686/447/684 75/240/75 693/233/691
f 729/259/727 96/262/96 686/447/684 1657/445/1636
f 343/448/341 728/449/726 1658/450/1637 1229/451/1208
f 1229/451/1208 1658/450/1637 694/2/692 341/1/339
f 1658/450/1637 684/452/682 73/9/73 694/2/692
f 728/449/726 95/453/95 684/452/682 1658/450/1637
f 11/160/11 709/353/707 1659/454/1638 735/175/733
f 735/175/733 1659/454/1638 742/455/740 101/172/101
f 1659/454/1638 714/456/712 92/457/92 742/455/740
f 709/353/707 88/355/88 714/456/712 1659/454/1638
f 17/33/17 654/282/652 1660/458/1639 696/459/694
f 696/459/694 1660/458/1639 702/460/700 80/461/80
f 1660/458/1639 659/462/657 83/463/83 702/460/700
f 654/282/652 70/284/70 659/462/657 1660/458/1639
f 248/198/248 1005/197/1003 1661/464/1640 1065/465/1051
f 1065/465/1051 1661/464/1640 703/466/701 268/467/267
f 1661/464/1640 698/468/696 82/469/82 703/466/701
f 1005/197/1003 33/200/33 698/468/696 1661/464/1640
f 12/189/12 575/188/573 1662/470/1641 560/339/558
f 560/339/558 1662/470/1641 704/471/702 79/336/79
f 1662/470/1641 697/472/695 81/473/81 704/471/702
f 575/188/573 34/191/34 697/472/695 1662/470/1641
f 333/31/331 1168/30/1147 1663/474/1642 1228/475/1207
f 1228/475/1207 1663/474/1642 705/476/703 342/477/340
f 1663/474/1642 696/459/694 80/461/80 705/476/703
f 1168/30/1147 17/33/17 696/459/694 1663/474/1642
f 85/424/85 629/421/627 1664/478/1643 717/479/715
f 717/479/715 1664/478/1643 741/480/739 93/481/93
f 1664/478/1643 553/258/551 94/260/94 741/480/739
f 629/421/627 5/93/5 553/258/551 1664/478/1643
f 170/482/170 862/483/860 1665/484/1644 886/485/884
f 886/485/884 1665/484/1644 636/486/634 171/487/171
f 1665/484/1644 766/488/764 118/489/118 636/486/634
f 862/483/860 115/490/115 766/488/764 1665/484/1644
f 181/491/181 783/492/781 1666/493/1645 885/494/883
f 885/494/883 1666/493/1645 868/495/866 176/496/176
f 1666/493/1645 781/497/779 108/498/108 868/495/866
f 783/492/781 127/499/127 781/497/779 1666/493/1645
f 172/500/172 864/501/862 1667/502/1646 884/503/882
f 884/503/882 1667/502/1646 671/504/669 177/505/177
f 1667/502/1646 765/506/763 106/507/106 671/504/669
f 864/501/862 104/508/104 765/506/763 1667/502/1646
f 180/509/180 706/510/704 1668/511/1647 883/512/881
f 883/512/881 1668/511/1647 871/513/869 179/514/179
f 1668/511/1647 758/515/756 117/516/117 871/513/869
f 706/510/704 112/517/112 758/515/756 1668/511/1647
f 173/518/173 865/519/863 1669/520/1648 882/521/880
f 882/521/880 1669/520/1648 644/522/642 174/523/174
f 1669/520/1648 764/524/762 103/525/103 644/522/642
f 865/519/863 116/526/116 764/524/762 1669/520/1648
f 179/514/179 871/513/869 1670/527/1649 881/528/879
f 881/528/879 1670/527/1649 676/529/674 178/530/178
f 1670/527/1649 757/531/755 114/532/114 676/529/674
f 871/513/869 117/516/117 757/531/755 1670/527/1649
f 176/496/176 868/495/866 1671/533/1650 880/534/878
f 880/534/878 1671/533/1650 867/535/865 175/536/175
f 1671/533/1650 763/537/761 110/538/110 867/535/865
f 868/495/866 108/498/108 763/537/761 1671/533/1650
f 175/536/175 867/535/865 1672/539/1651 879/540/877
f 879/540/877 1672/539/1651 706/510/704 180/509/180
f 1672/539/1651 762/541/760 112/517/112 706/510/704
f 867/535/865 110/538/110 762/541/760 1672/539/1651
f 340/85/338 1175/84/1154 1673/542/1652 1227/543/1206
f 1227/543/1206 1673/542/1652 728/449/726 343/448/341
f 1673/542/1652 725/544/723 95/453/95 728/449/726
f 1175/84/1154 24/87/24 725/544/723 1673/542/1652
f 262/102/261 1019/101/1015 1674/545/1653 1063/546/1049
f 1063/546/1049 1674/545/1653 730/440/728 270/439/269
f 1674/545/1653 727/547/725 97/444/97 730/440/728
f 1019/101/1015 47/104/47 727/547/725 1674/545/1653
f 24/87/24 791/359/789 1675/548/1654 725/544/723
f 725/544/723 1675/548/1654 790/549/788 95/453/95
f 1675/548/1654 800/550/798 129/551/129 790/549/788
f 791/359/789 130/361/130 800/550/798 1675/548/1654
f 80/461/80 702/460/700 1676/552/1655 732/553/730
f 732/553/730 1676/552/1655 737/264/735 213/263/213
f 1676/552/1655 699/554/697 102/270/102 737/264/735
f 702/460/700 83/463/83 699/554/697 1676/552/1655
f 268/467/267 703/466/701 1677/555/1656 1061/556/1047
f 1061/556/1047 1677/555/1656 738/179/736 272/178/271
f 1677/555/1656 734/557/732 216/183/216 738/179/736
f 703/466/701 82/469/82 734/557/732 1677/555/1656
f 79/336/79 704/471/702 1678/558/1657 695/559/693
f 695/559/693 1678/558/1657 739/173/737 101/172/101
f 1678/558/1657 733/560/731 99/177/99 739/173/737
f 704/471/702 81/473/81 733/560/731 1678/558/1657
f 342/477/340 705/476/703 1679/561/1658 1226/562/1205
f 1226/562/1205 1679/561/1658 740/563/738 344/564/342
f 1679/561/1658 732/553/730 213/263/213 740/563/738
f 705/476/703 80/461/80 732/553/730 1679/561/1658
f 94/260/94 718/446/716 1680/565/1659 741/480/739
f 741/480/739 1680/565/1659 723/566/721 93/481/93
f 1680/565/1659 691/435/689 77/437/77 723/566/721
f 718/446/716 74/232/74 691/435/689 1680/565/1659
f 92/457/92 713/567/711 1681/568/1660 742/455/740
f 742/455/740 1681/568/1660 695/559/693 101/172/101
f 1681/568/1660 701/337/699 79/336/79 695/559/693
f 713/567/711 84/341/84 701/337/699 1681/568/1660
f 112/517/112 748/569/746 1682/570/1661 758/515/756
f 758/515/756 1682/570/1661 757/531/755 117/516/117
f 1682/570/1661 749/571/747 114/532/114 757/531/755
f 748/569/746 113/572/113 749/571/747 1682/570/1661
f 127/499/127 782/573/780 1683/574/1662 781/497/779
f 781/497/779 1683/574/1662 746/575/744 108/498/108
f 1683/574/1662 780/576/778 109/577/109 746/575/744
f 782/573/780 126/578/126 780/576/778 1683/574/1662
f 104/508/104 754/579/752 1684/580/1663 744/581/742
f 744/581/742 1684/580/1663 773/582/771 105/583/105
f 1684/580/1663 688/584/686 57/585/57 773/582/771
f 754/579/752 50/586/50 688/584/686 1684/580/1663
f 103/525/103 756/587/754 1685/588/1664 760/589/758
f 760/589/758 1685/588/1664 754/579/752 104/508/104
f 1685/588/1664 769/590/767 50/586/50 754/579/752
f 756/587/754 49/591/49 769/590/767 1685/588/1664
f 110/538/110 747/592/745 1686/593/1665 762/541/760
f 762/541/760 1686/593/1665 748/569/746 112/517/112
f 1686/593/1665 750/594/748 113/572/113 748/569/746
f 747/592/745 111/595/111 750/594/748 1686/593/1665
f 108/498/108 746/575/744 1687/596/1666 763/537/761
f 763/537/761 1687/596/1666 747/592/745 110/538/110
f 1687/596/1666 751/597/749 111/595/111 747/592/745
f 746/575/744 109/577/109 751/597/749 1687/596/1666
f 116/526/116 743/598/741 1688/599/1667 764/524/762
f 764/524/762 1688/599/1667 756/587/754 103/525/103
f 1688/599/1667 771/600/769 49/591/49 756/587/754
f 743/598/741 62/601/62 771/600/769 1688/599/1667
f 104/508/104 744/581/742 1689/602/1668 765/506/763
f 765/506/763 1689/602/1668 745/603/743 106/507/106
f 1689/602/1668 753/604/751 107/605/107 745/603/743
f 744/581/742 105/583/105 753/604/751 1689/602/1668
f 174/523/174 644/522/642 1690/606/1669 878/607/876
f 878/607/876 1690/606/1669 864/501/862 172/500/172
f 1690/606/1669 760/589/758 104/508/104 864/501/862
f 644/522/642 103/525/103 760/589/758 1690/606/1669
f 171/487/171 636/486/634 1691/608/1670 877/609/875
f 877/609/875 1691/608/1670 865/519/863 173/518/173
f 1691/608/1670 761/610/759 116/526/116 865/519/863
f 636/486/634 118/489/118 761/610/759 1691/608/1670
f 49/591/49 681/611/679 1692/612/1671 769/590/767
f 769/590/767 1692/612/1671 688/584/686 50/586/50
f 1692/612/1671 674/613/672 57/585/57 688/584/686
f 681/611/679 53/614/53 674/613/672 1692/612/1671
f 54/615/54 767/616/765 1693/617/1672 772/618/770
f 772/618/770 1693/617/1672 770/619/768 119/620/119
f 1693/617/1672 768/621/766 62/601/62 770/619/768
f 767/616/765 59/622/59 768/621/766 1693/617/1672
f 62/601/62 768/621/766 1694/623/1673 771/600/769
f 771/600/769 1694/623/1673 681/611/679 49/591/49
f 1694/623/1673 679/624/677 53/614/53 681/611/679
f 768/621/766 59/622/59 679/624/677 1694/623/1673
f 118/489/118 755/625/753 1695/626/1674 761/610/759
f 761/610/759 1695/626/1674 743/598/741 116/526/116
f 1695/626/1674 770/619/768 62/601/62 743/598/741
f 755/625/753 119/620/119 770/619/768 1695/626/1674
f 115/490/115 774/627/772 1696/628/1675 766/488/764
f 766/488/764 1696/628/1675 755/625/753 118/489/118
f 1696/628/1675 772/618/770 119/620/119 755/625/753
f 774/627/772 54/615/54 772/618/770 1696/628/1675
f 140/629/140 812/630/810 1697/631/1676 808/632/806
f 808/632/806 1697/631/1676 782/573/780 127/499/127
f 1697/631/1676 807/633/805 126/578/126 782/573/780
f 812/630/810 139/634/139 807/633/805 1697/631/1676
f 182/635/182 811/636/809 1698/637/1677 876/638/874
f 876/638/874 1698/637/1677 783/492/781 181/491/181
f 1698/637/1677 808/632/806 127/499/127 783/492/781
f 811/636/809 140/629/140 808/632/806 1698/637/1677
f 20/60/20 635/418/633 1699/639/1678 776/640/774
f 776/640/774 1699/639/1678 784/406/782 121/405/121
f 1699/639/1678 680/641/678 124/412/124 784/406/782
f 635/418/633 51/420/51 680/641/678 1699/639/1678
f 141/130/141 810/642/808 1700/643/1679 775/644/773
f 775/644/773 1700/643/1679 785/381/783 120/380/120
f 1700/643/1679 806/645/804 125/385/125 785/381/783
f 810/642/808 138/646/138 806/645/804 1700/643/1679
f 254/156/254 1011/155/1008 1701/647/1680 1059/648/1045
f 1059/648/1045 1701/647/1680 786/649/784 274/650/272
f 1701/647/1680 778/651/776 123/652/123 786/649/784
f 1011/155/1008 39/158/39 778/651/776 1701/647/1680
f 9/147/9 578/146/576 1702/653/1681 557/383/555
f 557/383/555 1702/653/1681 787/654/785 120/380/120
f 1702/653/1681 777/655/775 122/656/122 787/654/785
f 578/146/576 40/149/40 777/655/775 1702/653/1681
f 336/58/334 1171/57/1150 1703/657/1682 1225/658/1204
f 1225/658/1204 1703/657/1682 788/659/786 345/660/343
f 1703/657/1682 776/640/774 121/405/121 788/659/786
f 1171/57/1150 20/60/20 776/640/774 1703/657/1682
f 128/661/128 690/662/688 1704/663/1683 795/664/793
f 795/664/793 1704/663/1683 790/549/788 129/551/129
f 1704/663/1683 684/452/682 95/453/95 790/549/788
f 690/662/688 73/9/73 684/452/682 1704/663/1683
f 166/665/166 672/666/670 1705/667/1684 860/668/858
f 860/668/858 1705/667/1684 724/669/722 168/670/168
f 1705/667/1684 828/671/826 78/672/78 724/669/722
f 672/666/670 152/673/152 828/671/826 1705/667/1684
f 162/674/162 846/675/844 1706/676/1685 859/677/857
f 859/677/857 1706/676/1685 672/666/670 166/665/166
f 1706/676/1685 827/678/825 152/673/152 672/666/670
f 846/675/844 150/679/150 827/678/825 1706/676/1685
f 163/680/163 847/681/845 1707/682/1686 858/683/856
f 858/683/856 1707/682/1686 848/684/846 164/685/164
f 1707/682/1686 826/686/824 151/687/151 848/684/846
f 847/681/845 149/688/149 826/686/824 1707/682/1686
f 164/685/164 848/684/846 1708/689/1687 857/690/855
f 857/690/855 1708/689/1687 677/691/675 167/692/167
f 1708/689/1687 833/693/831 148/694/148 677/691/675
f 848/684/846 151/687/151 833/693/831 1708/689/1687
f 169/695/169 853/696/851 1709/697/1688 856/698/854
f 856/698/854 1709/697/1688 662/426/660 165/425/165
f 1709/697/1688 832/699/830 145/291/145 662/426/660
f 853/696/851 143/700/143 832/699/830 1709/697/1688
f 128/661/128 802/701/800 1710/702/1689 690/662/688
f 690/662/688 1710/702/1689 551/7/549 73/9/73
f 1710/702/1689 632/703/630 4/8/4 551/7/549
f 802/701/800 61/704/61 632/703/630 1710/702/1689
f 8/118/8 712/401/710 1711/705/1690 809/133/807
f 809/133/807 1711/705/1690 810/642/808 141/130/141
f 1711/705/1690 715/706/713 138/646/138 810/642/808
f 712/401/710 91/403/91 715/706/713 1711/705/1690
f 177/505/177 671/504/669 1712/707/1691 875/708/873
f 875/708/873 1712/707/1691 811/636/809 182/635/182
f 1712/707/1691 759/709/757 140/629/140 811/636/809
f 671/504/669 106/507/106 759/709/757 1712/707/1691
f 106/507/106 745/603/743 1713/710/1692 759/709/757
f 759/709/757 1713/710/1692 812/630/810 140/629/140
f 1713/710/1692 752/711/750 139/634/139 812/630/810
f 745/603/743 107/605/107 752/711/750 1713/710/1692
f 274/650/272 786/649/784 1714/712/1693 1057/713/272
f 1057/713/272 1714/712/1693 813/137/811 276/136/274
f 1714/712/1693 805/714/803 137/141/137 813/137/811
f 786/649/784 123/652/123 805/714/803 1714/712/1693
f 120/380/120 787/654/785 1715/715/1694 775/644/773
f 775/644/773 1715/715/1694 814/131/812 141/130/141
f 1715/715/1694 804/716/802 136/135/136 814/131/812
f 787/654/785 122/656/122 804/716/802 1715/715/1694
f 345/660/343 788/659/786 1716/717/1695 1224/718/1203
f 1224/718/1203 1716/717/1695 815/62/813 346/61/344
f 1716/717/1695 803/408/801 135/69/135 815/62/813
f 788/659/786 121/405/121 803/408/801 1716/717/1695
f 134/411/134 797/719/795 1717/720/1696 816/409/814
f 816/409/814 1717/720/1696 569/67/567 135/69/135
f 1717/720/1696 794/386/792 21/68/21 569/67/567
f 797/719/795 133/389/133 794/386/792 1717/720/1696
f 150/679/150 825/721/823 1718/722/1697 827/678/825
f 827/678/825 1718/722/1697 828/671/826 152/673/152
f 1718/722/1697 689/723/687 78/672/78 828/671/826
f 825/721/823 142/724/142 689/723/687 1718/722/1697
f 145/291/145 820/290/818 1719/725/1698 829/431/827
f 829/431/827 1719/725/1698 818/726/816 147/432/147
f 1719/725/1698 841/727/839 155/728/155 818/726/816
f 820/290/818 153/293/153 841/727/839 1719/725/1698
f 78/672/78 689/723/687 1720/729/1699 830/730/828
f 830/730/828 1720/729/1699 789/731/787 143/700/143
f 1720/729/1699 822/732/820 144/733/144 789/731/787
f 689/723/687 142/724/142 822/732/820 1720/729/1699
f 147/432/147 818/726/816 1721/734/1700 831/735/829
f 831/735/829 1721/734/1700 824/736/822 149/688/149
f 1721/734/1700 842/737/840 159/738/159 824/736/822
f 818/726/816 155/728/155 842/737/840 1721/734/1700
f 143/700/143 789/731/787 1722/739/1701 832/699/830
f 832/699/830 1722/739/1701 817/289/815 145/291/145
f 1722/739/1701 821/740/819 146/286/146 817/289/815
f 789/731/787 144/733/144 821/740/819 1722/739/1701
f 168/670/168 724/669/722 1723/741/1702 855/742/853
f 855/742/853 1723/741/1702 853/696/851 169/695/169
f 1723/741/1702 830/730/828 143/700/143 853/696/851
f 724/669/722 78/672/78 830/730/828 1723/741/1702
f 161/430/161 637/429/635 1724/743/1703 854/744/852
f 854/744/852 1724/743/1703 847/681/845 163/680/163
f 1724/743/1703 831/735/829 149/688/149 847/681/845
f 637/429/635 147/432/147 831/735/829 1724/743/1703
f 158/745/158 843/746/841 1725/747/1704 838/748/836
f 838/748/836 1725/747/1704 839/749/837 157/750/157
f 1725/747/1704 840/751/838 159/738/159 839/749/837
f 843/746/841 160/752/160 840/751/838 1725/747/1704
f 153/293/153 834/292/832 1726/753/1705 841/727/839
f 841/727/839 1726/753/1705 835/754/833 155/728/155
f 1726/753/1705 837/755/835 156/756/156 835/754/833
f 834/292/832 154/294/154 837/755/835 1726/753/1705
f 155/728/155 835/754/833 1727/757/1706 842/737/840
f 842/737/840 1727/757/1706 839/749/837 159/738/159
f 1727/757/1706 836/758/834 157/750/157 839/749/837
f 835/754/833 156/756/156 836/758/834 1727/757/1706
f 149/688/149 824/736/822 1728/759/1707 826/686/824
f 826/686/824 1728/759/1707 823/760/821 151/687/151
f 1728/759/1707 840/751/838 160/752/160 823/760/821
f 824/736/822 159/738/159 840/751/838 1728/759/1707
f 151/687/151 823/760/821 1729/761/1708 833/693/831
f 833/693/831 1729/761/1708 844/762/842 148/694/148
f 1729/761/1708 843/746/841 158/745/158 844/762/842
f 823/760/821 160/752/160 843/746/841 1729/761/1708
f 130/361/130 845/763/843 1730/764/1709 800/550/798
f 800/550/798 1730/764/1709 643/765/641 129/551/129
f 1730/766/1709 854/744/852 163/680/163 643/767/641
f 845/768/843 161/430/161 854/744/852 1730/766/1709
f 133/389/133 852/769/850 1731/770/1710 799/388/797
f 799/388/797 1731/770/1710 731/771/729 132/379/132
f 1731/772/1710 855/742/853 169/695/169 731/773/729
f 852/774/850 168/670/168 855/742/853 1731/772/1710
f 132/379/132 731/771/729 1732/775/1711 801/378/799
f 801/378/799 1732/775/1711 849/776/847 131/362/131
f 1732/777/1711 856/698/854 165/425/165 849/778/847
f 731/773/729 169/695/169 856/698/854 1732/777/1711
f 128/661/128 646/779/644 1733/780/1712 802/701/800
f 802/701/800 1733/780/1712 851/781/849 61/704/61
f 1733/782/1712 857/690/855 167/692/167 851/783/849
f 646/784/644 164/685/164 857/690/855 1733/782/1712
f 129/551/129 643/765/641 1734/785/1713 795/664/793
f 795/664/793 1734/785/1713 646/779/644 128/661/128
f 1734/786/1713 858/683/856 164/685/164 646/784/644
f 643/767/641 163/680/163 858/683/856 1734/786/1713
f 124/412/124 640/787/638 1735/788/1714 796/410/794
f 796/410/794 1735/788/1714 850/789/848 134/411/134
f 1735/790/1714 859/677/857 166/665/166 850/791/848
f 640/792/638 162/674/162 859/677/857 1735/790/1714
f 134/411/134 850/789/848 1736/793/1715 797/719/795
f 797/719/795 1736/793/1715 852/769/850 133/389/133
f 1736/794/1715 860/668/858 168/670/168 852/774/850
f 850/791/848 166/665/166 860/668/858 1736/794/1715
f 131/362/131 849/776/847 1737/795/1716 798/360/796
f 798/360/796 1737/795/1716 845/763/843 130/361/130
f 1737/796/1716 861/428/859 161/430/161 845/768/843
f 849/778/847 165/425/165 861/428/859 1737/796/1716
f 544/797/542 869/798/867 1738/799/1717 1593/800/1572
f 1593/800/1572 1738/799/1717 874/801/872 548/802/546
f 1738/799/1717 875/708/873 182/635/182 874/801/872
f 869/798/867 177/505/177 875/708/873 1738/799/1717
f 548/802/546 874/801/872 1739/803/1718 1592/804/1571
f 1592/804/1571 1739/803/1718 873/805/871 547/806/545
f 1739/803/1718 876/638/874 181/491/181 873/805/871
f 874/801/872 182/635/182 876/638/874 1739/803/1718
f 542/807/540 863/808/861 1740/809/1719 1591/810/1570
f 1591/810/1570 1740/809/1719 1571/811/1550 538/812/536
f 1740/809/1719 877/609/875 173/518/173 1571/811/1550
f 863/808/861 171/487/171 877/609/875 1740/809/1719
f 543/813/541 866/814/864 1741/815/1720 1590/816/1569
f 1590/816/1569 1741/815/1720 1570/817/1549 537/818/535
f 1741/815/1720 878/607/876 172/500/172 1570/817/1549
f 866/814/864 174/523/174 878/607/876 1741/815/1720
f 539/819/537 1572/820/1551 1742/821/1721 1589/822/1568
f 1589/822/1568 1742/821/1721 872/823/870 546/824/544
f 1742/821/1721 879/540/877 180/509/180 872/823/870
f 1572/820/1551 175/536/175 879/540/877 1742/821/1721
f 540/825/538 1573/826/1552 1743/827/1722 1588/828/1567
f 1588/828/1567 1743/827/1722 1572/820/1551 539/819/537
f 1743/827/1722 880/534/878 175/536/175 1572/820/1551
f 1573/826/1552 176/496/176 880/534/878 1743/827/1722
f 541/829/539 1574/830/1553 1744/831/1723 1587/832/1566
f 1587/832/1566 1744/831/1723 870/833/868 545/834/543
f 1744/831/1723 881/528/879 178/530/178 870/833/868
f 1574/830/1553 179/514/179 881/528/879 1744/831/1723
f 538/812/536 1571/811/1550 1745/835/1724 1586/836/1565
f 1586/836/1565 1745/835/1724 866/814/864 543/813/541
f 1745/835/1724 882/521/880 174/523/174 866/814/864
f 1571/811/1550 173/518/173 882/521/880 1745/835/1724
f 546/824/544 872/823/870 1746/837/1725 1585/838/1564
f 1585/838/1564 1746/837/1725 1574/830/1553 541/829/539
f 1746/837/1725 883/512/881 179/514/179 1574/830/1553
f 872/823/870 180/509/180 883/512/881 1746/837/1725
f 537/818/535 1570/817/1549 1747/839/1726 1584/840/1563
f 1584/840/1563 1747/839/1726 869/798/867 544/797/542
f 1747/839/1726 884/503/882 177/505/177 869/798/867
f 1570/817/1549 172/500/172 884/503/882 1747/839/1726
f 547/806/545 873/805/871 1748/841/1727 1583/842/1562
f 1583/842/1562 1748/841/1727 1573/826/1552 540/825/538
f 1748/841/1727 885/494/883 176/496/176 1573/826/1552
f 873/805/871 181/491/181 885/494/883 1748/841/1727
f 536/843/534 1569/844/1548 1749/845/1728 1582/846/1561
f 1582/846/1561 1749/845/1728 863/808/861 542/807/540
f 1749/845/1728 886/485/884 171/487/171 863/808/861
f 1569/844/1548 170/482/170 886/485/884 1749/845/1728
f 183/349/183 892/847/890 1750/848/1729 887/849/885
f 887/849/885 1750/848/1729 893/277/891 184/279/184
f 1750/848/1729 894/850/892 190/278/190 893/277/891
f 892/847/890 189/851/189 894/850/892 1750/848/1729
f 317/350/315 1163/852/1142 1751/853/1730 889/348/887
f 889/348/887 1751/853/1730 892/847/890 183/349/183
f 1751/853/1730 1137/854/1117 189/851/189 892/847/890
f 1163/852/1142 324/855/322 1137/854/1117 1751/853/1730
f 347/856/345 1223/857/1202 1752/858/1731 888/859/886
f 888/859/886 1752/858/1731 891/860/889 186/861/186
f 1752/858/1731 1183/862/1162 188/863/188 891/860/889
f 1223/857/1202 348/864/346 1183/862/1162 1752/858/1731
f 200/347/200 897/346/895 1753/865/1732 921/866/919
f 921/866/919 1753/865/1732 913/272/911 204/271/204
f 1753/865/1732 887/849/885 184/279/184 913/272/911
f 897/346/895 183/349/183 887/849/885 1753/865/1732
f 351/867/349 1222/868/1201 1754/869/1733 1186/870/1165
f 1186/870/1165 1754/869/1733 910/871/908 201/872/201
f 1754/869/1733 888/859/886 186/861/186 910/871/908
f 1222/868/1201 347/856/345 888/859/886 1754/869/1733
f 352/873/350 1221/874/1200 1755/875/1734 1187/876/1166
f 1187/876/1166 1755/875/1734 932/877/930 208/878/208
f 1755/875/1734 1184/879/1163 203/880/203 932/877/930
f 1221/874/1200 349/881/347 1184/879/1163 1755/875/1734
f 349/881/347 1220/882/1199 1756/883/1735 1184/879/1163
f 1184/879/1163 1756/883/1735 912/884/910 203/880/203
f 1756/883/1735 1185/885/1164 202/886/202 912/884/910
f 1220/882/1199 350/887/348 1185/885/1164 1756/883/1735
f 350/887/348 1219/888/1198 1757/889/1736 1185/885/1164
f 1185/885/1164 1757/889/1736 911/890/909 202/886/202
f 1757/889/1736 1186/870/1165 201/872/201 911/890/909
f 1219/888/1198 351/867/349 1186/870/1165 1757/889/1736
f 212/891/212 907/892/905 1758/893/1737 940/894/938
f 940/894/938 1758/893/1737 933/895/931 209/896/209
f 1758/893/1737 919/897/917 206/898/206 933/895/931
f 907/892/905 198/899/198 919/897/917 1758/893/1737
f 198/899/198 908/900/906 1759/901/1738 919/897/917
f 919/897/917 1759/901/1738 915/902/913 206/898/206
f 1759/901/1738 920/903/918 205/904/205 915/902/913
f 908/900/906 199/905/199 920/903/918 1759/901/1738
f 199/905/199 909/906/907 1760/907/1739 920/903/918
f 920/903/918 1760/907/1739 914/908/912 205/904/205
f 1760/907/1739 921/866/919 204/271/204 914/908/912
f 909/906/907 200/347/200 921/866/919 1760/907/1739
f 207/909/207 931/910/929 1761/911/1740 939/912/937
f 939/912/937 1761/911/1740 901/913/899 210/914/210
f 1761/911/1740 922/915/920 192/916/192 901/913/899
f 931/910/929 191/917/191 922/915/920 1761/911/1740
f 191/917/191 900/918/898 1762/919/1741 922/915/920
f 922/915/920 1762/919/1741 902/920/900 192/916/192
f 1762/919/1741 923/921/921 193/922/193 902/920/900
f 900/918/898 60/923/60 923/921/921 1762/919/1741
f 60/923/60 673/924/671 1763/925/1742 923/921/921
f 923/921/921 1763/925/1742 903/926/901 193/922/193
f 1763/925/1742 924/366/922 194/368/194 903/926/901
f 673/924/671 63/363/63 924/366/922 1763/925/1742
f 328/927/326 1162/928/1141 1764/929/1743 1141/930/1121
f 1141/930/1121 1764/929/1743 907/892/905 212/891/212
f 1764/929/1743 1138/931/1118 198/899/198 907/892/905
f 1162/928/1141 325/932/323 1138/931/1118 1764/929/1743
f 325/932/323 1161/933/1140 1765/934/1744 1138/931/1118
f 1138/931/1118 1765/934/1744 908/900/906 198/899/198
f 1765/934/1744 1139/935/1119 199/905/199 908/900/906
f 1161/933/1140 326/936/324 1139/935/1119 1765/934/1744
f 326/936/324 1160/937/280 1766/938/1745 1139/935/1119
f 1139/935/1119 1766/938/1745 909/906/907 199/905/199
f 1766/938/1745 1140/345/1120 200/347/200 909/906/907
f 1160/937/280 327/342/325 1140/345/1120 1766/938/1745
f 209/896/209 933/895/931 1767/939/1746 937/940/935
f 937/940/935 1767/939/1746 904/941/902 211/942/211
f 1767/939/1746 928/943/926 195/944/195 904/941/902
f 933/895/931 206/898/206 928/943/926 1767/939/1746
f 206/898/206 915/902/913 1768/945/1747 928/943/926
f 928/943/926 1768/945/1747 905/946/903 195/944/195
f 1768/945/1747 929/947/927 196/948/196 905/946/903
f 915/902/913 205/904/205 929/947/927 1768/945/1747
f 205/904/205 914/908/912 1769/949/1748 929/947/927
f 929/947/927 1769/949/1748 906/950/904 196/948/196
f 1769/949/1748 930/274/928 197/276/197 906/950/904
f 914/908/912 204/271/204 930/274/928 1769/949/1748
f 3/951/3 899/952/897 1770/953/1749 655/954/653
f 655/954/653 1770/953/1749 935/955/933 71/956/71
f 1770/953/1749 937/940/935 211/942/211 935/955/933
f 899/952/897 209/896/209 937/940/935 1770/953/1749
f 306/957/304 1159/958/1139 1771/959/1750 586/960/584
f 586/960/584 1771/959/1750 936/961/934 28/962/28
f 1771/959/1750 1141/930/1121 212/891/212 936/961/934
f 1159/958/1139 328/927/326 1141/930/1121 1771/959/1750
f 61/963/61 645/964/643 1772/965/1751 632/966/630
f 632/966/630 1772/965/1751 934/967/932 4/968/4
f 1772/965/1751 939/912/937 210/914/210 934/967/932
f 645/964/643 207/909/207 939/912/937 1772/965/1751
f 28/962/28 936/961/934 1773/969/1752 552/970/550
f 552/970/550 1773/969/1752 899/952/897 3/951/3
f 1773/969/1752 940/894/938 209/896/209 899/952/897
f 936/961/934 212/891/212 940/894/938 1773/969/1752
f 330/971/328 1218/972/1197 1774/973/1753 585/974/583
f 585/974/583 1774/973/1753 898/975/896 27/976/27
f 1774/973/1753 1187/876/1166 208/878/208 898/975/896
f 1218/972/1197 352/873/350 1187/876/1166 1774/973/1753
f 217/977/217 950/978/948 1775/979/1754 957/980/955
f 957/980/955 1775/979/1754 947/981/945 218/982/218
f 1775/979/1754 566/266/564 214/54/214 947/981/945
f 950/978/948 213/263/213 566/266/564 1775/979/1754
f 356/983/354 1217/984/1196 1776/985/1755 1191/986/1170
f 1191/986/1170 1776/985/1755 948/987/946 219/988/219
f 1776/985/1755 593/989/591 215/171/215 948/987/946
f 1217/984/1196 334/46/332 593/989/591 1776/985/1755
f 219/988/219 948/987/946 1777/990/1756 955/991/953
f 955/991/953 1777/990/1756 949/992/947 220/993/220
f 1777/990/1756 620/182/618 216/183/216 949/992/947
f 948/987/946 215/171/215 620/182/618 1777/990/1756
f 355/994/353 1216/995/1195 1778/996/1757 1190/997/1169
f 1190/997/1169 1778/996/1757 950/978/948 217/977/217
f 1778/996/1757 740/563/738 213/263/213 950/978/948
f 1216/995/1195 344/564/342 740/563/738 1778/996/1757
f 535/998/533 1215/999/1194 1779/1000/1758 1568/1001/1547
f 1568/1001/1547 1779/1000/1758 1557/1002/1536 530/1003/528
f 1779/1000/1758 1190/997/1169 217/977/217 1557/1002/1536
f 1215/999/1194 355/994/353 1190/997/1169 1779/1000/1758
f 532/1004/530 952/1005/950 1780/1006/1759 1567/1007/1546
f 1567/1007/1546 1780/1006/1759 953/1008/951 533/1009/531
f 1780/1006/1759 955/991/953 220/993/220 953/1008/951
f 952/1005/950 219/988/219 955/991/953 1780/1006/1759
f 534/1010/532 1214/1011/1193 1781/1012/1760 1566/1013/1545
f 1566/1013/1545 1781/1012/1760 952/1005/950 532/1004/530
f 1781/1012/1760 1191/986/1170 219/988/219 952/1005/950
f 1214/1011/1193 356/983/354 1191/986/1170 1781/1012/1760
f 530/1003/528 1557/1002/1536 1782/1014/1761 1565/1015/1544
f 1565/1015/1544 1782/1014/1761 951/1016/949 531/1017/529
f 1782/1014/1761 957/980/955 218/982/218 951/1016/949
f 1557/1002/1536 217/977/217 957/980/955 1782/1014/1761
f 364/1018/362 1213/1019/1192 1783/1020/1762 1199/1021/1178
f 1199/1021/1178 1783/1020/1762 970/1022/968 230/1023/230
f 1783/1020/1762 1194/1024/1173 226/1025/226 970/1022/968
f 1213/1019/1192 359/1026/357 1194/1024/1173 1783/1020/1762
f 240/1027/240 993/1028/991 1784/1029/1763 996/1030/994
f 996/1031/994 1784/1032/1763 964/1033/962 239/1034/239
f 1784/1032/1763 958/1035/956 221/1036/221 964/1033/962
f 993/1028/991 222/1037/222 958/1038/956 1784/1029/1763
f 366/1039/364 1212/1040/1191 1785/1041/1764 1201/1042/1180
f 1201/1042/1180 1785/1041/1764 991/35/989 238/34/238
f 1785/1041/1764 1193/1043/1172 224/44/224 991/35/989
f 1212/1040/1191 358/1044/356 1193/1043/1172 1785/1041/1764
f 365/1045/363 1211/1046/1190 1786/1047/1765 1200/1048/1179
f 1200/1048/1179 1786/1047/1765 993/1028/991 240/1027/240
f 1786/1047/1765 1192/1049/1171 222/1037/222 993/1028/991
f 1211/1046/1190 357/1050/355 1192/1049/1171 1786/1047/1765
f 360/1051/358 969/1052/967 1787/1053/1766 1210/1054/1189
f 1210/1055/1189 1787/1056/1766 1194/1024/1173 359/1026/357
f 1787/1056/1766 966/1057/964 226/1025/226 1194/1024/1173
f 969/1052/967 225/1058/225 966/1059/964 1787/1053/1766
f 233/1060/233 978/1061/976 1788/1062/1767 987/1063/985
f 987/1064/985 1788/1065/1767 976/1066/974 231/1067/231
f 1788/1065/1767 968/1068/966 227/1069/227 976/1066/974
f 978/1061/976 228/1070/228 968/1071/966 1788/1062/1767
f 230/1023/230 970/1022/968 1789/1072/1768 985/1073/983
f 985/1074/983 1789/1075/1768 973/1076/971 236/1077/236
f 1789/1075/1768 966/1059/964 225/1058/225 973/1076/971
f 970/1022/968 226/1025/226 966/1057/964 1789/1072/1768
f 362/1078/360 1209/1079/1188 1790/1080/1769 1197/1081/1176
f 1197/1081/1176 1790/1080/1769 978/1061/976 233/1060/233
f 1790/1080/1769 1195/1082/1174 228/1070/228 978/1061/976
f 1209/1079/1188 360/1051/358 1195/1082/1174 1790/1080/1769
f 358/1044/356 1208/1083/1187 1791/1084/1770 1193/1043/1172
f 1193/1043/1172 1791/1084/1770 972/1085/970 224/44/224
f 1791/1084/1770 1196/1086/1175 234/1087/234 972/1085/970
f 1208/1083/1187 361/1088/359 1196/1086/1175 1791/1084/1770
f 361/1088/359 1207/1089/1186 1792/1090/1771 1196/1086/1175
f 1196/1086/1175 1792/1090/1771 979/1091/977 234/1087/234
f 1792/1090/1771 1197/1081/1176 233/1060/233 979/1091/977
f 1207/1089/1186 362/1078/360 1197/1081/1176 1792/1090/1771
f 222/1037/222 974/1092/972 1793/1093/1772 958/1038/956
f 958/1035/956 1793/1094/1772 980/1095/978 221/1036/221
f 1793/1094/1772 984/1096/982 235/1097/235 980/1095/978
f 974/1092/972 229/1098/229 984/1099/982 1793/1093/1772
f 229/1098/229 975/1100/973 1794/1101/1773 984/1099/982
f 984/1096/982 1794/1102/1773 981/1103/979 235/1097/235
f 1794/1102/1773 985/1074/983 236/1077/236 981/1103/979
f 975/1100/973 230/1023/230 985/1073/983 1794/1101/1773
f 224/44/224 972/1085/970 1795/1104/1774 960/45/958
f 960/42/958 1795/1105/1774 971/1106/969 223/43/223
f 1795/1105/1774 986/1107/984 232/1108/232 971/1106/969
f 972/1085/970 234/1087/234 986/1109/984 1795/1104/1774
f 234/1087/234 979/1091/977 1796/1110/1775 986/1109/984
f 986/1107/984 1796/1111/1775 977/1112/975 232/1108/232
f 1796/1111/1775 987/1064/985 231/1067/231 977/1112/975
f 979/1091/977 233/1060/233 987/1063/985 1796/1110/1775
f 357/1050/355 1206/1113/1185 1797/1114/1776 1192/1049/1171
f 1192/1049/1171 1797/1114/1776 974/1092/972 222/1037/222
f 1797/1114/1776 1198/1115/1177 229/1098/229 974/1092/972
f 1206/1113/1185 363/1116/361 1198/1115/1177 1797/1114/1776
f 363/1116/361 1205/1117/1184 1798/1118/1777 1198/1115/1177
f 1198/1115/1177 1798/1118/1777 975/1100/973 229/1098/229
f 1798/1118/1777 1199/1021/1178 230/1023/230 975/1100/973
f 1205/1117/1184 364/1018/362 1199/1021/1178 1798/1118/1777
f 353/1119/351 1204/1120/1183 1799/1121/1778 1188/1122/1167
f 1188/1122/1167 1799/1121/1778 965/1123/963 18/1124/18
f 1799/1121/1778 1200/1048/1179 240/1027/240 965/1123/963
f 1204/1120/1183 365/1045/363 1200/1048/1179 1799/1121/1778
f 354/1125/352 1203/1126/1182 1800/1127/1779 1189/1128/1168
f 1189/1128/1168 1800/1127/1779 963/1129/961 100/1130/100
f 1800/1127/1779 1201/1042/1180 238/34/238 963/1129/961
f 1203/1126/1182 366/1039/364 1201/1042/1180 1800/1127/1779
f 18/1124/18 965/1123/963 1801/1131/1780 942/1132/940
f 942/1133/940 1801/1134/1780 992/1135/990 98/1136/98
f 1801/1134/1780 996/1031/994 239/1034/239 992/1135/990
f 965/1123/963 240/1027/240 996/1030/994 1801/1131/1780
f 100/1130/100 963/1129/961 1802/1137/1781 944/1138/942
f 944/1139/942 1802/1140/1781 990/1141/988 35/1142/35
f 1802/1140/1781 997/38/995 237/41/237 990/1141/988
f 963/1129/961 238/34/238 997/37/995 1802/1137/1781
f 27/976/27 898/975/896 1803/1143/1782 999/1144/997
f 999/1144/997 1803/1143/1782 1046/1145/1035 242/1146/242
f 1803/1143/1782 938/1147/936 288/1148/286 1046/1145/1035
f 898/975/896 208/878/208 938/1147/936 1803/1143/1782
f 242/1146/242 1046/1145/1035 1804/1149/1783 1000/1150/998
f 1000/1150/998 1804/1149/1783 1047/1151/1036 243/1152/243
f 1804/1149/1783 1045/1153/1034 287/1154/285 1047/1151/1036
f 1046/1145/1035 288/1148/286 1045/1153/1034 1804/1149/1783
f 202/886/202 911/890/909 1805/1155/1784 926/1156/924
f 926/1156/924 1805/1155/1784 1048/1157/1037 284/1158/282
f 1805/1155/1784 927/1159/925 286/1160/284 1048/1157/1037
f 911/890/909 201/872/201 927/1159/925 1805/1155/1784
f 284/1158/282 1048/1157/1037 1806/1161/1785 1041/1162/281
f 1041/1162/281 1806/1161/1785 1049/1163/1038 283/1164/281
f 1806/1161/1785 1043/1165/1032 285/1166/283 1049/1163/1038
f 1048/1157/1037 286/1160/284 1043/1165/1032 1806/1161/1785
f 203/880/203 912/884/910 1807/1167/1786 925/1168/923
f 925/1168/923 1807/1167/1786 1050/1169/1039 282/1170/280
f 1807/1167/1786 926/1156/924 284/1158/282 1050/1169/1039
f 912/884/910 202/886/202 926/1156/924 1807/1167/1786
f 282/1170/280 1050/1169/1039 1808/1171/1787 1039/1172/1029
f 1039/1172/1029 1808/1171/1787 1051/1173/1040 281/1174/279
f 1808/1171/1787 1041/1162/281 283/1164/281 1051/1173/1040
f 1050/1169/1039 284/1158/282 1041/1162/281 1808/1171/1787
f 208/878/208 932/877/930 1809/1175/1788 938/1147/936
f 938/1147/936 1809/1175/1788 1052/1176/1041 288/1148/286
f 1809/1175/1788 925/1168/923 282/1170/280 1052/1176/1041
f 932/877/930 203/880/203 925/1168/923 1809/1175/1788
f 288/1148/286 1052/1176/1041 1810/1177/1789 1045/1153/1034
f 1045/1153/1034 1810/1177/1789 1053/1178/1042 287/1154/285
f 1810/1177/1789 1039/1172/1029 281/1174/279 1053/1178/1042
f 1052/1176/1041 282/1170/280 1039/1172/1029 1810/1177/1789
f 186/861/186 891/860/889 1811/1179/1790 1034/1180/1027
f 1034/1180/1027 1811/1179/1790 1054/1181/1043 277/1182/275
f 1811/1179/1790 895/1183/893 280/1184/278 1054/1181/1043
f 891/860/889 188/863/188 895/1183/893 1811/1179/1790
f 277/1182/275 1054/1181/1043 1812/1185/1791 1035/1186/1028
f 1035/1186/1028 1812/1185/1791 1055/1187/1044 278/1188/276
f 1812/1185/1791 1037/1189/277 279/1190/277 1055/1187/1044
f 1054/1181/1043 280/1184/278 1037/1189/277 1812/1185/1791
f 322/1191/320 1030/1192/253 1813/1193/253 1158/1194/1138
f 1158/1194/1138 1813/1193/253 1032/1195/1026 323/1196/321
f 1813/1193/253 1056/1197/253 275/1198/273 1032/1195/1026
f 1030/1192/253 273/1199/253 1056/1197/253 1813/1193/253
f 273/1199/253 1031/1200/253 1814/1201/253 1056/1197/253
f 1056/1197/253 1814/1201/253 1033/1202/273 275/1198/273
f 1814/1201/253 1057/713/272 276/136/274 1033/1202/273
f 1031/1200/253 274/650/272 1057/713/272 1814/1201/253
f 312/1203/310 1125/1204/253 1815/1205/253 1157/1206/1137
f 1157/1206/1137 1815/1205/253 1030/1192/253 322/1191/320
f 1815/1205/253 1058/1207/253 273/1199/253 1030/1192/253
f 1125/1204/253 255/1208/253 1058/1207/253 1815/1205/253
f 255/1208/253 1012/1209/253 1816/1210/253 1058/1207/253
f 1058/1207/253 1816/1210/253 1031/1200/253 273/1199/253
f 1816/1210/253 1059/648/1045 274/650/272 1031/1200/253
f 1012/1209/253 254/156/254 1059/648/1045 1816/1210/253
f 319/1211/317 1024/1212/1020 1817/1213/1792 1156/1214/1136
f 1156/1214/1136 1817/1213/1792 1028/1215/1024 321/1216/319
f 1817/1213/1792 1060/1217/1046 271/1218/270 1028/1215/1024
f 1024/1212/1020 267/1219/266 1060/1217/1046 1817/1213/1792
f 267/1219/266 1025/1220/1021 1818/1221/1793 1060/1217/1046
f 1060/1217/1046 1818/1221/1793 1029/1222/1025 271/1218/270
f 1818/1221/1793 1061/556/1047 272/178/271 1029/1222/1025
f 1025/1220/1021 268/467/267 1061/556/1047 1818/1221/1793
f 316/1223/314 1129/1224/1109 1819/1225/1794 1155/1226/1135
f 1155/1226/1135 1819/1225/1794 1026/1227/1022 320/1228/318
f 1819/1225/1794 1062/1229/1048 269/1230/268 1026/1227/1022
f 1129/1224/1109 263/1231/262 1062/1229/1048 1819/1225/1794
f 263/1231/262 1020/1232/1016 1820/1233/1795 1062/1229/1048
f 1062/1229/1048 1820/1233/1795 1027/1234/1023 269/1230/268
f 1820/1233/1795 1063/546/1049 270/439/269 1027/1234/1023
f 1020/1232/1016 262/102/261 1063/546/1049 1820/1233/1795
f 309/1235/307 1122/1236/1105 1821/1237/1796 1154/1238/1134
f 1154/1238/1134 1821/1237/1796 1024/1212/1020 319/1211/317
f 1821/1237/1796 1064/1239/1050 267/1219/266 1024/1212/1020
f 1122/1236/1105 249/1240/249 1064/1239/1050 1821/1237/1796
f 249/1240/249 1006/1241/1004 1822/1242/1797 1064/1239/1050
f 1064/1239/1050 1822/1242/1797 1025/1220/1021 267/1219/266
f 1822/1242/1797 1065/465/1051 268/467/267 1025/1220/1021
f 1006/1241/1004 248/198/248 1065/465/1051 1822/1242/1797
f 320/1228/318 1026/1227/1022 1823/1243/1798 1153/1244/1133
f 1153/1244/1133 1823/1243/1798 1022/1245/1018 318/1246/316
f 1823/1243/1798 1066/1247/1052 265/1248/264 1022/1245/1018
f 1026/1227/1022 269/1230/268 1066/1247/1052 1823/1243/1798
f 269/1230/268 1027/1234/1023 1824/1249/1799 1066/1247/1052
f 1066/1247/1052 1824/1249/1799 1023/1250/1019 265/1248/264
f 1824/1249/1799 1067/442/1053 266/241/265 1023/1250/1019
f 1027/1234/1023 270/439/269 1067/442/1053 1824/1249/1799
f 379/1251/377 1266/1252/1245 1825/1253/1800 998/1254/996
f 998/1254/996 1825/1253/1800 1068/1255/1054 241/1256/241
f 1825/1253/1800 1260/1257/1239 264/1258/263 1068/1255/1054
f 1266/1252/1245 378/1259/376 1260/1257/1239 1825/1253/1800
f 241/1256/241 1068/1255/1054 1826/1260/1801 1252/1261/1231
f 1252/1261/1231 1826/1260/1801 1256/1262/1235 375/1263/373
f 1826/1260/1801 1021/1264/1017 373/1265/371 1256/1262/1235
f 1068/1255/1054 264/1258/263 1021/1264/1017 1826/1260/1801
f 201/872/201 910/871/908 1827/1266/1802 927/1159/925
f 927/1159/925 1827/1266/1802 1069/1267/1055 286/1160/284
f 1827/1266/1802 1034/1180/1027 277/1182/275 1069/1267/1055
f 910/871/908 186/861/186 1034/1180/1027 1827/1266/1802
f 286/1160/284 1069/1267/1055 1828/1268/1803 1043/1165/1032
f 1043/1165/1032 1828/1268/1803 1070/1269/1056 285/1166/283
f 1828/1268/1803 1035/1186/1028 278/1188/276 1070/1269/1056
f 1069/1267/1055 277/1182/275 1035/1186/1028 1828/1268/1803
f 318/1246/316 1022/1245/1018 1829/1270/1804 1152/1271/1132
f 1152/1271/1132 1829/1270/1804 1119/1272/1102 306/1273/304
f 1829/1270/1804 1071/1274/1057 243/1275/243 1119/1272/1102
f 1022/1245/1018 265/1248/264 1071/1274/1057 1829/1270/1804
f 265/1248/264 1023/1250/1019 1830/1276/1805 1071/1274/1057
f 1071/1274/1057 1830/1276/1805 1000/1277/998 243/1275/243
f 1830/1276/1805 1072/244/1058 242/246/242 1000/1277/998
f 1023/1250/1019 266/241/265 1072/244/1058 1830/1276/1805
f 329/1278/327 1098/1279/1081 1831/1280/1806 1151/1281/1131
f 1151/1281/1131 1831/1280/1806 1120/1282/1103 468/1283/466
f 1831/1280/1806 1095/1284/1078 472/1285/470 1120/1282/1103
f 1098/1279/1081 295/1286/293 1095/1284/1078 1831/1280/1806
f 295/1286/293 1097/1287/1080 1832/1288/1807 1095/1284/1078
f 1095/1284/1078 1832/1288/1807 1002/1289/1000 472/1285/470
f 1832/1288/1807 1096/226/1079 471/228/469 1002/1289/1000
f 1097/1287/1080 296/223/294 1096/226/1079 1832/1288/1807
f 477/1290/475 1398/1291/1377 1833/1292/1808 1393/1293/1372
f 1393/1293/1372 1833/1292/1808 1121/1294/1104 308/1295/306
f 1833/1292/1808 1391/1296/1370 247/1297/247 1121/1294/1104
f 1398/1291/1377 478/1298/476 1391/1296/1370 1833/1292/1808
f 478/1298/476 1397/1299/1376 1834/1300/1809 1391/1296/1370
f 1391/1296/1370 1834/1300/1809 1004/1301/1002 247/1297/247
f 1834/1300/1809 1392/211/1371 246/193/246 1004/1301/1002
f 1397/1299/1376 479/208/477 1392/211/1371 1834/1300/1809
f 308/1295/306 1121/1294/1104 1835/1302/1810 1150/1303/1130
f 1150/1303/1130 1835/1302/1810 1122/1236/1105 309/1235/307
f 1835/1302/1810 1073/1304/1059 249/1240/249 1122/1236/1105
f 1121/1294/1104 247/1297/247 1073/1304/1059 1835/1302/1810
f 247/1297/247 1004/1301/1002 1836/1305/1811 1073/1304/1059
f 1073/1304/1059 1836/1305/1811 1006/1241/1004 249/1240/249
f 1836/1305/1811 1074/196/1060 248/198/248 1006/1241/1004
f 1004/1301/1002 246/193/246 1074/196/1060 1836/1305/1811
f 321/1216/319 1028/1215/1024 1837/1306/1812 1149/1307/1129
f 1149/1307/1129 1837/1306/1812 1123/1308/1006 310/1309/308
f 1837/1306/1812 1075/1310/1061 251/1311/251 1123/1308/1006
f 1028/1215/1024 271/1218/270 1075/1310/1061 1837/1306/1812
f 271/1218/270 1029/1222/1025 1838/1312/1813 1075/1310/1061
f 1075/1310/1061 1838/1312/1813 1008/1313/1006 251/1311/251
f 1838/1312/1813 1076/181/1062 250/166/250 1008/1313/1006
f 1029/1222/1025 272/178/271 1076/181/1062 1838/1312/1813
f 310/1309/308 1123/1308/1006 1839/1314/253 1148/1315/1128
f 1148/1315/1128 1839/1314/253 1124/1316/253 311/1317/309
f 1839/1314/253 1077/1318/253 253/1319/253 1124/1316/253
f 1123/1308/1006 251/1311/251 1077/1318/253 1839/1314/253
f 251/1311/251 1008/1313/1006 1840/1320/253 1077/1318/253
f 1077/1318/253 1840/1320/253 1010/1321/253 253/1319/253
f 1840/1320/253 1078/169/1063 252/151/252 1010/1321/253
f 1008/1313/1006 250/166/250 1078/169/1063 1840/1320/253
f 311/1317/309 1124/1316/253 1841/1322/253 1147/1323/1127
f 1147/1323/1127 1841/1322/253 1125/1204/253 312/1203/310
f 1841/1322/253 1079/1324/253 255/1208/253 1125/1204/253
f 1124/1316/253 253/1319/253 1079/1324/253 1841/1322/253
f 253/1319/253 1010/1321/253 1842/1325/253 1079/1324/253
f 1079/1324/253 1842/1325/253 1012/1209/253 255/1208/253
f 1842/1325/253 1080/154/254 254/156/254 1012/1209/253
f 1010/1321/253 252/151/252 1080/154/254 1842/1325/253
f 323/1196/321 1032/1195/1026 1843/1326/323 1146/1327/1126
f 1146/1327/1126 1843/1326/323 1126/1328/1106 313/1329/311
f 1843/1326/323 1081/1330/1064 257/1331/256 1126/1328/1106
f 1032/1195/1026 275/1198/273 1081/1330/1064 1843/1326/323
f 275/1198/273 1033/1202/273 1844/1332/1814 1081/1330/1064
f 1081/1330/1064 1844/1332/1814 1014/1333/1010 257/1331/256
f 1844/1332/1814 1082/139/1065 256/124/255 1014/1333/1010
f 1033/1202/273 276/136/274 1082/139/1065 1844/1332/1814
f 313/1329/311 1126/1328/1106 1845/1334/1815 1145/1335/1125
f 1145/1335/1125 1845/1334/1815 1127/1336/1107 314/1337/312
f 1845/1334/1815 1083/1338/1066 259/1339/258 1127/1336/1107
f 1126/1328/1106 257/1331/256 1083/1338/1066 1845/1334/1815
f 257/1331/256 1014/1333/1010 1846/1340/1816 1083/1338/1066
f 1083/1338/1066 1846/1340/1816 1016/1341/1012 259/1339/258
f 1846/1340/1816 1084/127/1067 258/112/257 1016/1341/1012
f 1014/1333/1010 256/124/255 1084/127/1067 1846/1340/1816
f 314/1337/312 1127/1336/1107 1847/1342/1817 1144/1343/1124
f 1144/1343/1124 1847/1342/1817 1128/1344/1108 315/1345/313
f 1847/1342/1817 1085/1346/1068 261/1347/260 1128/1344/1108
f 1127/1336/1107 259/1339/258 1085/1346/1068 1847/1342/1817
f 259/1339/258 1016/1341/1012 1848/1348/1818 1085/1346/1068
f 1085/1346/1068 1848/1348/1818 1018/1349/1014 261/1347/260
f 1848/1348/1818 1086/115/1069 260/97/259 1018/1349/1014
f 1016/1341/1012 258/112/257 1086/115/1069 1848/1348/1818
f 315/1345/313 1128/1344/1108 1849/1350/1819 1143/1351/1123
f 1143/1351/1123 1849/1350/1819 1129/1224/1109 316/1223/314
f 1849/1350/1819 1087/1352/1070 263/1231/262 1129/1224/1109
f 1128/1344/1108 261/1347/260 1087/1352/1070 1849/1350/1819
f 261/1347/260 1018/1349/1014 1850/1353/1820 1087/1352/1070
f 1087/1352/1070 1850/1353/1820 1020/1232/1016 263/1231/262
f 1850/1353/1820 1088/100/1071 262/102/261 1020/1232/1016
f 1018/1349/1014 260/97/259 1088/100/1071 1850/1353/1820
f 425/1354/423 1358/1355/1337 1851/1356/1821 1347/1357/1326
f 1347/1357/1326 1851/1356/1821 1246/1358/1225 299/1359/297
f 1851/1356/1821 1254/1360/1233 298/1361/296 1246/1358/1225
f 1358/1355/1337 423/1362/421 1254/1360/1233 1851/1356/1821
f 25/395/25 1106/1363/1089 1852/1364/1822 1111/1365/1094
f 1111/1365/1094 1852/1364/1822 1242/1366/1221 302/1367/300
f 1852/1364/1822 1241/1368/1220 368/1369/366 1242/1366/1221
f 1106/1363/1089 299/1359/297 1241/1368/1220 1852/1364/1822
f 14/219/14 651/326/649 1853/1370/1823 1089/217/1072
f 1089/217/1072 1853/1370/1823 1099/314/1082 289/214/287
f 1853/1370/1823 666/1371/664 294/321/292 1099/314/1082
f 651/326/649 66/328/66 666/1371/664 1853/1370/1823
f 435/1372/433 1383/1373/1362 1854/1374/1824 1115/1375/1098
f 1115/1375/1098 1854/1374/1824 1273/1376/1252 369/1377/367
f 1854/1374/1824 1382/1378/1361 432/1379/430 1273/1376/1252
f 1383/1373/1362 442/1380/440 1382/1378/1361 1854/1374/1824
f 1/390/1 583/393/581 1855/1381/1825 549/1382/547
f 549/1382/547 1855/1381/1825 1113/1383/1096 301/318/299
f 1855/1381/1825 1111/1365/1094 302/1367/300 1113/1383/1096
f 583/393/581 25/395/25 1111/1365/1094 1855/1381/1825
f 370/1384/368 1275/1385/1254 1856/1386/1826 1269/1387/1248
f 1269/1387/1248 1856/1386/1826 1365/1388/1344 384/1389/382
f 1856/1386/1826 1377/1390/1356 434/1391/432 1365/1388/1344
f 1275/1385/1254 436/1392/434 1377/1390/1356 1856/1386/1826
f 2/1393/2 633/1394/631 1857/1395/1827 1367/1396/1346
f 1367/1396/1346 1857/1395/1827 1117/1397/1100 304/1398/302
f 1857/1395/1827 1364/1399/1343 305/1400/303 1117/1397/1100
f 633/1394/631 68/1401/68 1364/1399/1343 1857/1395/1827
f 298/1361/296 1105/1402/1088 1858/1403/1828 1246/1358/1225
f 1246/1358/1225 1858/1403/1828 1245/1404/1224 299/1359/297
f 1858/1403/1828 1097/1287/1080 295/1286/293 1245/1404/1224
f 1105/1402/1088 296/223/294 1097/1287/1080 1858/1403/1828
f 380/1405/378 1264/1406/1243 1859/1407/1829 1249/1408/1228
f 1249/1408/1228 1859/1407/1829 1244/1409/1223 371/1410/369
f 1859/1407/1829 998/1254/996 241/1256/241 1244/1409/1223
f 1264/1406/1243 379/1251/377 998/1254/996 1859/1407/1829
f 300/1411/298 1092/1412/1075 1860/1413/1830 1109/1414/1092
f 1109/1414/1092 1860/1413/1830 1105/1402/1088 298/1361/296
f 1860/1413/1830 1101/224/1084 296/223/294 1105/1402/1088
f 1092/1412/1075 292/231/290 1101/224/1084 1860/1413/1830
f 302/1367/300 1091/1415/1074 1861/1416/1831 1113/1383/1096
f 1113/1383/1096 1861/1416/1831 1110/316/1093 301/318/299
f 1861/1416/1831 1102/215/1085 289/214/287 1110/316/1093
f 1091/1415/1074 291/222/289 1102/215/1085 1861/1416/1831
f 303/320/301 1112/1417/1095 1862/1418/1832 1114/317/1097
f 1114/317/1097 1862/1418/1832 549/1382/547 301/318/299
f 1862/1418/1832 631/391/629 1/390/1 549/1382/547
f 1112/1417/1095 56/398/56 631/391/629 1862/1418/1832
f 305/1400/303 1116/1419/1099 1863/1420/1833 1117/1397/1100
f 1117/1397/1100 1863/1420/1833 1090/1421/1073 304/1398/302
f 1863/1420/1833 1100/308/1083 290/18/288 1090/1421/1073
f 1116/1419/1099 293/313/291 1100/308/1083 1863/1420/1833
f 304/1398/302 1090/1421/1073 1864/1422/1834 1118/1423/1101
f 1118/1423/1101 1864/1422/1834 1240/1424/1219 297/1425/295
f 1864/1422/1834 1103/11/1086 367/10/365 1240/1424/1219
f 1090/1421/1073 290/18/288 1103/11/1086 1864/1422/1834
f 46/96/46 604/1426/602 1865/1427/1835 607/94/605
f 607/94/605 1865/1427/1835 606/1428/604 48/95/48
f 1865/1427/1835 1143/1351/1123 316/1223/314 606/1428/604
f 604/1426/602 315/1345/313 1143/1351/1123 1865/1427/1835
f 44/111/44 602/1429/600 1866/1430/1836 609/110/607
f 609/110/607 1866/1430/1836 604/1426/602 46/96/46
f 1866/1430/1836 1144/1343/1124 315/1345/313 604/1426/602
f 602/1429/600 314/1337/312 1144/1343/1124 1866/1430/1836
f 42/123/42 600/1431/598 1867/1432/1837 611/122/609
f 611/122/609 1867/1432/1837 602/1429/600 44/111/44
f 1867/1432/1837 1145/1335/1125 314/1337/312 602/1429/600
f 600/1431/598 313/1329/311 1145/1335/1125 1867/1432/1837
f 136/135/136 1136/1433/1116 1868/1434/1838 613/134/611
f 613/134/611 1868/1434/1838 600/1431/598 42/123/42
f 1868/1434/1838 1146/1327/1126 313/1329/311 600/1431/598
f 1136/1433/1116 323/1196/321 1146/1327/1126 1868/1434/1838
f 38/150/38 596/1435/594 1869/1436/1839 615/148/613
f 615/148/613 1869/1436/1839 598/1437/596 40/149/40
f 1869/1436/1839 1147/1323/1127 312/1203/310 598/1437/596
f 596/1435/594 311/1317/309 1147/1323/1127 1869/1436/1839
f 36/165/36 594/1438/592 1870/1439/1840 617/164/615
f 617/164/615 1870/1439/1840 596/1435/594 38/150/38
f 1870/1439/1840 1148/1315/1128 311/1317/309 596/1435/594
f 594/1438/592 310/1309/308 1148/1315/1128 1870/1439/1840
f 99/177/99 1134/1440/1114 1871/1441/1841 619/176/617
f 619/176/617 1871/1441/1841 594/1438/592 36/165/36
f 1871/1441/1841 1149/1307/1129 310/1309/308 594/1438/592
f 1134/1440/1114 321/1216/319 1149/1307/1129 1871/1441/1841
f 32/192/32 590/1442/588 1872/1443/1842 621/190/619
f 621/190/619 1872/1443/1842 592/1444/590 34/191/34
f 1872/1443/1842 1150/1303/1130 309/1235/307 592/1444/590
f 590/1442/588 308/1295/306 1150/1303/1130 1872/1443/1842
f 474/207/472 1396/1445/1375 1873/1446/1843 623/206/621
f 623/206/621 1873/1446/1843 590/1442/588 32/192/32
f 1873/1446/1843 1393/1293/1372 308/1295/306 590/1442/588
f 1396/1445/1375 477/1290/475 1393/1293/1372 1873/1446/1843
f 291/222/289 1142/1447/1122 1874/1448/1844 625/220/623
f 625/220/623 1874/1448/1844 588/1449/586 469/221/467
f 1874/1448/1844 1151/1281/1131 468/1283/466 588/1449/586
f 1142/1447/1122 329/1278/327 1151/1281/1131 1874/1448/1844
f 75/240/75 1131/1450/1111 1875/1451/1845 627/238/625
f 627/238/625 1875/1451/1845 586/1452/584 28/239/28
f 1875/1451/1845 1152/1271/1132 306/1273/304 586/1452/584
f 1131/1450/1111 318/1246/316 1152/1271/1132 1875/1451/1845
f 96/262/96 1133/1453/1113 1876/1454/1846 686/447/684
f 686/447/684 1876/1454/1846 1131/1450/1111 75/240/75
f 1876/1454/1846 1153/1244/1133 318/1246/316 1131/1450/1111
f 1133/1453/1113 320/1228/318 1153/1244/1133 1876/1454/1846
f 34/191/34 592/1444/590 1877/1455/1847 697/472/695
f 697/472/695 1877/1455/1847 1132/1456/1112 81/473/81
f 1877/1455/1847 1154/1238/1134 319/1211/317 1132/1456/1112
f 592/1444/590 309/1235/307 1154/1238/1134 1877/1455/1847
f 48/95/48 606/1428/604 1878/1457/1848 726/261/724
f 726/261/724 1878/1457/1848 1133/1453/1113 96/262/96
f 1878/1457/1848 1155/1226/1135 320/1228/318 1133/1453/1113
f 606/1428/604 316/1223/314 1155/1226/1135 1878/1457/1848
f 81/473/81 1132/1456/1112 1879/1458/1849 733/560/731
f 733/560/731 1879/1458/1849 1134/1440/1114 99/177/99
f 1879/1458/1849 1156/1214/1136 321/1216/319 1134/1440/1114
f 1132/1456/1112 319/1211/317 1156/1214/1136 1879/1458/1849
f 40/149/40 598/1437/596 1880/1459/1850 777/655/775
f 777/655/775 1880/1459/1850 1135/1460/1115 122/656/122
f 1880/1459/1850 1157/1206/1137 322/1191/320 1135/1460/1115
f 598/1437/596 312/1203/310 1157/1206/1137 1880/1459/1850
f 122/656/122 1135/1460/1115 1881/1461/1851 804/716/802
f 804/716/802 1881/1461/1851 1136/1433/1116 136/135/136
f 1881/1461/1851 1158/1194/1138 323/1196/321 1136/1433/1116
f 1135/1460/1115 322/1191/320 1158/1194/1138 1881/1461/1851
f 243/1152/243 1047/1151/1036 1882/1462/1852 1119/1463/1102
f 1119/1463/1102 1882/1462/1852 1159/958/1139 306/957/304
f 1882/1462/1852 1044/1464/1033 328/927/326 1159/958/1139
f 1047/1151/1036 287/1154/285 1044/1464/1033 1882/1462/1852
f 283/1164/281 1049/1163/1038 1883/1465/1787 1040/1466/1030
f 1040/1466/1030 1883/1465/1787 1160/937/280 326/936/324
f 1883/1465/1787 1042/1467/1031 327/342/325 1160/937/280
f 1049/1163/1038 285/1166/283 1042/1467/1031 1883/1465/1787
f 281/1174/279 1051/1173/1040 1884/1468/1038 1038/1469/279
f 1038/1469/279 1884/1468/1038 1161/933/1140 325/932/323
f 1884/1468/1038 1040/1466/1030 326/936/324 1161/933/1140
f 1051/1173/1040 283/1164/281 1040/1466/1030 1884/1468/1038
f 287/1154/285 1053/1178/1042 1885/1470/1853 1044/1464/1033
f 1044/1464/1033 1885/1470/1853 1162/928/1141 328/927/326
f 1885/1470/1853 1038/1469/279 325/932/323 1162/928/1141
f 1053/1178/1042 281/1174/279 1038/1469/279 1885/1470/1853
f 278/1188/276 1055/1187/1044 1886/1471/1854 1130/1472/1110
f 1130/1472/1110 1886/1471/1854 1163/852/1142 317/350/315
f 1886/1471/1854 1036/1473/277 324/855/322 1163/852/1142
f 1055/1187/1044 279/1190/277 1036/1473/277 1886/1471/1854
f 285/1166/283 1070/1269/1056 1887/1474/1855 1042/1467/1031
f 1042/1467/1031 1887/1474/1855 1164/343/1143 327/342/325
f 1887/1474/1855 1130/1472/1110 317/350/315 1164/343/1143
f 1070/1269/1056 278/1188/276 1130/1472/1110 1887/1474/1855
f 98/1136/98 992/1135/990 1888/1475/1856 945/1476/943
f 945/1476/943 1888/1475/1856 1203/1126/1182 354/1125/352
f 1888/1475/1856 995/1477/993 366/1039/364 1203/1126/1182
f 992/1135/990 239/1034/239 995/1477/993 1888/1475/1856
f 35/1142/35 990/1141/988 1889/1478/1857 943/1479/941
f 943/1479/941 1889/1478/1857 1204/1120/1183 353/1119/351
f 1889/1478/1857 994/1480/992 365/1045/363 1204/1120/1183
f 990/1141/988 237/41/237 994/1480/992 1889/1478/1857
f 232/1108/232 977/1112/975 1890/1481/1858 988/1482/986
f 988/1482/986 1890/1481/1858 1205/1117/1184 363/1116/361
f 1890/1481/1858 989/1483/987 364/1018/362 1205/1117/1184
f 977/1112/975 231/1067/231 989/1483/987 1890/1481/1858
f 223/43/223 971/1106/969 1891/1484/1859 959/1485/957
f 959/1485/957 1891/1484/1859 1206/1113/1185 357/1050/355
f 1891/1484/1859 988/1482/986 363/1116/361 1206/1113/1185
f 971/1106/969 232/1108/232 988/1482/986 1891/1484/1859
f 235/1097/235 981/1103/979 1892/1486/1860 982/1487/980
f 982/1487/980 1892/1486/1860 1207/1089/1186 361/1088/359
f 1892/1486/1860 983/1488/981 362/1078/360 1207/1089/1186
f 981/1103/979 236/1077/236 983/1488/981 1892/1486/1860
f 221/1036/221 980/1095/978 1893/1489/1861 961/1490/959
f 961/1490/959 1893/1489/1861 1208/1083/1187 358/1044/356
f 1893/1489/1861 982/1487/980 361/1088/359 1208/1083/1187
f 980/1095/978 235/1097/235 982/1487/980 1893/1489/1861
f 236/1077/236 973/1076/971 1894/1491/1862 983/1488/981
f 983/1488/981 1894/1491/1862 1209/1079/1188 362/1078/360
f 1894/1491/1862 969/1052/967 360/1051/358 1209/1079/1188
f 973/1076/971 225/1058/225 969/1052/967 1894/1491/1862
f 228/1070/228 1195/1082/1174 1895/1492/1863 968/1071/966
f 968/1068/966 1895/1493/1863 967/1494/965 227/1069/227
f 1895/1493/1863 1210/1055/1189 359/1026/357 967/1494/965
f 1195/1082/1174 360/1051/358 1210/1054/1189 1895/1492/1863
f 237/41/237 962/40/960 1896/1495/1864 994/1480/992
f 994/1480/992 1896/1495/1864 1211/1046/1190 365/1045/363
f 1896/1495/1864 959/1485/957 357/1050/355 1211/1046/1190
f 962/40/960 223/43/223 959/1485/957 1896/1495/1864
f 239/1034/239 964/1033/962 1897/1496/1865 995/1477/993
f 995/1477/993 1897/1496/1865 1212/1040/1191 366/1039/364
f 1897/1496/1865 961/1490/959 358/1044/356 1212/1040/1191
f 964/1033/962 221/1036/221 961/1490/959 1897/1496/1865
f 231/1067/231 976/1066/974 1898/1497/1866 989/1483/987
f 989/1483/987 1898/1497/1866 1213/1019/1192 364/1018/362
f 1898/1497/1866 967/1494/965 359/1026/357 1213/1019/1192
f 976/1066/974 227/1069/227 967/1494/965 1898/1497/1866
f 531/1017/529 951/1016/949 1899/1498/1867 1564/1499/1543
f 1564/1499/1543 1899/1498/1867 1214/1011/1193 534/1010/532
f 1899/1498/1867 956/1500/954 356/983/354 1214/1011/1193
f 951/1016/949 218/982/218 956/1500/954 1899/1498/1867
f 533/1009/531 953/1008/951 1900/1501/1868 1563/1502/1542
f 1563/1502/1542 1900/1501/1868 1215/999/1194 535/998/533
f 1900/1501/1868 954/1503/952 355/994/353 1215/999/1194
f 953/1008/951 220/993/220 954/1503/952 1900/1501/1868
f 220/993/220 949/992/947 1901/1504/1869 954/1503/952
f 954/1503/952 1901/1504/1869 1216/995/1195 355/994/353
f 1901/1504/1869 1179/1505/1158 344/564/342 1216/995/1195
f 949/992/947 216/183/216 1179/1505/1158 1901/1504/1869
f 218/982/218 947/981/945 1902/1506/1870 956/1500/954
f 956/1500/954 1902/1506/1870 1217/984/1196 356/983/354
f 1902/1506/1870 1169/47/1148 334/46/332 1217/984/1196
f 947/981/945 214/54/214 1169/47/1148 1902/1506/1870
f 4/968/4 934/967/932 1903/1507/1871 1165/1508/1144
f 1165/1508/1144 1903/1507/1871 1218/972/1197 330/971/328
f 1903/1507/1871 941/1509/939 352/873/350 1218/972/1197
f 934/967/932 210/914/210 941/1509/939 1903/1507/1871
f 193/922/193 903/926/901 1904/1510/1872 917/1511/915
f 917/1511/915 1904/1510/1872 1219/888/1198 350/887/348
f 1904/1510/1872 918/1512/916 351/867/349 1219/888/1198
f 903/926/901 194/368/194 918/1512/916 1904/1510/1872
f 192/916/192 902/920/900 1905/1513/1873 916/1514/914
f 916/1514/914 1905/1513/1873 1220/882/1199 349/881/347
f 1905/1513/1873 917/1511/915 350/887/348 1220/882/1199
f 902/920/900 193/922/193 917/1511/915 1905/1513/1873
f 210/914/210 901/913/899 1906/1515/1874 941/1509/939
f 941/1509/939 1906/1515/1874 1221/874/1200 352/873/350
f 1906/1515/1874 916/1514/914 349/881/347 1221/874/1200
f 901/913/899 192/916/192 916/1514/914 1906/1515/1874
f 194/368/194 648/367/646 1907/1516/1875 918/1512/916
f 918/1512/916 1907/1516/1875 1222/868/1201 351/867/349
f 1907/1516/1875 1182/1517/1161 347/856/345 1222/868/1201
f 648/367/646 185/370/185 1182/1517/1161 1907/1516/1875
f 185/370/185 890/369/888 1908/1518/1876 1182/1517/1161
f 1182/1517/1161 1908/1518/1876 1223/857/1202 347/856/345
f 1908/1518/1876 896/1519/894 348/864/346 1223/857/1202
f 890/369/888 187/371/187 896/1519/894 1908/1518/1876
f 123/652/123 1180/1520/1159 1909/1521/1877 805/714/803
f 805/714/803 1909/1521/1877 1181/1522/1160 137/141/137
f 1909/1521/1877 1224/718/1203 346/61/344 1181/1522/1160
f 1180/1520/1159 345/660/343 1224/718/1203 1909/1521/1877
f 39/158/39 597/1523/595 1910/1524/1878 778/651/776
f 778/651/776 1910/1524/1878 1180/1520/1159 123/652/123
f 1910/1524/1878 1225/658/1204 345/660/343 1180/1520/1159
f 597/1523/595 336/58/334 1225/658/1204 1910/1524/1878
f 82/469/82 1177/1525/1156 1911/1526/1879 734/557/732
f 734/557/732 1911/1526/1879 1179/1505/1158 216/183/216
f 1911/1526/1879 1226/562/1205 344/564/342 1179/1505/1158
f 1177/1525/1156 342/477/340 1226/562/1205 1911/1526/1879
f 47/104/47 605/1527/603 1912/1528/1880 727/547/725
f 727/547/725 1912/1528/1880 1178/1529/1157 97/444/97
f 1912/1528/1880 1227/543/1206 343/448/341 1178/1529/1157
f 605/1527/603 340/85/338 1227/543/1206 1912/1528/1880
f 33/200/33 591/1530/589 1913/1531/1881 698/468/696
f 698/468/696 1913/1531/1881 1177/1525/1156 82/469/82
f 1913/1531/1881 1228/475/1207 342/477/340 1177/1525/1156
f 591/1530/589 333/31/331 1228/475/1207 1913/1531/1881
f 97/444/97 1178/1529/1157 1914/1532/1882 687/443/685
f 687/443/685 1914/1532/1882 1176/1533/1155 76/249/76
f 1914/1532/1882 1229/451/1208 341/1/339 1176/1533/1155
f 1178/1529/1157 343/448/341 1229/451/1208 1914/1532/1882
f 45/105/45 603/1534/601 1915/1535/1883 608/103/606
f 608/103/606 1915/1535/1883 605/1527/603 47/104/47
f 1915/1535/1883 1230/83/1209 340/85/338 605/1527/603
f 603/1534/601 339/79/337 1230/83/1209 1915/1535/1883
f 43/117/43 601/1536/599 1916/1537/1884 610/116/608
f 610/116/608 1916/1537/1884 603/1534/601 45/105/45
f 1916/1537/1884 1231/77/1210 339/79/337 603/1534/601
f 601/1536/599 338/73/336 1231/77/1210 1916/1537/1884
f 41/129/41 599/1538/597 1917/1539/1885 612/128/610
f 612/128/610 1917/1539/1885 601/1536/599 43/117/43
f 1917/1539/1885 1232/71/1211 338/73/336 601/1536/599
f 599/1538/597 337/66/335 1232/71/1211 1917/1539/1885
f 137/141/137 1181/1522/1160 1918/1540/1886 614/140/612
f 614/140/612 1918/1540/1886 599/1538/597 41/129/41
f 1918/1540/1886 1233/64/1212 337/66/335 599/1538/597
f 1181/1522/1160 346/61/344 1233/64/1212 1918/1540/1886
f 37/159/37 595/1541/593 1919/1542/1887 616/157/614
f 616/157/614 1919/1542/1887 597/1523/595 39/158/39
f 1919/1542/1887 1234/56/1213 336/58/334 597/1523/595
f 595/1541/593 335/51/333 1234/56/1213 1919/1542/1887
f 215/171/215 593/989/591 1920/1543/1888 618/170/616
f 618/170/616 1920/1543/1888 595/1541/593 37/159/37
f 1920/1543/1888 1235/49/1214 335/51/333 595/1541/593
f 593/989/591 334/46/332 1235/49/1214 1920/1543/1888
f 31/201/31 589/1544/587 1921/1545/1889 622/199/620
f 622/199/620 1921/1545/1889 591/1530/589 33/200/33
f 1921/1545/1889 1236/29/1215 333/31/331 591/1530/589
f 589/1544/587 332/24/330 1236/29/1215 1921/1545/1889
f 476/213/474 1395/1546/1374 1922/1547/1890 624/212/622
f 624/212/622 1922/1547/1890 589/1544/587 31/201/31
f 1922/1547/1890 1394/22/1373 332/24/330 589/1544/587
f 1395/1546/1374 453/19/451 1394/22/1373 1922/1547/1890
f 292/231/290 1202/1548/1181 1923/1549/1891 626/229/624
f 626/229/624 1923/1549/1891 587/1550/585 470/230/468
f 1923/1549/1891 1238/13/1217 331/15/329 587/1550/585
f 1202/1548/1181 367/10/365 1238/13/1217 1923/1549/1891
f 76/249/76 1176/1533/1155 1924/1551/1892 628/247/626
f 628/247/626 1924/1551/1892 585/1552/583 27/248/27
f 1924/1551/1892 1239/4/1218 330/6/328 585/1552/583
f 1176/1533/1155 341/1/339 1239/4/1218 1924/1551/1892
f 299/1359/297 1245/1404/1224 1925/1553/1893 1241/1368/1220
f 1241/1368/1220 1925/1553/1893 1243/1554/1222 368/1369/366
f 1925/1553/1893 1098/1279/1081 329/1278/327 1243/1554/1222
f 1245/1404/1224 295/1286/293 1098/1279/1081 1925/1553/1893
f 367/10/365 1202/1548/1181 1926/1555/1894 1240/1424/1219
f 1240/1424/1219 1926/1555/1894 1108/1556/1091 297/1425/295
f 1926/1555/1894 1092/1412/1075 300/1411/298 1108/1556/1091
f 1202/1548/1181 292/231/290 1092/1412/1075 1926/1555/1894
f 329/1278/327 1142/1447/1122 1927/1557/1895 1243/1554/1222
f 1243/1554/1222 1927/1557/1895 1242/1366/1221 368/1369/366
f 1927/1557/1895 1091/1415/1074 302/1367/300 1242/1366/1221
f 1142/1447/1122 291/222/289 1091/1415/1074 1927/1557/1895
f 431/299/429 1270/302/1249 1928/1558/1896 1362/1559/1341
f 1362/1559/1341 1928/1558/1896 1273/1376/1252 432/1379/430
f 1928/1558/1896 1274/1560/1253 369/1377/367 1273/1376/1252
f 1270/302/1249 385/304/383 1274/1560/1253 1928/1558/1896
f 241/1256/241 1252/1261/1231 1929/1561/1897 1244/1409/1223
f 1244/1409/1223 1929/1561/1897 1251/1562/1230 371/1410/369
f 1929/1561/1897 1257/1563/1236 374/1564/372 1251/1562/1230
f 1252/1261/1231 375/1263/373 1257/1563/1236 1929/1561/1897
f 372/1565/370 584/1566/582 1930/1567/1898 1255/1568/1234
f 1255/1568/1234 1930/1567/1898 1250/1569/1229 377/1570/375
f 1930/1567/1898 1248/1571/1227 370/1384/368 1250/1569/1229
f 584/1566/582 26/1572/26 1248/1571/1227 1930/1567/1898
f 377/1570/375 1250/1569/1229 1931/1573/1899 1258/1574/1237
f 1258/1574/1237 1931/1573/1899 1271/1575/1250 382/1576/380
f 1931/1573/1899 1269/1387/1248 384/1389/382 1271/1575/1250
f 1250/1569/1229 370/1384/368 1269/1387/1248 1931/1573/1899
f 376/1577/374 1253/1578/1232 1932/1579/1900 1259/1580/1238
f 1259/1580/1238 1932/1579/1900 584/1566/582 372/1565/370
f 1932/1579/1900 642/1581/640 26/1572/26 584/1566/582
f 1253/1578/1232 58/1582/58 642/1581/640 1932/1579/1900
f 425/1354/423 1357/1583/1336 1933/1584/1901 1262/1585/1241
f 1262/1585/1241 1933/1584/1901 1264/1406/1243 380/1405/378
f 1933/1584/1901 1261/1586/1240 379/1251/377 1264/1406/1243
f 1357/1583/1336 424/1587/422 1261/1586/1240 1933/1584/1901
f 371/1410/369 1251/1562/1230 1934/1588/1902 1249/1408/1228
f 1249/1408/1228 1934/1588/1902 1265/1589/1244 380/1405/378
f 1934/1588/1902 1263/1590/1242 381/1591/379 1265/1589/1244
f 1251/1562/1230 374/1564/372 1263/1590/1242 1934/1588/1902
f 424/1587/422 1356/1592/1335 1935/1593/1903 1261/1586/1240
f 1261/1586/1240 1935/1593/1903 1266/1252/1245 379/1251/377
f 1935/1593/1903 1344/1594/1323 378/1259/376 1266/1252/1245
f 1356/1592/1335 422/1595/420 1344/1594/1323 1935/1593/1903
f 385/304/383 550/1596/548 1936/1597/1904 1274/1560/1253
f 369/1377/367 1274/1560/1253 1936/1597/1904 1247/1598/1226
f 2/1393/2 1247/1598/1226 1936/1597/1904 550/1596/548
f 435/1372/433 1107/1599/1090 1937/1600/1905 1378/1601/1357
f 1378/1601/1357 1937/1600/1905 1368/1602/1347 437/1603/435
f 1937/1600/1905 1109/1414/1092 298/1361/296 1368/1602/1347
f 1107/1599/1090 300/1411/298 1109/1414/1092 1937/1600/1905
f 383/306/381 1268/1604/1247 1938/1605/1906 1272/303/1251
f 1272/303/1251 1938/1605/1906 550/1596/548 385/304/383
f 1938/1605/1906 633/1394/631 2/1393/2 550/1596/548
f 1268/1604/1247 68/1401/68 633/1394/631 1938/1605/1906
f 2/1393/2 1367/1396/1346 1939/1606/1907 1247/1598/1226
f 1247/1598/1226 1939/1606/1907 1104/1607/1087 369/1377/367
f 1939/1606/1907 1118/1423/1101 297/1425/295 1104/1607/1087
f 1367/1396/1346 304/1398/302 1118/1423/1101 1939/1606/1907
f 414/1608/412 1328/1609/1307 1940/1610/1908 1343/1611/1322
f 1343/1611/1322 1940/1610/1908 1284/1612/1263 413/1613/411
f 1940/1610/1908 1280/1614/1259 392/1615/390 1284/1612/1263
f 1328/1609/1307 394/1616/392 1280/1614/1259 1940/1610/1908
f 441/1617/439 1376/1618/1355 1941/1619/1909 1372/1620/1351
f 1372/1620/1351 1941/1619/1909 1328/1609/1307 414/1608/412
f 1941/1619/1909 1283/1621/1262 394/1616/392 1328/1609/1307
f 1376/1618/1355 438/1622/436 1283/1621/1262 1941/1619/1909
f 417/1623/415 1331/1624/1310 1942/1625/1910 1341/1626/1320
f 1341/1626/1320 1942/1625/1910 1287/1627/1266 416/1628/414
f 1942/1625/1910 1278/1629/1257 390/1630/388 1287/1627/1266
f 1331/1624/1310 388/1631/386 1278/1629/1257 1942/1625/1910
f 429/1632/427 1355/1633/1334 1943/1634/1911 1351/1635/1330
f 1351/1635/1330 1943/1634/1911 1329/1636/1308 415/1637/413
f 1943/1634/1911 1276/1638/1255 386/1639/384 1329/1636/1308
f 1355/1633/1334 426/1640/424 1276/1638/1255 1943/1634/1911
f 419/1641/417 1333/1642/1312 1944/1643/1912 1339/1644/1318
f 1339/1644/1318 1944/1643/1912 1332/1645/1311 418/1646/416
f 1944/1643/1912 1282/1647/1261 393/1648/391 1332/1645/1311
f 1333/1642/1312 389/1649/387 1282/1647/1261 1944/1643/1912
f 421/1650/419 1335/1651/1314 1945/1652/1913 1338/1653/1317
f 1338/1653/1317 1945/1652/1913 1291/1654/1270 420/1655/418
f 1945/1652/1913 1281/1656/1260 391/1657/389 1291/1654/1270
f 1335/1651/1314 387/1658/385 1281/1656/1260 1945/1652/1913
f 416/1628/414 1287/1627/1266 1946/1659/1914 1337/1660/1316
f 1337/1660/1316 1946/1659/1914 1333/1642/1312 419/1641/417
f 1946/1659/1914 1279/1661/1258 389/1649/387 1333/1642/1312
f 1287/1627/1266 390/1630/388 1279/1661/1258 1946/1659/1914
f 413/1613/411 1284/1612/1263 1947/1662/1915 1336/1663/1315
f 1336/1663/1315 1947/1662/1915 1335/1651/1314 421/1650/419
f 1947/1662/1915 1277/1664/1256 387/1658/385 1335/1651/1314
f 1284/1612/1263 392/1615/390 1277/1664/1256 1947/1662/1915
f 405/1665/403 1311/1666/1290 1948/1667/1916 1326/1668/1305
f 1326/1668/1305 1948/1667/1916 1301/1669/1280 404/1670/402
f 1948/1667/1916 1297/1671/1276 401/1672/399 1301/1669/1280
f 1311/1666/1290 403/1673/401 1297/1671/1276 1948/1667/1916
f 407/1674/405 1313/1675/1292 1949/1676/1917 1325/1677/1304
f 1325/1677/1304 1949/1676/1917 1303/1678/1282 406/1679/404
f 1949/1676/1917 1295/1680/1274 399/1681/397 1303/1678/1282
f 1313/1675/1292 397/1682/395 1295/1680/1274 1949/1676/1917
f 428/1683/426 1354/1684/1333 1950/1685/1918 1350/1686/1329
f 1350/1686/1329 1950/1685/1918 1305/1687/1284 408/1688/406
f 1950/1685/1918 1293/1689/1272 395/1690/393 1305/1687/1284
f 1354/1684/1333 427/1691/425 1293/1689/1272 1950/1685/1918
f 440/1692/438 1375/1693/1354 1951/1694/1919 1371/1695/1350
f 1371/1695/1350 1951/1694/1919 1311/1666/1290 405/1665/403
f 1951/1694/1919 1300/1696/1279 403/1673/401 1311/1666/1290
f 1375/1693/1354 439/1697/437 1300/1696/1279 1951/1694/1919
f 411/1698/409 1317/1699/1296 1952/1700/1920 1322/1701/1301
f 1322/1701/1301 1952/1700/1920 1307/1702/1286 410/1703/408
f 1952/1700/1920 1298/1704/1277 400/1705/398 1307/1702/1286
f 1317/1699/1296 396/1706/394 1298/1704/1277 1952/1700/1920
f 406/1679/404 1303/1678/1282 1953/1707/1921 1321/1708/1300
f 1321/1708/1300 1953/1707/1921 1309/1709/1288 412/1710/410
f 1953/1707/1921 1296/1711/1275 398/1712/396 1309/1709/1288
f 1303/1678/1282 399/1681/397 1296/1711/1275 1953/1707/1921
f 404/1670/402 1301/1669/1280 1954/1713/1922 1320/1714/1299
f 1320/1714/1299 1954/1713/1922 1317/1699/1296 411/1698/409
f 1954/1713/1922 1294/1715/1273 396/1706/394 1317/1699/1296
f 1301/1669/1280 401/1672/399 1294/1715/1273 1954/1713/1922
f 412/1710/410 1309/1709/1288 1955/1716/1923 1319/1717/1298
f 1319/1717/1298 1955/1716/1923 1315/1718/1294 409/1719/407
f 1955/1716/1923 1299/1720/1278 402/1721/400 1315/1718/1294
f 1309/1709/1288 398/1712/396 1299/1720/1278 1955/1716/1923
f 389/1649/387 1318/1722/1297 1956/1723/1924 1282/1647/1261
f 1282/1647/1261 1956/1723/1924 1306/1724/1285 393/1648/391
f 1956/1723/1924 1319/1717/1298 409/1719/407 1306/1724/1285
f 1318/1722/1297 412/1710/410 1319/1717/1298 1956/1723/1924
f 392/1615/390 1310/1725/1289 1957/1726/1925 1277/1664/1256
f 1277/1664/1256 1957/1726/1925 1308/1727/1287 387/1658/385
f 1957/1726/1925 1320/1714/1299 411/1698/409 1308/1727/1287
f 1310/1725/1289 404/1670/402 1320/1714/1299 1957/1726/1925
f 390/1630/388 1312/1728/1291 1958/1729/1926 1279/1661/1258
f 1279/1661/1258 1958/1729/1926 1318/1722/1297 389/1649/387
f 1958/1729/1926 1321/1708/1300 412/1710/410 1318/1722/1297
f 1312/1728/1291 406/1679/404 1321/1708/1300 1958/1729/1926
f 387/1658/385 1308/1727/1287 1959/1730/1927 1281/1656/1260
f 1281/1656/1260 1959/1730/1927 1316/1731/1295 391/1657/389
f 1959/1730/1927 1322/1701/1301 410/1703/408 1316/1731/1295
f 1308/1727/1287 411/1698/409 1322/1701/1301 1959/1730/1927
f 438/1622/436 1374/1732/1353 1960/1733/1928 1283/1621/1262
f 1283/1621/1262 1960/1733/1928 1302/1734/1281 394/1616/392
f 1960/1733/1928 1371/1695/1350 405/1665/403 1302/1734/1281
f 1374/1732/1353 440/1692/438 1371/1695/1350 1960/1733/1928
f 426/1640/424 1353/1735/1332 1961/1736/1929 1276/1638/1255
f 1276/1638/1255 1961/1736/1929 1314/1737/1293 386/1639/384
f 1961/1736/1929 1350/1686/1329 408/1688/406 1314/1737/1293
f 1353/1735/1332 428/1683/426 1350/1686/1329 1961/1736/1929
f 388/1631/386 1304/1738/1283 1962/1739/1930 1278/1629/1257
f 1278/1629/1257 1962/1739/1930 1312/1728/1291 390/1630/388
f 1962/1739/1930 1325/1677/1304 406/1679/404 1312/1728/1291
f 1304/1738/1283 407/1674/405 1325/1677/1304 1962/1739/1930
f 394/1616/392 1302/1734/1281 1963/1740/1931 1280/1614/1259
f 1280/1614/1259 1963/1740/1931 1310/1725/1289 392/1615/390
f 1963/1740/1931 1326/1668/1305 404/1670/402 1310/1725/1289
f 1302/1734/1281 405/1665/403 1326/1668/1305 1963/1740/1931
f 377/1570/375 1327/1741/1306 1964/1742/1932 1255/1568/1234
f 1255/1568/1234 1964/1742/1932 1292/1743/1271 372/1565/370
f 1964/1744/1932 1336/1663/1315 421/1650/419 1292/1745/1271
f 1327/1746/1306 413/1613/411 1336/1663/1315 1964/1744/1932
f 375/1263/373 1330/1747/1309 1965/1748/1933 1257/1563/1236
f 1257/1563/1236 1965/1748/1933 1290/1749/1269 374/1564/372
f 1965/1750/1933 1337/1660/1316 419/1641/417 1290/1751/1269
f 1330/1752/1309 416/1628/414 1337/1660/1316 1965/1750/1933
f 372/1565/370 1292/1743/1271 1966/1753/1934 1259/1580/1238
f 1259/1580/1238 1966/1753/1934 1334/1754/1313 376/1577/374
f 1966/1755/1934 1338/1653/1317 420/1655/418 1334/1756/1313
f 1292/1745/1271 421/1650/419 1338/1653/1317 1966/1755/1934
f 374/1564/372 1290/1749/1269 1967/1757/1935 1263/1590/1242
f 1263/1590/1242 1967/1757/1935 1289/1758/1268 381/1591/379
f 1967/1759/1935 1339/1644/1318 418/1646/416 1289/1760/1268
f 1290/1751/1269 419/1641/417 1339/1644/1318 1967/1759/1935
f 423/1362/421 1352/1761/1331 1968/1762/1936 1254/1360/1233
f 1254/1360/1233 1968/1762/1936 1286/1763/1265 298/1361/296
f 1968/1764/1936 1351/1635/1330 415/1637/413 1286/1765/1265
f 1352/1766/1331 429/1632/427 1351/1635/1330 1968/1764/1936
f 373/1265/371 1288/1767/1267 1969/1768/1937 1256/1262/1235
f 1256/1262/1235 1969/1768/1937 1330/1747/1309 375/1263/373
f 1969/1769/1937 1341/1626/1320 416/1628/414 1330/1752/1309
f 1288/1770/1267 417/1623/415 1341/1626/1320 1969/1769/1937
f 437/1603/435 1373/1771/1352 1970/1772/1938 1267/1773/1246
f 1267/1773/1246 1970/1772/1938 1285/1774/1264 382/1576/380
f 1970/1775/1938 1372/1620/1351 414/1608/412 1285/1776/1264
f 1373/1777/1352 441/1617/439 1372/1620/1351 1970/1775/1938
f 382/1576/380 1285/1774/1264 1971/1778/1939 1258/1574/1237
f 1258/1574/1237 1971/1778/1939 1327/1741/1306 377/1570/375
f 1971/1779/1939 1343/1611/1322 413/1613/411 1327/1746/1306
f 1285/1776/1264 414/1608/412 1343/1611/1322 1971/1779/1939
f 381/1591/379 1289/1758/1268 1972/1780/1940 1345/1781/1324
f 1345/1781/1324 1972/1780/1940 1352/1761/1331 423/1362/421
f 1972/1782/1940 1340/1783/1319 429/1632/427 1352/1766/1331
f 1289/1760/1268 418/1646/416 1340/1783/1319 1972/1782/1940
f 393/1648/391 1306/1724/1285 1973/1784/1941 1348/1785/1327
f 1348/1785/1327 1973/1784/1941 1353/1735/1332 426/1640/424
f 1973/1784/1941 1324/1786/1303 428/1683/426 1353/1735/1332
f 1306/1724/1285 409/1719/407 1324/1786/1303 1973/1784/1941
f 409/1719/407 1315/1718/1294 1974/1787/1942 1324/1786/1303
f 1324/1786/1303 1974/1787/1942 1354/1684/1333 428/1683/426
f 1974/1787/1942 1349/1788/1328 427/1691/425 1354/1684/1333
f 1315/1718/1294 402/1721/400 1349/1788/1328 1974/1787/1942
f 418/1646/416 1332/1645/1311 1975/1789/1943 1340/1783/1319
f 1340/1783/1319 1975/1789/1943 1355/1633/1334 429/1632/427
f 1975/1789/1943 1348/1785/1327 426/1640/424 1355/1633/1334
f 1332/1645/1311 393/1648/391 1348/1785/1327 1975/1789/1943
f 25/395/25 639/394/637 1976/1790/1944 1346/1791/1325
f 1346/1791/1325 1976/1790/1944 1356/1592/1335 424/1587/422
f 1976/1790/1944 675/1792/673 422/1595/420 1356/1592/1335
f 639/394/637 55/397/55 675/1792/673 1976/1790/1944
f 299/1359/297 1106/1363/1089 1977/1793/1945 1347/1357/1326
f 1347/1357/1326 1977/1793/1945 1357/1583/1336 425/1354/423
f 1977/1793/1945 1346/1791/1325 424/1587/422 1357/1583/1336
f 1106/1363/1089 25/395/25 1346/1791/1325 1977/1793/1945
f 380/1405/378 1265/1589/1244 1978/1794/1946 1262/1585/1241
f 1262/1585/1241 1978/1794/1946 1358/1355/1337 425/1354/423
f 1978/1794/1946 1345/1781/1324 423/1362/421 1358/1355/1337
f 1265/1589/1244 381/1591/379 1345/1781/1324 1978/1794/1946
f 26/1572/26 665/1795/663 1979/1796/1947 1248/1571/1227
f 1248/1571/1227 1979/1796/1947 1275/1385/1254 370/1384/368
f 1979/1796/1947 1379/1797/1358 436/1392/434 1275/1385/1254
f 665/1795/663 433/1798/431 1379/1797/1358 1979/1796/1947
f 26/1572/26 642/1581/640 1980/1799/1948 665/1795/663
f 665/1795/663 1980/1799/1948 1384/1800/1363 433/1798/431
f 1980/1799/1948 664/1801/662 443/1802/441 1384/1800/1363
f 642/1581/640 58/1582/58 664/1801/662 1980/1799/1948
f 298/1361/296 1286/1763/1265 1981/1803/1949 1368/1602/1347
f 1368/1602/1347 1981/1803/1949 1373/1771/1352 437/1603/435
f 1981/1804/1949 1342/1805/1321 441/1617/439 1373/1777/1352
f 1286/1765/1265 415/1637/413 1342/1805/1321 1981/1804/1949
f 386/1639/384 1314/1737/1293 1982/1806/1950 1369/1807/1348
f 1369/1807/1348 1982/1806/1950 1374/1732/1353 438/1622/436
f 1982/1806/1950 1323/1808/1302 440/1692/438 1374/1732/1353
f 1314/1737/1293 408/1688/406 1323/1808/1302 1982/1806/1950
f 408/1688/406 1305/1687/1284 1983/1809/1951 1323/1808/1302
f 1323/1808/1302 1983/1809/1951 1375/1693/1354 440/1692/438
f 1983/1809/1951 1370/1810/1349 439/1697/437 1375/1693/1354
f 1305/1687/1284 395/1690/393 1370/1810/1349 1983/1809/1951
f 415/1637/413 1329/1636/1308 1984/1811/1952 1342/1805/1321
f 1342/1805/1321 1984/1811/1952 1376/1618/1355 441/1617/439
f 1984/1811/1952 1369/1807/1348 438/1622/436 1376/1618/1355
f 1329/1636/1308 386/1639/384 1369/1807/1348 1984/1811/1952
f 443/1802/441 1380/1812/1359 1985/1813/1953 1384/1800/1363
f 1384/1800/1363 1985/1813/1953 1360/1814/1339 433/1798/431
f 1985/1813/1953 1363/300/1342 431/299/429 1360/1814/1339
f 1380/1812/1359 430/307/428 1363/300/1342 1985/1813/1953
f 384/1389/382 1366/1815/1345 1986/1816/1954 1271/1575/1250
f 1271/1575/1250 1986/1816/1954 1267/1773/1246 382/1576/380
f 1986/1816/1954 1378/1601/1357 437/1603/435 1267/1773/1246
f 1366/1815/1345 435/1372/433 1378/1601/1357 1986/1816/1954
f 436/1392/434 1361/1817/1340 1987/1818/1955 1377/1390/1356
f 1377/1390/1356 1987/1818/1955 1381/1819/1360 434/1391/432
f 1987/1818/1955 1382/1378/1361 442/1380/440 1381/1819/1360
f 1361/1817/1340 432/1379/430 1382/1378/1361 1987/1818/1955
f 433/1798/431 1360/1814/1339 1988/1820/1956 1379/1797/1358
f 1379/1797/1358 1988/1820/1956 1361/1817/1340 436/1392/434
f 1988/1820/1956 1362/1559/1341 432/1379/430 1361/1817/1340
f 1360/1814/1339 431/299/429 1362/1559/1341 1988/1820/1956
f 369/1377/367 1104/1607/1087 1989/1821/1957 1115/1375/1098
f 1115/1375/1098 1989/1821/1957 1107/1599/1090 435/1372/433
f 1989/1821/1957 1108/1556/1091 300/1411/298 1107/1599/1090
f 1104/1607/1087 297/1425/295 1108/1556/1091 1989/1821/1957
f 435/1372/433 1366/1815/1345 1990/1822/1958 1383/1373/1362
f 1383/1373/1362 1990/1822/1958 1381/1819/1360 442/1380/440
f 1990/1822/1958 1365/1388/1344 434/1391/432 1381/1819/1360
f 1366/1815/1345 384/1389/382 1365/1388/1344 1990/1822/1958
f 475/1823/473 1439/1824/1418 1991/1825/1959 1388/1826/1367
f 1388/1826/1367 1991/1825/1959 1395/1546/1374 476/213/474
f 1991/1825/1959 1414/1827/1393 453/19/451 1395/1546/1374
f 1439/1824/1418 458/1828/456 1414/1827/1393 1991/1825/1959
f 465/1829/463 1408/1830/1387 1992/1831/1960 1455/1832/1434
f 1455/1832/1434 1992/1831/1960 1409/1833/1388 464/1834/462
f 1992/1831/1960 1556/1835/1535 522/1836/520 1409/1833/1388
f 1408/1830/1387 523/1837/521 1556/1835/1535 1992/1831/1960
f 447/1838/445 1429/1839/1408 1993/1840/1961 1447/1841/1426
f 1447/1841/1426 1993/1840/1961 1408/1830/1387 465/1829/463
f 1993/1840/1961 1548/1842/1527 523/1837/521 1408/1830/1387
f 1429/1839/1408 529/1843/527 1548/1842/1527 1993/1840/1961
f 464/1834/462 1409/1833/1388 1994/1844/1962 1454/1845/1433
f 1454/1845/1433 1994/1844/1962 1432/1846/1411 29/1847/29
f 1994/1844/1962 1555/1848/1534 527/1849/525 1432/1846/1411
f 1409/1833/1388 522/1836/520 1555/1848/1534 1994/1844/1962
f 13/184/13 650/332/648 1995/1850/1963 1385/205/1364
f 1385/205/1364 1995/1850/1963 1399/1851/1378 444/202/442
f 1995/1850/1963 667/1852/665 449/1853/447 1399/1851/1378
f 650/332/648 65/334/65 667/1852/665 1995/1850/1963
f 461/1854/459 1431/1855/1410 1996/1856/1964 1386/1857/1365
f 1386/1857/1365 1996/1856/1964 1400/295/1379 445/27/443
f 1996/1856/1964 1406/1858/1385 448/298/446 1400/295/1379
f 1431/1855/1410 456/1859/454 1406/1858/1385 1996/1856/1964
f 463/1860/461 1411/1861/1390 1997/1862/1965 1446/1863/1425
f 1446/1863/1425 1997/1862/1965 1410/1864/1389 446/1865/444
f 1997/1862/1965 1547/1866/1526 528/1867/526 1410/1864/1389
f 1411/1861/1390 525/1868/523 1547/1866/1526 1997/1862/1965
f 454/1869/452 1427/1870/1406 1998/1871/1966 1404/1872/1383
f 1404/1872/1383 1998/1871/1966 1402/203/1381 444/202/442
f 1998/1871/1966 1387/1873/1366 474/207/472 1402/203/1381
f 1427/1870/1406 473/1874/471 1387/1873/1366 1998/1871/1966
f 458/1828/456 1425/1875/1404 1999/1876/1967 1414/1827/1393
f 1414/1827/1393 1999/1876/1967 1403/20/1382 453/19/451
f 1999/1876/1967 1386/1857/1365 445/27/443 1403/20/1382
f 1425/1875/1404 461/1854/459 1386/1857/1365 1999/1876/1967
f 331/15/329 1166/14/1145 2000/1877/1968 1237/1878/1216
f 1237/1878/1216 2000/1877/1968 1424/1879/1403 459/1880/457
f 2000/1877/1968 1416/1881/1395 460/1882/458 1424/1879/1403
f 1166/14/1145 15/17/15 1416/1881/1395 2000/1877/1968
f 459/1880/457 1424/1879/1403 2001/1883/1969 1415/1884/1394
f 1415/1884/1394 2001/1883/1969 1425/1875/1404 458/1828/456
f 2001/1883/1969 1417/1885/1396 461/1854/459 1425/1875/1404
f 1424/1879/1403 460/1882/458 1417/1885/1396 2001/1883/1969
f 14/219/14 573/218/571 2002/1886/1970 562/325/560
f 562/325/560 2002/1886/1970 1426/1887/1405 455/322/453
f 2002/1886/1970 1418/1888/1397 480/1889/478 1426/1887/1405
f 573/218/571 469/221/467 1418/1888/1397 2002/1886/1970
f 455/322/453 1426/1887/1405 2003/1890/1971 1405/1891/1384
f 1405/1891/1384 2003/1890/1971 1427/1870/1406 454/1869/452
f 2003/1890/1971 1419/1892/1398 473/1874/471 1427/1870/1406
f 1426/1887/1405 480/1889/478 1419/1892/1398 2003/1890/1971
f 462/1893/460 1412/1894/1391 2004/1895/1972 1453/1896/1432
f 1453/1896/1432 2004/1895/1972 1411/1861/1390 463/1860/461
f 2004/1895/1972 1554/1897/1533 525/1868/523 1411/1861/1390
f 1412/1894/1391 524/1898/522 1554/1897/1533 2004/1895/1972
f 245/1899/245 1413/1900/1392 2005/1901/1973 1445/1902/1424
f 1445/1902/1424 2005/1901/1973 1436/1903/1415 307/1904/305
f 2005/1901/1973 1546/1905/1525 515/1906/513 1436/1903/1415
f 1413/1900/1392 511/1907/509 1546/1905/1525 2005/1901/1973
f 15/17/15 652/310/650 2006/1908/1974 1416/1881/1395
f 1416/1881/1395 2006/1908/1974 1430/1909/1409 460/1882/458
f 2006/1908/1974 663/1910/661 457/1911/455 1430/1909/1409
f 652/310/650 67/312/67 663/1910/661 2006/1908/1974
f 460/1882/458 1430/1909/1409 2007/1912/1975 1417/1885/1396
f 1417/1885/1396 2007/1912/1975 1431/1855/1410 461/1854/459
f 2007/1912/1975 1407/1913/1386 456/1859/454 1431/1855/1410
f 1430/1909/1409 457/1911/455 1407/1913/1386 2007/1912/1975
f 30/1914/30 1437/1915/1416 2008/1916/1976 1452/1917/1431
f 1452/1917/1431 2008/1916/1976 1412/1894/1391 462/1893/460
f 2008/1916/1976 1553/1918/1532 524/1898/522 1412/1894/1391
f 1437/1915/1416 526/1919/524 1553/1918/1532 2008/1916/1976
f 244/1920/244 1433/1921/1412 2009/1922/1977 1444/1923/1423
f 1444/1923/1423 2009/1922/1977 1413/1900/1392 245/1899/245
f 2009/1922/1977 1545/1924/1524 511/1907/509 1413/1900/1392
f 1433/1921/1412 513/1925/511 1545/1924/1524 2009/1922/1977
f 451/1926/449 1428/1927/1407 2010/1928/1978 1451/1929/1430
f 1451/1929/1430 2010/1928/1978 1429/1839/1408 447/1838/445
f 2010/1928/1978 1552/1930/1531 529/1843/527 1429/1839/1408
f 1428/1927/1407 518/1931/516 1552/1930/1531 2010/1928/1978
f 29/1847/29 1432/1846/1411 2011/1932/1979 1443/1933/1422
f 1443/1933/1422 2011/1932/1979 1433/1921/1412 244/1920/244
f 2011/1932/1979 1544/1934/1523 513/1925/511 1433/1921/1412
f 1432/1846/1411 527/1849/525 1544/1934/1523 2011/1932/1979
f 452/1935/450 1434/1936/1413 2012/1937/1980 1450/1938/1429
f 1450/1938/1429 2012/1937/1980 1435/1939/1414 450/1940/448
f 2012/1937/1980 1551/1941/1530 516/1942/514 1435/1939/1414
f 1434/1936/1413 520/1943/518 1551/1941/1530 2012/1937/1980
f 307/1904/305 1436/1903/1415 2013/1944/1981 1442/1945/1421
f 1442/1945/1421 2013/1944/1981 1437/1915/1416 30/1914/30
f 2013/1944/1981 1543/1946/1522 526/1919/524 1437/1915/1416
f 1436/1903/1415 515/1906/513 1543/1946/1522 2013/1944/1981
f 470/230/468 587/1550/585 2014/1947/1982 1420/1948/1399
f 1420/1948/1399 2014/1947/1982 1438/1949/1417 481/1950/479
f 2014/1947/1982 1237/1878/1216 459/1880/457 1438/1949/1417
f 587/1550/585 331/15/329 1237/1878/1216 2014/1947/1982
f 481/1950/479 1438/1949/1417 2015/1951/1983 1421/1952/1400
f 1421/1952/1400 2015/1951/1983 1439/1824/1418 475/1823/473
f 2015/1951/1983 1415/1884/1394 458/1828/456 1439/1824/1418
f 1438/1949/1417 459/1880/457 1415/1884/1394 2015/1951/1983
f 444/202/442 1399/1851/1378 2016/1953/1984 1404/1872/1383
f 1404/1872/1383 2016/1953/1984 1440/1954/1419 454/1869/452
f 2016/1953/1984 1390/1955/1369 467/1956/465 1440/1954/1419
f 1399/1851/1378 449/1853/447 1390/1955/1369 2016/1953/1984
f 454/1869/452 1440/1954/1419 2017/1957/1985 1405/1891/1384
f 1405/1891/1384 2017/1957/1985 1441/323/1420 455/322/453
f 2017/1957/1985 1423/1958/1402 466/329/464 1441/323/1420
f 1440/1954/1419 467/1956/465 1423/1958/1402 2017/1957/1985
f 482/1959/480 1470/1960/1449 2018/1961/1986 1497/1962/1476
f 1497/1962/1476 2018/1961/1986 1457/1963/1436 483/1964/481
f 2018/1961/1986 588/1449/586 468/1283/466 1457/1963/1436
f 1470/1960/1449 469/221/467 588/1449/586 2018/1961/1986
f 484/1965/482 1472/1966/1451 2019/1967/1987 1496/1968/1475
f 1496/1968/1475 2019/1967/1987 1459/1969/1438 485/1970/483
f 2019/1967/1987 1001/227/999 470/230/468 1459/1969/1438
f 1472/1966/1451 471/228/469 1001/227/999 2019/1967/1987
f 486/1971/484 1474/1972/1453 2020/1973/1988 1495/1974/1474
f 1495/1974/1474 2020/1973/1988 1472/1966/1451 484/1965/482
f 2020/1973/1988 1002/1289/1000 471/228/469 1472/1966/1451
f 1474/1972/1453 472/1285/470 1002/1289/1000 2020/1973/1988
f 483/1964/481 1457/1963/1436 2021/1975/1989 1494/1976/1473
f 1494/1976/1473 2021/1975/1989 1474/1972/1453 486/1971/484
f 2021/1975/1989 1120/1282/1103 472/1285/470 1474/1972/1453
f 1457/1963/1436 468/1283/466 1120/1282/1103 2021/1975/1989
f 487/1977/485 1475/1978/1454 2022/1979/1990 1493/1980/1472
f 1493/1980/1472 2022/1979/1990 1462/1981/1441 488/1982/486
f 2022/1979/1990 1387/1873/1366 473/1874/471 1462/1981/1441
f 1475/1978/1454 474/207/472 1387/1873/1366 2022/1979/1990
f 489/1983/487 1477/1984/1456 2023/1985/1991 1492/1986/1471
f 1492/1986/1471 2023/1985/1991 1464/1987/1443 490/1988/488
f 2023/1985/1991 1388/1826/1367 476/213/474 1464/1987/1443
f 1477/1984/1456 475/1823/473 1388/1826/1367 2023/1985/1991
f 491/1989/489 1479/1990/1458 2024/1991/1992 1491/1992/1470
f 1491/1992/1470 2024/1991/1992 1475/1978/1454 487/1977/485
f 2024/1991/1992 1396/1445/1375 474/207/472 1475/1978/1454
f 1479/1990/1458 477/1290/475 1396/1445/1375 2024/1991/1992
f 492/1993/490 1480/1994/1459 2025/1995/1993 1490/1996/1469
f 1490/1996/1469 2025/1995/1993 1467/1997/1446 493/1998/491
f 2025/1995/1993 1397/1299/1376 478/1298/476 1467/1997/1446
f 1480/1994/1459 479/208/477 1397/1299/1376 2025/1995/1993
f 493/1998/491 1467/1997/1446 2026/1999/1994 1489/2000/1468
f 1489/2000/1468 2026/1999/1994 1479/1990/1458 491/1989/489
f 2026/1999/1994 1398/1291/1377 477/1290/475 1479/1990/1458
f 1467/1997/1446 478/1298/476 1398/1291/1377 2026/1999/1994
f 490/1988/488 1464/1987/1443 2027/2001/1995 1488/2002/1467
f 1488/2002/1467 2027/2001/1995 1480/1994/1459 492/1993/490
f 2027/2001/1995 1401/209/1380 479/208/477 1480/1994/1459
f 1464/1987/1443 476/213/474 1401/209/1380 2027/2001/1995
f 494/2003/492 1482/2004/1461 2028/2005/1996 1487/2006/1466
f 1487/2006/1466 2028/2005/1996 1470/1960/1449 482/1959/480
f 2028/2005/1996 1418/1888/1397 469/221/467 1470/1960/1449
f 1482/2004/1461 480/1889/478 1418/1888/1397 2028/2005/1996
f 488/1982/486 1462/1981/1441 2029/2007/1997 1486/2008/1465
f 1486/2008/1465 2029/2007/1997 1482/2004/1461 494/2003/492
f 2029/2007/1997 1419/1892/1398 480/1889/478 1482/2004/1461
f 1462/1981/1441 473/1874/471 1419/1892/1398 2029/2007/1997
f 485/1970/483 1459/1969/1438 2030/2009/1998 1485/2010/1464
f 1485/2010/1464 2030/2009/1998 1469/2011/1448 495/2012/493
f 2030/2009/1998 1420/1948/1399 481/1950/479 1469/2011/1448
f 1459/1969/1438 470/230/468 1420/1948/1399 2030/2009/1998
f 495/2012/493 1469/2011/1448 2031/2013/1999 1484/2014/1463
f 1484/2014/1463 2031/2013/1999 1477/1984/1456 489/1983/487
f 2031/2013/1999 1421/1952/1400 475/1823/473 1477/1984/1456
f 1469/2011/1448 481/1950/479 1421/1952/1400 2031/2013/1999
f 509/2015/507 1483/2016/1462 2032/2017/2000 1525/2018/1504
f 1525/2018/1504 2032/2017/2000 1502/2019/1481 500/2020/498
f 2032/2017/2000 1484/2014/1463 489/1983/487 1502/2019/1481
f 1483/2016/1462 495/2012/493 1484/2014/1463 2032/2017/2000
f 505/2021/503 1473/2022/1452 2033/2023/2001 1524/2024/1503
f 1524/2024/1503 2033/2023/2001 1483/2016/1462 509/2015/507
f 2033/2023/2001 1485/2010/1464 495/2012/493 1483/2016/1462
f 1473/2022/1452 485/1970/483 1485/2010/1464 2033/2023/2001
f 506/2025/504 1476/2026/1455 2034/2027/2002 1523/2028/1502
f 1523/2028/1502 2034/2027/2002 1505/2029/1484 503/2030/501
f 2034/2027/2002 1486/2008/1465 494/2003/492 1505/2029/1484
f 1476/2026/1455 488/1982/486 1486/2008/1465 2034/2027/2002
f 503/2030/501 1505/2029/1484 2035/2031/2003 1522/2032/1501
f 1522/2032/1501 2035/2031/2003 1498/2033/1477 496/2034/494
f 2035/2031/2003 1487/2006/1466 482/1959/480 1498/2033/1477
f 1505/2029/1484 494/2003/492 1487/2006/1466 2035/2031/2003
f 507/2035/505 1478/2036/1457 2036/2037/2004 1521/2038/1500
f 1521/2038/1500 2036/2037/2004 1504/2039/1483 502/2040/500
f 2036/2037/2004 1488/2002/1467 492/1993/490 1504/2039/1483
f 1478/2036/1457 490/1988/488 1488/2002/1467 2036/2037/2004
f 508/2041/506 1481/2042/1460 2037/2043/2005 1520/2044/1499
f 1520/2044/1499 2037/2043/2005 1503/2045/1482 501/2046/499
f 2037/2043/2005 1489/2000/1468 491/1989/489 1503/2045/1482
f 1481/2042/1460 493/1998/491 1489/2000/1468 2037/2043/2005
f 502/2040/500 1504/2039/1483 2038/2047/2006 1519/2048/1498
f 1519/2048/1498 2038/2047/2006 1481/2042/1460 508/2041/506
f 2038/2047/2006 1490/1996/1469 493/1998/491 1481/2042/1460
f 1504/2039/1483 492/1993/490 1490/1996/1469 2038/2047/2006
f 501/2046/499 1503/2045/1482 2039/2049/2007 1518/2050/1497
f 1518/2050/1497 2039/2049/2007 1501/2051/1480 499/2052/497
f 2039/2049/2007 1491/1992/1470 487/1977/485 1501/2051/1480
f 1503/2045/1482 491/1989/489 1491/1992/1470 2039/2049/2007
f 500/2020/498 1502/2019/1481 2040/2053/2008 1517/2054/1496
f 1517/2054/1496 2040/2053/2008 1478/2036/1457 507/2035/505
f 2040/2053/2008 1492/1986/1471 490/1988/488 1478/2036/1457
f 1502/2019/1481 489/1983/487 1492/1986/1471 2040/2053/2008
f 499/2052/497 1501/2051/1480 2041/2055/2009 1516/2056/1495
f 1516/2056/1495 2041/2055/2009 1476/2026/1455 506/2025/504
f 2041/2055/2009 1493/1980/1472 488/1982/486 1476/2026/1455
f 1501/2051/1480 487/1977/485 1493/1980/1472 2041/2055/2009
f 504/2057/502 1471/2058/1450 2042/2059/2010 1515/2060/1494
f 1515/2060/1494 2042/2059/2010 1500/2061/1479 498/2062/496
f 2042/2059/2010 1494/1976/1473 486/1971/484 1500/2061/1479
f 1471/2058/1450 483/1964/481 1494/1976/1473 2042/2059/2010
f 498/2062/496 1500/2061/1479 2043/2063/2011 1514/2064/1493
f 1514/2064/1493 2043/2063/2011 1499/2065/1478 497/2066/495
f 2043/2063/2011 1495/1974/1474 484/1965/482 1499/2065/1478
f 1500/2061/1479 486/1971/484 1495/1974/1474 2043/2063/2011
f 497/2066/495 1499/2065/1478 2044/2067/2012 1513/2068/1492
f 1513/2068/1492 2044/2067/2012 1473/2022/1452 505/2021/503
f 2044/2067/2012 1496/1968/1475 485/1970/483 1473/2022/1452
f 1499/2065/1478 484/1965/482 1496/1968/1475 2044/2067/2012
f 496/2034/494 1498/2033/1477 2045/2069/2013 1512/2070/1491
f 1512/2070/1491 2045/2069/2013 1471/2058/1450 504/2057/502
f 2045/2069/2013 1497/1962/1476 483/1964/481 1471/2058/1450
f 1498/2033/1477 482/1959/480 1497/1962/1476 2045/2069/2013
f 30/1914/30 1456/2071/1435 2046/2072/2014 1442/1945/1421
f 1442/1945/1421 2046/2072/2014 1506/2073/1485 307/1904/305
f 2046/2072/2014 1512/2074/1491 504/2075/502 1506/2073/1485
f 1456/2071/1435 496/2076/494 1512/2074/1491 2046/2072/2014
f 244/1920/244 1458/2077/1437 2047/2078/2015 1443/1933/1422
f 1443/1933/1422 2047/2078/2015 1507/2079/1486 29/1847/29
f 2047/2078/2015 1513/2080/1492 505/2081/503 1507/2079/1486
f 1458/2077/1437 497/2082/495 1513/2080/1492 2047/2078/2015
f 245/1899/245 1460/2083/1439 2048/2084/2016 1444/1923/1423
f 1444/1923/1423 2048/2084/2016 1458/2077/1437 244/1920/244
f 2048/2084/2016 1514/2085/1493 497/2082/495 1458/2077/1437
f 1460/2083/1439 498/2086/496 1514/2085/1493 2048/2084/2016
f 307/1904/305 1506/2073/1485 2049/2087/2017 1445/1902/1424
f 1445/1902/1424 2049/2087/2017 1460/2083/1439 245/1899/245
f 2049/2087/2017 1515/2088/1494 498/2086/496 1460/2083/1439
f 1506/2073/1485 504/2075/502 1515/2088/1494 2049/2087/2017
f 446/1865/444 1461/2089/1440 2050/2090/2018 1446/1863/1425
f 1446/1863/1425 2050/2090/2018 1508/2091/1487 463/1860/461
f 2050/2090/2018 1516/2092/1495 506/2093/504 1508/2091/1487
f 1461/2089/1440 499/2094/497 1516/2092/1495 2050/2090/2018
f 465/1829/463 1463/2095/1442 2051/2096/2019 1447/1841/1426
f 1447/1841/1426 2051/2096/2019 1509/2097/1488 447/1838/445
f 2051/2096/2019 1517/2098/1496 507/2099/505 1509/2097/1488
f 1463/2095/1442 500/2100/498 1517/2098/1496 2051/2096/2019
f 452/1935/450 1465/2101/1444 2052/2102/2020 1448/2103/1427
f 1448/2103/1427 2052/2102/2020 1461/2089/1440 446/1865/444
f 2052/2102/2020 1518/2104/1497 499/2094/497 1461/2089/1440
f 1465/2101/1444 501/2105/499 1518/2104/1497 2052/2102/2020
f 451/1926/449 1466/2106/1445 2053/2107/2021 1449/2108/1428
f 1449/2108/1428 2053/2107/2021 1510/2109/1489 450/1940/448
f 2053/2107/2021 1519/2110/1498 508/2111/506 1510/2109/1489
f 1466/2106/1445 502/2112/500 1519/2110/1498 2053/2107/2021
f 450/1940/448 1510/2109/1489 2054/2113/2022 1450/1938/1429
f 1450/1938/1429 2054/2113/2022 1465/2101/1444 452/1935/450
f 2054/2113/2022 1520/2114/1499 501/2105/499 1465/2101/1444
f 1510/2109/1489 508/2111/506 1520/2114/1499 2054/2113/2022
f 447/1838/445 1509/2097/1488 2055/2115/2023 1451/1929/1430
f 1451/1929/1430 2055/2115/2023 1466/2106/1445 451/1926/449
f 2055/2115/2023 1521/2116/1500 502/2112/500 1466/2106/1445
f 1509/2097/1488 507/2099/505 1521/2116/1500 2055/2115/2023
f 462/1893/460 1468/2117/1447 2056/2118/2024 1452/1917/1431
f 1452/1917/1431 2056/2118/2024 1456/2071/1435 30/1914/30
f 2056/2118/2024 1522/2119/1501 496/2076/494 1456/2071/1435
f 1468/2117/1447 503/2120/501 1522/2119/1501 2056/2118/2024
f 463/1860/461 1508/2091/1487 2057/2121/2025 1453/1896/1432
f 1453/1896/1432 2057/2121/2025 1468/2117/1447 462/1893/460
f 2057/2121/2025 1523/2122/1502 503/2120/501 1468/2117/1447
f 1508/2091/1487 506/2093/504 1523/2122/1502 2057/2121/2025
f 29/1847/29 1507/2079/1486 2058/2123/2026 1454/1845/1433
f 1454/1845/1433 2058/2123/2026 1511/2124/1490 464/1834/462
f 2058/2123/2026 1524/2125/1503 509/2126/507 1511/2124/1490
f 1507/2079/1486 505/2081/503 1524/2125/1503 2058/2123/2026
f 464/1834/462 1511/2124/1490 2059/2127/2027 1455/1832/1434
f 1455/1832/1434 2059/2127/2027 1463/2095/1442 465/1829/463
f 2059/2127/2027 1525/2128/1504 500/2100/498 1463/2095/1442
f 1511/2124/1490 509/2126/507 1525/2128/1504 2059/2127/2027
f 525/1868/523 1542/2129/1521 2060/2130/2028 1547/1866/1526
f 1547/1866/1526 2060/2130/2028 1549/2131/1528 528/1867/526
f 2060/2130/2028 1533/2132/1512 520/1943/518 1549/2131/1528
f 1542/2129/1521 521/2133/519 1533/2132/1512 2060/2130/2028
f 517/2134/515 1540/2135/1519 2061/2136/2029 1529/2137/1508
f 1529/2137/1508 2061/2136/2029 1550/2138/1529 516/1942/514
f 2061/2136/2029 1531/2139/1510 518/1931/516 1550/2138/1529
f 1540/2135/1519 519/2140/517 1531/2139/1510 2061/2136/2029
f 521/2133/519 1538/2141/1517 2062/2142/2030 1533/2132/1512
f 1533/2132/1512 2062/2142/2030 1551/1941/1530 520/1943/518
f 2062/2142/2030 1529/2137/1508 516/1942/514 1551/1941/1530
f 1538/2141/1517 517/2134/515 1529/2137/1508 2062/2142/2030
f 519/2140/517 1536/2143/1515 2063/2144/2031 1531/2139/1510
f 1531/2139/1510 2063/2144/2031 1552/1930/1531 518/1931/516
f 2063/2144/2031 1548/1842/1527 529/1843/527 1552/1930/1531
f 1536/2143/1515 523/1837/521 1548/1842/1527 2063/2144/2031
f 513/1925/511 1544/1934/1523 2064/2145/2032 1527/2146/1506
f 1527/2146/1506 2064/2145/2032 1535/2147/1514 512/2148/510
f 2064/2145/2032 1555/1848/1534 522/1836/520 1535/2147/1514
f 1544/1934/1523 527/1849/525 1555/1848/1534 2064/2145/2032
f 512/2148/510 1535/2147/1514 2065/2149/2033 1532/2150/1511
f 1532/2150/1511 2065/2149/2033 1536/2143/1515 519/2140/517
f 2065/2149/2033 1556/1835/1535 523/1837/521 1536/2143/1515
f 1535/2147/1514 522/1836/520 1556/1835/1535 2065/2149/2033
f 515/1906/513 1546/1905/1525 2066/2151/2034 1528/2152/1507
f 1528/2152/1507 2066/2151/2034 1537/2153/1516 514/2154/512
f 2066/2151/2034 1526/2155/1505 510/2156/508 1537/2153/1516
f 1546/1905/1525 511/1907/509 1526/2155/1505 2066/2151/2034
f 514/2154/512 1537/2153/1516 2067/2157/2035 1534/2158/1513
f 1534/2158/1513 2067/2157/2035 1538/2141/1517 521/2133/519
f 2067/2157/2035 1530/2159/1509 517/2134/515 1538/2141/1517
f 1537/2153/1516 510/2156/508 1530/2159/1509 2067/2157/2035
f 511/1907/509 1545/1924/1524 2068/2160/2036 1526/2155/1505
f 1526/2155/1505 2068/2160/2036 1539/2161/1518 510/2156/508
f 2068/2160/2036 1527/2146/1506 512/2148/510 1539/2161/1518
f 1545/1924/1524 513/1925/511 1527/2146/1506 2068/2160/2036
f 510/2156/508 1539/2161/1518 2069/2162/2037 1530/2159/1509
f 1530/2159/1509 2069/2162/2037 1540/2135/1519 517/2134/515
f 2069/2162/2037 1532/2150/1511 519/2140/517 1540/2135/1519
f 1539/2161/1518 512/2148/510 1532/2150/1511 2069/2162/2037
f 526/1919/524 1543/1946/1522 2070/2163/2038 1553/1918/1532
f 1553/1918/1532 2070/2163/2038 1541/2164/1520 524/1898/522
f 2070/2163/2038 1528/2152/1507 514/2154/512 1541/2164/1520
f 1543/1946/1522 515/1906/513 1528/2152/1507 2070/2163/2038
f 524/1898/522 1541/2164/1520 2071/2165/2039 1554/1897/1533
f 1554/1897/1533 2071/2165/2039 1542/2129/1521 525/1868/523
f 2071/2165/2039 1534/2158/1513 521/2133/519 1542/2129/1521
f 1541/2164/1520 514/2154/512 1534/2158/1513 2071/2165/2039
f 446/1865/444 1410/1864/1389 2072/2166/2040 1448/2103/1427
f 1448/2103/1427 2072/2166/2040 1434/1936/1413 452/1935/450
f 2072/2166/2040 1549/2131/1528 520/1943/518 1434/1936/1413
f 1410/1864/1389 528/1867/526 1549/2131/1528 2072/2166/2040
f 450/1940/448 1435/1939/1414 2073/2167/2041 1449/2108/1428
f 1449/2108/1428 2073/2167/2041 1428/1927/1407 451/1926/449
f 2073/2167/2041 1550/2138/1529 518/1931/516 1428/1927/1407
f 1435/1939/1414 516/1942/514 1550/2138/1529 2073/2167/2041
f 100/1130/100 1560/2168/1539 2074/2169/2042 1189/1128/1168
f 1189/1128/1168 2074/2169/2042 1562/2170/1541 354/1125/352
f 2074/2169/2042 1563/2171/1542 535/2172/533 1562/2170/1541
f 1560/2168/1539 533/2173/531 1563/2171/1542 2074/2169/2042
f 18/1124/18 1558/2174/1537 2075/2175/2043 1188/1122/1167
f 1188/1122/1167 2075/2175/2043 1561/2176/1540 353/1119/351
f 2075/2175/2043 1564/2177/1543 534/2178/532 1561/2176/1540
f 1558/2174/1537 531/2179/529 1564/2177/1543 2075/2175/2043
f 98/1136/98 946/2180/944 2076/2181/2044 942/1133/940
f 942/1132/940 2076/2182/2044 1558/2174/1537 18/1124/18
f 2076/2182/2044 1565/2183/1544 531/2179/529 1558/2174/1537
f 946/2180/944 530/2184/528 1565/2185/1544 2076/2181/2044
f 353/1119/351 1561/2176/1540 2077/2186/2045 943/1479/941
f 943/1479/941 2077/2186/2045 1559/2187/1538 35/1142/35
f 2077/2186/2045 1566/2188/1545 532/2189/530 1559/2187/1538
f 1561/2176/1540 534/2178/532 1566/2188/1545 2077/2186/2045
f 35/1142/35 1559/2187/1538 2078/2190/2046 944/1139/942
f 944/1138/942 2078/2191/2046 1560/2168/1539 100/1130/100
f 2078/2191/2046 1567/2192/1546 533/2173/531 1560/2168/1539
f 1559/2187/1538 532/2189/530 1567/2193/1546 2078/2190/2046
f 354/1125/352 1562/2170/1541 2079/2194/2047 945/1476/943
f 945/1476/943 2079/2194/2047 946/2180/944 98/1136/98
f 2079/2194/2047 1568/2195/1547 530/2184/528 946/2180/944
f 1562/2170/1541 535/2172/533 1568/2195/1547 2079/2194/2047
f 77/437/77 634/2196/632 2080/2197/2048 723/566/721
f 723/566/721 2080/2197/2048 1575/2198/1554 93/481/93
f 2080/2199/2048 1582/846/1561 542/807/540 1575/2200/1554
f 634/2201/632 536/843/534 1582/846/1561 2080/2199/2048
f 125/385/125 1580/2202/1559 2081/2203/2049 779/384/777
f 779/384/777 2081/2203/2049 669/2204/667 90/375/90
f 2081/2205/2049 1583/842/1562 540/825/538 669/2206/667
f 1580/2207/1559 547/806/545 1583/842/1562 2081/2205/2049
f 86/404/86 638/2208/636 2082/2209/2050 722/402/720
f 722/402/720 2082/2209/2050 1577/2210/1556 91/403/91
f 2082/2211/2050 1584/840/1563 544/797/542 1577/2212/1556
f 638/2213/636 537/818/535 1584/840/1563 2082/2211/2050
f 88/355/88 1579/2214/1558 2083/2215/2051 714/456/712
f 714/456/712 2083/2215/2051 683/2216/681 92/457/92
f 2083/2217/2051 1585/838/1564 541/829/539 683/2218/681
f 1579/2219/1558 546/824/544 1585/838/1564 2083/2217/2051
f 85/424/85 641/2220/639 2084/2221/2052 721/423/719
f 721/423/719 2084/2221/2052 1576/2222/1555 87/416/87
f 2084/2223/2052 1586/836/1565 543/813/541 1576/2224/1555
f 641/2225/639 538/812/536 1586/836/1565 2084/2223/2052
f 92/457/92 683/2216/681 2085/2226/2053 713/567/711
f 713/567/711 2085/2226/2053 1578/2227/1557 84/341/84
f 2085/2228/2053 1587/832/1566 545/834/543 1578/2229/1557
f 683/2218/681 541/829/539 1587/832/1566 2085/2228/2053
f 90/375/90 669/2204/667 2086/2230/2054 720/374/718
f 720/374/718 2086/2230/2054 647/2231/645 89/356/89
f 2086/2232/2054 1588/828/1567 539/819/537 647/2233/645
f 669/2206/667 540/825/538 1588/828/1567 2086/2232/2054
f 89/356/89 647/2231/645 2087/2234/2055 719/354/717
f 719/354/717 2087/2234/2055 1579/2214/1558 88/355/88
f 2087/2235/2055 1589/822/1568 546/824/544 1579/2219/1558
f 647/2233/645 539/819/537 1589/822/1568 2087/2235/2055
f 87/416/87 1576/2222/1555 2088/2236/2056 716/415/714
f 716/415/714 2088/2236/2056 638/2208/636 86/404/86
f 2088/2237/2056 1590/816/1569 537/818/535 638/2213/636
f 1576/2224/1555 543/813/541 1590/816/1569 2088/2237/2056
f 93/481/93 1575/2198/1554 2089/2238/2057 717/479/715
f 717/479/715 2089/2238/2057 641/2220/639 85/424/85
f 2089/2239/2057 1591/810/1570 538/812/536 641/2225/639
f 1575/2200/1554 542/807/540 1591/810/1570 2089/2239/2057
f 138/646/138 1581/2240/1560 2090/2241/2058 806/645/804
f 806/645/804 2090/2241/2058 1580/2202/1559 125/385/125
f 2090/2242/2058 1592/804/1571 547/806/545 1580/2207/1559
f 1581/2243/1560 548/802/546 1592/804/1571 2090/2242/2058
f 91/403/91 1577/2210/1556 2091/2244/2059 715/706/713
f 715/706/713 2091/2244/2059 1581/2240/1560 138/646/138
f 2091/2245/2059 1593/800/1572 548/802/546 1581/2243/1560
f 1577/2212/1556 544/797/542 1593/800/1572 2091/2245/2059
f 2102/269/2070 2092/255/2060 656/250/654 1629/265/1608
f 2101/256/2069 2093/2246/2061 657/253/655 1627/251/1606
f 2098/2247/2066 72/2248/72 2093/2246/2061 2097/2249/2065
f 2100/2250/2068 2094/268/2062 72/2248/72 2098/2247/2066
f 2095/2251/2063 2101/256/2069 2092/255/2060 2099/2252/2067
f 2097/2249/2065 2093/2246/2061 2101/256/2069 2095/2251/2063
f 2096/2253/2064 2102/269/2070 2094/268/2062 2100/2250/2068
f 2099/2252/2067 2092/255/2060 2102/269/2070 2096/2253/2064
f 2377/2254/2343 3187/2255/3136 3521/2256/3470 2685/2257/2651
f 3187/2255/3136 2366/2258/2332 3114/2259/3063 3521/2256/3470
f 3521/2256/3470 3114/2259/3063 2106/2260/2074 2565/2261/2531
f 2685/2257/2651 3521/2256/3470 2565/2261/2531 2154/2262/2122
f 2402/2263/2368 3186/2264/3135 3522/2265/3471 3055/2266/3008
f 3186/2264/3135 2367/2267/2333 3115/2268/3064 3522/2265/3471
f 3522/2265/3471 3115/2268/3064 2117/2269/2085 2577/2270/2543
f 3055/2266/3008 3522/2265/3471 2577/2270/2543 2331/2271/2297
f 2473/2272/2439 3327/2273/3276 3523/2274/3472 3336/2275/3285
f 3327/2273/3276 2368/2276/2334 3116/2277/3065 3523/2274/3472
f 3523/2274/3472 3116/2277/3065 2118/2278/2086 2578/2279/2544
f 3336/2275/3285 3523/2274/3472 2578/2279/2544 2467/2280/2433
f 2368/2276/2334 3184/2281/3133 3524/2282/3473 3116/2277/3065
f 3184/2281/3133 2369/2283/2335 3117/2284/3066 3524/2282/3473
f 3524/2282/3473 3117/2284/3066 2119/2285/2087 2579/2286/2545
f 3116/2277/3065 3524/2282/3473 2579/2286/2545 2118/2278/2086
f 2282/2287/2250 2954/2288/2920 3525/2289/3474 2948/2290/2914
f 2954/2291/2920 2281/2292/2249 2919/2293/2885 3525/2294/3474
f 3525/2294/3474 2919/2293/2885 2267/2295/2235 2917/2296/2883
f 2948/2290/2914 3525/2289/3474 2917/2297/2883 2268/2298/2236
f 2370/2299/2336 3183/2300/3132 3526/2301/3475 3118/2302/3067
f 3183/2300/3132 2371/2303/2337 3119/2304/3068 3526/2301/3475
f 3526/2301/3475 3119/2304/3068 2121/2305/2089 2581/2306/2547
f 3118/2302/3067 3526/2301/3475 2581/2306/2547 2258/2307/2226
f 2371/2303/2337 3182/2308/3131 3527/2309/3476 3119/2304/3068
f 3182/2308/3131 2372/2310/2338 3120/2311/3069 3527/2309/3476
f 3527/2309/3476 3120/2311/3069 2122/2312/2090 2582/2313/2548
f 3119/2304/3068 3527/2309/3476 2582/2313/2548 2121/2305/2089
f 2382/2314/2348 3181/2315/3130 3528/2316/3477 2793/2317/2759
f 3181/2315/3130 2373/2318/2339 3121/2319/3070 3528/2316/3477
f 3528/2316/3477 3121/2319/3070 2123/2320/2091 2583/2321/2549
f 2793/2317/2759 3528/2316/3477 2583/2321/2549 2203/2322/2171
f 2373/2318/2339 3180/2323/3129 3529/2324/3478 3121/2319/3070
f 3180/2323/3129 2374/2325/2340 3122/2326/3071 3529/2324/3478
f 3529/2324/3478 3122/2326/3071 2124/2327/2092 2584/2328/2550
f 3121/2319/3070 3529/2324/3478 2584/2328/2550 2123/2320/2091
f 2374/2325/2340 3179/2329/3128 3530/2330/3479 3122/2326/3071
f 3179/2329/3128 2375/2331/2341 3123/2332/3072 3530/2330/3479
f 3530/2330/3479 3123/2332/3072 2125/2333/2093 2585/2334/2551
f 3122/2326/3071 3530/2330/3479 2585/2334/2551 2124/2327/2092
f 2375/2331/2341 3178/2335/3127 3531/2336/3480 3123/2332/3072
f 3178/2335/3127 2376/2337/2342 3124/2338/3073 3531/2336/3480
f 3531/2336/3480 3124/2338/3073 2126/2339/2094 2586/2340/2552
f 3123/2332/3072 3531/2336/3480 2586/2340/2552 2125/2333/2093
f 2108/2341/2076 2568/2342/2534 3532/2343/3481 2595/2344/2561
f 2568/2342/2534 2107/2345/2075 2596/2346/2562 3532/2343/3481
f 3532/2343/3481 2596/2346/2562 2150/2347/2118 2621/2348/2587
f 2595/2344/2561 3532/2343/3481 2621/2348/2587 2148/2349/2116
f 2304/2350/2271 3042/2351/2995 3533/2352/3482 2974/2353/2938
f 3042/2351/2995 2306/2354/2273 2976/2355/2940 3533/2352/3482
f 3533/2352/3482 2976/2355/2940 2149/2356/2117 2622/2357/2588
f 2974/2353/2938 3533/2352/3482 2622/2357/2588 2147/2358/2115
f 2109/2359/2077 2569/2360/2535 3534/2361/3483 2594/2362/2560
f 2569/2360/2535 2108/2341/2076 2595/2344/2561 3534/2361/3483
f 3534/2361/3483 2595/2344/2561 2148/2349/2116 2623/2363/2589
f 2594/2362/2560 3534/2361/3483 2623/2363/2589 2146/2364/2114
f 2302/2365/2269 3040/2366/2993 3535/2367/3484 2972/2368/2936
f 3040/2366/2993 2304/2350/2271 2974/2353/2938 3535/2367/3484
f 3535/2367/3484 2974/2353/2938 2147/2358/2115 2624/2369/2590
f 2972/2368/2936 3535/2367/3484 2624/2369/2590 2145/2370/2113
f 2110/2371/2078 2570/2372/2536 3536/2373/3485 2593/2374/2559
f 2570/2372/2536 2109/2359/2077 2594/2362/2560 3536/2373/3485
f 3536/2373/3485 2594/2362/2560 2146/2364/2114 2625/2375/2591
f 2593/2374/2559 3536/2373/3485 2625/2375/2591 2144/2376/2112
f 2300/2377/2267 3038/2378/2991 3537/2379/3486 2970/2380/2934
f 3038/2378/2991 2302/2365/2269 2972/2368/2936 3537/2379/3486
f 3537/2379/3486 2972/2368/2936 2145/2370/2113 2626/2381/2592
f 2970/2380/2934 3537/2379/3486 2626/2381/2592 2143/2382/2111
f 2208/2383/2176 2787/2384/2753 3538/2385/3487 2792/2386/2758
f 2787/2384/2753 2110/2371/2078 2593/2374/2559 3538/2385/3487
f 3538/2385/3487 2593/2374/2559 2144/2376/2112 2627/2387/2593
f 2792/2386/2758 3538/2385/3487 2627/2387/2593 2204/2388/2172
f 2319/2389/2285 3036/2390/2989 3539/2391/3488 2791/2392/2757
f 3036/2390/2989 2300/2377/2267 2970/2380/2934 3539/2391/3488
f 3539/2391/3488 2970/2380/2934 2143/2382/2111 2628/2393/2594
f 2791/2392/2757 3539/2391/3488 2628/2393/2594 2205/2394/2173
f 2112/2395/2080 2572/2396/2538 3540/2397/3489 2591/2398/2557
f 2572/2396/2538 2111/2399/2079 2592/2400/2558 3540/2397/3489
f 3540/2397/3489 2592/2400/2558 2142/2401/2110 2629/2402/2595
f 2591/2398/2557 3540/2397/3489 2629/2402/2595 2140/2403/2108
f 2296/2404/2264 3034/2405/2266 3541/2406/3490 2966/2407/2932
f 3034/2405/2266 2298/2408/2266 2968/2409/2933 3541/2406/3490
f 3541/2406/3490 2968/2409/2933 2141/2410/2109 2630/2411/2596
f 2966/2407/2932 3541/2406/3490 2630/2411/2596 2139/2412/2107
f 2113/2413/2081 2573/2414/2539 3542/2415/3491 2590/2416/2556
f 2573/2414/2539 2112/2395/2080 2591/2398/2557 3542/2415/3491
f 3542/2415/3491 2591/2398/2557 2140/2403/2108 2631/2417/2597
f 2590/2416/2556 3542/2415/3491 2631/2417/2597 2138/2418/2106
f 2294/2419/2262 3032/2420/2987 3543/2421/3492 2964/2422/2930
f 3032/2420/2987 2296/2404/2264 2966/2407/2932 3543/2421/3492
f 3543/2421/3492 2966/2407/2932 2139/2412/2107 2632/2423/2598
f 2964/2422/2930 3543/2421/3492 2632/2423/2598 2259/2424/2227
f 2179/2425/2147 2724/2426/2690 3544/2427/3493 2727/2428/2693
f 2724/2426/2690 2113/2413/2081 2590/2416/2556 3544/2427/3493
f 3544/2427/3493 2590/2416/2556 2138/2418/2106 2633/2429/2599
f 2727/2428/2693 3544/2427/3493 2633/2429/2599 2177/2430/2145
f 2315/2431/2282 3030/2432/2986 3545/2433/3494 2726/2434/2692
f 3030/2432/2986 2294/2419/2262 2964/2422/2930 3545/2433/3494
f 3545/2433/3494 2964/2422/2930 2259/2424/2227 2634/2435/2600
f 2726/2434/2692 3545/2433/3494 2634/2435/2600 2260/2436/2228
f 2115/2437/2083 2575/2438/2541 3546/2439/3495 2588/2440/2554
f 2575/2438/2541 2114/2441/2082 2589/2442/2555 3546/2439/3495
f 3546/2439/3495 2589/2442/2555 2136/2443/2104 2635/2444/2601
f 2588/2440/2554 3546/2439/3495 2635/2444/2601 2134/2445/2102
f 2290/2446/2258 3028/2447/2984 3547/2448/3496 2960/2449/2926
f 3028/2447/2984 2292/2450/2260 2962/2451/2928 3547/2448/3496
f 3547/2448/3496 2962/2451/2928 2135/2452/2103 2636/2453/2602
f 2960/2449/2926 3547/2448/3496 2636/2453/2602 2133/2454/2101
f 2466/2455/2432 3320/2456/3269 3548/2457/3497 3335/2458/3284
f 3320/2456/3269 2115/2437/2083 2588/2440/2554 3548/2457/3497
f 3548/2457/3497 2588/2440/2554 2134/2445/2102 2637/2459/2603
f 3335/2458/3284 3548/2457/3497 2637/2459/2603 2490/2460/2456
f 2495/2461/2461 3325/2462/3274 3549/2463/3498 3334/2464/3283
f 3325/2462/3274 2290/2446/2258 2960/2449/2926 3549/2463/3498
f 3549/2463/3498 2960/2449/2926 2133/2454/2101 2638/2465/2604
f 3334/2464/3283 3549/2463/3498 2638/2465/2604 2492/2466/2458
f 2330/2467/2296 3043/2468/2996 3550/2469/3499 3054/2470/3007
f 3043/2468/2996 2116/2471/2084 2587/2472/2553 3550/2469/3499
f 3550/2469/3499 2587/2472/2553 2485/2473/2451 2639/2474/2605
f 3054/2470/3007 3550/2469/3499 2639/2474/2605 2332/2475/2298
f 2335/2476/2301 3048/2477/3001 3551/2478/3500 3053/2479/3006
f 3048/2477/3001 2487/2480/2453 2958/2481/2924 3551/2478/3500
f 3551/2478/3500 2958/2481/2924 2486/2482/2452 2640/2483/2606
f 3053/2479/3006 3551/2478/3500 2640/2483/2606 2333/2484/2299
f 2155/2485/2123 2676/2486/2642 3552/2487/3501 2684/2488/2650
f 2676/2486/2642 2105/2489/2073 2566/2490/2532 3552/2487/3501
f 3552/2487/3501 2566/2490/2532 2130/2491/2098 2641/2492/2607
f 2684/2488/2650 3552/2487/3501 2641/2492/2607 2156/2493/2124
f 2309/2494/2276 3026/2495/2982 3553/2496/3502 2683/2497/2649
f 3026/2495/2982 2286/2498/2254 2956/2499/2922 3553/2496/3502
f 3553/2496/3502 2956/2499/2922 2129/2500/2097 2642/2501/2608
f 2683/2497/2649 3553/2496/3502 2642/2501/2608 2157/2502/2125
f 2258/2307/2226 2581/2306/2547 3554/2503/3503 2667/2504/2633
f 2581/2306/2547 2121/2305/2089 2644/2505/2610 3554/2503/3503
f 3554/2503/3503 2644/2505/2610 52/2506/52 657/2507/655
f 2667/2504/2633 3554/2503/3503 4026/2508/3964 4019/2509/3957
f 2107/2345/2075 2567/2510/2533 3555/2511/3504 2596/2346/2562
f 2567/2510/2533 2172/2512/2140 2718/2513/2684 3555/2511/3504
f 3555/2511/3504 2718/2513/2684 2174/2514/2142 2715/2515/2681
f 2596/2346/2562 3555/2511/3504 2715/2515/2681 2150/2347/2118
f 2257/2516/2225 2580/2517/2546 3556/2518/3505 2725/2519/2691
f 2580/2517/2546 2258/2307/2226 2667/2504/2633 3556/2518/3505
f 3556/2518/3505 4027/2520/3965 2094/2521/2062 736/2522/734
f 2725/2519/2691 3556/2518/3505 736/2522/734 102/2523/102
f 2250/2524/2218 2889/2525/2855 3557/2526/3506 2872/2527/2838
f 2889/2525/2855 197/2528/197 670/2529/668 3557/2526/3506
f 3557/2526/3506 670/2529/668 190/2530/190 2859/2531/2825
f 2872/2527/2838 3557/2526/3506 2859/2531/2825 2238/2532/2206
f 2118/2278/2086 2579/2286/2545 3558/2533/3507 2664/2534/2630
f 2579/2286/2545 2119/2285/2087 2665/2535/2631 3558/2533/3507
f 3558/2533/3507 2665/2535/2631 70/2536/70 661/2537/659
f 2664/2534/2630 3558/2533/3507 661/2537/659 69/2538/69
f 146/2539/146 2795/2540/2761 3559/2541/3508 819/2542/817
f 2795/2540/2761 2210/2543/2178 2797/2544/2763 3559/2541/3508
f 3559/2541/3508 2797/2544/2763 2215/2545/2183 2808/2546/2774
f 819/2542/817 3559/2541/3508 2808/2546/2774 154/2547/154
f 2467/2280/2433 2578/2279/2544 3560/2548/3509 3333/2549/3282
f 2578/2279/2544 2118/2278/2086 2664/2534/2630 3560/2548/3509
f 3560/2548/3509 2664/2534/2630 69/2538/69 1389/2550/1368
f 3333/2549/3282 3560/2548/3509 1389/2550/1368 448/2551/446
f 2454/2552/2420 3215/2553/3164 3561/2554/3510 3300/2555/3249
f 3215/2553/3164 2416/2556/2382 3217/2557/3166 3561/2554/3510
f 3561/2554/3510 3217/2557/3166 383/2558/381 1359/2559/1338
f 3300/2555/3249 3561/2554/3510 1359/2559/1338 430/2560/428
f 2331/2271/2297 2577/2270/2543 3562/2561/3511 3052/2562/3005
f 2577/2270/2543 2117/2269/2085 2663/2563/2629 3562/2561/3511
f 3562/2561/3511 2663/2563/2629 67/2564/67 1093/2565/1076
f 3052/2562/3005 3562/2561/3511 1093/2565/1076 293/2566/291
f 2330/2467/2296 3062/2567/3015 3563/2568/3512 3051/2569/3004
f 3062/2567/3015 2340/2570/2306 3065/2571/3018 3563/2568/3512
f 3563/2568/3512 3065/2571/3018 303/2572/301 1094/2573/1077
f 3051/2569/3004 3563/2568/3512 1094/2573/1077 294/2574/292
f 2475/2575/2441 2576/2576/2542 3564/2577/3513 3370/2578/3319
f 2576/2576/2542 2116/2471/2084 2662/2579/2628 3564/2577/3513
f 3564/2577/3513 2662/2579/2628 66/2580/66 1422/2581/1401
f 3370/2578/3319 3564/2577/3513 1422/2581/1401 466/2582/464
f 2114/2441/2082 2575/2438/2541 3565/2583/3514 2660/2584/2626
f 2575/2438/2541 2115/2437/2083 2661/2585/2627 3565/2583/3514
f 3565/2583/3514 2661/2585/2627 65/2586/65 668/2587/666
f 2660/2584/2626 3565/2583/3514 668/2587/666 64/2588/64
f 2159/2589/2127 2574/2590/2540 3566/2591/3515 2690/2592/2656
f 2574/2590/2540 2114/2441/2082 2660/2584/2626 3566/2591/3515
f 3566/2591/3515 2660/2584/2626 64/2588/64 700/2593/698
f 2690/2592/2656 3566/2591/3515 700/2593/698 84/2594/84
f 2363/2595/2329 3089/2596/3039 3567/2597/3516 3113/2598/3062
f 3089/2596/3039 2246/2599/2214 2860/2600/2826 3567/2597/3516
f 3567/2597/3516 2860/2600/2826 2237/2601/2205 2855/2602/2821
f 3113/2598/3062 3567/2597/3516 2855/2602/2821 2354/2603/2320
f 2112/2395/2080 2573/2414/2539 3568/2604/3517 2699/2605/2665
f 2573/2414/2539 2113/2413/2081 2698/2606/2664 3568/2604/3517
f 3568/2604/3517 2698/2606/2664 2166/2607/2134 2708/2608/2674
f 2699/2605/2665 3568/2604/3517 2708/2608/2674 2167/2609/2135
f 2125/2333/2093 2586/2340/2552 3569/2610/3518 2771/2611/2737
f 2586/2340/2552 2126/2339/2094 2770/2612/2736 3569/2610/3518
f 3569/2610/3518 2770/2612/2736 2198/2613/2166 2777/2614/2743
f 2771/2611/2737 3569/2610/3518 2777/2614/2743 2199/2615/2167
f 63/2616/63 2883/2617/2849 3570/2618/3519 660/2619/658
f 2883/2617/2849 2243/2620/2211 2659/2621/2625 3570/2618/3519
f 3570/2618/3519 2659/2621/2625 2239/2622/2207 2856/2623/2822
f 660/2619/658 3570/2618/3519 2856/2623/2822 187/2624/187
f 2111/2399/2079 2572/2396/2538 3571/2625/3520 2700/2626/2666
f 2572/2396/2538 2112/2395/2080 2699/2605/2665 3571/2625/3520
f 3571/2625/3520 2699/2605/2665 2167/2609/2135 2709/2627/2675
f 2700/2626/2666 3571/2625/3520 2709/2627/2675 2168/2628/2136
f 2124/2327/2092 2585/2334/2551 3572/2629/3521 2772/2630/2738
f 2585/2334/2551 2125/2333/2093 2771/2611/2737 3572/2629/3521
f 3572/2629/3521 2771/2611/2737 2199/2615/2167 2780/2631/2746
f 2772/2630/2738 3572/2629/3521 2780/2631/2746 2200/2632/2168
f 2190/2633/2158 2571/2634/2537 3573/2635/3522 2764/2636/2730
f 2571/2634/2537 2111/2399/2079 2700/2626/2666 3573/2635/3522
f 3573/2635/3522 2700/2626/2666 2168/2628/2136 2759/2637/2725
f 2764/2636/2730 3573/2635/3522 2759/2637/2725 2194/2638/2162
f 2123/2320/2091 2584/2328/2550 3574/2639/3523 2773/2640/2739
f 2584/2328/2550 2124/2327/2092 2772/2630/2738 3574/2639/3523
f 3574/2639/3523 2772/2630/2738 2200/2632/2168 2778/2641/2744
f 2773/2640/2739 3574/2639/3523 2778/2641/2744 2201/2642/2169
f 2103/2643/2071 2597/2644/2563 3575/2645/3524 2645/2646/2611
f 2597/2644/2563 2127/2647/2095 2652/2648/2618 3575/2645/3524
f 3575/2645/3524 2652/2648/2618 55/2649/55 678/2650/676
f 2645/2646/2611 3575/2645/3524 678/2650/676 56/2651/56
f 2109/2359/2077 2570/2372/2536 3576/2652/3525 2696/2653/2662
f 2570/2372/2536 2110/2371/2078 2701/2654/2667 3576/2652/3525
f 3576/2652/3525 2701/2654/2667 2169/2655/2137 2711/2656/2677
f 2696/2653/2662 3576/2652/3525 2711/2656/2677 2164/2657/2132
f 2191/2658/2159 2782/2659/2748 3577/2660/3526 2763/2661/2729
f 2782/2659/2748 2203/2322/2171 2794/2662/2760 3577/2660/3526
f 3577/2660/3526 2794/2662/2760 2202/2663/2170 2775/2664/2741
f 2763/2661/2729 3577/2660/3526 2775/2664/2741 124/2665/124
f 2108/2341/2076 2569/2360/2535 3578/2666/3527 2697/2667/2663
f 2569/2360/2535 2109/2359/2077 2696/2653/2662 3578/2666/3527
f 3578/2666/3527 2696/2653/2662 2164/2657/2132 2705/2668/2671
f 2697/2667/2663 3578/2666/3527 2705/2668/2671 2165/2669/2133
f 2121/2305/2089 2582/2313/2548 3579/2670/3528 2644/2505/2610
f 2582/2313/2548 2122/2312/2090 2648/2671/2614 3579/2670/3528
f 3579/2670/3528 2648/2671/2614 51/2672/51 682/2673/680
f 2644/2505/2610 3579/2670/3528 682/2673/680 52/2506/52
f 2107/2345/2075 2568/2342/2534 3580/2674/3529 2643/2675/2609
f 2568/2342/2534 2108/2341/2076 2697/2667/2663 3580/2674/3529
f 3580/2674/3529 2697/2667/2663 2165/2669/2133 2710/2676/2676
f 2643/2675/2609 3580/2674/3529 2710/2676/2676 2163/2677/2131
f 2222/2678/2190 2829/2679/2795 3581/2680/3530 2668/2681/2634
f 2829/2679/2795 2219/2682/2187 2650/2683/2616 3581/2680/3530
f 3581/2680/3530 2650/2683/2616 2211/2684/2179 2803/2685/2769
f 2668/2681/2634 3581/2680/3530 2803/2685/2769 2210/2543/2178
f 2105/2489/2073 2676/2486/2642 3582/2686/3531 2666/2687/2632
f 2676/2486/2642 2155/2485/2123 2682/2688/2648 3582/2686/3531
f 3582/2686/3531 2682/2688/2648 77/2689/77 658/2690/656
f 2666/2687/2632 3582/2686/3531 658/2690/656 71/2691/71
f 2313/2692/2280 3021/2693/2977 3583/2694/3532 2719/2695/2685
f 3021/2693/2977 2309/2494/2276 2683/2497/2649 3583/2694/3532
f 3583/2694/3532 2683/2497/2649 2157/2502/2125 2678/2696/2644
f 2719/2695/2685 3583/2694/3532 2678/2696/2644 2175/2697/2143
f 2172/2512/2140 2707/2698/2673 3584/2699/3533 2718/2513/2684
f 2707/2698/2673 2155/2485/2123 2684/2488/2650 3584/2699/3533
f 3584/2699/3533 2684/2488/2650 2156/2493/2124 2677/2700/2643
f 2718/2513/2684 3584/2699/3533 2677/2700/2643 2174/2514/2142
f 2379/2701/2345 3177/2702/3126 3585/2703/3534 2717/2704/2683
f 3177/2702/3126 2377/2254/2343 2685/2257/2651 3585/2703/3534
f 3585/2703/3534 2685/2257/2651 2154/2262/2122 2675/2705/2641
f 2717/2704/2683 3585/2703/3534 2675/2705/2641 2173/2706/2141
f 2113/2413/2081 2724/2426/2690 3586/2707/3535 2698/2606/2664
f 2724/2426/2690 2179/2425/2147 2730/2708/2696 3586/2707/3535
f 3586/2707/3535 2730/2708/2696 2170/2709/2138 2703/2710/2669
f 2698/2606/2664 3586/2707/3535 2703/2710/2669 2166/2607/2134
f 2119/2285/2087 2687/2711/2653 3587/2712/3536 2665/2535/2631
f 2687/2711/2653 2160/2713/2128 2691/2714/2657 3587/2712/3536
f 3587/2712/3536 2691/2714/2657 83/2715/83 659/2716/657
f 2665/2535/2631 3587/2712/3536 659/2716/657 70/2536/70
f 2292/2450/2260 3019/2717/2975 3588/2718/3537 2962/2451/2928
f 3019/2717/2975 2311/2719/2278 2692/2720/2658 3588/2718/3537
f 3588/2718/3537 2692/2720/2658 2162/2721/2130 2689/2722/2655
f 2962/2451/2928 3588/2718/3537 2689/2722/2655 2135/2452/2103
f 2114/2441/2082 2574/2590/2540 3589/2723/3538 2589/2442/2555
f 2574/2590/2540 2159/2589/2127 2693/2724/2659 3589/2723/3538
f 3589/2723/3538 2693/2724/2659 2161/2725/2129 2688/2726/2654
f 2589/2442/2555 3589/2723/3538 2688/2726/2654 2136/2443/2104
f 2369/2283/2335 3176/2727/3125 3590/2728/3539 3117/2284/3066
f 3176/2727/3125 2378/2729/2344 2694/2730/2660 3590/2728/3539
f 3590/2728/3539 2694/2730/2660 2160/2713/2128 2687/2711/2653
f 3117/2284/3066 3590/2728/3539 2687/2711/2653 2119/2285/2087
f 2163/2677/2131 2706/2731/2672 3591/2732/3540 2643/2675/2609
f 2706/2731/2672 2171/2733/2139 2729/2734/2695 3591/2732/3540
f 3591/2732/3540 2729/2734/2695 2172/2512/2140 2567/2510/2533
f 2643/2675/2609 3591/2732/3540 2567/2510/2533 2107/2345/2075
f 170/2735/170 2852/2736/2818 3592/2737/3541 862/2738/860
f 2852/2736/2818 2226/2739/2194 2649/2740/2615 3592/2737/3541
f 3592/2737/3541 2649/2740/2615 2188/2741/2156 2749/2742/2715
f 862/2738/860 3592/2737/3541 2749/2742/2715 115/2743/115
f 2235/2744/2203 2851/2745/2817 3593/2746/3542 2762/2747/2728
f 2851/2745/2817 2231/2748/2199 2835/2749/2801 3593/2746/3542
f 3593/2746/3542 2835/2749/2801 2183/2750/2151 2760/2751/2726
f 2762/2747/2728 3593/2746/3542 2760/2751/2726 2195/2752/2163
f 2227/2753/2195 2850/2754/2816 3594/2755/3543 2831/2756/2797
f 2850/2754/2816 2232/2757/2200 2671/2758/2637 3594/2755/3543
f 3594/2755/3543 2671/2758/2637 2182/2759/2150 2748/2760/2714
f 2831/2756/2797 3594/2755/3543 2748/2760/2714 2181/2761/2149
f 2234/2762/2202 2849/2763/2815 3595/2764/3544 2695/2765/2661
f 2849/2763/2815 2233/2766/2201 2837/2767/2803 3595/2764/3544
f 3595/2764/3544 2837/2767/2803 2187/2768/2155 2741/2769/2707
f 2695/2765/2661 3595/2764/3544 2741/2769/2707 2185/2770/2153
f 2228/2771/2196 2848/2772/2814 3596/2773/3545 2832/2774/2798
f 2848/2772/2814 2229/2775/2197 2656/2776/2622 3596/2773/3545
f 3596/2773/3545 2656/2776/2622 2180/2777/2148 2747/2778/2713
f 2832/2774/2798 3596/2773/3545 2747/2778/2713 2186/2779/2154
f 2233/2766/2201 2847/2780/2813 3597/2781/3546 2837/2767/2803
f 2847/2780/2813 178/2782/178 676/2783/674 3597/2781/3546
f 3597/2781/3546 676/2783/674 114/2784/114 2740/2785/2706
f 2837/2767/2803 3597/2781/3546 2740/2785/2706 2187/2768/2155
f 2231/2748/2199 2846/2786/2812 3598/2787/3547 2835/2749/2801
f 2846/2786/2812 2230/2788/2198 2834/2789/2800 3598/2787/3547
f 3598/2787/3547 2834/2789/2800 2184/2790/2152 2746/2791/2712
f 2835/2749/2801 3598/2787/3547 2746/2791/2712 2183/2750/2151
f 2230/2788/2198 2845/2792/2811 3599/2793/3548 2834/2789/2800
f 2845/2792/2811 2234/2762/2202 2695/2765/2661 3599/2793/3548
f 3599/2793/3548 2695/2765/2661 2185/2770/2153 2745/2794/2711
f 2834/2789/2800 3599/2793/3548 2745/2794/2711 2184/2790/2152
f 2376/2337/2342 3175/2795/3124 3600/2796/3549 3124/2338/3073
f 3175/2795/3124 2379/2701/2345 2717/2704/2683 3600/2796/3549
f 3600/2796/3549 2717/2704/2683 2173/2706/2141 2714/2797/2680
f 3124/2338/3073 3600/2796/3549 2714/2797/2680 2126/2339/2094
f 2306/2354/2273 3017/2798/2973 3601/2799/3550 2976/2355/2940
f 3017/2798/2973 2313/2692/2280 2719/2695/2685 3601/2799/3550
f 3601/2799/3550 2719/2695/2685 2175/2697/2143 2716/2800/2682
f 2976/2355/2940 3601/2799/3550 2716/2800/2682 2149/2356/2117
f 2126/2339/2094 2714/2797/2680 3602/2801/3551 2770/2612/2736
f 2714/2797/2680 2173/2706/2141 2769/2802/2735 3602/2801/3551
f 3602/2801/3551 2769/2802/2735 2197/2803/2165 2779/2804/2745
f 2770/2612/2736 3602/2801/3551 2779/2804/2745 2198/2613/2166
f 2160/2713/2128 2721/2805/2687 3603/2806/3552 2691/2714/2657
f 2721/2805/2687 2257/2516/2225 2725/2519/2691 3603/2806/3552
f 3603/2806/3552 2725/2519/2691 102/2523/102 699/2807/697
f 2691/2714/2657 3603/2806/3552 699/2807/697 83/2715/83
f 2311/2719/2278 3015/2808/2971 3604/2809/3553 2692/2720/2658
f 3015/2808/2971 2315/2431/2282 2726/2434/2692 3604/2809/3553
f 3604/2809/3553 2726/2434/2692 2260/2436/2228 2723/2810/2689
f 2692/2720/2658 3604/2809/3553 2723/2810/2689 2162/2721/2130
f 2159/2589/2127 2686/2811/2652 3605/2812/3554 2693/2724/2659
f 2686/2811/2652 2179/2425/2147 2727/2428/2693 3605/2812/3554
f 3605/2812/3554 2727/2428/2693 2177/2430/2145 2722/2813/2688
f 2693/2724/2659 3605/2812/3554 2722/2813/2688 2161/2725/2129
f 2378/2729/2344 3174/2814/3123 3606/2815/3555 2694/2730/2660
f 3174/2814/3123 2380/2816/2346 2728/2817/2694 3606/2815/3555
f 3606/2815/3555 2728/2817/2694 2257/2516/2225 2721/2805/2687
f 2694/2730/2660 3606/2815/3555 2721/2805/2687 2160/2713/2128
f 2172/2512/2140 2729/2734/2695 3607/2818/3556 2707/2698/2673
f 2729/2734/2695 2171/2733/2139 2712/2819/2678 3607/2818/3556
f 3607/2818/3556 2712/2819/2678 77/2689/77 2682/2688/2648
f 2707/2698/2673 3607/2818/3556 2682/2688/2648 2155/2485/2123
f 2170/2709/2138 2730/2708/2696 3608/2820/3557 2702/2821/2668
f 2730/2708/2696 2179/2425/2147 2686/2811/2652 3608/2820/3557
f 3608/2820/3557 2686/2811/2652 2159/2589/2127 2690/2592/2656
f 2702/2821/2668 3608/2820/3557 2690/2592/2656 84/2594/84
f 2185/2770/2153 2741/2769/2707 3609/2822/3558 2736/2823/2702
f 2741/2769/2707 2187/2768/2155 2740/2785/2706 3609/2822/3558
f 3609/2822/3558 2740/2785/2706 114/2784/114 749/2824/747
f 2736/2823/2702 3609/2822/3558 749/2824/747 113/2825/113
f 2195/2752/2163 2760/2751/2726 3610/2826/3559 2761/2827/2727
f 2760/2751/2726 2183/2750/2151 2734/2828/2700 3610/2826/3559
f 3610/2826/3559 2734/2828/2700 109/2829/109 780/2830/778
f 2761/2827/2727 3610/2826/3559 780/2830/778 126/2831/126
f 2181/2761/2149 2732/2832/2698 3611/2833/3560 2737/2834/2703
f 2732/2832/2698 105/2835/105 773/2836/771 3611/2833/3560
f 3611/2833/3560 773/2836/771 57/2837/57 2679/2838/2645
f 2737/2834/2703 3611/2833/3560 2679/2838/2645 2152/2839/2120
f 2180/2777/2148 2743/2840/2709 3612/2841/3561 2739/2842/2705
f 2743/2840/2709 2181/2761/2149 2737/2834/2703 3612/2841/3561
f 3612/2841/3561 2737/2834/2703 2152/2839/2120 2751/2843/2717
f 2739/2842/2705 3612/2841/3561 2751/2843/2717 2151/2844/2119
f 2184/2790/2152 2745/2794/2711 3613/2845/3562 2735/2846/2701
f 2745/2794/2711 2185/2770/2153 2736/2823/2702 3613/2845/3562
f 3613/2845/3562 2736/2823/2702 113/2825/113 750/2847/748
f 2735/2846/2701 3613/2845/3562 750/2847/748 111/2848/111
f 2183/2750/2151 2746/2791/2712 3614/2849/3563 2734/2828/2700
f 2746/2791/2712 2184/2790/2152 2735/2846/2701 3614/2849/3563
f 3614/2849/3563 2735/2846/2701 111/2848/111 751/2850/749
f 2734/2828/2700 3614/2849/3563 751/2850/749 109/2829/109
f 2186/2779/2154 2747/2778/2713 3615/2851/3564 2731/2852/2697
f 2747/2778/2713 2180/2777/2148 2739/2842/2705 3615/2851/3564
f 3615/2851/3564 2739/2842/2705 2151/2844/2119 2753/2853/2719
f 2731/2852/2697 3615/2851/3564 2753/2853/2719 2153/2854/2121
f 2181/2761/2149 2748/2760/2714 3616/2855/3565 2732/2832/2698
f 2748/2760/2714 2182/2759/2150 2733/2856/2699 3616/2855/3565
f 3616/2855/3565 2733/2856/2699 107/2857/107 753/2858/751
f 2732/2832/2698 3616/2855/3565 753/2858/751 105/2835/105
f 2229/2775/2197 2844/2859/2810 3617/2860/3566 2656/2776/2622
f 2844/2859/2810 2227/2753/2195 2831/2756/2797 3617/2860/3566
f 3617/2860/3566 2831/2756/2797 2181/2761/2149 2743/2840/2709
f 2656/2776/2622 3617/2860/3566 2743/2840/2709 2180/2777/2148
f 2226/2739/2194 2843/2861/2809 3618/2862/3567 2649/2740/2615
f 2843/2861/2809 2228/2771/2196 2832/2774/2798 3618/2862/3567
f 3618/2862/3567 2832/2774/2798 2186/2779/2154 2744/2863/2710
f 2649/2740/2615 3618/2862/3567 2744/2863/2710 2188/2741/2156
f 2151/2844/2119 2751/2843/2717 3619/2864/3568 2673/2865/2639
f 2751/2843/2717 2152/2839/2120 2679/2838/2645 3619/2864/3568
f 3619/2864/3568 2679/2838/2645 57/2837/57 674/2866/672
f 2673/2865/2639 3619/2864/3568 674/2866/672 53/2867/53
f 54/2868/54 2754/2869/2720 3620/2870/3569 767/2871/765
f 2754/2869/2720 2189/2872/2157 2752/2873/2718 3620/2870/3569
f 3620/2870/3569 2752/2873/2718 2153/2854/2121 2750/2874/2716
f 767/2871/765 3620/2870/3569 2750/2874/2716 59/2875/59
f 2153/2854/2121 2753/2853/2719 3621/2876/3570 2750/2874/2716
f 2753/2853/2719 2151/2844/2119 2673/2865/2639 3621/2876/3570
f 3621/2876/3570 2673/2865/2639 53/2867/53 679/2877/677
f 2750/2874/2716 3621/2876/3570 679/2877/677 59/2875/59
f 2188/2741/2156 2744/2863/2710 3622/2878/3571 2738/2879/2704
f 2744/2863/2710 2186/2779/2154 2731/2852/2697 3622/2878/3571
f 3622/2878/3571 2731/2852/2697 2153/2854/2121 2752/2873/2718
f 2738/2879/2704 3622/2878/3571 2752/2873/2718 2189/2872/2157
f 115/2743/115 2749/2742/2715 3623/2880/3572 774/2881/772
f 2749/2742/2715 2188/2741/2156 2738/2879/2704 3623/2880/3572
f 3623/2880/3572 2738/2879/2704 2189/2872/2157 2754/2869/2720
f 774/2881/772 3623/2880/3572 2754/2869/2720 54/2868/54
f 2207/2882/2175 2786/2883/2752 3624/2884/3573 2790/2885/2756
f 2786/2883/2752 2195/2752/2163 2761/2827/2727 3624/2884/3573
f 3624/2884/3573 2761/2827/2727 126/2831/126 807/2886/805
f 2790/2885/2756 3624/2884/3573 807/2886/805 139/2887/139
f 2236/2888/2204 2842/2889/2808 3625/2890/3574 2789/2891/2755
f 2842/2889/2808 2235/2744/2203 2762/2747/2728 3625/2890/3574
f 3625/2890/3574 2762/2747/2728 2195/2752/2163 2786/2883/2752
f 2789/2891/2755 3625/2890/3574 2786/2883/2752 2207/2882/2175
f 2122/2312/2090 2756/2892/2722 3626/2893/3575 2648/2671/2614
f 2756/2892/2722 2191/2658/2159 2763/2661/2729 3626/2893/3575
f 3626/2893/3575 2763/2661/2729 124/2665/124 680/2894/678
f 2648/2671/2614 3626/2893/3575 680/2894/678 51/2672/51
f 2208/2383/2176 2755/2895/2721 3627/2896/3576 2788/2897/2754
f 2755/2895/2721 2190/2633/2158 2764/2636/2730 3627/2896/3576
f 3627/2896/3576 2764/2636/2730 2194/2638/2162 2785/2898/2751
f 2788/2897/2754 3627/2896/3576 2785/2898/2751 2206/2899/2174
f 2298/2408/2266 3013/2900/2969 3628/2901/3577 2968/2409/2933
f 3013/2900/2969 2317/2902/2283 2765/2903/2731 3628/2901/3577
f 3628/2901/3577 2765/2903/2731 2193/2904/2161 2758/2905/2724
f 2968/2409/2933 3628/2901/3577 2758/2905/2724 2141/2410/2109
f 2111/2399/2079 2571/2634/2537 3629/2906/3578 2592/2400/2558
f 2571/2634/2537 2190/2633/2158 2766/2907/2732 3629/2906/3578
f 3629/2906/3578 2766/2907/2732 2192/2908/2160 2757/2909/2723
f 2592/2400/2558 3629/2906/3578 2757/2909/2723 2142/2401/2110
f 2372/2310/2338 3173/2910/3122 3630/2911/3579 3120/2311/3069
f 3173/2910/3122 2381/2912/2347 2767/2913/2733 3630/2911/3579
f 3630/2911/3579 2767/2913/2733 2191/2658/2159 2756/2892/2722
f 3120/2311/3069 3630/2911/3579 2756/2892/2722 2122/2312/2090
f 2196/2914/2164 2774/2915/2740 3631/2916/3580 2681/2917/2647
f 2774/2915/2740 2197/2803/2165 2769/2802/2735 3631/2916/3580
f 3631/2916/3580 2769/2802/2735 2173/2706/2141 2675/2705/2641
f 2681/2917/2647 3631/2916/3580 2675/2705/2641 2154/2262/2122
f 2223/2918/2191 2828/2919/2794 3632/2920/3581 2672/2921/2638
f 2828/2919/2794 2224/2922/2192 2713/2923/2679 3632/2920/3581
f 3632/2920/3581 2713/2923/2679 2158/2924/2126 2802/2925/2768
f 2672/2921/2638 3632/2920/3581 2802/2925/2768 2214/2926/2182
f 162/2927/162 2827/2928/2793 3633/2929/3582 846/2930/844
f 2827/2928/2793 2223/2918/2191 2672/2921/2638 3633/2929/3582
f 3633/2929/3582 2672/2921/2638 2214/2926/2182 2801/2931/2767
f 846/2930/844 3633/2929/3582 2801/2931/2767 150/2932/150
f 2220/2933/2188 2826/2934/2792 3634/2935/3583 2816/2936/2782
f 2826/2934/2792 2221/2937/2189 2817/2938/2783 3634/2935/3583
f 3634/2935/3583 2817/2938/2783 2213/2939/2181 2800/2940/2766
f 2816/2936/2782 3634/2935/3583 2800/2940/2766 2212/2941/2180
f 2221/2937/2189 2825/2942/2791 3635/2943/3584 2817/2938/2783
f 2825/2942/2791 167/2944/167 677/2945/675 3635/2943/3584
f 3635/2943/3584 677/2945/675 148/2946/148 2807/2947/2773
f 2817/2938/2783 3635/2943/3584 2807/2947/2773 2213/2939/2181
f 2225/2948/2193 2824/2949/2790 3636/2950/3585 2821/2951/2787
f 2824/2949/2790 2222/2678/2190 2668/2681/2634 3636/2950/3585
f 3636/2950/3585 2668/2681/2634 2210/2543/2178 2806/2952/2772
f 2821/2951/2787 3636/2950/3585 2806/2952/2772 2209/2953/2177
f 2196/2914/2164 2681/2917/2647 3637/2954/3586 2781/2955/2747
f 2681/2917/2647 2154/2262/2122 2565/2261/2531 3637/2954/3586
f 3637/2954/3586 2565/2261/2531 2106/2260/2074 2646/2956/2612
f 2781/2955/2747 3637/2954/3586 2646/2956/2612 61/2957/61
f 2110/2371/2078 2787/2384/2753 3638/2958/3587 2701/2654/2667
f 2787/2384/2753 2208/2383/2176 2788/2897/2754 3638/2958/3587
f 3638/2958/3587 2788/2897/2754 2206/2899/2174 2704/2959/2670
f 2701/2654/2667 3638/2958/3587 2704/2959/2670 2169/2655/2137
f 2232/2757/2200 2841/2960/2807 3639/2961/3588 2671/2758/2637
f 2841/2960/2807 2236/2888/2204 2789/2891/2755 3639/2961/3588
f 3639/2961/3588 2789/2891/2755 2207/2882/2175 2742/2962/2708
f 2671/2758/2637 3639/2961/3588 2742/2962/2708 2182/2759/2150
f 2182/2759/2150 2742/2962/2708 3640/2963/3589 2733/2856/2699
f 2742/2962/2708 2207/2882/2175 2790/2885/2756 3640/2963/3589
f 3640/2963/3589 2790/2885/2756 139/2887/139 752/2964/750
f 2733/2856/2699 3640/2963/3589 752/2964/750 107/2857/107
f 2317/2902/2283 3011/2965/2283 3641/2966/3590 2765/2903/2731
f 3011/2965/2283 2319/2389/2285 2791/2392/2757 3641/2966/3590
f 3641/2966/3590 2791/2392/2757 2205/2394/2173 2784/2967/2750
f 2765/2903/2731 3641/2966/3590 2784/2967/2750 2193/2904/2161
f 2190/2633/2158 2755/2895/2721 3642/2968/3591 2766/2907/2732
f 2755/2895/2721 2208/2383/2176 2792/2386/2758 3642/2968/3591
f 3642/2968/3591 2792/2386/2758 2204/2388/2172 2783/2969/2749
f 2766/2907/2732 3642/2968/3591 2783/2969/2749 2192/2908/2160
f 2381/2912/2347 3172/2970/3121 3643/2971/3592 2767/2913/2733
f 3172/2970/3121 2382/2314/2348 2793/2317/2759 3643/2971/3592
f 3643/2971/3592 2793/2317/2759 2203/2322/2171 2782/2659/2748
f 2767/2913/2733 3643/2971/3592 2782/2659/2748 2191/2658/2159
f 2202/2663/2170 2794/2662/2760 3644/2972/3593 2776/2973/2742
f 2794/2662/2760 2203/2322/2171 2583/2321/2549 3644/2972/3593
f 3644/2972/3593 2583/2321/2549 2123/2320/2091 2773/2640/2739
f 2776/2973/2742 3644/2972/3593 2773/2640/2739 2201/2642/2169
f 150/2932/150 2801/2931/2767 3645/2974/3594 825/2975/823
f 2801/2931/2767 2214/2926/2182 2802/2925/2768 3645/2974/3594
f 3645/2974/3594 2802/2925/2768 2158/2924/2126 2680/2976/2646
f 825/2975/823 3645/2974/3594 2680/2976/2646 142/2977/142
f 2210/2543/2178 2803/2685/2769 3646/2978/3595 2797/2544/2763
f 2803/2685/2769 2211/2684/2179 2796/2979/2762 3646/2978/3595
f 3646/2978/3595 2796/2979/2762 2216/2980/2184 2812/2981/2778
f 2797/2544/2763 3646/2978/3595 2812/2981/2778 2215/2545/2183
f 2158/2924/2126 2804/2982/2770 3647/2983/3596 2680/2976/2646
f 2804/2982/2770 2209/2953/2177 2768/2984/2734 3647/2983/3596
f 3647/2983/3596 2768/2984/2734 144/2985/144 822/2986/820
f 2680/2976/2646 3647/2983/3596 822/2986/820 142/2977/142
f 2211/2684/2179 2805/2987/2771 3648/2988/3597 2796/2979/2762
f 2805/2987/2771 2212/2941/2180 2799/2989/2765 3648/2988/3597
f 3648/2988/3597 2799/2989/2765 2217/2990/2185 2813/2991/2779
f 2796/2979/2762 3648/2988/3597 2813/2991/2779 2216/2980/2184
f 2209/2953/2177 2806/2952/2772 3649/2992/3598 2768/2984/2734
f 2806/2952/2772 2210/2543/2178 2795/2540/2761 3649/2992/3598
f 3649/2992/3598 2795/2540/2761 146/2539/146 821/2993/819
f 2768/2984/2734 3649/2992/3598 821/2993/819 144/2985/144
f 2224/2922/2192 2823/2994/2789 3650/2995/3599 2713/2923/2679
f 2823/2994/2789 2225/2948/2193 2821/2951/2787 3650/2995/3599
f 3650/2995/3599 2821/2951/2787 2209/2953/2177 2804/2982/2770
f 2713/2923/2679 3650/2995/3599 2804/2982/2770 2158/2924/2126
f 2219/2682/2187 2822/2996/2788 3651/2997/3600 2650/2683/2616
f 2822/2996/2788 2220/2933/2188 2816/2936/2782 3651/2997/3600
f 3651/2997/3600 2816/2936/2782 2212/2941/2180 2805/2987/2771
f 2650/2683/2616 3651/2997/3600 2805/2987/2771 2211/2684/2179
f 158/2998/158 838/2999/836 3652/3000/3601 2814/3001/2780
f 838/2999/836 157/3002/157 2810/3003/2776 3652/3000/3601
f 3652/3000/3601 2810/3003/2776 2217/2990/2185 2811/3004/2777
f 2814/3001/2780 3652/3000/3601 2811/3004/2777 2218/3005/2186
f 2215/2545/2183 2812/2981/2778 3653/3006/3602 2808/2546/2774
f 2812/2981/2778 2216/2980/2184 2809/3007/2775 3653/3006/3602
f 3653/3006/3602 2809/3007/2775 156/3008/156 837/3009/835
f 2808/2546/2774 3653/3006/3602 837/3009/835 154/2547/154
f 2216/2980/2184 2813/2991/2779 3654/3010/3603 2809/3007/2775
f 2813/2991/2779 2217/2990/2185 2810/3003/2776 3654/3010/3603
f 3654/3010/3603 2810/3003/2776 157/3002/157 836/3011/834
f 2809/3007/2775 3654/3010/3603 836/3011/834 156/3008/156
f 2212/2941/2180 2800/2940/2766 3655/3012/3604 2799/2989/2765
f 2800/2940/2766 2213/2939/2181 2798/3013/2764 3655/3012/3604
f 3655/3012/3604 2798/3013/2764 2218/3005/2186 2811/3004/2777
f 2799/2989/2765 3655/3012/3604 2811/3004/2777 2217/2990/2185
f 2213/2939/2181 2807/2947/2773 3656/3014/3605 2798/3013/2764
f 2807/2947/2773 148/2946/148 844/3015/842 3656/3014/3605
f 3656/3014/3605 844/3015/842 158/2998/158 2814/3001/2780
f 2798/3013/2764 3656/3014/3605 2814/3001/2780 2218/3005/2186
f 2198/2613/2166 2779/2804/2745 3657/3016/3606 2815/3017/2781
f 2779/2804/2745 2197/2803/2165 2655/3018/2621 3657/3016/3606
f 3657/3019/3606 2655/3020/2621 2220/2933/2188 2822/2996/2788
f 2815/3021/2781 3657/3019/3606 2822/2996/2788 2219/2682/2187
f 2201/2642/2169 2778/2641/2744 3658/3022/3607 2820/3023/2786
f 2778/2641/2744 2200/2632/2168 2720/3024/2686 3658/3022/3607
f 3658/3025/3607 2720/3026/2686 2225/2948/2193 2823/2994/2789
f 2820/3027/2786 3658/3025/3607 2823/2994/2789 2224/2922/2192
f 2200/2632/2168 2780/2631/2746 3659/3028/3608 2720/3024/2686
f 2780/2631/2746 2199/2615/2167 2818/3029/2784 3659/3028/3608
f 3659/3030/3608 2818/3031/2784 2222/2678/2190 2824/2949/2790
f 2720/3026/2686 3659/3030/3608 2824/2949/2790 2225/2948/2193
f 2196/2914/2164 2781/2955/2747 3660/3032/3609 2657/3033/2623
f 2781/2955/2747 61/2957/61 851/3034/849 3660/3032/3609
f 3660/3035/3609 851/3036/849 167/2944/167 2825/2942/2791
f 2657/3037/2623 3660/3035/3609 2825/2942/2791 2221/2937/2189
f 2197/2803/2165 2774/2915/2740 3661/3038/3610 2655/3018/2621
f 2774/2915/2740 2196/2914/2164 2657/3033/2623 3661/3038/3610
f 3661/3039/3610 2657/3037/2623 2221/2937/2189 2826/2934/2792
f 2655/3020/2621 3661/3039/3610 2826/2934/2792 2220/2933/2188
f 124/2665/124 2775/2664/2741 3662/3040/3611 640/3041/638
f 2775/2664/2741 2202/2663/2170 2819/3042/2785 3662/3040/3611
f 3662/3043/3611 2819/3044/2785 2223/2918/2191 2827/2928/2793
f 640/3045/638 3662/3043/3611 2827/2928/2793 162/2927/162
f 2202/2663/2170 2776/2973/2742 3663/3046/3612 2819/3042/2785
f 2776/2973/2742 2201/2642/2169 2820/3023/2786 3663/3046/3612
f 3663/3047/3612 2820/3027/2786 2224/2922/2192 2828/2919/2794
f 2819/3044/2785 3663/3047/3612 2828/2919/2794 2223/2918/2191
f 2199/2615/2167 2777/2614/2743 3664/3048/3613 2818/3029/2784
f 2777/2614/2743 2198/2613/2166 2815/3017/2781 3664/3048/3613
f 3664/3049/3613 2815/3021/2781 2219/2682/2187 2829/2679/2795
f 2818/3031/2784 3664/3049/3613 2829/2679/2795 2222/2678/2190
f 2559/3050/2525 3520/3051/3469 3665/3052/3614 2836/3053/2802
f 3520/3051/3469 2562/3054/2528 2840/3055/2806 3665/3052/3614
f 3665/3052/3614 2840/3055/2806 2236/2888/2204 2841/2960/2807
f 2836/3053/2802 3665/3052/3614 2841/2960/2807 2232/2757/2200
f 2562/3054/2528 3519/3056/3468 3666/3057/3615 2840/3055/2806
f 3519/3056/3468 2561/3058/2527 2839/3059/2805 3666/3057/3615
f 3666/3057/3615 2839/3059/2805 2235/2744/2203 2842/2889/2808
f 2840/3055/2806 3666/3057/3615 2842/2889/2808 2236/2888/2204
f 2557/3060/2523 3518/3061/3467 3667/3062/3616 2830/3063/2796
f 3518/3061/3467 2553/3064/2519 3499/3065/3448 3667/3062/3616
f 3667/3062/3616 3499/3065/3448 2228/2771/2196 2843/2861/2809
f 2830/3063/2796 3667/3062/3616 2843/2861/2809 2226/2739/2194
f 2558/3066/2524 3517/3067/3466 3668/3068/3617 2833/3069/2799
f 3517/3067/3466 2552/3070/2518 3498/3071/3447 3668/3068/3617
f 3668/3068/3617 3498/3071/3447 2227/2753/2195 2844/2859/2810
f 2833/3069/2799 3668/3068/3617 2844/2859/2810 2229/2775/2197
f 2554/3072/2520 3516/3073/3465 3669/3074/3618 3500/3075/3449
f 3516/3073/3465 2560/3076/2526 2838/3077/2804 3669/3074/3618
f 3669/3074/3618 2838/3077/2804 2234/2762/2202 2845/2792/2811
f 3500/3075/3449 3669/3074/3618 2845/2792/2811 2230/2788/2198
f 2555/3078/2521 3515/3079/3464 3670/3080/3619 3501/3081/3450
f 3515/3079/3464 2554/3072/2520 3500/3075/3449 3670/3080/3619
f 3670/3080/3619 3500/3075/3449 2230/2788/2198 2846/2786/2812
f 3501/3081/3450 3670/3080/3619 2846/2786/2812 2231/2748/2199
f 2556/3082/2522 3514/3083/3463 3671/3084/3620 3502/3085/3451
f 3514/3083/3463 545/3086/543 870/3087/868 3671/3084/3620
f 3671/3084/3620 870/3087/868 178/2782/178 2847/2780/2813
f 3502/3085/3451 3671/3084/3620 2847/2780/2813 2233/2766/2201
f 2553/3064/2519 3513/3088/3462 3672/3089/3621 3499/3065/3448
f 3513/3088/3462 2558/3066/2524 2833/3069/2799 3672/3089/3621
f 3672/3089/3621 2833/3069/2799 2229/2775/2197 2848/2772/2814
f 3499/3065/3448 3672/3089/3621 2848/2772/2814 2228/2771/2196
f 2560/3076/2526 3512/3090/3461 3673/3091/3622 2838/3077/2804
f 3512/3090/3461 2556/3082/2522 3502/3085/3451 3673/3091/3622
f 3673/3091/3622 3502/3085/3451 2233/2766/2201 2849/2763/2815
f 2838/3077/2804 3673/3091/3622 2849/2763/2815 2234/2762/2202
f 2552/3070/2518 3511/3092/3460 3674/3093/3623 3498/3071/3447
f 3511/3092/3460 2559/3050/2525 2836/3053/2802 3674/3093/3623
f 3674/3093/3623 2836/3053/2802 2232/2757/2200 2850/2754/2816
f 3498/3071/3447 3674/3093/3623 2850/2754/2816 2227/2753/2195
f 2561/3058/2527 3510/3094/3459 3675/3095/3624 2839/3059/2805
f 3510/3094/3459 2555/3078/2521 3501/3081/3450 3675/3095/3624
f 3675/3095/3624 3501/3081/3450 2231/2748/2199 2851/2745/2817
f 2839/3059/2805 3675/3095/3624 2851/2745/2817 2235/2744/2203
f 536/3096/534 3509/3097/3458 3676/3098/3625 1569/3099/1548
f 3509/3097/3458 2557/3060/2523 2830/3063/2796 3676/3098/3625
f 3676/3098/3625 2830/3063/2796 2226/2739/2194 2852/2736/2818
f 1569/3099/1548 3676/3098/3625 2852/2736/2818 170/2735/170
f 2237/2601/2205 2853/3100/2819 3677/3101/3626 2858/3102/2824
f 2853/3100/2819 2238/2532/2206 2859/2531/2825 3677/3101/3626
f 3677/3101/3626 2859/2531/2825 190/2530/190 894/3103/892
f 2858/3102/2824 3677/3101/3626 894/3103/892 189/3104/189
f 2354/2603/2320 2855/2602/2821 3678/3105/3627 3112/3106/3061
f 2855/2602/2821 2237/2601/2205 2858/3102/2824 3678/3105/3627
f 3678/3105/3627 2858/3102/2824 189/3104/189 1137/3107/1117
f 3112/3106/3061 3678/3105/3627 1137/3107/1117 324/3108/322
f 2383/3109/2349 2854/3110/2820 3679/3111/3628 3171/3112/3120
f 2854/3110/2820 2240/3113/2208 2857/3114/2823 3679/3111/3628
f 3679/3111/3628 2857/3114/2823 188/3115/188 1183/3116/1162
f 3171/3112/3120 3679/3111/3628 1183/3116/1162 348/3117/346
f 2246/2599/2214 2880/3118/2846 3680/3119/3629 2860/2600/2826
f 2880/3118/2846 2250/2524/2218 2872/2527/2838 3680/3119/3629
f 3680/3119/3629 2872/2527/2838 2238/2532/2206 2853/3100/2819
f 2860/2600/2826 3680/3119/3629 2853/3100/2819 2237/2601/2205
f 2386/3120/2352 3134/3121/3083 3681/3122/3630 3170/3123/3119
f 3134/3121/3083 2247/3124/2215 2869/3125/2835 3681/3122/3630
f 3681/3122/3630 2869/3125/2835 2240/3113/2208 2854/3110/2820
f 3170/3123/3119 3681/3122/3630 2854/3110/2820 2383/3109/2349
f 2387/3126/2353 3135/3127/3084 3682/3128/3631 3169/3129/3118
f 3135/3127/3084 2253/3130/2221 2890/3131/2856 3682/3128/3631
f 3682/3128/3631 2890/3131/2856 2249/3132/2217 3132/3133/3081
f 3169/3129/3118 3682/3128/3631 3132/3133/3081 2384/3134/2350
f 2384/3134/2350 3132/3133/3081 3683/3135/3632 3168/3136/3117
f 3132/3133/3081 2249/3132/2217 2871/3137/2837 3683/3135/3632
f 3683/3135/3632 2871/3137/2837 2248/3138/2216 3133/3139/3082
f 3168/3136/3117 3683/3135/3632 3133/3139/3082 2385/3140/2351
f 2385/3140/2351 3133/3139/3082 3684/3141/3633 3167/3142/3116
f 3133/3139/3082 2248/3138/2216 2870/3143/2836 3684/3141/3633
f 3684/3141/3633 2870/3143/2836 2247/3124/2215 3134/3121/3083
f 3167/3142/3116 3684/3141/3633 3134/3121/3083 2386/3120/2352
f 2256/3144/2224 2897/3145/2863 3685/3146/3634 2866/3147/2832
f 2897/3145/2863 2254/3148/2222 2891/3149/2857 3685/3146/3634
f 3685/3146/3634 2891/3149/2857 2252/3150/2220 2878/3151/2844
f 2866/3147/2832 3685/3146/3634 2878/3151/2844 2244/3152/2212
f 2244/3152/2212 2878/3151/2844 3686/3153/3635 2867/3154/2833
f 2878/3151/2844 2252/3150/2220 2874/3155/2840 3686/3153/3635
f 3686/3153/3635 2874/3155/2840 2251/3156/2219 2879/3157/2845
f 2867/3154/2833 3686/3153/3635 2879/3157/2845 2245/3158/2213
f 2245/3158/2213 2879/3157/2845 3687/3159/3636 2868/3160/2834
f 2879/3157/2845 2251/3156/2219 2873/3161/2839 3687/3159/3636
f 3687/3159/3636 2873/3161/2839 2250/2524/2218 2880/3118/2846
f 2868/3160/2834 3687/3159/3636 2880/3118/2846 2246/2599/2214
f 207/3162/207 2896/3163/2862 3688/3164/3637 931/3165/929
f 2896/3163/2862 2255/3166/2223 2863/3167/2829 3688/3164/3637
f 3688/3164/3637 2863/3167/2829 2241/3168/2209 2881/3169/2847
f 931/3165/929 3688/3164/3637 2881/3169/2847 191/3170/191
f 191/3170/191 2881/3169/2847 3689/3171/3638 900/3172/898
f 2881/3169/2847 2241/3168/2209 2864/3173/2830 3689/3171/3638
f 3689/3171/3638 2864/3173/2830 2242/3174/2210 2882/3175/2848
f 900/3172/898 3689/3171/3638 2882/3175/2848 60/3176/60
f 60/3176/60 2882/3175/2848 3690/3177/3639 673/3178/671
f 2882/3175/2848 2242/3174/2210 2865/3179/2831 3690/3177/3639
f 3690/3177/3639 2865/3179/2831 2243/2620/2211 2883/2617/2849
f 673/3178/671 3690/3177/3639 2883/2617/2849 63/2616/63
f 2364/3180/2330 3090/3181/3040 3691/3182/3640 3111/3183/3060
f 3090/3181/3040 2256/3144/2224 2866/3147/2832 3691/3182/3640
f 3691/3182/3640 2866/3147/2832 2244/3152/2212 3087/3184/3037
f 3111/3183/3060 3691/3182/3640 3087/3184/3037 2361/3185/2327
f 2361/3185/2327 3087/3184/3037 3692/3186/3641 3110/3187/3059
f 3087/3184/3037 2244/3152/2212 2867/3154/2833 3692/3186/3641
f 3692/3186/3641 2867/3154/2833 2245/3158/2213 3088/3188/3038
f 3110/3187/3059 3692/3186/3641 3088/3188/3038 2362/3189/2328
f 2362/3189/2328 3088/3188/3038 3693/3190/3642 3109/3191/2289
f 3088/3188/3038 2245/3158/2213 2868/3160/2834 3693/3190/3642
f 3693/3190/3642 2868/3160/2834 2246/2599/2214 3089/2596/3039
f 3109/3191/2289 3693/3190/3642 3089/2596/3039 2363/2595/2329
f 2254/3148/2222 2894/3192/2860 3694/3193/3643 2891/3149/2857
f 2894/3192/2860 211/3194/211 904/3195/902 3694/3193/3643
f 3694/3193/3643 904/3195/902 195/3196/195 2887/3197/2853
f 2891/3149/2857 3694/3193/3643 2887/3197/2853 2252/3150/2220
f 2252/3150/2220 2887/3197/2853 3695/3198/3644 2874/3155/2840
f 2887/3197/2853 195/3196/195 905/3199/903 3695/3198/3644
f 3695/3198/3644 905/3199/903 196/3200/196 2888/3201/2854
f 2874/3155/2840 3695/3198/3644 2888/3201/2854 2251/3156/2219
f 2251/3156/2219 2888/3201/2854 3696/3202/3645 2873/3161/2839
f 2888/3201/2854 196/3200/196 906/3203/904 3696/3202/3645
f 3696/3202/3645 906/3203/904 197/2528/197 2889/2525/2855
f 2873/3161/2839 3696/3202/3645 2889/2525/2855 2250/2524/2218
f 2105/3204/2073 2666/3205/2632 3697/3206/3646 2862/3207/2828
f 2666/3205/2632 71/3208/71 935/3209/933 3697/3206/3646
f 3697/3206/3646 935/3209/933 211/3194/211 2894/3192/2860
f 2862/3207/2828 3697/3206/3646 2894/3192/2860 2254/3148/2222
f 2343/3210/2309 2600/3211/2566 3698/3212/3647 3108/3213/3058
f 2600/3211/2566 2130/3214/2098 2893/3215/2859 3698/3212/3647
f 3698/3212/3647 2893/3215/2859 2256/3144/2224 3090/3181/3040
f 3108/3213/3058 3698/3212/3647 3090/3181/3040 2364/3180/2330
f 61/3216/61 2646/3217/2612 3699/3218/3648 645/3219/643
f 2646/3217/2612 2106/3220/2074 2892/3221/2858 3699/3218/3648
f 3699/3218/3648 2892/3221/2858 2255/3166/2223 2896/3163/2862
f 645/3219/643 3699/3218/3648 2896/3163/2862 207/3162/207
f 2130/3214/2098 2566/3222/2532 3700/3223/3649 2893/3215/2859
f 2566/3222/2532 2105/3204/2073 2862/3207/2828 3700/3223/3649
f 3700/3223/3649 2862/3207/2828 2254/3148/2222 2897/3145/2863
f 2893/3215/2859 3700/3223/3649 2897/3145/2863 2256/3144/2224
f 2366/3224/2332 2599/3225/2565 3701/3226/3650 3166/3227/3115
f 2599/3225/2565 2129/3228/2097 2861/3229/2827 3701/3226/3650
f 3701/3226/3650 2861/3229/2827 2253/3130/2221 3135/3127/3084
f 3166/3227/3115 3701/3226/3650 3135/3127/3084 2387/3126/2353
f 2261/3230/2229 2914/3231/2880 3702/3232/3651 2907/3233/2873
f 2914/3231/2880 2262/3234/2230 2904/3235/2870 3702/3232/3651
f 3702/3232/3651 2904/3235/2870 2258/2307/2226 2580/2517/2546
f 2907/3233/2873 3702/3232/3651 2580/2517/2546 2257/2516/2225
f 2391/3236/2357 3139/3237/3088 3703/3238/3652 3165/3239/3114
f 3139/3237/3088 2263/3240/2231 2905/3241/2871 3703/3238/3652
f 3703/3238/3652 2905/3241/2871 2259/2424/2227 2607/3242/2573
f 3165/3239/3114 3703/3238/3652 2607/3242/2573 2370/2299/2336
f 2263/3240/2231 2912/3243/2878 3704/3244/3653 2905/3241/2871
f 2912/3243/2878 2264/3245/2232 2906/3246/2872 3704/3244/3653
f 3704/3244/3653 2906/3246/2872 2260/2436/2228 2634/2435/2600
f 2905/3241/2871 3704/3244/3653 2634/2435/2600 2259/2424/2227
f 2390/3247/2356 3138/3248/3087 3705/3249/3654 3164/3250/3113
f 3138/3248/3087 2261/3230/2229 2907/3233/2873 3705/3249/3654
f 3705/3249/3654 2907/3233/2873 2257/2516/2225 2728/2817/2694
f 3164/3250/3113 3705/3249/3654 2728/2817/2694 2380/2816/2346
f 2551/3251/2517 3497/3252/3446 3706/3253/3655 3163/3254/3112
f 3497/3252/3446 2546/3255/2512 3486/3256/3435 3706/3253/3655
f 3706/3257/3655 3486/3258/3435 2261/3230/2229 3138/3248/3087
f 3163/3259/3112 3706/3257/3655 3138/3248/3087 2390/3247/2356
f 2548/3260/2514 3496/3261/3445 3707/3262/3656 2909/3263/2875
f 3496/3264/3445 2549/3265/2515 2910/3266/2876 3707/3267/3656
f 3707/3268/3656 2910/3269/2876 2264/3245/2232 2912/3243/2878
f 2909/3270/2875 3707/3268/3656 2912/3243/2878 2263/3240/2231
f 2550/3271/2516 3495/3272/3444 3708/3273/3657 3162/3274/3111
f 3495/3272/3444 2548/3260/2514 2909/3263/2875 3708/3273/3657
f 3708/3275/3657 2909/3270/2875 2263/3240/2231 3139/3237/3088
f 3162/3276/3111 3708/3275/3657 3139/3237/3088 2391/3236/2357
f 2546/3255/2512 3494/3277/3443 3709/3278/3658 3486/3256/3435
f 3494/3279/3443 2547/3280/2513 2908/3281/2874 3709/3282/3658
f 3709/3283/3658 2908/3284/2874 2262/3234/2230 2914/3231/2880
f 3486/3258/3435 3709/3283/3658 2914/3231/2880 2261/3230/2229
f 2399/3285/2365 3147/3286/3096 3710/3287/3659 3161/3288/3110
f 3147/3286/3096 2274/3289/2242 2927/3290/2893 3710/3287/3659
f 3710/3287/3659 2927/3290/2893 2270/3291/2238 3142/3292/3091
f 3161/3288/3110 3710/3287/3659 3142/3292/3091 2394/3293/2360
f 2284/3294/2252 2953/3295/2919 3711/3296/3660 2950/3297/2916
f 2953/3298/2919 2283/3299/2251 2921/3300/2887 3711/3301/3660
f 3711/3301/3660 2921/3300/2887 2265/3302/2233 2915/3303/2881
f 2950/3297/2916 3711/3296/3660 2915/3304/2881 2266/3305/2234
f 2401/3306/2367 3149/3307/3098 3712/3308/3661 3160/3309/3109
f 3149/3307/3098 2282/2287/2250 2948/2290/2914 3712/3308/3661
f 3712/3308/3661 2948/2290/2914 2268/2298/2236 3141/3310/3090
f 3160/3309/3109 3712/3308/3661 3141/3310/3090 2393/3311/2359
f 2400/3312/2366 3148/3313/3097 3713/3314/3662 3159/3315/3108
f 3148/3313/3097 2284/3294/2252 2950/3297/2916 3713/3314/3662
f 3713/3314/3662 2950/3297/2916 2266/3305/2234 3140/3316/3089
f 3159/3315/3108 3713/3314/3662 3140/3316/3089 2392/3317/2358
f 2395/3318/2361 3158/3319/3107 3714/3320/3663 2926/3321/2892
f 3158/3322/3107 2394/3293/2360 3142/3292/3091 3714/3323/3663
f 3714/3323/3663 3142/3292/3091 2270/3291/2238 2923/3324/2889
f 2926/3321/2892 3714/3320/3663 2923/3325/2889 2269/3326/2237
f 2277/3327/2245 2944/3328/2910 3715/3329/3664 2935/3330/2901
f 2944/3331/2910 2275/3332/2243 2933/3333/2899 3715/3334/3664
f 3715/3334/3664 2933/3333/2899 2271/3335/2239 2925/3336/2891
f 2935/3330/2901 3715/3329/3664 2925/3337/2891 2272/3338/2240
f 2274/3289/2242 2942/3339/2908 3716/3340/3665 2927/3290/2893
f 2942/3341/2908 2280/3342/2248 2930/3343/2896 3716/3344/3665
f 3716/3344/3665 2930/3343/2896 2269/3326/2237 2923/3325/2889
f 2927/3290/2893 3716/3340/3665 2923/3324/2889 2270/3291/2238
f 2397/3345/2363 3145/3346/3094 3717/3347/3666 3157/3348/3106
f 3145/3346/3094 2277/3327/2245 2935/3330/2901 3717/3347/3666
f 3717/3347/3666 2935/3330/2901 2272/3338/2240 3143/3349/3092
f 3157/3348/3106 3717/3347/3666 3143/3349/3092 2395/3318/2361
f 2393/3311/2359 3141/3310/3090 3718/3350/3667 3156/3351/3105
f 3141/3310/3090 2268/2298/2236 2929/3352/2895 3718/3350/3667
f 3718/3350/3667 2929/3352/2895 2278/3353/2246 3144/3354/3093
f 3156/3351/3105 3718/3350/3667 3144/3354/3093 2396/3355/2362
f 2396/3355/2362 3144/3354/3093 3719/3356/3668 3155/3357/3104
f 3144/3354/3093 2278/3353/2246 2936/3358/2902 3719/3356/3668
f 3719/3356/3668 2936/3358/2902 2277/3327/2245 3145/3346/3094
f 3155/3357/3104 3719/3356/3668 3145/3346/3094 2397/3345/2363
f 2266/3305/2234 2915/3304/2881 3720/3359/3669 2931/3360/2897
f 2915/3303/2881 2265/3302/2233 2937/3361/2903 3720/3362/3669
f 3720/3362/3669 2937/3361/2903 2279/3363/2247 2941/3364/2907
f 2931/3360/2897 3720/3359/3669 2941/3365/2907 2273/3366/2241
f 2273/3366/2241 2941/3365/2907 3721/3367/3670 2932/3368/2898
f 2941/3364/2907 2279/3363/2247 2938/3369/2904 3721/3370/3670
f 3721/3370/3670 2938/3369/2904 2280/3342/2248 2942/3341/2908
f 2932/3368/2898 3721/3367/3670 2942/3339/2908 2274/3289/2242
f 2268/2298/2236 2917/2297/2883 3722/3371/3671 2929/3352/2895
f 2917/2296/2883 2267/2295/2235 2928/3372/2894 3722/3373/3671
f 3722/3373/3671 2928/3372/2894 2276/3374/2244 2943/3375/2909
f 2929/3352/2895 3722/3371/3671 2943/3376/2909 2278/3353/2246
f 2278/3353/2246 2943/3376/2909 3723/3377/3672 2936/3358/2902
f 2943/3375/2909 2276/3374/2244 2934/3378/2900 3723/3379/3672
f 3723/3379/3672 2934/3378/2900 2275/3332/2243 2944/3331/2910
f 2936/3358/2902 3723/3377/3672 2944/3328/2910 2277/3327/2245
f 2392/3317/2358 3140/3316/3089 3724/3380/3673 3154/3381/3103
f 3140/3316/3089 2266/3305/2234 2931/3360/2897 3724/3380/3673
f 3724/3380/3673 2931/3360/2897 2273/3366/2241 3146/3382/3095
f 3154/3381/3103 3724/3380/3673 3146/3382/3095 2398/3383/2364
f 2398/3383/2364 3146/3382/3095 3725/3384/3674 3153/3385/3102
f 3146/3382/3095 2273/3366/2241 2932/3368/2898 3725/3384/3674
f 3725/3384/3674 2932/3368/2898 2274/3289/2242 3147/3286/3096
f 3153/3385/3102 3725/3384/3674 3147/3286/3096 2399/3285/2365
f 2388/3386/2354 3136/3387/3085 3726/3388/3675 3152/3389/3101
f 3136/3387/3085 2120/3390/2088 2922/3391/2888 3726/3388/3675
f 3726/3388/3675 2922/3391/2888 2284/3294/2252 3148/3313/3097
f 3152/3389/3101 3726/3388/3675 3148/3313/3097 2400/3312/2366
f 2389/3392/2355 3137/3393/3086 3727/3394/3676 3151/3395/3100
f 3137/3393/3086 2178/3396/2146 2920/3397/2886 3727/3394/3676
f 3727/3394/3676 2920/3397/2886 2282/2287/2250 3149/3307/3098
f 3151/3395/3100 3727/3394/3676 3149/3307/3098 2401/3306/2367
f 2120/3390/2088 2899/3398/2865 3728/3399/3677 2922/3391/2888
f 2899/3400/2865 2176/3401/2144 2949/3402/2915 3728/3403/3677
f 3728/3403/3677 2949/3402/2915 2283/3299/2251 2953/3298/2919
f 2922/3391/2888 3728/3399/3677 2953/3295/2919 2284/3294/2252
f 2178/3396/2146 2901/3404/2867 3729/3405/3678 2920/3397/2886
f 2901/3406/2867 2137/3407/2105 2947/3408/2913 3729/3409/3678
f 3729/3409/3678 2947/3408/2913 2281/2292/2249 2954/2291/2920
f 2920/3397/2886 3729/3405/3678 2954/2288/2920 2282/2287/2250
f 2129/3228/2097 2956/3410/2922 3730/3411/3679 2861/3229/2827
f 2956/3410/2922 2286/3412/2254 3000/3413/2959 3730/3411/3679
f 3730/3411/3679 3000/3413/2959 2329/3414/2295 2895/3415/2861
f 2861/3229/2827 3730/3411/3679 2895/3415/2861 2253/3130/2221
f 2286/3412/2254 2957/3416/2923 3731/3417/3680 3000/3413/2959
f 2957/3416/2923 2287/3418/2255 3001/3419/2960 3731/3417/3680
f 3731/3417/3680 3001/3419/2960 2328/3420/2294 2999/3421/2958
f 3000/3413/2959 3731/3417/3680 2999/3421/2958 2329/3414/2295
f 2248/3138/2216 2885/3422/2851 3732/3423/3681 2870/3143/2836
f 2885/3422/2851 2325/3424/2291 3002/3425/2961 3732/3423/3681
f 3732/3423/3681 3002/3425/2961 2327/3426/2293 2886/3427/2852
f 2870/3143/2836 3732/3423/3681 2886/3427/2852 2247/3124/2215
f 2325/3424/2291 2995/3428/2290 3733/3429/3682 3002/3425/2961
f 2995/3428/2290 2324/3430/2290 3003/3431/2962 3733/3429/3682
f 3733/3429/3682 3003/3431/2962 2326/3432/2292 2997/3433/2956
f 3002/3425/2961 3733/3429/3682 2997/3433/2956 2327/3426/2293
f 2249/3132/2217 2884/3434/2850 3734/3435/3683 2871/3137/2837
f 2884/3434/2850 2323/3436/2289 3004/3437/2963 3734/3435/3683
f 3734/3435/3683 3004/3437/2963 2325/3424/2291 2885/3422/2851
f 2871/3137/2837 3734/3435/3683 2885/3422/2851 2248/3138/2216
f 2323/3436/2289 2993/3438/2953 3735/3439/3684 3004/3437/2963
f 2993/3438/2953 2322/3440/2288 3005/3441/2964 3735/3439/3684
f 3735/3439/3684 3005/3441/2964 2324/3430/2290 2995/3428/2290
f 3004/3437/2963 3735/3439/3684 2995/3428/2290 2325/3424/2291
f 2253/3130/2221 2895/3415/2861 3736/3442/3685 2890/3131/2856
f 2895/3415/2861 2329/3414/2295 3006/3443/2965 3736/3442/3685
f 3736/3442/3685 3006/3443/2965 2323/3436/2289 2884/3434/2850
f 2890/3131/2856 3736/3442/3685 2884/3434/2850 2249/3132/2217
f 2329/3414/2295 2999/3421/2958 3737/3444/3686 3006/3443/2965
f 2999/3421/2958 2328/3420/2294 3007/3445/2966 3737/3444/3686
f 3737/3444/3686 3007/3445/2966 2322/3440/2288 2993/3438/2953
f 3006/3443/2965 3737/3444/3686 2993/3438/2953 2323/3436/2289
f 2240/3113/2208 2990/3446/2951 3738/3447/3687 2857/3114/2823
f 2990/3446/2951 2320/3448/2286 3008/3449/2967 3738/3447/3687
f 3738/3447/3687 3008/3449/2967 280/3450/278 895/3451/893
f 2857/3114/2823 3738/3447/3687 895/3451/893 188/3115/188
f 2320/3448/2286 2991/3452/2952 3739/3453/3688 3008/3449/2967
f 2991/3452/2952 2321/3454/2287 3009/3455/2968 3739/3453/3688
f 3739/3453/3688 3009/3455/2968 279/3456/277 1037/3457/277
f 3008/3449/2967 3739/3453/3688 1037/3457/277 280/3450/278
f 2359/3458/2325 3107/3459/3057 3740/3460/2265 2986/3461/2265
f 3107/3459/3057 2360/3462/2326 2988/3463/2950 3740/3460/2265
f 3740/3460/2265 2988/3463/2950 2318/3464/2284 3010/3465/2265
f 2986/3461/2265 3740/3460/2265 3010/3465/2265 2316/3466/2265
f 2316/3466/2265 3010/3465/2265 3741/3467/2265 2987/3468/2265
f 3010/3465/2265 2318/3464/2284 2989/3469/2284 3741/3467/2265
f 3741/3467/2265 2989/3469/2284 2319/2389/2285 3011/2965/2283
f 2987/3468/2265 3741/3467/2265 3011/2965/2283 2317/2902/2283
f 2349/3470/2315 3106/3471/3056 3742/3472/2265 3075/3473/2265
f 3106/3471/3056 2359/3458/2325 2986/3461/2265 3742/3472/2265
f 3742/3472/2265 2986/3461/2265 2316/3466/2265 3012/3474/2265
f 3075/3473/2265 3742/3472/2265 3012/3474/2265 2299/3475/2265
f 2299/3475/2265 3012/3474/2265 3743/3476/2265 2969/3477/2265
f 3012/3474/2265 2316/3466/2265 2987/3468/2265 3743/3476/2265
f 3743/3476/2265 2987/3468/2265 2317/2902/2283 3013/2900/2969
f 2969/3477/2265 3743/3476/2265 3013/2900/2969 2298/2408/2266
f 2356/3478/2322 3105/3479/3055 3744/3480/3689 2980/3481/2944
f 3105/3479/3055 2358/3482/2324 2984/3483/2948 3744/3480/3689
f 3744/3480/3689 2984/3483/2948 2314/3484/2281 3014/3485/2970
f 2980/3481/2944 3744/3480/3689 3014/3485/2970 2310/3486/2277
f 2310/3486/2277 3014/3485/2970 3745/3487/3690 2981/3488/2945
f 3014/3485/2970 2314/3484/2281 2985/3489/2949 3745/3487/3690
f 3745/3487/3690 2985/3489/2949 2315/2431/2282 3015/2808/2971
f 2981/3488/2945 3745/3487/3690 3015/2808/2971 2311/2719/2278
f 2353/3490/2319 3104/3491/3054 3746/3492/3691 3079/3493/3029
f 3104/3491/3054 2357/3494/2323 2982/3495/2946 3746/3492/3691
f 3746/3492/3691 2982/3495/2946 2312/3496/2279 3016/3497/2972
f 3079/3493/3029 3746/3492/3691 3016/3497/2972 2307/3498/2274
f 2307/3498/2274 3016/3497/2972 3747/3499/3692 2977/3500/2941
f 3016/3497/2972 2312/3496/2279 2983/3501/2947 3747/3499/3692
f 3747/3499/3692 2983/3501/2947 2313/2692/2280 3017/2798/2973
f 2977/3500/2941 3747/3499/3692 3017/2798/2973 2306/2354/2273
f 2346/3502/2312 3103/3503/3053 3748/3504/3693 3072/3505/3025
f 3103/3503/3053 2356/3478/2322 2980/3481/2944 3748/3504/3693
f 3748/3504/3693 2980/3481/2944 2310/3486/2277 3018/3506/2974
f 3072/3505/3025 3748/3504/3693 3018/3506/2974 2293/3507/2261
f 2293/3507/2261 3018/3506/2974 3749/3508/3694 2963/3509/2929
f 3018/3506/2974 2310/3486/2277 2981/3488/2945 3749/3508/3694
f 3749/3508/3694 2981/3488/2945 2311/2719/2278 3019/2717/2975
f 2963/3509/2929 3749/3508/3694 3019/2717/2975 2292/2450/2260
f 2357/3494/2323 3102/3510/3052 3750/3511/3695 2982/3495/2946
f 3102/3510/3052 2355/3512/2321 2978/3513/2942 3750/3511/3695
f 3750/3511/3695 2978/3513/2942 2308/3514/2275 3020/3515/2976
f 2982/3495/2946 3750/3511/3695 3020/3515/2976 2312/3496/2279
f 2312/3496/2279 3020/3515/2976 3751/3516/3696 2983/3501/2947
f 3020/3515/2976 2308/3514/2275 2979/3517/2943 3751/3516/3696
f 3751/3516/3696 2979/3517/2943 2309/2494/2276 3021/2693/2977
f 2983/3501/2947 3751/3516/3696 3021/2693/2977 2313/2692/2280
f 2411/3518/2377 2955/3519/2921 3752/3520/3697 3212/3521/3161
f 2955/3519/2921 2285/3522/2253 3022/3523/2978 3752/3520/3697
f 3752/3520/3697 3022/3523/2978 264/3524/263 1260/3525/1239
f 3212/3521/3161 3752/3520/3697 1260/3525/1239 378/3526/376
f 2285/3522/2253 3200/3527/3149 3753/3528/3698 3022/3523/2978
f 3200/3527/3149 2409/3529/2375 3203/3530/3152 3753/3528/3698
f 3753/3528/3698 3203/3530/3152 373/3531/371 1021/3532/1017
f 3022/3523/2978 3753/3528/3698 1021/3532/1017 264/3524/263
f 2247/3124/2215 2886/3427/2852 3754/3533/3699 2869/3125/2835
f 2886/3427/2852 2327/3426/2293 3023/3534/2979 3754/3533/3699
f 3754/3533/3699 3023/3534/2979 2320/3448/2286 2990/3446/2951
f 2869/3125/2835 3754/3533/3699 2990/3446/2951 2240/3113/2208
f 2327/3426/2293 2997/3433/2956 3755/3535/3700 3023/3534/2979
f 2997/3433/2956 2326/3432/2292 3024/3536/2980 3755/3535/3700
f 3755/3535/3700 3024/3536/2980 2321/3454/2287 2991/3452/2952
f 3023/3534/2979 3755/3535/3700 2991/3452/2952 2320/3448/2286
f 2355/3512/2321 3101/3537/3051 3756/3538/3701 2978/3513/2942
f 3101/3537/3051 2343/3539/2309 3069/3540/3022 3756/3538/3701
f 3756/3538/3701 3069/3540/3022 2287/3541/2255 3025/3542/2981
f 2978/3513/2942 3756/3538/3701 3025/3542/2981 2308/3514/2275
f 2308/3514/2275 3025/3542/2981 3757/3543/3702 2979/3517/2943
f 3025/3542/2981 2287/3541/2255 2957/3544/2923 3757/3543/3702
f 3757/3543/3702 2957/3544/2923 2286/2498/2254 3026/2495/2982
f 2979/3517/2943 3757/3543/3702 3026/2495/2982 2309/2494/2276
f 2365/3545/2331 3100/3546/3050 3758/3547/3703 3050/3548/3003
f 3100/3546/3050 2484/3549/2450 3070/3550/3023 3758/3547/3703
f 3758/3547/3703 3070/3550/3023 2488/3551/2454 3047/3552/3000
f 3050/3548/3003 3758/3547/3703 3047/3552/3000 2334/3553/2300
f 2334/3553/2300 3047/3552/3000 3759/3554/3704 3049/3555/3002
f 3047/3552/3000 2488/3551/2454 2959/3556/2925 3759/3554/3704
f 3759/3554/3704 2959/3556/2925 2487/2480/2453 3048/2477/3001
f 3049/3555/3002 3759/3554/3704 3048/2477/3001 2335/2476/2301
f 2493/3557/2459 3326/3558/3275 3760/3559/3705 3331/3560/3280
f 3326/3558/3275 2345/3561/2311 3071/3562/3024 3760/3559/3705
f 3760/3559/3705 3071/3562/3024 2291/3563/2259 3324/3564/3273
f 3331/3560/3280 3760/3559/3705 3324/3564/3273 2494/3565/2460
f 2494/3565/2460 3324/3564/3273 3761/3566/3706 3330/3567/3279
f 3324/3564/3273 2291/3563/2259 2961/3568/2927 3761/3566/3706
f 3761/3566/3706 2961/3568/2927 2290/2446/2258 3325/2462/3274
f 3330/3567/3279 3761/3566/3706 3325/2462/3274 2495/2461/2461
f 2345/3561/2311 3099/3569/3049 3762/3570/3707 3071/3562/3024
f 3099/3569/3049 2346/3502/2312 3072/3505/3025 3762/3570/3707
f 3762/3570/3707 3072/3505/3025 2293/3507/2261 3027/3571/2983
f 3071/3562/3024 3762/3570/3707 3027/3571/2983 2291/3563/2259
f 2291/3563/2259 3027/3571/2983 3763/3572/3708 2961/3568/2927
f 3027/3571/2983 2293/3507/2261 2963/3509/2929 3763/3572/3708
f 3763/3572/3708 2963/3509/2929 2292/2450/2260 3028/2447/2984
f 2961/3568/2927 3763/3572/3708 3028/2447/2984 2290/2446/2258
f 2358/3482/2324 3098/3573/3048 3764/3574/3709 2984/3483/2948
f 3098/3573/3048 2347/3575/2313 3073/3576/2931 3764/3574/3709
f 3764/3574/3709 3073/3576/2931 2295/3577/2263 3029/3578/2985
f 2984/3483/2948 3764/3574/3709 3029/3578/2985 2314/3484/2281
f 2314/3484/2281 3029/3578/2985 3765/3579/3710 2985/3489/2949
f 3029/3578/2985 2295/3577/2263 2965/3580/2931 3765/3579/3710
f 3765/3579/3710 2965/3580/2931 2294/2419/2262 3030/2432/2986
f 2985/3489/2949 3765/3579/3710 3030/2432/2986 2315/2431/2282
f 2347/3575/2313 3097/3581/3047 3766/3582/2265 3073/3576/2931
f 3097/3581/3047 2348/3583/2314 3074/3584/2265 3766/3582/2265
f 3766/3582/2265 3074/3584/2265 2297/3585/2265 3031/3586/2265
f 3073/3576/2931 3766/3582/2265 3031/3586/2265 2295/3577/2263
f 2295/3577/2263 3031/3586/2265 3767/3587/2265 2965/3580/2931
f 3031/3586/2265 2297/3585/2265 2967/3588/2265 3767/3587/2265
f 3767/3587/2265 2967/3588/2265 2296/2404/2264 3032/2420/2987
f 2965/3580/2931 3767/3587/2265 3032/2420/2987 2294/2419/2262
f 2348/3583/2314 3096/3589/3046 3768/3590/2265 3074/3584/2265
f 3096/3589/3046 2349/3470/2315 3075/3473/2265 3768/3590/2265
f 3768/3590/2265 3075/3473/2265 2299/3475/2265 3033/3591/2265
f 3074/3584/2265 3768/3590/2265 3033/3591/2265 2297/3585/2265
f 2297/3585/2265 3033/3591/2265 3769/3592/2265 2967/3588/2265
f 3033/3591/2265 2299/3475/2265 2969/3477/2265 3769/3592/2265
f 3769/3592/2265 2969/3477/2265 2298/2408/2266 3034/2405/2266
f 2967/3588/2265 3769/3592/2265 3034/2405/2266 2296/2404/2264
f 2360/3462/2326 3095/3593/3045 3770/3594/2327 2988/3463/2950
f 3095/3593/3045 2350/3595/2316 3076/3596/3026 3770/3594/2327
f 3770/3594/2327 3076/3596/3026 2301/3597/2268 3035/3598/2988
f 2988/3463/2950 3770/3594/2327 3035/3598/2988 2318/3464/2284
f 2318/3464/2284 3035/3598/2988 3771/3599/3711 2989/3469/2284
f 3035/3598/2988 2301/3597/2268 2971/3600/2935 3771/3599/3711
f 3771/3599/3711 2971/3600/2935 2300/2377/2267 3036/2390/2989
f 2989/3469/2284 3771/3599/3711 3036/2390/2989 2319/2389/2285
f 2350/3595/2316 3094/3601/3044 3772/3602/3712 3076/3596/3026
f 3094/3601/3044 2351/3603/2317 3077/3604/3027 3772/3602/3712
f 3772/3602/3712 3077/3604/3027 2303/3605/2270 3037/3606/2990
f 3076/3596/3026 3772/3602/3712 3037/3606/2990 2301/3597/2268
f 2301/3597/2268 3037/3606/2990 3773/3607/3713 2971/3600/2935
f 3037/3606/2990 2303/3605/2270 2973/3608/2937 3773/3607/3713
f 3773/3607/3713 2973/3608/2937 2302/2365/2269 3038/2378/2991
f 2971/3600/2935 3773/3607/3713 3038/2378/2991 2300/2377/2267
f 2351/3603/2317 3093/3609/3043 3774/3610/3714 3077/3604/3027
f 3093/3609/3043 2352/3611/2318 3078/3612/3028 3774/3610/3714
f 3774/3610/3714 3078/3612/3028 2305/3613/2272 3039/3614/2992
f 3077/3604/3027 3774/3610/3714 3039/3614/2992 2303/3605/2270
f 2303/3605/2270 3039/3614/2992 3775/3615/3715 2973/3608/2937
f 3039/3614/2992 2305/3613/2272 2975/3616/2939 3775/3615/3715
f 3775/3615/3715 2975/3616/2939 2304/2350/2271 3040/2366/2993
f 2973/3608/2937 3775/3615/3715 3040/2366/2993 2302/2365/2269
f 2352/3611/2318 3092/3617/3042 3776/3618/3716 3078/3612/3028
f 3092/3617/3042 2353/3490/2319 3079/3493/3029 3776/3618/3716
f 3776/3618/3716 3079/3493/3029 2307/3498/2274 3041/3619/2994
f 3078/3612/3028 3776/3618/3716 3041/3619/2994 2305/3613/2272
f 2305/3613/2272 3041/3619/2994 3777/3620/3717 2975/3616/2939
f 3041/3619/2994 2307/3498/2274 2977/3500/2941 3777/3620/3717
f 3777/3620/3717 2977/3500/2941 2306/2354/2273 3042/2351/2995
f 2975/3616/2939 3777/3620/3717 3042/2351/2995 2304/2350/2271
f 2449/3621/2415 3285/3622/3234 3778/3623/3718 3296/3624/3245
f 3285/3622/3234 2338/3625/2304 3194/3626/3143 3778/3623/3718
f 3778/3623/3718 3194/3626/3143 2337/3627/2303 3201/3628/3150
f 3296/3624/3245 3778/3623/3718 3201/3628/3150 2447/3629/2413
f 2127/2647/2095 3063/3630/3016 3779/3631/3719 3058/3632/3011
f 3063/3630/3016 2341/3633/2307 3190/3634/3139 3779/3631/3719
f 3779/3631/3719 3190/3634/3139 2403/3635/2369 3189/3636/3138
f 3058/3632/3011 3779/3631/3719 3189/3636/3138 2338/3625/2304
f 2116/2471/2084 3043/2468/2996 3780/3637/3720 2662/2579/2628
f 3043/2468/2996 2330/2467/2296 3051/2569/3004 3780/3637/3720
f 3780/3637/3720 3051/2569/3004 294/2574/292 666/3638/664
f 2662/2579/2628 3780/3637/3720 666/3638/664 66/2580/66
f 2458/3639/2424 3066/3640/3019 3781/3641/3721 3318/3642/3267
f 3066/3640/3019 2404/3643/2370 3218/3644/3167 3781/3641/3721
f 3781/3641/3721 3218/3644/3167 2455/3645/2421 3317/3646/3266
f 3318/3642/3267 3781/3641/3721 3317/3646/3266 2465/3647/2431
f 2103/2643/2071 2563/3648/2529 3782/3649/3722 2597/2644/2563
f 2563/3648/2529 2340/2570/2306 3064/3650/3017 3782/3649/3722
f 3782/3649/3722 3064/3650/3017 2341/3633/2307 3063/3630/3016
f 2597/2644/2563 3782/3649/3722 3063/3630/3016 2127/2647/2095
f 2405/3651/2371 3214/3652/3163 3783/3653/3723 3220/3654/3169
f 3214/3652/3163 2415/3655/2381 3301/3656/3250 3783/3653/3723
f 3783/3653/3723 3301/3656/3250 2457/3657/2423 3313/3658/3262
f 3220/3654/3169 3783/3653/3723 3313/3658/3262 2459/3659/2425
f 2104/3660/2072 3303/3661/3252 3784/3662/3724 2647/3663/2613
f 3303/3661/3252 2342/3664/2308 3067/3665/3020 3784/3662/3724
f 3784/3662/3724 3067/3665/3020 305/3666/303 1364/3667/1343
f 2647/3663/2613 3784/3662/3724 1364/3667/1343 68/3668/68
f 2337/3627/2303 3194/3626/3143 3785/3669/3725 3057/3670/3010
f 3194/3626/3143 2338/3625/2304 3193/3671/3142 3785/3669/3725
f 3785/3669/3725 3193/3671/3142 2334/3553/2300 3049/3555/3002
f 3057/3670/3010 3785/3669/3725 3049/3555/3002 2335/2476/2301
f 2412/3672/2378 3197/3673/3146 3786/3674/3726 3210/3675/3159
f 3197/3673/3146 2406/3676/2372 3192/3677/3141 3786/3674/3726
f 3786/3674/3726 3192/3677/3141 2285/3522/2253 2955/3519/2921
f 3210/3675/3159 3786/3674/3726 2955/3519/2921 2411/3518/2377
f 2339/3678/2305 3061/3679/3014 3787/3680/3727 3046/3681/2999
f 3061/3679/3014 2337/3627/2303 3057/3670/3010 3787/3680/3727
f 3787/3680/3727 3057/3670/3010 2335/2476/2301 3053/2479/3006
f 3046/3681/2999 3787/3680/3727 3053/2479/3006 2333/2484/2299
f 2341/3633/2307 3064/3650/3017 3788/3682/3728 3045/3683/2998
f 3064/3650/3017 2340/2570/2306 3062/2567/3015 3788/3682/3728
f 3788/3682/3728 3062/2567/3015 2330/2467/2296 3054/2470/3007
f 3045/3683/2998 3788/3682/3728 3054/2470/3007 2332/2475/2298
f 303/2572/301 3065/2571/3018 3789/3684/3729 1112/3685/1095
f 3065/2571/3018 2340/2570/2306 2563/3648/2529 3789/3684/3729
f 3789/3684/3729 2563/3648/2529 2103/2643/2071 2645/2646/2611
f 1112/3685/1095 3789/3684/3729 2645/2646/2611 56/2651/56
f 305/3666/303 3067/3665/3020 3790/3686/3730 1116/3687/1099
f 3067/3665/3020 2342/3664/2308 3044/3688/2997 3790/3686/3730
f 3790/3686/3730 3044/3688/2997 2331/2271/2297 3052/2562/3005
f 1116/3687/1099 3790/3686/3730 3052/2562/3005 293/2566/291
f 2342/3664/2308 3068/3689/3021 3791/3690/3731 3044/3688/2997
f 3068/3689/3021 2336/3691/2302 3188/3692/3137 3791/3690/3731
f 3791/3690/3731 3188/3692/3137 2402/2263/2368 3055/2266/3008
f 3044/3688/2997 3791/3690/3731 3055/2266/3008 2331/2271/2297
f 2148/2349/2116 2621/2348/2587 3792/3693/3732 2618/3694/2584
f 2621/2348/2587 2150/2347/2118 2620/3695/2586 3792/3693/3732
f 3792/3693/3732 2620/3695/2586 2353/3490/2319 3092/3617/3042
f 2618/3694/2584 3792/3693/3732 3092/3617/3042 2352/3611/2318
f 2146/2364/2114 2623/2363/2589 3793/3696/3733 2616/3697/2582
f 2623/2363/2589 2148/2349/2116 2618/3694/2584 3793/3696/3733
f 3793/3696/3733 2618/3694/2584 2352/3611/2318 3093/3609/3043
f 2616/3697/2582 3793/3696/3733 3093/3609/3043 2351/3603/2317
f 2144/2376/2112 2625/2375/2591 3794/3698/3734 2614/3699/2580
f 2625/2375/2591 2146/2364/2114 2616/3697/2582 3794/3698/3734
f 3794/3698/3734 2616/3697/2582 2351/3603/2317 3094/3601/3044
f 2614/3699/2580 3794/3698/3734 3094/3601/3044 2350/3595/2316
f 2204/2388/2172 2627/2387/2593 3795/3700/3735 3086/3701/3036
f 2627/2387/2593 2144/2376/2112 2614/3699/2580 3795/3700/3735
f 3795/3700/3735 2614/3699/2580 2350/3595/2316 3095/3593/3045
f 3086/3701/3036 3795/3700/3735 3095/3593/3045 2360/3462/2326
f 2140/2403/2108 2629/2402/2595 3796/3702/3736 2610/3703/2576
f 2629/2402/2595 2142/2401/2110 2612/3704/2578 3796/3702/3736
f 3796/3702/3736 2612/3704/2578 2349/3470/2315 3096/3589/3046
f 2610/3703/2576 3796/3702/3736 3096/3589/3046 2348/3583/2314
f 2138/2418/2106 2631/2417/2597 3797/3705/3737 2608/3706/2574
f 2631/2417/2597 2140/2403/2108 2610/3703/2576 3797/3705/3737
f 3797/3705/3737 2610/3703/2576 2348/3583/2314 3097/3581/3047
f 2608/3706/2574 3797/3705/3737 3097/3581/3047 2347/3575/2313
f 2177/2430/2145 2633/2429/2599 3798/3707/3738 3084/3708/3034
f 2633/2429/2599 2138/2418/2106 2608/3706/2574 3798/3707/3738
f 3798/3707/3738 2608/3706/2574 2347/3575/2313 3098/3573/3048
f 3084/3708/3034 3798/3707/3738 3098/3573/3048 2358/3482/2324
f 2134/2445/2102 2635/2444/2601 3799/3709/3739 2604/3710/2570
f 2635/2444/2601 2136/2443/2104 2606/3711/2572 3799/3709/3739
f 3799/3709/3739 2606/3711/2572 2346/3502/2312 3099/3569/3049
f 2604/3710/2570 3799/3709/3739 3099/3569/3049 2345/3561/2311
f 2490/2460/2456 2637/2459/2603 3800/3712/3740 3329/3713/3278
f 2637/2459/2603 2134/2445/2102 2604/3710/2570 3800/3712/3740
f 3800/3712/3740 2604/3710/2570 2345/3561/2311 3326/3558/3275
f 3329/3713/3278 3800/3712/3740 3326/3558/3275 2493/3557/2459
f 2332/2475/2298 2639/2474/2605 3801/3714/3741 3091/3715/3041
f 2639/2474/2605 2485/2473/2451 2602/3716/2568 3801/3714/3741
f 3801/3714/3741 2602/3716/2568 2484/3549/2450 3100/3546/3050
f 3091/3715/3041 3801/3714/3741 3100/3546/3050 2365/3545/2331
f 2156/2493/2124 2641/2492/2607 3802/3717/3742 3081/3718/3031
f 2641/2492/2607 2130/2491/2098 2600/3719/2566 3802/3717/3742
f 3802/3717/3742 2600/3719/2566 2343/3539/2309 3101/3537/3051
f 3081/3718/3031 3802/3717/3742 3101/3537/3051 2355/3512/2321
f 2174/2514/2142 2677/2700/2643 3803/3720/3743 3083/3721/3033
f 2677/2700/2643 2156/2493/2124 3081/3718/3031 3803/3720/3743
f 3803/3720/3743 3081/3718/3031 2355/3512/2321 3102/3510/3052
f 3083/3721/3033 3803/3720/3743 3102/3510/3052 2357/3494/2323
f 2136/2443/2104 2688/2726/2654 3804/3722/3744 2606/3711/2572
f 2688/2726/2654 2161/2725/2129 3082/3723/3032 3804/3722/3744
f 3804/3722/3744 3082/3723/3032 2356/3478/2322 3103/3503/3053
f 2606/3711/2572 3804/3722/3744 3103/3503/3053 2346/3502/2312
f 2150/2347/2118 2715/2515/2681 3805/3724/3745 2620/3695/2586
f 2715/2515/2681 2174/2514/2142 3083/3721/3033 3805/3724/3745
f 3805/3724/3745 3083/3721/3033 2357/3494/2323 3104/3491/3054
f 2620/3695/2586 3805/3724/3745 3104/3491/3054 2353/3490/2319
f 2161/2725/2129 2722/2813/2688 3806/3725/3746 3082/3723/3032
f 2722/2813/2688 2177/2430/2145 3084/3708/3034 3806/3725/3746
f 3806/3725/3746 3084/3708/3034 2358/3482/2324 3105/3479/3055
f 3082/3723/3032 3806/3725/3746 3105/3479/3055 2356/3478/2322
f 2142/2401/2110 2757/2909/2723 3807/3726/3747 2612/3704/2578
f 2757/2909/2723 2192/2908/2160 3085/3727/3035 3807/3726/3747
f 3807/3726/3747 3085/3727/3035 2359/3458/2325 3106/3471/3056
f 2612/3704/2578 3807/3726/3747 3106/3471/3056 2349/3470/2315
f 2192/2908/2160 2783/2969/2749 3808/3728/3748 3085/3727/3035
f 2783/2969/2749 2204/2388/2172 3086/3701/3036 3808/3728/3748
f 3808/3728/3748 3086/3701/3036 2360/3462/2326 3107/3459/3057
f 3085/3727/3035 3808/3728/3748 3107/3459/3057 2359/3458/2325
f 2287/3418/2255 3069/3729/3022 3809/3730/3749 3001/3419/2960
f 3069/3729/3022 2343/3210/2309 3108/3213/3058 3809/3730/3749
f 3809/3730/3749 3108/3213/3058 2364/3180/2330 2998/3731/2957
f 3001/3419/2960 3809/3730/3749 2998/3731/2957 2328/3420/2294
f 2324/3430/2290 2994/3732/2954 3810/3733/3684 3003/3431/2962
f 2994/3732/2954 2362/3189/2328 3109/3191/2289 3810/3733/3684
f 3810/3733/3684 3109/3191/2289 2363/2595/2329 2996/3734/2955
f 3003/3431/2962 3810/3733/3684 2996/3734/2955 2326/3432/2292
f 2322/3440/2288 2992/3735/2288 3811/3736/2962 3005/3441/2964
f 2992/3735/2288 2361/3185/2327 3110/3187/3059 3811/3736/2962
f 3811/3736/2962 3110/3187/3059 2362/3189/2328 2994/3732/2954
f 3005/3441/2964 3811/3736/2962 2994/3732/2954 2324/3430/2290
f 2328/3420/2294 2998/3731/2957 3812/3737/3750 3007/3445/2966
f 2998/3731/2957 2364/3180/2330 3111/3183/3060 3812/3737/3750
f 3812/3737/3750 3111/3183/3060 2361/3185/2327 2992/3735/2288
f 3007/3445/2966 3812/3737/3750 2992/3735/2288 2322/3440/2288
f 2321/3454/2287 3080/3738/3030 3813/3739/3751 3009/3455/2968
f 3080/3738/3030 2354/2603/2320 3112/3106/3061 3813/3739/3751
f 3813/3739/3751 3112/3106/3061 324/3108/322 1036/3740/277
f 3009/3455/2968 3813/3739/3751 1036/3740/277 279/3456/277
f 2326/3432/2292 2996/3734/2955 3814/3741/3752 3024/3536/2980
f 2996/3734/2955 2363/2595/2329 3113/2598/3062 3814/3741/3752
f 3814/3741/3752 3113/2598/3062 2354/2603/2320 3080/3738/3030
f 3024/3536/2980 3814/3741/3752 3080/3738/3030 2321/3454/2287
f 2176/3401/2144 2902/3742/2868 3815/3743/3753 2949/3402/2915
f 2902/3742/2868 2389/3392/2355 3151/3395/3100 3815/3743/3753
f 3815/3743/3753 3151/3395/3100 2401/3306/2367 2952/3744/2918
f 2949/3402/2915 3815/3743/3753 2952/3744/2918 2283/3299/2251
f 2137/3407/2105 2900/3745/2866 3816/3746/3754 2947/3408/2913
f 2900/3745/2866 2388/3386/2354 3152/3389/3101 3816/3746/3754
f 3816/3746/3754 3152/3389/3101 2400/3312/2366 2951/3747/2917
f 2947/3408/2913 3816/3746/3754 2951/3747/2917 2281/2292/2249
f 2276/3374/2244 2945/3748/2911 3817/3749/3755 2934/3378/2900
f 2945/3748/2911 2398/3383/2364 3153/3385/3102 3817/3749/3755
f 3817/3749/3755 3153/3385/3102 2399/3285/2365 2946/3750/2912
f 2934/3378/2900 3817/3749/3755 2946/3750/2912 2275/3332/2243
f 2267/2295/2235 2916/3751/2882 3818/3752/3756 2928/3372/2894
f 2916/3751/2882 2392/3317/2358 3154/3381/3103 3818/3752/3756
f 3818/3752/3756 3154/3381/3103 2398/3383/2364 2945/3748/2911
f 2928/3372/2894 3818/3752/3756 2945/3748/2911 2276/3374/2244
f 2279/3363/2247 2939/3753/2905 3819/3754/3757 2938/3369/2904
f 2939/3753/2905 2396/3355/2362 3155/3357/3104 3819/3754/3757
f 3819/3754/3757 3155/3357/3104 2397/3345/2363 2940/3755/2906
f 2938/3369/2904 3819/3754/3757 2940/3755/2906 2280/3342/2248
f 2265/3302/2233 2918/3756/2884 3820/3757/3758 2937/3361/2903
f 2918/3756/2884 2393/3311/2359 3156/3351/3105 3820/3757/3758
f 3820/3757/3758 3156/3351/3105 2396/3355/2362 2939/3753/2905
f 2937/3361/2903 3820/3757/3758 2939/3753/2905 2279/3363/2247
f 2280/3342/2248 2940/3755/2906 3821/3758/3759 2930/3343/2896
f 2940/3755/2906 2397/3345/2363 3157/3348/3106 3821/3758/3759
f 3821/3758/3759 3157/3348/3106 2395/3318/2361 2926/3321/2892
f 2930/3343/2896 3821/3758/3759 2926/3321/2892 2269/3326/2237
f 2272/3338/2240 2925/3337/2891 3822/3759/3760 3143/3349/3092
f 2925/3336/2891 2271/3335/2239 2924/3760/2890 3822/3761/3760
f 3822/3761/3760 2924/3760/2890 2394/3293/2360 3158/3322/3107
f 3143/3349/3092 3822/3759/3760 3158/3319/3107 2395/3318/2361
f 2281/2292/2249 2951/3747/2917 3823/3762/3761 2919/2293/2885
f 2951/3747/2917 2400/3312/2366 3159/3315/3108 3823/3762/3761
f 3823/3762/3761 3159/3315/3108 2392/3317/2358 2916/3751/2882
f 2919/2293/2885 3823/3762/3761 2916/3751/2882 2267/2295/2235
f 2283/3299/2251 2952/3744/2918 3824/3763/3762 2921/3300/2887
f 2952/3744/2918 2401/3306/2367 3160/3309/3109 3824/3763/3762
f 3824/3763/3762 3160/3309/3109 2393/3311/2359 2918/3756/2884
f 2921/3300/2887 3824/3763/3762 2918/3756/2884 2265/3302/2233
f 2275/3332/2243 2946/3750/2912 3825/3764/3763 2933/3333/2899
f 2946/3750/2912 2399/3285/2365 3161/3288/3110 3825/3764/3763
f 3825/3764/3763 3161/3288/3110 2394/3293/2360 2924/3760/2890
f 2933/3333/2899 3825/3764/3763 2924/3760/2890 2271/3335/2239
f 2547/3280/2513 3493/3765/3442 3826/3766/3764 2908/3281/2874
f 3493/3765/3442 2550/3271/2516 3162/3274/3111 3826/3766/3764
f 3826/3767/3764 3162/3276/3111 2391/3236/2357 2913/3768/2879
f 2908/3284/2874 3826/3767/3764 2913/3768/2879 2262/3234/2230
f 2549/3265/2515 3492/3769/3441 3827/3770/3765 2910/3266/2876
f 3492/3769/3441 2551/3251/2517 3163/3254/3112 3827/3770/3765
f 3827/3771/3765 3163/3259/3112 2390/3247/2356 2911/3772/2877
f 2910/3269/2876 3827/3771/3765 2911/3772/2877 2264/3245/2232
f 2264/3245/2232 2911/3772/2877 3828/3773/3766 2906/3246/2872
f 2911/3772/2877 2390/3247/2356 3164/3250/3113 3828/3773/3766
f 3828/3773/3766 3164/3250/3113 2380/2816/2346 3128/3774/3077
f 2906/3246/2872 3828/3773/3766 3128/3774/3077 2260/2436/2228
f 2262/3234/2230 2913/3768/2879 3829/3775/3767 2904/3235/2870
f 2913/3768/2879 2391/3236/2357 3165/3239/3114 3829/3775/3767
f 3829/3775/3767 3165/3239/3114 2370/2299/2336 3118/2302/3067
f 2904/3235/2870 3829/3775/3767 3118/2302/3067 2258/2307/2226
f 2106/3220/2074 3114/3776/3063 3830/3777/3768 2892/3221/2858
f 3114/3776/3063 2366/3224/2332 3166/3227/3115 3830/3777/3768
f 3830/3777/3768 3166/3227/3115 2387/3126/2353 2898/3778/2864
f 2892/3221/2858 3830/3777/3768 2898/3778/2864 2255/3166/2223
f 2242/3174/2210 2876/3779/2842 3831/3780/3769 2865/3179/2831
f 2876/3779/2842 2385/3140/2351 3167/3142/3116 3831/3780/3769
f 3831/3780/3769 3167/3142/3116 2386/3120/2352 2877/3781/2843
f 2865/3179/2831 3831/3780/3769 2877/3781/2843 2243/2620/2211
f 2241/3168/2209 2875/3782/2841 3832/3783/3770 2864/3173/2830
f 2875/3782/2841 2384/3134/2350 3168/3136/3117 3832/3783/3770
f 3832/3783/3770 3168/3136/3117 2385/3140/2351 2876/3779/2842
f 2864/3173/2830 3832/3783/3770 2876/3779/2842 2242/3174/2210
f 2255/3166/2223 2898/3778/2864 3833/3784/3771 2863/3167/2829
f 2898/3778/2864 2387/3126/2353 3169/3129/3118 3833/3784/3771
f 3833/3784/3771 3169/3129/3118 2384/3134/2350 2875/3782/2841
f 2863/3167/2829 3833/3784/3771 2875/3782/2841 2241/3168/2209
f 2243/2620/2211 2877/3781/2843 3834/3785/3772 2659/2621/2625
f 2877/3781/2843 2386/3120/2352 3170/3123/3119 3834/3785/3772
f 3834/3785/3772 3170/3123/3119 2383/3109/2349 3131/3786/3080
f 2659/2621/2625 3834/3785/3772 3131/3786/3080 2239/2622/2207
f 2239/2622/2207 3131/3786/3080 3835/3787/3773 2856/2623/2822
f 3131/3786/3080 2383/3109/2349 3171/3112/3120 3835/3787/3773
f 3835/3787/3773 3171/3112/3120 348/3117/346 896/3788/894
f 2856/2623/2822 3835/3787/3773 896/3788/894 187/2624/187
f 2193/2904/2161 2784/2967/2750 3836/3789/3774 3129/3790/3078
f 2784/2967/2750 2205/2394/2173 3130/3791/3079 3836/3789/3774
f 3836/3789/3774 3130/3791/3079 2382/2314/2348 3172/2970/3121
f 3129/3790/3078 3836/3789/3774 3172/2970/3121 2381/2912/2347
f 2141/2410/2109 2758/2905/2724 3837/3792/3775 2611/3793/2577
f 2758/2905/2724 2193/2904/2161 3129/3790/3078 3837/3792/3775
f 3837/3792/3775 3129/3790/3078 2381/2912/2347 3173/2910/3122
f 2611/3793/2577 3837/3792/3775 3173/2910/3122 2372/2310/2338
f 2162/2721/2130 2723/2810/2689 3838/3794/3776 3126/3795/3075
f 2723/2810/2689 2260/2436/2228 3128/3774/3077 3838/3794/3776
f 3838/3794/3776 3128/3774/3077 2380/2816/2346 3174/2814/3123
f 3126/3795/3075 3838/3794/3776 3174/2814/3123 2378/2729/2344
f 2149/2356/2117 2716/2800/2682 3839/3796/3777 2619/3797/2585
f 2716/2800/2682 2175/2697/2143 3127/3798/3076 3839/3796/3777
f 3839/3796/3777 3127/3798/3076 2379/2701/2345 3175/2795/3124
f 2619/3797/2585 3839/3796/3777 3175/2795/3124 2376/2337/2342
f 2135/2452/2103 2689/2722/2655 3840/3799/3778 2605/3800/2571
f 2689/2722/2655 2162/2721/2130 3126/3795/3075 3840/3799/3778
f 3840/3799/3778 3126/3795/3075 2378/2729/2344 3176/2727/3125
f 2605/3800/2571 3840/3799/3778 3176/2727/3125 2369/2283/2335
f 2175/2697/2143 2678/2696/2644 3841/3801/3779 3127/3798/3076
f 2678/2696/2644 2157/2502/2125 3125/3802/3074 3841/3801/3779
f 3841/3801/3779 3125/3802/3074 2377/2254/2343 3177/2702/3126
f 3127/3798/3076 3841/3801/3779 3177/2702/3126 2379/2701/2345
f 2147/2358/2115 2622/2357/2588 3842/3803/3780 2617/3804/2583
f 2622/2357/2588 2149/2356/2117 2619/3797/2585 3842/3803/3780
f 3842/3803/3780 2619/3797/2585 2376/2337/2342 3178/2335/3127
f 2617/3804/2583 3842/3803/3780 3178/2335/3127 2375/2331/2341
f 2145/2370/2113 2624/2369/2590 3843/3805/3781 2615/3806/2581
f 2624/2369/2590 2147/2358/2115 2617/3804/2583 3843/3805/3781
f 3843/3805/3781 2617/3804/2583 2375/2331/2341 3179/2329/3128
f 2615/3806/2581 3843/3805/3781 3179/2329/3128 2374/2325/2340
f 2143/2382/2111 2626/2381/2592 3844/3807/3782 2613/3808/2579
f 2626/2381/2592 2145/2370/2113 2615/3806/2581 3844/3807/3782
f 3844/3807/3782 2615/3806/2581 2374/2325/2340 3180/2323/3129
f 2613/3808/2579 3844/3807/3782 3180/2323/3129 2373/2318/2339
f 2205/2394/2173 2628/2393/2594 3845/3809/3783 3130/3791/3079
f 2628/2393/2594 2143/2382/2111 2613/3808/2579 3845/3809/3783
f 3845/3809/3783 2613/3808/2579 2373/2318/2339 3181/2315/3130
f 3130/3791/3079 3845/3809/3783 3181/2315/3130 2382/2314/2348
f 2139/2412/2107 2630/2411/2596 3846/3810/3784 2609/3811/2575
f 2630/2411/2596 2141/2410/2109 2611/3793/2577 3846/3810/3784
f 3846/3810/3784 2611/3793/2577 2372/2310/2338 3182/2308/3131
f 2609/3811/2575 3846/3810/3784 3182/2308/3131 2371/2303/2337
f 2259/2424/2227 2632/2423/2598 3847/3812/3785 2607/3242/2573
f 2632/2423/2598 2139/2412/2107 2609/3811/2575 3847/3812/3785
f 3847/3812/3785 2609/3811/2575 2371/2303/2337 3183/2300/3132
f 2607/3242/2573 3847/3812/3785 3183/2300/3132 2370/2299/2336
f 2133/2454/2101 2636/2453/2602 3848/3813/3786 2603/3814/2569
f 2636/2453/2602 2135/2452/2103 2605/3800/2571 3848/3813/3786
f 3848/3813/3786 2605/3800/2571 2369/2283/2335 3184/2281/3133
f 2603/3814/2569 3848/3813/3786 3184/2281/3133 2368/2276/2334
f 2492/2466/2458 2638/2465/2604 3849/3815/3787 3328/3816/3277
f 2638/2465/2604 2133/2454/2101 2603/3814/2569 3849/3815/3787
f 3849/3815/3787 2603/3814/2569 2368/2276/2334 3327/2273/3276
f 3328/3816/3277 3849/3815/3787 3327/2273/3276 2473/2272/2439
f 2333/2484/2299 2640/2483/2606 3850/3817/3788 3150/3818/3099
f 2640/2483/2606 2486/2482/2452 2601/3819/2567 3850/3817/3788
f 3850/3817/3788 2601/3819/2567 2367/2267/2333 3186/2264/3135
f 3150/3818/3099 3850/3817/3788 3186/2264/3135 2402/2263/2368
f 2157/2502/2125 2642/2501/2608 3851/3820/3789 3125/3802/3074
f 2642/2501/2608 2129/2500/2097 2599/3821/2565 3851/3820/3789
f 3851/3820/3789 2599/3821/2565 2366/2258/2332 3187/2255/3136
f 3125/3802/3074 3851/3820/3789 3187/2255/3136 2377/2254/2343
f 2338/3625/2304 3189/3636/3138 3852/3822/3790 3193/3671/3142
f 3189/3636/3138 2403/3635/2369 3191/3823/3140 3852/3822/3790
f 3852/3822/3790 3191/3823/3140 2365/3545/2331 3050/3548/3003
f 3193/3671/3142 3852/3822/3790 3050/3548/3003 2334/3553/2300
f 2402/2263/2368 3188/3692/3137 3853/3824/3791 3150/3818/3099
f 3188/3692/3137 2336/3691/2302 3060/3825/3013 3853/3824/3791
f 3853/3824/3791 3060/3825/3013 2339/3678/2305 3046/3681/2999
f 3150/3818/3099 3853/3824/3791 3046/3681/2999 2333/2484/2299
f 2365/3545/2331 3191/3823/3140 3854/3826/3792 3091/3715/3041
f 3191/3823/3140 2403/3635/2369 3190/3634/3139 3854/3826/3792
f 3854/3826/3792 3190/3634/3139 2341/3633/2307 3045/3683/2998
f 3091/3715/3041 3854/3826/3792 3045/3683/2998 2332/2475/2298
f 2454/2552/2420 3299/3827/3248 3855/3828/3793 3215/2553/3164
f 3299/3827/3248 2455/3645/2421 3218/3644/3167 3855/3828/3793
f 3855/3828/3793 3218/3644/3167 2404/3643/2370 3219/3829/3168
f 3215/2553/3164 3855/3828/3793 3219/3829/3168 2416/2556/2382
f 2285/3522/2253 3192/3677/3141 3856/3830/3794 3200/3527/3149
f 3192/3677/3141 2406/3676/2372 3199/3831/3148 3856/3830/3794
f 3856/3830/3794 3199/3831/3148 2408/3832/2374 3204/3833/3153
f 3200/3527/3149 3856/3830/3794 3204/3833/3153 2409/3529/2375
f 2407/3834/2373 3202/3835/3151 3857/3836/3795 2598/3837/2564
f 3202/3835/3151 2410/3838/2376 3198/3839/3147 3857/3836/3795
f 3857/3836/3795 3198/3839/3147 2405/3651/2371 3196/3840/3145
f 2598/3837/2564 3857/3836/3795 3196/3840/3145 2128/3841/2096
f 2410/3838/2376 3205/3842/3154 3858/3843/3796 3198/3839/3147
f 3205/3842/3154 2414/3844/2380 3216/3845/3165 3858/3843/3796
f 3858/3843/3796 3216/3845/3165 2415/3655/2381 3214/3652/3163
f 3198/3839/3147 3858/3843/3796 3214/3652/3163 2405/3651/2371
f 376/3846/374 3206/3847/3155 3859/3848/3797 1253/3849/1232
f 3206/3847/3155 2407/3834/2373 2598/3837/2564 3859/3848/3797
f 3859/3848/3797 2598/3837/2564 2128/3841/2096 2654/3850/2620
f 1253/3849/1232 3859/3848/3797 2654/3850/2620 58/3851/58
f 2449/3621/2415 3208/3852/3157 3860/3853/3798 3295/3854/3244
f 3208/3852/3157 2412/3672/2378 3210/3675/3159 3860/3853/3798
f 3860/3853/3798 3210/3675/3159 2411/3518/2377 3207/3855/3156
f 3295/3854/3244 3860/3853/3798 3207/3855/3156 2448/3856/2414
f 2406/3676/2372 3197/3673/3146 3861/3857/3799 3199/3831/3148
f 3197/3673/3146 2412/3672/2378 3211/3858/3160 3861/3857/3799
f 3861/3857/3799 3211/3858/3160 2413/3859/2379 3209/3860/3158
f 3199/3831/3148 3861/3857/3799 3209/3860/3158 2408/3832/2374
f 2448/3856/2414 3207/3855/3156 3862/3861/3800 3294/3862/3243
f 3207/3855/3156 2411/3518/2377 3212/3521/3161 3862/3861/3800
f 3862/3861/3800 3212/3521/3161 378/3526/376 1344/3863/1323
f 3294/3862/3243 3862/3861/3800 1344/3863/1323 422/3864/420
f 2416/2556/2382 3219/3829/3168 3863/3865/3801 2564/3866/2530
f 2404/3643/2370 3195/3867/3144 3863/3865/3801 3219/3829/3168
f 2104/3660/2072 2564/3866/2530 3863/3865/3801 3195/3867/3144
f 2458/3639/2424 3314/3868/3263 3864/3869/3802 3059/3870/3012
f 3314/3868/3263 2460/3871/2426 3304/3872/3253 3864/3869/3802
f 3864/3869/3802 3304/3872/3253 2337/3627/2303 3061/3679/3014
f 3059/3870/3012 3864/3869/3802 3061/3679/3014 2339/3678/2305
f 383/2558/381 3217/2557/3166 3865/3873/3803 1268/3874/1247
f 3217/2557/3166 2416/2556/2382 2564/3866/2530 3865/3873/3803
f 3865/3873/3803 2564/3866/2530 2104/3660/2072 2647/3663/2613
f 1268/3874/1247 3865/3873/3803 2647/3663/2613 68/3668/68
f 2104/3660/2072 3195/3867/3144 3866/3875/3804 3303/3661/3252
f 3195/3867/3144 2404/3643/2370 3056/3876/3009 3866/3875/3804
f 3866/3875/3804 3056/3876/3009 2336/3691/2302 3068/3689/3021
f 3303/3661/3252 3866/3875/3804 3068/3689/3021 2342/3664/2308
f 2441/3877/2407 3282/3878/3231 3867/3879/3805 3269/3880/3218
f 3282/3878/3231 2440/3881/2406 3229/3882/3178 3867/3879/3805
f 3867/3879/3805 3229/3882/3178 2421/3883/2387 3225/3884/3174
f 3269/3880/3218 3867/3879/3805 3225/3884/3174 2423/3885/2389
f 2464/3886/2430 3308/3887/3257 3868/3888/3806 3312/3889/3261
f 3308/3887/3257 2441/3877/2407 3269/3880/3218 3868/3888/3806
f 3868/3888/3806 3269/3880/3218 2423/3885/2389 3228/3890/3177
f 3312/3889/3261 3868/3888/3806 3228/3890/3177 2461/3891/2427
f 417/1623/415 3280/3892/3229 3869/3893/3807 1331/1624/1310
f 3280/3892/3229 2443/3894/2409 3232/3895/3181 3869/3893/3807
f 3869/3893/3807 3232/3895/3181 2420/3896/2386 3223/3897/3172
f 1331/1624/1310 3869/3893/3807 3223/3897/3172 388/1631/386
f 2453/3898/2419 3289/3899/3238 3870/3900/3808 3293/3901/3242
f 3289/3899/3238 2442/3902/2408 3270/3903/3219 3870/3900/3808
f 3870/3900/3808 3270/3903/3219 2417/3904/2383 3221/3905/3170
f 3293/3901/3242 3870/3900/3808 3221/3905/3170 2450/3906/2416
f 2445/3907/2411 3278/3908/3227 3871/3909/3809 3273/3910/3222
f 3278/3908/3227 2444/3911/2410 3272/3912/3221 3871/3909/3809
f 3871/3909/3809 3272/3912/3221 2422/3913/2388 3227/3914/3176
f 3273/3910/3222 3871/3909/3809 3227/3914/3176 2419/3915/2385
f 2446/3916/2412 3277/3917/3226 3872/3918/3810 3274/3919/3223
f 3277/3917/3226 420/1655/418 1291/1654/1270 3872/3918/3810
f 3872/3918/3810 1291/1654/1270 391/1657/389 3226/3920/3175
f 3274/3919/3223 3872/3918/3810 3226/3920/3175 2418/3921/2384
f 2443/3894/2409 3276/3922/3225 3873/3923/3811 3232/3895/3181
f 3276/3922/3225 2445/3907/2411 3273/3910/3222 3873/3923/3811
f 3873/3923/3811 3273/3910/3222 2419/3915/2385 3224/3924/3173
f 3232/3895/3181 3873/3923/3811 3224/3924/3173 2420/3896/2386
f 2440/3881/2406 3275/3925/3224 3874/3926/3812 3229/3882/3178
f 3275/3925/3224 2446/3916/2412 3274/3919/3223 3874/3926/3812
f 3874/3926/3812 3274/3919/3223 2418/3921/2384 3222/3927/3171
f 3229/3882/3178 3874/3926/3812 3222/3927/3171 2421/3883/2387
f 2434/3928/2400 3267/3929/3216 3875/3930/3813 3253/3931/3202
f 3267/3929/3216 2433/3932/2399 3244/3933/3193 3875/3930/3813
f 3875/3930/3813 3244/3933/3193 2430/3934/2396 3240/3935/3189
f 3253/3931/3202 3875/3930/3813 3240/3935/3189 2432/3936/2398
f 407/1674/405 3266/3937/3215 3876/3938/3814 3255/3939/3204
f 3266/3937/3215 2435/3940/2401 3246/3941/3195 3876/3938/3814
f 3876/3938/3814 3246/3941/3195 2428/3942/2394 3238/3943/3187
f 3255/3939/3204 3876/3938/3814 3238/3943/3187 2426/3944/2392
f 2452/3945/2418 3288/3946/3237 3877/3947/3815 3292/3948/3241
f 3288/3946/3237 2436/3949/2402 3247/3950/3196 3877/3947/3815
f 3877/3947/3815 3247/3950/3196 2424/3951/2390 3236/3952/3185
f 3292/3948/3241 3877/3947/3815 3236/3952/3185 2451/3953/2417
f 2463/3954/2429 3307/3955/3256 3878/3956/3816 3311/3957/3260
f 3307/3955/3256 2434/3928/2400 3253/3931/3202 3878/3956/3816
f 3878/3956/3816 3253/3931/3202 2432/3936/2398 3243/3958/3192
f 3311/3957/3260 3878/3956/3816 3243/3958/3192 2462/3959/2428
f 2438/3960/2404 3263/3961/3212 3879/3962/3817 3258/3963/3207
f 3263/3961/3212 410/1703/408 3249/3964/3198 3879/3962/3817
f 3879/3962/3817 3249/3964/3198 2429/3965/2395 3241/3966/3190
f 3258/3963/3207 3879/3962/3817 3241/3966/3190 2425/3967/2391
f 2435/3940/2401 3262/3968/3211 3880/3969/3818 3246/3941/3195
f 3262/3968/3211 2439/3970/2405 3251/3971/3200 3880/3969/3818
f 3880/3969/3818 3251/3971/3200 2427/3972/2393 3239/3973/3188
f 3246/3941/3195 3880/3969/3818 3239/3973/3188 2428/3942/2394
f 2433/3932/2399 3261/3974/3210 3881/3975/3819 3244/3933/3193
f 3261/3974/3210 2438/3960/2404 3258/3963/3207 3881/3975/3819
f 3881/3975/3819 3258/3963/3207 2425/3967/2391 3237/3976/3186
f 3244/3933/3193 3881/3975/3819 3237/3976/3186 2430/3934/2396
f 2439/3970/2405 3260/3977/3209 3882/3978/3820 3251/3971/3200
f 3260/3977/3209 2437/3979/2403 3257/3980/3206 3882/3978/3820
f 3882/3978/3820 3257/3980/3206 2431/3981/2397 3242/3982/3191
f 3251/3971/3200 3882/3978/3820 3242/3982/3191 2427/3972/2393
f 2419/3915/2385 3227/3914/3176 3883/3983/3821 3259/3984/3208
f 3227/3914/3176 2422/3913/2388 3248/3985/3197 3883/3983/3821
f 3883/3983/3821 3248/3985/3197 2437/3979/2403 3260/3977/3209
f 3259/3984/3208 3883/3983/3821 3260/3977/3209 2439/3970/2405
f 2421/3883/2387 3222/3927/3171 3884/3986/3822 3252/3987/3201
f 3222/3927/3171 2418/3921/2384 3250/3988/3199 3884/3986/3822
f 3884/3986/3822 3250/3988/3199 2438/3960/2404 3261/3974/3210
f 3252/3987/3201 3884/3986/3822 3261/3974/3210 2433/3932/2399
f 2420/3896/2386 3224/3924/3173 3885/3989/3823 3254/3990/3203
f 3224/3924/3173 2419/3915/2385 3259/3984/3208 3885/3989/3823
f 3885/3989/3823 3259/3984/3208 2439/3970/2405 3262/3968/3211
f 3254/3990/3203 3885/3989/3823 3262/3968/3211 2435/3940/2401
f 2418/3921/2384 3226/3920/3175 3886/3991/3824 3250/3988/3199
f 3226/3920/3175 391/1657/389 1316/1731/1295 3886/3991/3824
f 3886/3991/3824 1316/1731/1295 410/1703/408 3263/3961/3212
f 3250/3988/3199 3886/3991/3824 3263/3961/3212 2438/3960/2404
f 2461/3891/2427 3228/3890/3177 3887/3992/3825 3310/3993/3259
f 3228/3890/3177 2423/3885/2389 3245/3994/3194 3887/3992/3825
f 3887/3992/3825 3245/3994/3194 2434/3928/2400 3307/3955/3256
f 3310/3993/3259 3887/3992/3825 3307/3955/3256 2463/3954/2429
f 2450/3906/2416 3221/3905/3170 3888/3995/3826 3291/3996/3240
f 3221/3905/3170 2417/3904/2383 3256/3997/3205 3888/3995/3826
f 3888/3995/3826 3256/3997/3205 2436/3949/2402 3288/3946/3237
f 3291/3996/3240 3888/3995/3826 3288/3946/3237 2452/3945/2418
f 388/1631/386 3223/3897/3172 3889/3998/3827 1304/1738/1283
f 3223/3897/3172 2420/3896/2386 3254/3990/3203 3889/3998/3827
f 3889/3998/3827 3254/3990/3203 2435/3940/2401 3266/3937/3215
f 1304/1738/1283 3889/3998/3827 3266/3937/3215 407/1674/405
f 2423/3885/2389 3225/3884/3174 3890/3999/3828 3245/3994/3194
f 3225/3884/3174 2421/3883/2387 3252/3987/3201 3890/3999/3828
f 3890/3999/3828 3252/3987/3201 2433/3932/2399 3267/3929/3216
f 3245/3994/3194 3890/3999/3828 3267/3929/3216 2434/3928/2400
f 2410/3838/2376 3202/3835/3151 3891/4000/3829 3268/4001/3217
f 3202/3835/3151 2407/3834/2373 3235/4002/3184 3891/4000/3829
f 3891/4003/3829 3235/4004/3184 2446/3916/2412 3275/3925/3224
f 3268/4005/3217 3891/4003/3829 3275/3925/3224 2440/3881/2406
f 2409/3529/2375 3204/3833/3153 3892/4006/3830 3271/4007/3220
f 3204/3833/3153 2408/3832/2374 3234/4008/3183 3892/4006/3830
f 3892/4009/3830 3234/4010/3183 2445/3907/2411 3276/3922/3225
f 3271/4011/3220 3892/4009/3830 3276/3922/3225 2443/3894/2409
f 2407/3834/2373 3206/3847/3155 3893/4012/3831 3235/4002/3184
f 3206/3847/3155 376/3846/374 1334/4013/1313 3893/4012/3831
f 3893/4014/3831 1334/1756/1313 420/1655/418 3277/3917/3226
f 3235/4004/3184 3893/4014/3831 3277/3917/3226 2446/3916/2412
f 2408/3832/2374 3209/3860/3158 3894/4015/3832 3234/4008/3183
f 3209/3860/3158 2413/3859/2379 3233/4016/3182 3894/4015/3832
f 3894/4017/3832 3233/4018/3182 2444/3911/2410 3278/3908/3227
f 3234/4010/3183 3894/4017/3832 3278/3908/3227 2445/3907/2411
f 2447/3629/2413 3201/3628/3150 3895/4019/3833 3290/4020/3239
f 3201/3628/3150 2337/3627/2303 3231/4021/3180 3895/4019/3833
f 3895/4022/3833 3231/4023/3180 2442/3902/2408 3289/3899/3238
f 3290/4024/3239 3895/4022/3833 3289/3899/3238 2453/3898/2419
f 373/3531/371 3203/3530/3152 3896/4025/3834 1288/4026/1267
f 3203/3530/3152 2409/3529/2375 3271/4007/3220 3896/4025/3834
f 3896/4027/3834 3271/4011/3220 2443/3894/2409 3280/3892/3229
f 1288/1770/1267 3896/4027/3834 3280/3892/3229 417/1623/415
f 2460/3871/2426 3213/4028/3162 3897/4029/3835 3309/4030/3258
f 3213/4028/3162 2414/3844/2380 3230/4031/3179 3897/4029/3835
f 3897/4032/3835 3230/4033/3179 2441/3877/2407 3308/3887/3257
f 3309/4034/3258 3897/4032/3835 3308/3887/3257 2464/3886/2430
f 2414/3844/2380 3205/3842/3154 3898/4035/3836 3230/4031/3179
f 3205/3842/3154 2410/3838/2376 3268/4001/3217 3898/4035/3836
f 3898/4036/3836 3268/4005/3217 2440/3881/2406 3282/3878/3231
f 3230/4033/3179 3898/4036/3836 3282/3878/3231 2441/3877/2407
f 2413/3859/2379 3283/4037/3232 3899/4038/3837 3233/4016/3182
f 3283/4037/3232 2447/3629/2413 3290/4020/3239 3899/4038/3837
f 3899/4039/3837 3290/4024/3239 2453/3898/2419 3279/4040/3228
f 3233/4018/3182 3899/4039/3837 3279/4040/3228 2444/3911/2410
f 2422/3913/2388 3286/4041/3235 3900/4042/3838 3248/3985/3197
f 3286/4041/3235 2450/3906/2416 3291/3996/3240 3900/4042/3838
f 3900/4042/3838 3291/3996/3240 2452/3945/2418 3265/4043/3214
f 3248/3985/3197 3900/4042/3838 3265/4043/3214 2437/3979/2403
f 2437/3979/2403 3265/4043/3214 3901/4044/3839 3257/3980/3206
f 3265/4043/3214 2452/3945/2418 3292/3948/3241 3901/4044/3839
f 3901/4044/3839 3292/3948/3241 2451/3953/2417 3287/4045/3236
f 3257/3980/3206 3901/4044/3839 3287/4045/3236 2431/3981/2397
f 2444/3911/2410 3279/4040/3228 3902/4046/3840 3272/3912/3221
f 3279/4040/3228 2453/3898/2419 3293/3901/3242 3902/4046/3840
f 3902/4046/3840 3293/3901/3242 2450/3906/2416 3286/4041/3235
f 3272/3912/3221 3902/4046/3840 3286/4041/3235 2422/3913/2388
f 2127/2647/2095 3284/4047/3233 3903/4048/3841 2652/2648/2618
f 3284/4047/3233 2448/3856/2414 3294/3862/3243 3903/4048/3841
f 3903/4048/3841 3294/3862/3243 422/3864/420 675/4049/673
f 2652/2648/2618 3903/4048/3841 675/4049/673 55/2649/55
f 2338/3625/2304 3285/3622/3234 3904/4050/3842 3058/3632/3011
f 3285/3622/3234 2449/3621/2415 3295/3854/3244 3904/4050/3842
f 3904/4050/3842 3295/3854/3244 2448/3856/2414 3284/4047/3233
f 3058/3632/3011 3904/4050/3842 3284/4047/3233 2127/2647/2095
f 2412/3672/2378 3208/3852/3157 3905/4051/3843 3211/3858/3160
f 3208/3852/3157 2449/3621/2415 3296/3624/3245 3905/4051/3843
f 3905/4051/3843 3296/3624/3245 2447/3629/2413 3283/4037/3232
f 3211/3858/3160 3905/4051/3843 3283/4037/3232 2413/3859/2379
f 2128/3841/2096 3196/3840/3145 3906/4052/3844 2669/4053/2635
f 3196/3840/3145 2405/3651/2371 3220/3654/3169 3906/4052/3844
f 3906/4052/3844 3220/3654/3169 2459/3659/2425 3315/4054/3264
f 2669/4053/2635 3906/4052/3844 3315/4054/3264 2456/4055/2422
f 2128/3841/2096 2669/4053/2635 3907/4056/3845 2654/3850/2620
f 2669/4053/2635 2456/4055/2422 3319/4057/3268 3907/4056/3845
f 3907/4056/3845 3319/4057/3268 443/4058/441 664/4059/662
f 2654/3850/2620 3907/4056/3845 664/4059/662 58/3851/58
f 2337/3627/2303 3304/3872/3253 3908/4060/3846 3231/4021/3180
f 3304/3872/3253 2460/3871/2426 3309/4030/3258 3908/4060/3846
f 3908/4061/3846 3309/4034/3258 2464/3886/2430 3281/4062/3230
f 3231/4023/3180 3908/4061/3846 3281/4062/3230 2442/3902/2408
f 2417/3904/2383 3305/4063/3254 3909/4064/3847 3256/3997/3205
f 3305/4063/3254 2461/3891/2427 3310/3993/3259 3909/4064/3847
f 3909/4064/3847 3310/3993/3259 2463/3954/2429 3264/4065/3213
f 3256/3997/3205 3909/4064/3847 3264/4065/3213 2436/3949/2402
f 2436/3949/2402 3264/4065/3213 3910/4066/3848 3247/3950/3196
f 3264/4065/3213 2463/3954/2429 3311/3957/3260 3910/4066/3848
f 3910/4066/3848 3311/3957/3260 2462/3959/2428 3306/4067/3255
f 3247/3950/3196 3910/4066/3848 3306/4067/3255 2424/3951/2390
f 2442/3902/2408 3281/4062/3230 3911/4068/3849 3270/3903/3219
f 3281/4062/3230 2464/3886/2430 3312/3889/3261 3911/4068/3849
f 3911/4068/3849 3312/3889/3261 2461/3891/2427 3305/4063/3254
f 3270/3903/3219 3911/4068/3849 3305/4063/3254 2417/3904/2383
f 443/4058/441 3319/4057/3268 3912/4069/3850 1380/4070/1359
f 3319/4057/3268 2456/4055/2422 3297/4071/3246 3912/4069/3850
f 3912/4069/3850 3297/4071/3246 2454/2552/2420 3300/2555/3249
f 1380/4070/1359 3912/4069/3850 3300/2555/3249 430/2560/428
f 2415/3655/2381 3216/3845/3165 3913/4072/3851 3302/4073/3251
f 3216/3845/3165 2414/3844/2380 3213/4028/3162 3913/4072/3851
f 3913/4072/3851 3213/4028/3162 2460/3871/2426 3314/3868/3263
f 3302/4073/3251 3913/4072/3851 3314/3868/3263 2458/3639/2424
f 2459/3659/2425 3313/3658/3262 3914/4074/3852 3298/4075/3247
f 3313/3658/3262 2457/3657/2423 3316/4076/3265 3914/4074/3852
f 3914/4074/3852 3316/4076/3265 2465/3647/2431 3317/3646/3266
f 3298/4075/3247 3914/4074/3852 3317/3646/3266 2455/3645/2421
f 2456/4055/2422 3315/4054/3264 3915/4077/3853 3297/4071/3246
f 3315/4054/3264 2459/3659/2425 3298/4075/3247 3915/4077/3853
f 3915/4077/3853 3298/4075/3247 2455/3645/2421 3299/3827/3248
f 3297/4071/3246 3915/4077/3853 3299/3827/3248 2454/2552/2420
f 2404/3643/2370 3066/3640/3019 3916/4078/3854 3056/3876/3009
f 3066/3640/3019 2458/3639/2424 3059/3870/3012 3916/4078/3854
f 3916/4078/3854 3059/3870/3012 2339/3678/2305 3060/3825/3013
f 3056/3876/3009 3916/4078/3854 3060/3825/3013 2336/3691/2302
f 2458/3639/2424 3318/3642/3267 3917/4079/3855 3302/4073/3251
f 3318/3642/3267 2465/3647/2431 3316/4076/3265 3917/4079/3855
f 3917/4079/3855 3316/4076/3265 2457/3657/2423 3301/3656/3250
f 3302/4073/3251 3917/4079/3855 3301/3656/3250 2415/3655/2381
f 2491/4080/2457 3323/4081/3272 3918/4082/3856 3368/4083/3317
f 3323/4081/3272 2492/2466/2458 3328/3816/3277 3918/4082/3856
f 3918/4082/3856 3328/3816/3277 2473/2272/2439 3345/4084/3294
f 3368/4083/3317 3918/4082/3856 3345/4084/3294 2476/4085/2442
f 2483/4086/2449 3384/4087/3333 3919/4088/3857 3339/4089/3288
f 3384/4087/3333 2482/4090/2448 3340/4091/3289 3919/4088/3857
f 3919/4088/3857 3340/4091/3289 2538/4092/2504 3485/4093/3434
f 3339/4089/3288 3919/4088/3857 3485/4093/3434 2539/4094/2505
f 2469/4095/2435 3376/4096/3325 3920/4097/3858 3358/4098/3307
f 3376/4096/3325 2483/4086/2449 3339/4089/3288 3920/4097/3858
f 3920/4097/3858 3339/4089/3288 2539/4094/2505 3477/4099/3426
f 3358/4098/3307 3920/4097/3858 3477/4099/3426 2545/4100/2511
f 2482/4090/2448 3383/4101/3332 3921/4102/3859 3340/4091/3289
f 3383/4101/3332 2131/4103/2099 3361/4104/3310 3921/4102/3859
f 3921/4102/3859 3361/4104/3310 2543/4105/2509 3484/4106/3433
f 3340/4091/3289 3921/4102/3859 3484/4106/3433 2538/4092/2504
f 2115/2437/2083 3320/2456/3269 3922/4107/3860 2661/2585/2627
f 3320/2456/3269 2466/2455/2432 3332/4108/3281 3922/4107/3860
f 3922/4107/3860 3332/4108/3281 449/4109/447 667/4110/665
f 2661/2585/2627 3922/4107/3860 667/4110/665 65/2586/65
f 2479/4111/2445 3321/4112/3270 3923/4113/3861 3360/4114/3309
f 3321/4112/3270 2467/2280/2433 3333/2549/3282 3923/4113/3861
f 3923/4113/3861 3333/2549/3282 448/2551/446 1406/4115/1385
f 3360/4114/3309 3923/4113/3861 1406/4115/1385 456/4116/454
f 2481/4117/2447 3375/4118/3324 3924/4119/3862 3342/4120/3291
f 3375/4118/3324 2468/4121/2434 3341/4122/3290 3924/4119/3862
f 3924/4119/3862 3341/4122/3290 2544/4123/2510 3476/4124/3425
f 3342/4120/3291 3924/4119/3862 3476/4124/3425 2541/4125/2507
f 2474/4126/2440 3337/4127/3286 3925/4128/3863 3356/4129/3305
f 3337/4127/3286 2466/2455/2432 3335/2458/3284 3925/4128/3863
f 3925/4128/3863 3335/2458/3284 2490/2460/2456 3322/4130/3271
f 3356/4129/3305 3925/4128/3863 3322/4130/3271 2489/4131/2455
f 2476/4085/2442 3345/4084/3294 3926/4132/3864 3354/4133/3303
f 3345/4084/3294 2473/2272/2439 3336/2275/3285 3926/4132/3864
f 3926/4132/3864 3336/2275/3285 2467/2280/2433 3321/4112/3270
f 3354/4133/3303 3926/4132/3864 3321/4112/3270 2479/4111/2445
f 2367/2267/2333 3185/4134/3134 3927/4135/3865 3115/2268/3064
f 3185/4134/3134 2477/4136/2443 3353/4137/3302 3927/4135/3865
f 3927/4135/3865 3353/4137/3302 2478/4138/2444 3347/4139/3296
f 3115/2268/3064 3927/4135/3865 3347/4139/3296 2117/2269/2085
f 2477/4136/2443 3346/4140/3295 3928/4141/3866 3353/4137/3302
f 3346/4140/3295 2476/4085/2442 3354/4133/3303 3928/4141/3866
f 3928/4141/3866 3354/4133/3303 2479/4111/2445 3348/4142/3297
f 3353/4137/3302 3928/4141/3866 3348/4142/3297 2478/4138/2444
f 2116/2471/2084 2576/2576/2542 3929/4143/3867 2587/2472/2553
f 2576/2576/2542 2475/2575/2441 3355/4144/3304 3929/4143/3867
f 3929/4143/3867 3355/4144/3304 2496/4145/2462 3349/4146/3298
f 2587/2472/2553 3929/4143/3867 3349/4146/3298 2485/2473/2451
f 2475/2575/2441 3338/4147/3287 3930/4148/3868 3355/4144/3304
f 3338/4147/3287 2474/4126/2440 3356/4129/3305 3930/4148/3868
f 3930/4148/3868 3356/4129/3305 2489/4131/2455 3350/4149/3299
f 3355/4144/3304 3930/4148/3868 3350/4149/3299 2496/4145/2462
f 2480/4150/2446 3382/4151/3331 3931/4152/3869 3343/4153/3292
f 3382/4151/3331 2481/4117/2447 3342/4120/3291 3931/4152/3869
f 3931/4152/3869 3342/4120/3291 2541/4125/2507 3483/4154/3432
f 3343/4153/3292 3931/4152/3869 3483/4154/3432 2540/4155/2506
f 2289/4156/2257 3374/4157/3323 3932/4158/3870 3344/4159/3293
f 3374/4157/3323 2344/4160/2310 3365/4161/3314 3932/4158/3870
f 3932/4158/3870 3365/4161/3314 2531/4162/2497 3475/4163/3424
f 3344/4159/3293 3932/4158/3870 3475/4163/3424 2527/4164/2493
f 2117/2269/2085 3347/4139/3296 3933/4165/3871 2663/2563/2629
f 3347/4139/3296 2478/4138/2444 3359/4166/3308 3933/4165/3871
f 3933/4165/3871 3359/4166/3308 457/4167/455 663/4168/661
f 2663/2563/2629 3933/4165/3871 663/4168/661 67/2564/67
f 2478/4138/2444 3348/4142/3297 3934/4169/3872 3359/4166/3308
f 3348/4142/3297 2479/4111/2445 3360/4114/3309 3934/4169/3872
f 3934/4169/3872 3360/4114/3309 456/4116/454 1407/4170/1386
f 3359/4166/3308 3934/4169/3872 1407/4170/1386 457/4167/455
f 2132/4171/2100 3381/4172/3330 3935/4173/3873 3366/4174/3315
f 3381/4172/3330 2480/4150/2446 3343/4153/3292 3935/4173/3873
f 3935/4173/3873 3343/4153/3292 2540/4155/2506 3482/4175/3431
f 3366/4174/3315 3935/4173/3873 3482/4175/3431 2542/4176/2508
f 2288/4177/2256 3373/4178/3322 3936/4179/3874 3362/4180/3311
f 3373/4178/3322 2289/4156/2257 3344/4159/3293 3936/4179/3874
f 3936/4179/3874 3344/4159/3293 2527/4164/2493 3474/4181/3423
f 3362/4180/3311 3936/4179/3874 3474/4181/3423 2529/4182/2495
f 2471/4183/2437 3380/4184/3329 3937/4185/3875 3357/4186/3306
f 3380/4184/3329 2469/4095/2435 3358/4098/3307 3937/4185/3875
f 3937/4185/3875 3358/4098/3307 2545/4100/2511 3481/4187/3430
f 3357/4186/3306 3937/4185/3875 3481/4187/3430 2534/4188/2500
f 2131/4103/2099 3372/4189/3321 3938/4190/3876 3361/4104/3310
f 3372/4189/3321 2288/4177/2256 3362/4180/3311 3938/4190/3876
f 3938/4190/3876 3362/4180/3311 2529/4182/2495 3473/4191/3422
f 3361/4104/3310 3938/4190/3876 3473/4191/3422 2543/4105/2509
f 2472/4192/2438 3379/4193/3328 3939/4194/3877 3363/4195/3312
f 3379/4193/3328 2470/4196/2436 3364/4197/3313 3939/4194/3877
f 3939/4194/3877 3364/4197/3313 2532/4198/2498 3480/4199/3429
f 3363/4195/3312 3939/4194/3877 3480/4199/3429 2536/4200/2502
f 2344/4160/2310 3371/4201/3320 3940/4202/3878 3365/4161/3314
f 3371/4201/3320 2132/4171/2100 3366/4174/3315 3940/4202/3878
f 3940/4202/3878 3366/4174/3315 2542/4176/2508 3472/4203/3421
f 3365/4161/3314 3940/4202/3878 3472/4203/3421 2531/4162/2497
f 2486/2482/2452 3351/4204/3300 3941/4205/3879 2601/3819/2567
f 3351/4204/3300 2497/4206/2463 3367/4207/3316 3941/4205/3879
f 3941/4205/3879 3367/4207/3316 2477/4136/2443 3185/4134/3134
f 2601/3819/2567 3941/4205/3879 3185/4134/3134 2367/2267/2333
f 2497/4206/2463 3352/4208/3301 3942/4209/3880 3367/4207/3316
f 3352/4208/3301 2491/4080/2457 3368/4083/3317 3942/4209/3880
f 3942/4209/3880 3368/4083/3317 2476/4085/2442 3346/4140/3295
f 3367/4207/3316 3942/4209/3880 3346/4140/3295 2477/4136/2443
f 2466/2455/2432 3337/4127/3286 3943/4210/3881 3332/4108/3281
f 3337/4127/3286 2474/4126/2440 3369/4211/3318 3943/4210/3881
f 3943/4210/3881 3369/4211/3318 467/4212/465 1390/4213/1369
f 3332/4108/3281 3943/4210/3881 1390/4213/1369 449/4109/447
f 2474/4126/2440 3338/4147/3287 3944/4214/3882 3369/4211/3318
f 3338/4147/3287 2475/2575/2441 3370/2578/3319 3944/4214/3882
f 3944/4214/3882 3370/2578/3319 466/2582/464 1423/4215/1402
f 3369/4211/3318 3944/4214/3882 1423/4215/1402 467/4212/465
f 2498/4216/2464 3426/4217/3375 3945/4218/3883 3399/4219/3348
f 3426/4217/3375 2499/4220/2465 3386/4221/3335 3945/4218/3883
f 3945/4218/3883 3386/4221/3335 2484/3549/2450 2602/3716/2568
f 3399/4219/3348 3945/4218/3883 2602/3716/2568 2485/2473/2451
f 2500/4222/2466 3425/4223/3374 3946/4224/3884 3401/4225/3350
f 3425/4223/3374 2501/4226/2467 3388/4227/3337 3946/4224/3884
f 3946/4224/3884 3388/4227/3337 2486/2482/2452 2958/2481/2924
f 3401/4225/3350 3946/4224/3884 2958/2481/2924 2487/2480/2453
f 2502/4228/2468 3424/4229/3373 3947/4230/3885 3403/4231/3352
f 3424/4229/3373 2500/4222/2466 3401/4225/3350 3947/4230/3885
f 3947/4230/3885 3401/4225/3350 2487/2480/2453 2959/3556/2925
f 3403/4231/3352 3947/4230/3885 2959/3556/2925 2488/3551/2454
f 2499/4220/2465 3423/4232/3372 3948/4233/3886 3386/4221/3335
f 3423/4232/3372 2502/4228/2468 3403/4231/3352 3948/4233/3886
f 3948/4233/3886 3403/4231/3352 2488/3551/2454 3070/3550/3023
f 3386/4221/3335 3948/4233/3886 3070/3550/3023 2484/3549/2450
f 2503/4234/2469 3422/4235/3371 3949/4236/3887 3404/4237/3353
f 3422/4235/3371 2504/4238/2470 3391/4239/3340 3949/4236/3887
f 3949/4236/3887 3391/4239/3340 2489/4131/2455 3322/4130/3271
f 3404/4237/3353 3949/4236/3887 3322/4130/3271 2490/2460/2456
f 2505/4240/2471 3421/4241/3370 3950/4242/3888 3406/4243/3355
f 3421/4241/3370 2506/4244/2472 3393/4245/3342 3950/4242/3888
f 3950/4242/3888 3393/4245/3342 2492/2466/2458 3323/4081/3272
f 3406/4243/3355 3950/4242/3888 3323/4081/3272 2491/4080/2457
f 2507/4246/2473 3420/4247/3369 3951/4248/3889 3408/4249/3357
f 3420/4247/3369 2503/4234/2469 3404/4237/3353 3951/4248/3889
f 3951/4248/3889 3404/4237/3353 2490/2460/2456 3329/3713/3278
f 3408/4249/3357 3951/4248/3889 3329/3713/3278 2493/3557/2459
f 2508/4250/2474 3419/4251/3368 3952/4252/3890 3409/4253/3358
f 3419/4251/3368 2509/4254/2475 3396/4255/3345 3952/4252/3890
f 3952/4252/3890 3396/4255/3345 2494/3565/2460 3330/3567/3279
f 3409/4253/3358 3952/4252/3890 3330/3567/3279 2495/2461/2461
f 2509/4254/2475 3418/4256/3367 3953/4257/3891 3396/4255/3345
f 3418/4256/3367 2507/4246/2473 3408/4249/3357 3953/4257/3891
f 3953/4257/3891 3408/4249/3357 2493/3557/2459 3331/3560/3280
f 3396/4255/3345 3953/4257/3891 3331/3560/3280 2494/3565/2460
f 2506/4244/2472 3417/4258/3366 3954/4259/3892 3393/4245/3342
f 3417/4258/3366 2508/4250/2474 3409/4253/3358 3954/4259/3892
f 3954/4259/3892 3409/4253/3358 2495/2461/2461 3334/2464/3283
f 3393/4245/3342 3954/4259/3892 3334/2464/3283 2492/2466/2458
f 2510/4260/2476 3416/4261/3365 3955/4262/3893 3411/4263/3360
f 3416/4261/3365 2498/4216/2464 3399/4219/3348 3955/4262/3893
f 3955/4262/3893 3399/4219/3348 2485/2473/2451 3349/4146/3298
f 3411/4263/3360 3955/4262/3893 3349/4146/3298 2496/4145/2462
f 2504/4238/2470 3415/4264/3364 3956/4265/3894 3391/4239/3340
f 3415/4264/3364 2510/4260/2476 3411/4263/3360 3956/4265/3894
f 3956/4265/3894 3411/4263/3360 2496/4145/2462 3350/4149/3299
f 3391/4239/3340 3956/4265/3894 3350/4149/3299 2489/4131/2455
f 2501/4226/2467 3414/4266/3363 3957/4267/3895 3388/4227/3337
f 3414/4266/3363 2511/4268/2477 3398/4269/3347 3957/4267/3895
f 3957/4267/3895 3398/4269/3347 2497/4206/2463 3351/4204/3300
f 3388/4227/3337 3957/4267/3895 3351/4204/3300 2486/2482/2452
f 2511/4268/2477 3413/4270/3362 3958/4271/3896 3398/4269/3347
f 3413/4270/3362 2505/4240/2471 3406/4243/3355 3958/4271/3896
f 3958/4271/3896 3406/4243/3355 2491/4080/2457 3352/4208/3301
f 3398/4269/3347 3958/4271/3896 3352/4208/3301 2497/4206/2463
f 2525/4272/2491 3454/4273/3403 3959/4274/3897 3412/4275/3361
f 3454/4273/3403 2516/4276/2482 3431/4277/3380 3959/4274/3897
f 3959/4274/3897 3431/4277/3380 2505/4240/2471 3413/4270/3362
f 3412/4275/3361 3959/4274/3897 3413/4270/3362 2511/4268/2477
f 2521/4278/2487 3453/4279/3402 3960/4280/3898 3402/4281/3351
f 3453/4279/3402 2525/4272/2491 3412/4275/3361 3960/4280/3898
f 3960/4280/3898 3412/4275/3361 2511/4268/2477 3414/4266/3363
f 3402/4281/3351 3960/4280/3898 3414/4266/3363 2501/4226/2467
f 2522/4282/2488 3452/4283/3401 3961/4284/3899 3405/4285/3354
f 3452/4283/3401 2519/4286/2485 3434/4287/3383 3961/4284/3899
f 3961/4284/3899 3434/4287/3383 2510/4260/2476 3415/4264/3364
f 3405/4285/3354 3961/4284/3899 3415/4264/3364 2504/4238/2470
f 2519/4286/2485 3451/4288/3400 3962/4289/3900 3434/4287/3383
f 3451/4288/3400 2512/4290/2478 3427/4291/3376 3962/4289/3900
f 3962/4289/3900 3427/4291/3376 2498/4216/2464 3416/4261/3365
f 3434/4287/3383 3962/4289/3900 3416/4261/3365 2510/4260/2476
f 2523/4292/2489 3450/4293/3399 3963/4294/3901 3407/4295/3356
f 3450/4293/3399 2518/4296/2484 3433/4297/3382 3963/4294/3901
f 3963/4294/3901 3433/4297/3382 2508/4250/2474 3417/4258/3366
f 3407/4295/3356 3963/4294/3901 3417/4258/3366 2506/4244/2472
f 2524/4298/2490 3449/4299/3398 3964/4300/3902 3410/4301/3359
f 3449/4299/3398 2517/4302/2483 3432/4303/3381 3964/4300/3902
f 3964/4300/3902 3432/4303/3381 2507/4246/2473 3418/4256/3367
f 3410/4301/3359 3964/4300/3902 3418/4256/3367 2509/4254/2475
f 2518/4296/2484 3448/4304/3397 3965/4305/3903 3433/4297/3382
f 3448/4304/3397 2524/4298/2490 3410/4301/3359 3965/4305/3903
f 3965/4305/3903 3410/4301/3359 2509/4254/2475 3419/4251/3368
f 3433/4297/3382 3965/4305/3903 3419/4251/3368 2508/4250/2474
f 2517/4302/2483 3447/4306/3396 3966/4307/3904 3432/4303/3381
f 3447/4306/3396 2515/4308/2481 3430/4309/3379 3966/4307/3904
f 3966/4307/3904 3430/4309/3379 2503/4234/2469 3420/4247/3369
f 3432/4303/3381 3966/4307/3904 3420/4247/3369 2507/4246/2473
f 2516/4276/2482 3446/4310/3395 3967/4311/3905 3431/4277/3380
f 3446/4310/3395 2523/4292/2489 3407/4295/3356 3967/4311/3905
f 3967/4311/3905 3407/4295/3356 2506/4244/2472 3421/4241/3370
f 3431/4277/3380 3967/4311/3905 3421/4241/3370 2505/4240/2471
f 2515/4308/2481 3445/4312/3394 3968/4313/3906 3430/4309/3379
f 3445/4312/3394 2522/4282/2488 3405/4285/3354 3968/4313/3906
f 3968/4313/3906 3405/4285/3354 2504/4238/2470 3422/4235/3371
f 3430/4309/3379 3968/4313/3906 3422/4235/3371 2503/4234/2469
f 2520/4314/2486 3444/4315/3393 3969/4316/3907 3400/4317/3349
f 3444/4315/3393 2514/4318/2480 3429/4319/3378 3969/4316/3907
f 3969/4316/3907 3429/4319/3378 2502/4228/2468 3423/4232/3372
f 3400/4317/3349 3969/4316/3907 3423/4232/3372 2499/4220/2465
f 2514/4318/2480 3443/4320/3392 3970/4321/3908 3429/4319/3378
f 3443/4320/3392 2513/4322/2479 3428/4323/3377 3970/4321/3908
f 3970/4321/3908 3428/4323/3377 2500/4222/2466 3424/4229/3373
f 3429/4319/3378 3970/4321/3908 3424/4229/3373 2502/4228/2468
f 2513/4322/2479 3442/4324/3391 3971/4325/3909 3428/4323/3377
f 3442/4324/3391 2521/4278/2487 3402/4281/3351 3971/4325/3909
f 3971/4325/3909 3402/4281/3351 2501/4226/2467 3425/4223/3374
f 3428/4323/3377 3971/4325/3909 3425/4223/3374 2500/4222/2466
f 2512/4290/2478 3441/4326/3390 3972/4327/3910 3427/4291/3376
f 3441/4326/3390 2520/4314/2486 3400/4317/3349 3972/4327/3910
f 3972/4327/3910 3400/4317/3349 2499/4220/2465 3426/4217/3375
f 3427/4291/3376 3972/4327/3910 3426/4217/3375 2498/4216/2464
f 2132/4171/2100 3371/4201/3320 3973/4328/3911 3385/4329/3334
f 3371/4201/3320 2344/4160/2310 3435/4330/3384 3973/4328/3911
f 3973/4328/3911 3435/4330/3384 2520/4331/2486 3441/4332/3390
f 3385/4329/3334 3973/4328/3911 3441/4332/3390 2512/4333/2478
f 2288/4177/2256 3372/4189/3321 3974/4334/3912 3387/4335/3336
f 3372/4189/3321 2131/4103/2099 3436/4336/3385 3974/4334/3912
f 3974/4334/3912 3436/4336/3385 2521/4337/2487 3442/4338/3391
f 3387/4335/3336 3974/4334/3912 3442/4338/3391 2513/4339/2479
f 2289/4156/2257 3373/4178/3322 3975/4340/3913 3389/4341/3338
f 3373/4178/3322 2288/4177/2256 3387/4335/3336 3975/4340/3913
f 3975/4340/3913 3387/4335/3336 2513/4339/2479 3443/4342/3392
f 3389/4341/3338 3975/4340/3913 3443/4342/3392 2514/4343/2480
f 2344/4160/2310 3374/4157/3323 3976/4344/3914 3435/4330/3384
f 3374/4157/3323 2289/4156/2257 3389/4341/3338 3976/4344/3914
f 3976/4344/3914 3389/4341/3338 2514/4343/2480 3444/4345/3393
f 3435/4330/3384 3976/4344/3914 3444/4345/3393 2520/4331/2486
f 2468/4121/2434 3375/4118/3324 3977/4346/3915 3390/4347/3339
f 3375/4118/3324 2481/4117/2447 3437/4348/3386 3977/4346/3915
f 3977/4346/3915 3437/4348/3386 2522/4349/2488 3445/4350/3394
f 3390/4347/3339 3977/4346/3915 3445/4350/3394 2515/4351/2481
f 2483/4086/2449 3376/4096/3325 3978/4352/3916 3392/4353/3341
f 3376/4096/3325 2469/4095/2435 3438/4354/3387 3978/4352/3916
f 3978/4352/3916 3438/4354/3387 2523/4355/2489 3446/4356/3395
f 3392/4353/3341 3978/4352/3916 3446/4356/3395 2516/4357/2482
f 2472/4192/2438 3377/4358/3326 3979/4359/3917 3394/4360/3343
f 3377/4358/3326 2468/4121/2434 3390/4347/3339 3979/4359/3917
f 3979/4359/3917 3390/4347/3339 2515/4351/2481 3447/4361/3396
f 3394/4360/3343 3979/4359/3917 3447/4361/3396 2517/4362/2483
f 2471/4183/2437 3378/4363/3327 3980/4364/3918 3395/4365/3344
f 3378/4363/3327 2470/4196/2436 3439/4366/3388 3980/4364/3918
f 3980/4364/3918 3439/4366/3388 2524/4367/2490 3448/4368/3397
f 3395/4365/3344 3980/4364/3918 3448/4368/3397 2518/4369/2484
f 2470/4196/2436 3379/4193/3328 3981/4370/3919 3439/4366/3388
f 3379/4193/3328 2472/4192/2438 3394/4360/3343 3981/4370/3919
f 3981/4370/3919 3394/4360/3343 2517/4362/2483 3449/4371/3398
f 3439/4366/3388 3981/4370/3919 3449/4371/3398 2524/4367/2490
f 2469/4095/2435 3380/4184/3329 3982/4372/3920 3438/4354/3387
f 3380/4184/3329 2471/4183/2437 3395/4365/3344 3982/4372/3920
f 3982/4372/3920 3395/4365/3344 2518/4369/2484 3450/4373/3399
f 3438/4354/3387 3982/4372/3920 3450/4373/3399 2523/4355/2489
f 2480/4150/2446 3381/4172/3330 3983/4374/3921 3397/4375/3346
f 3381/4172/3330 2132/4171/2100 3385/4329/3334 3983/4374/3921
f 3983/4374/3921 3385/4329/3334 2512/4333/2478 3451/4376/3400
f 3397/4375/3346 3983/4374/3921 3451/4376/3400 2519/4377/2485
f 2481/4117/2447 3382/4151/3331 3984/4378/3922 3437/4348/3386
f 3382/4151/3331 2480/4150/2446 3397/4375/3346 3984/4378/3922
f 3984/4378/3922 3397/4375/3346 2519/4377/2485 3452/4379/3401
f 3437/4348/3386 3984/4378/3922 3452/4379/3401 2522/4349/2488
f 2131/4103/2099 3383/4101/3332 3985/4380/3923 3436/4336/3385
f 3383/4101/3332 2482/4090/2448 3440/4381/3389 3985/4380/3923
f 3985/4380/3923 3440/4381/3389 2525/4382/2491 3453/4383/3402
f 3436/4336/3385 3985/4380/3923 3453/4383/3402 2521/4337/2487
f 2482/4090/2448 3384/4087/3333 3986/4384/3924 3440/4381/3389
f 3384/4087/3333 2483/4086/2449 3392/4353/3341 3986/4384/3924
f 3986/4384/3924 3392/4353/3341 2516/4357/2482 3454/4385/3403
f 3440/4381/3389 3986/4384/3924 3454/4385/3403 2525/4382/2491
f 2541/4125/2507 3476/4124/3425 3987/4386/3925 3471/4387/3420
f 3476/4124/3425 2544/4123/2510 3478/4388/3427 3987/4386/3925
f 3987/4386/3925 3478/4388/3427 2536/4200/2502 3462/4389/3411
f 3471/4387/3420 3987/4386/3925 3462/4389/3411 2537/4390/2503
f 2533/4391/2499 3458/4392/3407 3988/4393/3926 3469/4394/3418
f 3458/4392/3407 2532/4198/2498 3479/4395/3428 3988/4393/3926
f 3988/4393/3926 3479/4395/3428 2534/4188/2500 3460/4396/3409
f 3469/4394/3418 3988/4393/3926 3460/4396/3409 2535/4397/2501
f 2537/4390/2503 3462/4389/3411 3989/4398/3927 3467/4399/3416
f 3462/4389/3411 2536/4200/2502 3480/4199/3429 3989/4398/3927
f 3989/4398/3927 3480/4199/3429 2532/4198/2498 3458/4392/3407
f 3467/4399/3416 3989/4398/3927 3458/4392/3407 2533/4391/2499
f 2535/4397/2501 3460/4396/3409 3990/4400/3928 3465/4401/3414
f 3460/4396/3409 2534/4188/2500 3481/4187/3430 3990/4400/3928
f 3990/4400/3928 3481/4187/3430 2545/4100/2511 3477/4099/3426
f 3465/4401/3414 3990/4400/3928 3477/4099/3426 2539/4094/2505
f 2529/4182/2495 3456/4402/3405 3991/4403/3929 3473/4191/3422
f 3456/4402/3405 2528/4404/2494 3464/4405/3413 3991/4403/3929
f 3991/4403/3929 3464/4405/3413 2538/4092/2504 3484/4106/3433
f 3473/4191/3422 3991/4403/3929 3484/4106/3433 2543/4105/2509
f 2528/4404/2494 3461/4406/3410 3992/4407/3930 3464/4405/3413
f 3461/4406/3410 2535/4397/2501 3465/4401/3414 3992/4407/3930
f 3992/4407/3930 3465/4401/3414 2539/4094/2505 3485/4093/3434
f 3464/4405/3413 3992/4407/3930 3485/4093/3434 2538/4092/2504
f 2531/4162/2497 3457/4408/3406 3993/4409/3931 3475/4163/3424
f 3457/4408/3406 2530/4410/2496 3466/4411/3415 3993/4409/3931
f 3993/4409/3931 3466/4411/3415 2526/4412/2492 3455/4413/3404
f 3475/4163/3424 3993/4409/3931 3455/4413/3404 2527/4164/2493
f 2530/4410/2496 3463/4414/3412 3994/4415/3932 3466/4411/3415
f 3463/4414/3412 2537/4390/2503 3467/4399/3416 3994/4415/3932
f 3994/4415/3932 3467/4399/3416 2533/4391/2499 3459/4416/3408
f 3466/4411/3415 3994/4415/3932 3459/4416/3408 2526/4412/2492
f 2527/4164/2493 3455/4413/3404 3995/4417/3933 3474/4181/3423
f 3455/4413/3404 2526/4412/2492 3468/4418/3417 3995/4417/3933
f 3995/4417/3933 3468/4418/3417 2528/4404/2494 3456/4402/3405
f 3474/4181/3423 3995/4417/3933 3456/4402/3405 2529/4182/2495
f 2526/4412/2492 3459/4416/3408 3996/4419/3934 3468/4418/3417
f 3459/4416/3408 2533/4391/2499 3469/4394/3418 3996/4419/3934
f 3996/4419/3934 3469/4394/3418 2535/4397/2501 3461/4406/3410
f 3468/4418/3417 3996/4419/3934 3461/4406/3410 2528/4404/2494
f 2542/4176/2508 3482/4175/3431 3997/4420/3935 3472/4203/3421
f 3482/4175/3431 2540/4155/2506 3470/4421/3419 3997/4420/3935
f 3997/4420/3935 3470/4421/3419 2530/4410/2496 3457/4408/3406
f 3472/4203/3421 3997/4420/3935 3457/4408/3406 2531/4162/2497
f 2540/4155/2506 3483/4154/3432 3998/4422/3936 3470/4421/3419
f 3483/4154/3432 2541/4125/2507 3471/4387/3420 3998/4422/3936
f 3998/4422/3936 3471/4387/3420 2537/4390/2503 3463/4414/3412
f 3470/4421/3419 3998/4422/3936 3463/4414/3412 2530/4410/2496
f 2468/4121/2434 3377/4358/3326 3999/4423/3937 3341/4122/3290
f 3377/4358/3326 2472/4192/2438 3363/4195/3312 3999/4423/3937
f 3999/4423/3937 3363/4195/3312 2536/4200/2502 3478/4388/3427
f 3341/4122/3290 3999/4423/3937 3478/4388/3427 2544/4123/2510
f 2470/4196/2436 3378/4363/3327 4000/4424/3938 3364/4197/3313
f 3378/4363/3327 2471/4183/2437 3357/4186/3306 4000/4424/3938
f 4000/4424/3938 3357/4186/3306 2534/4188/2500 3479/4395/3428
f 3364/4197/3313 4000/4424/3938 3479/4395/3428 2532/4198/2498
f 2178/3396/2146 3137/3393/3086 4001/4425/3939 3489/4426/3438
f 3137/3393/3086 2389/3392/2355 3491/4427/3440 4001/4425/3939
f 4001/4425/3939 3491/4427/3440 2551/3251/2517 3492/3769/3441
f 3489/4426/3438 4001/4425/3939 3492/3769/3441 2549/3265/2515
f 2120/3390/2088 3136/3387/3085 4002/4428/3940 3487/4429/3436
f 3136/3387/3085 2388/3386/2354 3490/4430/3439 4002/4428/3940
f 4002/4428/3940 3490/4430/3439 2550/3271/2516 3493/3765/3442
f 3487/4429/3436 4002/4428/3940 3493/3765/3442 2547/3280/2513
f 2176/3401/2144 2899/3400/2865 4003/4431/3941 2903/4432/2869
f 2899/3398/2865 2120/3390/2088 3487/4429/3436 4003/4433/3941
f 4003/4433/3941 3487/4429/3436 2547/3280/2513 3494/3279/3443
f 2903/4432/2869 4003/4431/3941 3494/3277/3443 2546/3255/2512
f 2388/3386/2354 2900/3745/2866 4004/4434/3942 3490/4430/3439
f 2900/3745/2866 2137/3407/2105 3488/4435/3437 4004/4434/3942
f 4004/4434/3942 3488/4435/3437 2548/3260/2514 3495/3272/3444
f 3490/4430/3439 4004/4434/3942 3495/3272/3444 2550/3271/2516
f 2137/3407/2105 2901/3406/2867 4005/4436/3943 3488/4435/3437
f 2901/3404/2867 2178/3396/2146 3489/4426/3438 4005/4437/3943
f 4005/4437/3943 3489/4426/3438 2549/3265/2515 3496/3264/3445
f 3488/4435/3437 4005/4436/3943 3496/3261/3445 2548/3260/2514
f 2389/3392/2355 2902/3742/2868 4006/4438/3944 3491/4427/3440
f 2902/3742/2868 2176/3401/2144 2903/4432/2869 4006/4438/3944
f 4006/4438/3944 2903/4432/2869 2546/3255/2512 3497/3252/3446
f 3491/4427/3440 4006/4438/3944 3497/3252/3446 2551/3251/2517
f 77/2689/77 2712/2819/2678 4007/4439/3945 634/4440/632
f 2712/2819/2678 2171/2733/2139 3503/4441/3452 4007/4439/3945
f 4007/4442/3945 3503/4443/3452 2557/3060/2523 3509/3097/3458
f 634/4444/632 4007/4442/3945 3509/3097/3458 536/3096/534
f 2194/2638/2162 2759/2637/2725 4008/4445/3946 3507/4446/3456
f 2759/2637/2725 2168/2628/2136 2670/4447/2636 4008/4445/3946
f 4008/4448/3946 2670/4449/2636 2555/3078/2521 3510/3094/3459
f 3507/4450/3456 4008/4448/3946 3510/3094/3459 2561/3058/2527
f 2164/2657/2132 2711/2656/2677 4009/4451/3947 2651/4452/2617
f 2711/2656/2677 2169/2655/2137 3505/4453/3454 4009/4451/3947
f 4009/4454/3947 3505/4455/3454 2559/3050/2525 3511/3092/3460
f 2651/4456/2617 4009/4454/3947 3511/3092/3460 2552/3070/2518
f 2166/2607/2134 2703/2710/2669 4010/4457/3948 3506/4458/3455
f 2703/2710/2669 2170/2709/2138 2674/4459/2640 4010/4457/3948
f 4010/4460/3948 2674/4461/2640 2556/3082/2522 3512/3090/3461
f 3506/4462/3455 4010/4460/3948 3512/3090/3461 2560/3076/2526
f 2163/2677/2131 2710/2676/2676 4011/4463/3949 2653/4464/2619
f 2710/2676/2676 2165/2669/2133 3504/4465/3453 4011/4463/3949
f 4011/4466/3949 3504/4467/3453 2558/3066/2524 3513/3088/3462
f 2653/4468/2619 4011/4466/3949 3513/3088/3462 2553/3064/2519
f 2170/2709/2138 2702/2821/2668 4012/4469/3950 2674/4459/2640
f 2702/2821/2668 84/2594/84 1578/4470/1557 4012/4469/3950
f 4012/4471/3950 1578/4472/1557 545/3086/543 3514/3083/3463
f 2674/4461/2640 4012/4471/3950 3514/3083/3463 2556/3082/2522
f 2168/2628/2136 2709/2627/2675 4013/4473/3951 2670/4447/2636
f 2709/2627/2675 2167/2609/2135 2658/4474/2624 4013/4473/3951
f 4013/4475/3951 2658/4476/2624 2554/3072/2520 3515/3079/3464
f 2670/4449/2636 4013/4475/3951 3515/3079/3464 2555/3078/2521
f 2167/2609/2135 2708/2608/2674 4014/4477/3952 2658/4474/2624
f 2708/2608/2674 2166/2607/2134 3506/4458/3455 4014/4477/3952
f 4014/4478/3952 3506/4462/3455 2560/3076/2526 3516/3073/3465
f 2658/4476/2624 4014/4478/3952 3516/3073/3465 2554/3072/2520
f 2165/2669/2133 2705/2668/2671 4015/4479/3953 3504/4465/3453
f 2705/2668/2671 2164/2657/2132 2651/4452/2617 4015/4479/3953
f 4015/4480/3953 2651/4456/2617 2552/3070/2518 3517/3067/3466
f 3504/4467/3453 4015/4480/3953 3517/3067/3466 2558/3066/2524
f 2171/2733/2139 2706/2731/2672 4016/4481/3954 3503/4441/3452
f 2706/2731/2672 2163/2677/2131 2653/4464/2619 4016/4481/3954
f 4016/4482/3954 2653/4468/2619 2553/3064/2519 3518/3061/3467
f 3503/4443/3452 4016/4482/3954 3518/3061/3467 2557/3060/2523
f 2206/2899/2174 2785/2898/2751 4017/4483/3955 3508/4484/3457
f 2785/2898/2751 2194/2638/2162 3507/4446/3456 4017/4483/3955
f 4017/4485/3955 3507/4450/3456 2561/3058/2527 3519/3056/3468
f 3508/4486/3457 4017/4485/3955 3519/3056/3468 2562/3054/2528
f 2169/2655/2137 2704/2959/2670 4018/4487/3956 3505/4453/3454
f 2704/2959/2670 2206/2899/2174 3508/4484/3457 4018/4487/3956
f 4018/4488/3956 3508/4486/3457 2562/3054/2528 3520/3051/3469
f 3505/4455/3454 4018/4488/3956 3520/3051/3469 2559/3050/2525
f 4027/2520/3965 3556/2518/3505 2667/2504/2633 4019/2509/3957
f 4026/2508/3964 3554/2503/3503 657/2507/655 2093/4489/2061
f 4023/4490/3961 4022/4491/3960 2093/4489/2061 72/4492/72
f 4025/4493/3963 4023/4490/3961 72/4492/72 2094/2521/2062
f 4020/4494/3958 4024/4495/3962 4019/2509/3957 4026/2508/3964
f 4022/4491/3960 4020/4494/3958 4026/2508/3964 2093/4489/2061
f 4021/4496/3959 4025/4493/3963 2094/2521/2062 4027/2520/3965
f 4024/4495/3962 4021/4496/3959 4027/2520/3965 4019/2509/3957
f 4023/4497/3961 4025/4498/3963 4034/4499/3972 4028/4500/3966
f 2097/4501/2065 2095/4502/2063 4036/4503/3974 4037/4504/3975
f 4021/4505/3959 4024/4506/3962 4029/4507/3967 4035/4508/3973
f 2099/4509/2067 2096/4510/2064 4039/4511/3977 4031/4512/3969
f 4070/4513/4008 4069/4514/4007 4040/4515/3978 4044/4516/3982
f 4058/4517/3996 4057/4518/3995 4050/4519/3988 4051/4520/3989
f 4066/4521/4004 4065/4522/4003 4045/4523/3983 4041/4524/3979
f 4052/4525/3990 4055/4526/3993 4048/4527/3986 4049/4528/3987
f 2096/4510/2064 2100/4529/2068 4038/4530/3976 4039/4511/3977
f 2098/4531/2066 2097/4532/2065 4037/4533/3975 4030/4534/3968
f 4024/4506/3962 4020/4535/3958 4033/4536/3971 4029/4507/3967
f 2095/4502/2063 2099/4509/2067 4031/4512/3969 4036/4503/3974
f 4022/4537/3960 4023/4497/3961 4028/4500/3966 4032/4538/3970
f 2100/4539/2068 2098/4531/2066 4030/4534/3968 4038/4540/3976
f 4025/4541/3963 4021/4505/3959 4035/4508/3973 4034/4542/3972
f 4020/4535/3958 4022/4543/3960 4032/4544/3970 4033/4536/3971
f 4043/4545/3981 4051/4520/3989 4050/4519/3988 4042/4546/3980
f 4048/4527/3986 4043/4545/3981 4042/4546/3980 4049/4528/3987
f 4041/4524/3979 4045/4523/3983 4044/4547/3982 4040/4548/3978
f 4046/4549/3984 4047/4550/3985 4041/4524/3979 4040/4548/3978
f 4060/4551/3998 4052/4552/3990 4049/4553/3987 4042/4554/3980
f 4074/4555/4012 4073/4556/4011 4047/4550/3985 4046/4549/3984
f 4055/4526/3993 4063/4557/4001 4043/4545/3981 4048/4527/3986
f 4065/4522/4003 4070/4558/4008 4044/4547/3982 4045/4523/3983
f 4057/4559/3995 4060/4551/3998 4042/4554/3980 4050/4560/3988
f 4073/4556/4011 4066/4521/4004 4041/4524/3979 4047/4550/3985
f 4069/4514/4007 4074/4561/4012 4046/4562/3984 4040/4515/3978
f 4063/4557/4001 4058/4517/3996 4051/4520/3989 4043/4545/3981
f 4031/4512/3969 4039/4511/3977 4059/4563/3997 4062/4564/4000
f 4062/4564/4000 4059/4563/3997 4058/4517/3996 4063/4557/4001
f 4038/4540/3976 4030/4534/3968 4061/4565/3999 4056/4566/3994
f 4056/4566/3994 4061/4565/3999 4060/4551/3998 4057/4559/3995
f 4036/4503/3974 4031/4512/3969 4062/4564/4000 4054/4567/3992
f 4054/4567/3992 4062/4564/4000 4063/4557/4001 4055/4526/3993
f 4030/4534/3968 4037/4533/3975 4053/4568/3991 4061/4565/3999
f 4061/4565/3999 4053/4568/3991 4052/4552/3990 4060/4551/3998
f 4037/4504/3975 4036/4503/3974 4054/4567/3992 4053/4569/3991
f 4053/4569/3991 4054/4567/3992 4055/4526/3993 4052/4525/3990
f 4039/4511/3977 4038/4530/3976 4056/4570/3994 4059/4563/3997
f 4059/4563/3997 4056/4570/3994 4057/4518/3995 4058/4517/3996
f 4028/4500/3966 4034/4499/3972 4075/4571/4013 4068/4572/4006
f 4068/4572/4006 4075/4571/4013 4074/4561/4012 4069/4514/4007
f 4035/4508/3973 4029/4507/3967 4067/4573/4005 4072/4574/4010
f 4072/4574/4010 4067/4573/4005 4066/4521/4004 4073/4556/4011
f 4033/4536/3971 4032/4544/3970 4071/4575/4009 4064/4576/4002
f 4064/4576/4002 4071/4575/4009 4070/4558/4008 4065/4522/4003
f 4034/4542/3972 4035/4508/3973 4072/4574/4010 4075/4577/4013
f 4075/4577/4013 4072/4574/4010 4073/4556/4011 4074/4555/4012
f 4029/4507/3967 4033/4536/3971 4064/4576/4002 4067/4573/4005
f 4067/4573/4005 4064/4576/4002 4065/4522/4003 4066/4521/4004
f 4032/4538/3970 4028/4500/3966 4068/4572/4006 4071/4578/4009
f 4071/4578/4009 4068/4572/4006 4069/4514/4007 4070/4513/4008
o NurbsPath
v -0.008660 -0.225555 2.283813
v -0.008660 -0.235555 2.283813
v -0.000000 -0.240555 2.283813
v 0.008660 -0.235555 2.283813
v 0.008660 -0.225555 2.283813
v -0.000000 -0.220555 2.283813
v -0.008660 -0.225555 2.302345
v -0.008660 -0.235555 2.302345
v -0.000000 -0.240555 2.302345
v 0.008660 -0.235555 2.302345
v 0.008660 -0.225555 2.302345
v -0.000000 -0.220555 2.302345
v -0.008660 -0.225555 2.320878
v -0.008660 -0.235555 2.320878
v -0.000000 -0.240555 2.320878
v 0.008660 -0.235555 2.320878
v 0.008660 -0.225555 2.320878
v -0.000000 -0.220555 2.320878
v -0.008660 -0.225555 2.339410
v -0.008660 -0.235555 2.339410
v -0.000000 -0.240555 2.339410
v 0.008660 -0.235555 2.339410
v 0.008660 -0.225555 2.339410
v -0.000000 -0.220555 2.339410
v -0.008660 -0.225555 2.357942
v -0.008660 -0.235555 2.357942
v -0.000000 -0.240555 2.357942
v 0.008660 -0.235555 2.357942
v 0.008660 -0.225555 2.357942
v -0.000000 -0.220555 2.357942
v -0.008660 -0.225555 2.376475
v -0.008660 -0.235555 2.376475
v -0.000000 -0.240555 2.376475
v 0.008660 -0.235555 2.376475
v 0.008660 -0.225555 2.376475
v -0.000000 -0.220555 2.376475
v -0.008660 -0.225555 2.395007
v -0.008660 -0.235555 2.395007
v -0.000000 -0.240555 2.395007
v 0.008660 -0.235555 2.395007
v 0.008660 -0.225555 2.395007
v -0.000000 -0.220555 2.395007
v -0.008660 -0.225555 2.413539
v -0.008660 -0.235555 2.413539
v -0.000000 -0.240555 2.413539
v 0.008660 -0.235555 2.413539
v 0.008660 -0.225555 2.413539
v -0.000000 -0.220555 2.413539
v -0.008660 -0.225555 2.432072
v -0.008660 -0.235555 2.432072
v -0.000000 -0.240555 2.432072
v 0.008660 -0.235555 2.432072
v 0.008660 -0.225555 2.432072
v -0.000000 -0.220555 2.432072
v -0.008660 -0.225555 2.450604
v -0.008660 -0.235555 2.450604
v -0.000000 -0.240555 2.450604
v 0.008660 -0.235555 2.450604
v 0.008660 -0.225555 2.450604
v -0.000000 -0.220555 2.450604
v -0.008660 -0.225555 2.469136
v -0.008660 -0.235555 2.469136
v -0.000000 -0.240555 2.469136
v 0.008660 -0.235555 2.469136
v 0.008660 -0.225555 2.469136
v -0.000000 -0.220555 2.469136
v -0.008660 -0.226675 2.484516
v -0.008660 -0.234436 2.490822
v -0.000000 -0.238316 2.493975
v 0.008660 -0.234436 2.490822
v 0.008660 -0.226675 2.484516
v -0.000000 -0.222794 2.481362
v -0.008660 -0.185713 2.491961
v -0.008660 -0.186742 2.501908
v -0.000000 -0.187256 2.506882
v 0.008660 -0.186742 2.501908
v 0.008660 -0.185713 2.491961
v -0.000000 -0.185199 2.486988
v -0.008660 -0.097572 2.491935
v -0.008660 -0.097572 2.501935
v -0.000000 -0.097572 2.506935
v 0.008660 -0.097572 2.501935
v 0.008660 -0.097572 2.491935
v -0.000000 -0.097572 2.486935
v -0.008660 -0.008917 2.491935
v -0.008660 -0.008917 2.501935
v -0.000000 -0.008917 2.506935
v 0.008660 -0.008917 2.501935
v 0.008660 -0.008917 2.491935
v -0.000000 -0.008917 2.486935
v -0.008660 0.079739 2.491935
v -0.008660 0.079739 2.501935
v -0.000000 0.079739 2.506935
v 0.008660 0.079739 2.501935
v 0.008660 0.079739 2.491935
v -0.000000 0.079739 2.486935
v -0.008660 0.168394 2.491935
v -0.008660 0.168394 2.501935
v 0.000000 0.168394 2.506935
v 0.008660 0.168394 2.501935
v 0.008660 0.168394 2.491935
v 0.000000 0.168394 2.486935
v -0.008660 0.257050 2.491935
v -0.008660 0.257050 2.501935
v 0.000000 0.257050 2.506935
v 0.008660 0.257050 2.501935
v 0.008660 0.257050 2.491935
v 0.000000 0.257050 2.486935
v -0.008660 0.345705 2.491935
v -0.008660 0.345705 2.501935
v 0.000000 0.345705 2.506935
v 0.008660 0.345705 2.501935
v 0.008660 0.345705 2.491935
v 0.000000 0.345705 2.486935
v -0.008660 0.434361 2.491935
v -0.008660 0.434361 2.501935
v 0.000000 0.434361 2.506935
v 0.008660 0.434361 2.501935
v 0.008660 0.434361 2.491935
v 0.000000 0.434361 2.486935
v -0.008660 0.523016 2.491935
v -0.008660 0.523016 2.501935
v 0.000000 0.523016 2.506935
v 0.008660 0.523016 2.501935
v 0.008660 0.523016 2.491935
v 0.000000 0.523016 2.486935
v -0.008660 0.611672 2.491935
v -0.008660 0.611672 2.501935
v 0.000000 0.611672 2.506935
v 0.008660 0.611672 2.501935
v 0.008660 0.611672 2.491935
v 0.000000 0.611672 2.486935
v -0.008660 0.700327 2.491935
v -0.008660 0.700327 2.501935
v 0.000000 0.700327 2.506935
v 0.008660 0.700327 2.501935
v 0.008660 0.700327 2.491935
v 0.000000 0.700327 2.486935
v -0.008660 0.788983 2.491935
v -0.008660 0.788983 2.501935
v 0.000000 0.788983 2.506935
v 0.008660 0.788983 2.501935
v 0.008660 0.788983 2.491935
v 0.000000 0.788983 2.486935
vn -0.8660 0.5000 -0.0000
vn -0.8660 -0.5000 -0.0000
vn -0.0000 -1.0000 -0.0000
vn 0.8660 -0.5000 -0.0000
vn 0.8660 0.5000 -0.0000
vn -0.0000 1.0000 -0.0000
vn -0.8521 0.5224 0.0326
vn -0.8573 -0.5145 0.0189
vn -0.0000 -0.9994 0.0359
vn 0.8573 -0.5145 0.0189
vn 0.8521 0.5224 0.0326
vn -0.0000 0.9982 0.0598
vn -0.9631 0.2149 -0.1621
vn -0.7997 -0.4569 0.3895
vn -0.0000 -0.7663 0.6424
vn 0.7997 -0.4569 0.3895
vn 0.9631 0.2149 -0.1621
vn -0.0000 0.8094 -0.5873
vn -0.8722 0.0410 -0.4875
vn -0.8444 -0.0648 0.5318
vn -0.0000 -0.1198 0.9928
vn 0.8444 -0.0648 0.5318
vn 0.8722 0.0410 -0.4875
vn -0.0000 0.0826 -0.9966
vn -0.8659 -0.0001 -0.5003
vn -0.8659 -0.0001 0.5003
vn -0.0000 -0.0002 1.0000
vn 0.8659 -0.0001 0.5003
vn 0.8659 -0.0001 -0.5003
vn -0.0000 -0.0002 -1.0000
vn -0.8660 -0.0000 -0.5000
vn -0.8660 -0.0000 0.5000
vn -0.0000 -0.0000 1.0000
vn 0.8660 -0.0000 0.5000
vn 0.8660 -0.0000 -0.5000
vn -0.0000 -0.0000 -1.0000
vt 0.000000 1.000000
vt 0.043478 1.000000
vt 0.043478 0.833333
vt 0.000000 0.833333
vt 0.000000 0.166667
vt 0.043478 0.166667
vt 0.043478 0.000000
vt 0.000000 0.000000
vt 0.000000 0.333333
vt 0.043478 0.333333
vt 0.000000 0.500000
vt 0.043478 0.500000
vt 0.000000 0.666667
vt 0.043478 0.666667
vt 0.086957 1.000000
vt 0.086957 0.833333
vt 0.086957 0.166667
vt 0.086957 0.000000
vt 0.086957 0.333333
vt 0.086957 0.500000
vt 0.086957 0.666667
vt 0.130435 1.000000
vt 0.130435 0.833333
vt 0.130435 0.166667
vt 0.130435 0.000000
vt 0.130435 0.333333
vt 0.130435 0.500000
vt 0.130435 0.666667
vt 0.173913 1.000000
vt 0.173913 0.833333
vt 0.173913 0.166667
vt 0.173913 0.000000
vt 0.173913 0.333333
vt 0.173913 0.500000
vt 0.173913 0.666667
vt 0.217391 1.000000
vt 0.217391 0.833333
vt 0.217391 0.166667
vt 0.217391 0.000000
vt 0.217391 0.333333
vt 0.217391 0.500000
vt 0.217391 0.666667
vt 0.260870 1.000000
vt 0.260870 0.833333
vt 0.260870 0.166667
vt 0.260870 0.000000
vt 0.260870 0.333333
vt 0.260870 0.500000
vt 0.260870 0.666667
vt 0.304348 1.000000
vt 0.304348 0.833333
vt 0.304348 0.166667
vt 0.304348 0.000000
vt 0.304348 0.333333
vt 0.304348 0.500000
vt 0.304348 0.666667
vt 0.347826 1.000000
vt 0.347826 0.833333
vt 0.347826 0.166667
vt 0.347826 0.000000
vt 0.347826 0.333333
vt 0.347826 0.500000
vt 0.347826 0.666667
vt 0.391304 1.000000
vt 0.391304 0.833333
vt 0.391304 0.166667
vt 0.391304 0.000000
vt 0.391304 0.333333
vt 0.391304 0.500000
vt 0.391304 0.666667
vt 0.434783 1.000000
vt 0.434783 0.833333
vt 0.434783 0.166667
vt 0.434783 0.000000
vt 0.434783 0.333333
vt 0.434783 0.500000
vt 0.434783 0.666667
vt 0.478261 1.000000
vt 0.478261 0.833333
vt 0.478261 0.166667
vt 0.478261 0.000000
vt 0.478261 0.333333
vt 0.478261 0.500000
vt 0.478261 0.666667
vt 0.521739 1.000000
vt 0.521739 0.833333
vt 0.521739 0.166667
vt 0.521739 0.000000
vt 0.521739 0.333333
vt 0.521739 0.500000
vt 0.521739 0.666667
vt 0.565217 1.000000
vt 0.565217 0.833333
vt 0.565217 0.166667
vt 0.565217 0.000000
vt 0.565217 0.333333
vt 0.565217 0.500000
vt 0.565217 0.666667
vt 0.608696 1.000000
vt 0.608696 0.833333
vt 0.608696 0.166667
vt 0.608696 0.000000
vt 0.608696 0.333333
vt 0.608696 0.500000
vt 0.608696 0.666667
vt 0.652174 1.000000
vt 0.652174 0.833333
vt 0.652174 0.166667
vt 0.652174 0.000000
vt 0.652174 0.333333
vt 0.652174 0.500000
vt 0.652174 0.666667
vt 0.695652 1.000000
vt 0.695652 0.833333
vt 0.695652 0.166667
vt 0.695652 0.000000
vt 0.695652 0.333333
vt 0.695652 0.500000
vt 0.695652 0.666667
vt 0.739130 1.000000
vt 0.739130 0.833333
vt 0.739130 0.166667
vt 0.739130 0.000000
vt 0.739130 0.333333
vt 0.739130 0.500000
vt 0.739130 0.666667
vt 0.782609 1.000000
vt 0.782609 0.833333
vt 0.782609 0.166667
vt 0.782609 0.000000
vt 0.782609 0.333333
vt 0.782609 0.500000
vt 0.782609 0.666667
vt 0.826087 1.000000
vt 0.826087 0.833333
vt 0.826087 0.166667
vt 0.826087 0.000000
vt 0.826087 0.333333
vt 0.826087 0.500000
vt 0.826087 0.666667
vt 0.869565 1.000000
vt 0.869565 0.833333
vt 0.869565 0.166667
vt 0.869565 0.000000
vt 0.869565 0.333333
vt 0.869565 0.500000
vt 0.869565 0.666667
vt 0.913043 1.000000
vt 0.913043 0.833333
vt 0.913043 0.166667
vt 0.913043 0.000000
vt 0.913043 0.333333
vt 0.913043 0.500000
vt 0.913043 0.666667
vt 0.956522 1.000000
vt 0.956522 0.833333
vt 0.956522 0.166667
vt 0.956522 0.000000
vt 0.956522 0.333333
vt 0.956522 0.500000
vt 0.956522 0.666667
vt 1.000000 1.000000
vt 1.000000 0.833333
vt 1.000000 0.166667
vt 1.000000 0.000000
vt 1.000000 0.333333
vt 1.000000 0.500000
vt 1.000000 0.666667
s 1
usemtl Material.001
f 4076/4579/4014 4082/4580/4014 4087/4581/4019 4081/4582/4019
f 4077/4583/4015 4083/4584/4015 4082/4585/4014 4076/4586/4014
f 4078/4587/4016 4084/4588/4016 4083/4584/4015 4077/4583/4015
f 4079/4589/4017 4085/4590/4017 4084/4588/4016 4078/4587/4016
f 4080/4591/4018 4086/4592/4018 4085/4590/4017 4079/4589/4017
f 4081/4582/4019 4087/4581/4019 4086/4592/4018 4080/4591/4018
f 4082/4580/4014 4088/4593/4014 4093/4594/4019 4087/4581/4019
f 4083/4584/4015 4089/4595/4015 4088/4596/4014 4082/4585/4014
f 4084/4588/4016 4090/4597/4016 4089/4595/4015 4083/4584/4015
f 4085/4590/4017 4091/4598/4017 4090/4597/4016 4084/4588/4016
f 4086/4592/4018 4092/4599/4018 4091/4598/4017 4085/4590/4017
f 4087/4581/4019 4093/4594/4019 4092/4599/4018 4086/4592/4018
f 4088/4593/4014 4094/4600/4014 4099/4601/4019 4093/4594/4019
f 4089/4595/4015 4095/4602/4015 4094/4603/4014 4088/4596/4014
f 4090/4597/4016 4096/4604/4016 4095/4602/4015 4089/4595/4015
f 4091/4598/4017 4097/4605/4017 4096/4604/4016 4090/4597/4016
f 4092/4599/4018 4098/4606/4018 4097/4605/4017 4091/4598/4017
f 4093/4594/4019 4099/4601/4019 4098/4606/4018 4092/4599/4018
f 4094/4600/4014 4100/4607/4014 4105/4608/4019 4099/4601/4019
f 4095/4602/4015 4101/4609/4015 4100/4610/4014 4094/4603/4014
f 4096/4604/4016 4102/4611/4016 4101/4609/4015 4095/4602/4015
f 4097/4605/4017 4103/4612/4017 4102/4611/4016 4096/4604/4016
f 4098/4606/4018 4104/4613/4018 4103/4612/4017 4097/4605/4017
f 4099/4601/4019 4105/4608/4019 4104/4613/4018 4098/4606/4018
f 4100/4607/4014 4106/4614/4014 4111/4615/4019 4105/4608/4019
f 4101/4609/4015 4107/4616/4015 4106/4617/4014 4100/4610/4014
f 4102/4611/4016 4108/4618/4016 4107/4616/4015 4101/4609/4015
f 4103/4612/4017 4109/4619/4017 4108/4618/4016 4102/4611/4016
f 4104/4613/4018 4110/4620/4018 4109/4619/4017 4103/4612/4017
f 4105/4608/4019 4111/4615/4019 4110/4620/4018 4104/4613/4018
f 4106/4614/4014 4112/4621/4014 4117/4622/4019 4111/4615/4019
f 4107/4616/4015 4113/4623/4015 4112/4624/4014 4106/4617/4014
f 4108/4618/4016 4114/4625/4016 4113/4623/4015 4107/4616/4015
f 4109/4619/4017 4115/4626/4017 4114/4625/4016 4108/4618/4016
f 4110/4620/4018 4116/4627/4018 4115/4626/4017 4109/4619/4017
f 4111/4615/4019 4117/4622/4019 4116/4627/4018 4110/4620/4018
f 4112/4621/4014 4118/4628/4014 4123/4629/4019 4117/4622/4019
f 4113/4623/4015 4119/4630/4015 4118/4631/4014 4112/4624/4014
f 4114/4625/4016 4120/4632/4016 4119/4630/4015 4113/4623/4015
f 4115/4626/4017 4121/4633/4017 4120/4632/4016 4114/4625/4016
f 4116/4627/4018 4122/4634/4018 4121/4633/4017 4115/4626/4017
f 4117/4622/4019 4123/4629/4019 4122/4634/4018 4116/4627/4018
f 4118/4628/4014 4124/4635/4014 4129/4636/4019 4123/4629/4019
f 4119/4630/4015 4125/4637/4015 4124/4638/4014 4118/4631/4014
f 4120/4632/4016 4126/4639/4016 4125/4637/4015 4119/4630/4015
f 4121/4633/4017 4127/4640/4017 4126/4639/4016 4120/4632/4016
f 4122/4634/4018 4128/4641/4018 4127/4640/4017 4121/4633/4017
f 4123/4629/4019 4129/4636/4019 4128/4641/4018 4122/4634/4018
f 4124/4635/4014 4130/4642/4014 4135/4643/4019 4129/4636/4019
f 4125/4637/4015 4131/4644/4015 4130/4645/4014 4124/4638/4014
f 4126/4639/4016 4132/4646/4016 4131/4644/4015 4125/4637/4015
f 4127/4640/4017 4133/4647/4017 4132/4646/4016 4126/4639/4016
f 4128/4641/4018 4134/4648/4018 4133/4647/4017 4127/4640/4017
f 4129/4636/4019 4135/4643/4019 4134/4648/4018 4128/4641/4018
f 4130/4642/4014 4136/4649/4020 4141/4650/4025 4135/4643/4019
f 4131/4644/4015 4137/4651/4021 4136/4652/4020 4130/4645/4014
f 4132/4646/4016 4138/4653/4022 4137/4651/4021 4131/4644/4015
f 4133/4647/4017 4139/4654/4023 4138/4653/4022 4132/4646/4016
f 4134/4648/4018 4140/4655/4024 4139/4654/4023 4133/4647/4017
f 4135/4643/4019 4141/4650/4025 4140/4655/4024 4134/4648/4018
f 4136/4649/4020 4142/4656/4026 4147/4657/4031 4141/4650/4025
f 4137/4651/4021 4143/4658/4027 4142/4659/4026 4136/4652/4020
f 4138/4653/4022 4144/4660/4028 4143/4658/4027 4137/4651/4021
f 4139/4654/4023 4145/4661/4029 4144/4660/4028 4138/4653/4022
f 4140/4655/4024 4146/4662/4030 4145/4661/4029 4139/4654/4023
f 4141/4650/4025 4147/4657/4031 4146/4662/4030 4140/4655/4024
f 4142/4656/4026 4148/4663/4032 4153/4664/4037 4147/4657/4031
f 4143/4658/4027 4149/4665/4033 4148/4666/4032 4142/4659/4026
f 4144/4660/4028 4150/4667/4034 4149/4665/4033 4143/4658/4027
f 4145/4661/4029 4151/4668/4035 4150/4667/4034 4144/4660/4028
f 4146/4662/4030 4152/4669/4036 4151/4668/4035 4145/4661/4029
f 4147/4657/4031 4153/4664/4037 4152/4669/4036 4146/4662/4030
f 4148/4663/4032 4154/4670/4038 4159/4671/4043 4153/4664/4037
f 4149/4665/4033 4155/4672/4039 4154/4673/4038 4148/4666/4032
f 4150/4667/4034 4156/4674/4040 4155/4672/4039 4149/4665/4033
f 4151/4668/4035 4157/4675/4041 4156/4674/4040 4150/4667/4034
f 4152/4669/4036 4158/4676/4042 4157/4675/4041 4151/4668/4035
f 4153/4664/4037 4159/4671/4043 4158/4676/4042 4152/4669/4036
f 4154/4670/4038 4160/4677/4044 4165/4678/4049 4159/4671/4043
f 4155/4672/4039 4161/4679/4045 4160/4680/4044 4154/4673/4038
f 4156/4674/4040 4162/4681/4046 4161/4679/4045 4155/4672/4039
f 4157/4675/4041 4163/4682/4047 4162/4681/4046 4156/4674/4040
f 4158/4676/4042 4164/4683/4048 4163/4682/4047 4157/4675/4041
f 4159/4671/4043 4165/4678/4049 4164/4683/4048 4158/4676/4042
f 4160/4677/4044 4166/4684/4044 4171/4685/4049 4165/4678/4049
f 4161/4679/4045 4167/4686/4045 4166/4687/4044 4160/4680/4044
f 4162/4681/4046 4168/4688/4046 4167/4686/4045 4161/4679/4045
f 4163/4682/4047 4169/4689/4047 4168/4688/4046 4162/4681/4046
f 4164/4683/4048 4170/4690/4048 4169/4689/4047 4163/4682/4047
f 4165/4678/4049 4171/4685/4049 4170/4690/4048 4164/4683/4048
f 4166/4684/4044 4172/4691/4044 4177/4692/4049 4171/4685/4049
f 4167/4686/4045 4173/4693/4045 4172/4694/4044 4166/4687/4044
f 4168/4688/4046 4174/4695/4046 4173/4693/4045 4167/4686/4045
f 4169/4689/4047 4175/4696/4047 4174/4695/4046 4168/4688/4046
f 4170/4690/4048 4176/4697/4048 4175/4696/4047 4169/4689/4047
f 4171/4685/4049 4177/4692/4049 4176/4697/4048 4170/4690/4048
f 4172/4691/4044 4178/4698/4044 4183/4699/4049 4177/4692/4049
f 4173/4693/4045 4179/4700/4045 4178/4701/4044 4172/4694/4044
f 4174/4695/4046 4180/4702/4046 4179/4700/4045 4173/4693/4045
f 4175/4696/4047 4181/4703/4047 4180/4702/4046 4174/4695/4046
f 4176/4697/4048 4182/4704/4048 4181/4703/4047 4175/4696/4047
f 4177/4692/4049 4183/4699/4049 4182/4704/4048 4176/4697/4048
f 4178/4698/4044 4184/4705/4044 4189/4706/4049 4183/4699/4049
f 4179/4700/4045 4185/4707/4045 4184/4708/4044 4178/4701/4044
f 4180/4702/4046 4186/4709/4046 4185/4707/4045 4179/4700/4045
f 4181/4703/4047 4187/4710/4047 4186/4709/4046 4180/4702/4046
f 4182/4704/4048 4188/4711/4048 4187/4710/4047 4181/4703/4047
f 4183/4699/4049 4189/4706/4049 4188/4711/4048 4182/4704/4048
f 4184/4705/4044 4190/4712/4044 4195/4713/4049 4189/4706/4049
f 4185/4707/4045 4191/4714/4045 4190/4715/4044 4184/4708/4044
f 4186/4709/4046 4192/4716/4046 4191/4714/4045 4185/4707/4045
f 4187/4710/4047 4193/4717/4047 4192/4716/4046 4186/4709/4046
f 4188/4711/4048 4194/4718/4048 4193/4717/4047 4187/4710/4047
f 4189/4706/4049 4195/4713/4049 4194/4718/4048 4188/4711/4048
f 4190/4712/4044 4196/4719/4044 4201/4720/4049 4195/4713/4049
f 4191/4714/4045 4197/4721/4045 4196/4722/4044 4190/4715/4044
f 4192/4716/4046 4198/4723/4046 4197/4721/4045 4191/4714/4045
f 4193/4717/4047 4199/4724/4047 4198/4723/4046 4192/4716/4046
f 4194/4718/4048 4200/4725/4048 4199/4724/4047 4193/4717/4047
f 4195/4713/4049 4201/4720/4049 4200/4725/4048 4194/4718/4048
f 4196/4719/4044 4202/4726/4044 4207/4727/4049 4201/4720/4049
f 4197/4721/4045 4203/4728/4045 4202/4729/4044 4196/4722/4044
f 4198/4723/4046 4204/4730/4046 4203/4728/4045 4197/4721/4045
f 4199/4724/4047 4205/4731/4047 4204/4730/4046 4198/4723/4046
f 4200/4725/4048 4206/4732/4048 4205/4731/4047 4199/4724/4047
f 4201/4720/4049 4207/4727/4049 4206/4732/4048 4200/4725/4048
f 4202/4726/4044 4208/4733/4044 4213/4734/4049 4207/4727/4049
f 4203/4728/4045 4209/4735/4045 4208/4736/4044 4202/4729/4044
f 4204/4730/4046 4210/4737/4046 4209/4735/4045 4203/4728/4045
f 4205/4731/4047 4211/4738/4047 4210/4737/4046 4204/4730/4046
f 4206/4732/4048 4212/4739/4048 4211/4738/4047 4205/4731/4047
f 4207/4727/4049 4213/4734/4049 4212/4739/4048 4206/4732/4048
f 4208/4733/4044 4214/4740/4044 4219/4741/4049 4213/4734/4049
f 4209/4735/4045 4215/4742/4045 4214/4743/4044 4208/4736/4044
f 4210/4737/4046 4216/4744/4046 4215/4742/4045 4209/4735/4045
f 4211/4738/4047 4217/4745/4047 4216/4744/4046 4210/4737/4046
f 4212/4739/4048 4218/4746/4048 4217/4745/4047 4211/4738/4047
f 4213/4734/4049 4219/4741/4049 4218/4746/4048 4212/4739/4048
o NurbsPath
v -0.008660 -0.225555 2.283813
v -0.008660 -0.235555 2.283813
v -0.000000 -0.240555 2.283813
v 0.008660 -0.235555 2.283813
v 0.008660 -0.225555 2.283813
v -0.000000 -0.220555 2.283813
v -0.008660 -0.225555 2.302345
v -0.008660 -0.235555 2.302345
v -0.000000 -0.240555 2.302345
v 0.008660 -0.235555 2.302345
v 0.008660 -0.225555 2.302345
v -0.000000 -0.220555 2.302345
v -0.008660 -0.225555 2.320878
v -0.008660 -0.235555 2.320878
v -0.000000 -0.240555 2.320878
v 0.008660 -0.235555 2.320878
v 0.008660 -0.225555 2.320878
v -0.000000 -0.220555 2.320878
v -0.008660 -0.225555 2.339410
v -0.008660 -0.235555 2.339410
v -0.000000 -0.240555 2.339410
v 0.008660 -0.235555 2.339410
v 0.008660 -0.225555 2.339410
v -0.000000 -0.220555 2.339410
v -0.008660 -0.225555 2.357942
v -0.008660 -0.235555 2.357942
v -0.000000 -0.240555 2.357942
v 0.008660 -0.235555 2.357942
v 0.008660 -0.225555 2.357942
v -0.000000 -0.220555 2.357942
v -0.008660 -0.225555 2.376475
v -0.008660 -0.235555 2.376475
v -0.000000 -0.240555 2.376475
v 0.008660 -0.235555 2.376475
v 0.008660 -0.225555 2.376475
v -0.000000 -0.220555 2.376475
v -0.008660 -0.225555 2.395007
v -0.008660 -0.235555 2.395007
v -0.000000 -0.240555 2.395007
v 0.008660 -0.235555 2.395007
v 0.008660 -0.225555 2.395007
v -0.000000 -0.220555 2.395007
v -0.008660 -0.225555 2.413539
v -0.008660 -0.235555 2.413539
v -0.000000 -0.240555 2.413539
v 0.008660 -0.235555 2.413539
v 0.008660 -0.225555 2.413539
v -0.000000 -0.220555 2.413539
v -0.008660 -0.225555 2.432072
v -0.008660 -0.235555 2.432072
v -0.000000 -0.240555 2.432072
v 0.008660 -0.235555 2.432072
v 0.008660 -0.225555 2.432072
v -0.000000 -0.220555 2.432072
v -0.008660 -0.225555 2.450604
v -0.008660 -0.235555 2.450604
v -0.000000 -0.240555 2.450604
v 0.008660 -0.235555 2.450604
v 0.008660 -0.225555 2.450604
v -0.000000 -0.220555 2.450604
v -0.008660 -0.225555 2.469136
v -0.008660 -0.235555 2.469136
v -0.000000 -0.240555 2.469136
v 0.008660 -0.235555 2.469136
v 0.008660 -0.225555 2.469136
v -0.000000 -0.220555 2.469136
v -0.008660 -0.226675 2.484516
v -0.008660 -0.234436 2.490822
v -0.000000 -0.238316 2.493975
v 0.008660 -0.234436 2.490822
v 0.008660 -0.226675 2.484516
v -0.000000 -0.222794 2.481362
v -0.008660 -0.185713 2.491961
v -0.008660 -0.186742 2.501908
v -0.000000 -0.187256 2.506882
v 0.008660 -0.186742 2.501908
v 0.008660 -0.185713 2.491961
v -0.000000 -0.185199 2.486988
v -0.008660 -0.097572 2.491935
v -0.008660 -0.097572 2.501935
v -0.000000 -0.097572 2.506935
v 0.008660 -0.097572 2.501935
v 0.008660 -0.097572 2.491935
v -0.000000 -0.097572 2.486935
v -0.008660 -0.008917 2.491935
v -0.008660 -0.008917 2.501935
v -0.000000 -0.008917 2.506935
v 0.008660 -0.008917 2.501935
v 0.008660 -0.008917 2.491935
v -0.000000 -0.008917 2.486935
v -0.008660 0.079739 2.491935
v -0.008660 0.079739 2.501935
v -0.000000 0.079739 2.506935
v 0.008660 0.079739 2.501935
v 0.008660 0.079739 2.491935
v -0.000000 0.079739 2.486935
v -0.008660 0.168394 2.491935
v -0.008660 0.168394 2.501935
v 0.000000 0.168394 2.506935
v 0.008660 0.168394 2.501935
v 0.008660 0.168394 2.491935
v 0.000000 0.168394 2.486935
v -0.008660 0.257050 2.491935
v -0.008660 0.257050 2.501935
v 0.000000 0.257050 2.506935
v 0.008660 0.257050 2.501935
v 0.008660 0.257050 2.491935
v 0.000000 0.257050 2.486935
v -0.008660 0.345705 2.491935
v -0.008660 0.345705 2.501935
v 0.000000 0.345705 2.506935
v 0.008660 0.345705 2.501935
v 0.008660 0.345705 2.491935
v 0.000000 0.345705 2.486935
v -0.008660 0.434361 2.491935
v -0.008660 0.434361 2.501935
v 0.000000 0.434361 2.506935
v 0.008660 0.434361 2.501935
v 0.008660 0.434361 2.491935
v 0.000000 0.434361 2.486935
v -0.008660 0.523016 2.491935
v -0.008660 0.523016 2.501935
v 0.000000 0.523016 2.506935
v 0.008660 0.523016 2.501935
v 0.008660 0.523016 2.491935
v 0.000000 0.523016 2.486935
v -0.008660 0.611672 2.491935
v -0.008660 0.611672 2.501935
v 0.000000 0.611672 2.506935
v 0.008660 0.611672 2.501935
v 0.008660 0.611672 2.491935
v 0.000000 0.611672 2.486935
v -0.008660 0.700327 2.491935
v -0.008660 0.700327 2.501935
v 0.000000 0.700327 2.506935
v 0.008660 0.700327 2.501935
v 0.008660 0.700327 2.491935
v 0.000000 0.700327 2.486935
v -0.008660 0.788983 2.491935
v -0.008660 0.788983 2.501935
v 0.000000 0.788983 2.506935
v 0.008660 0.788983 2.501935
v 0.008660 0.788983 2.491935
v 0.000000 0.788983 2.486935
vn -0.8660 0.5000 -0.0000
vn -0.8660 -0.5000 -0.0000
vn -0.0000 -1.0000 -0.0000
vn 0.8660 -0.5000 -0.0000
vn 0.8660 0.5000 -0.0000
vn -0.0000 1.0000 -0.0000
vn -0.8521 0.5224 0.0326
vn -0.8573 -0.5145 0.0189
vn -0.0000 -0.9994 0.0359
vn 0.8573 -0.5145 0.0189
vn 0.8521 0.5224 0.0326
vn -0.0000 0.9982 0.0598
vn -0.9631 0.2149 -0.1621
vn -0.7997 -0.4569 0.3895
vn -0.0000 -0.7663 0.6424
vn 0.7997 -0.4569 0.3895
vn 0.9631 0.2149 -0.1621
vn -0.0000 0.8094 -0.5873
vn -0.8722 0.0410 -0.4875
vn -0.8444 -0.0648 0.5318
vn -0.0000 -0.1198 0.9928
vn 0.8444 -0.0648 0.5318
vn 0.8722 0.0410 -0.4875
vn -0.0000 0.0826 -0.9966
vn -0.8659 -0.0001 -0.5003
vn -0.8659 -0.0001 0.5003
vn -0.0000 -0.0002 1.0000
vn 0.8659 -0.0001 0.5003
vn 0.8659 -0.0001 -0.5003
vn -0.0000 -0.0002 -1.0000
vn -0.8660 -0.0000 -0.5000
vn -0.8660 -0.0000 0.5000
vn -0.0000 -0.0000 1.0000
vn 0.8660 -0.0000 0.5000
vn 0.8660 -0.0000 -0.5000
vn -0.0000 -0.0000 -1.0000
vt 0.000000 1.000000
vt 0.043478 1.000000
vt 0.043478 0.833333
vt 0.000000 0.833333
vt 0.000000 0.166667
vt 0.043478 0.166667
vt 0.043478 0.000000
vt 0.000000 0.000000
vt 0.000000 0.333333
vt 0.043478 0.333333
vt 0.000000 0.500000
vt 0.043478 0.500000
vt 0.000000 0.666667
vt 0.043478 0.666667
vt 0.086957 1.000000
vt 0.086957 0.833333
vt 0.086957 0.166667
vt 0.086957 0.000000
vt 0.086957 0.333333
vt 0.086957 0.500000
vt 0.086957 0.666667
vt 0.130435 1.000000
vt 0.130435 0.833333
vt 0.130435 0.166667
vt 0.130435 0.000000
vt 0.130435 0.333333
vt 0.130435 0.500000
vt 0.130435 0.666667
vt 0.173913 1.000000
vt 0.173913 0.833333
vt 0.173913 0.166667
vt 0.173913 0.000000
vt 0.173913 0.333333
vt 0.173913 0.500000
vt 0.173913 0.666667
vt 0.217391 1.000000
vt 0.217391 0.833333
vt 0.217391 0.166667
vt 0.217391 0.000000
vt 0.217391 0.333333
vt 0.217391 0.500000
vt 0.217391 0.666667
vt 0.260870 1.000000
vt 0.260870 0.833333
vt 0.260870 0.166667
vt 0.260870 0.000000
vt 0.260870 0.333333
vt 0.260870 0.500000
vt 0.260870 0.666667
vt 0.304348 1.000000
vt 0.304348 0.833333
vt 0.304348 0.166667
vt 0.304348 0.000000
vt 0.304348 0.333333
vt 0.304348 0.500000
vt 0.304348 0.666667
vt 0.347826 1.000000
vt 0.347826 0.833333
vt 0.347826 0.166667
vt 0.347826 0.000000
vt 0.347826 0.333333
vt 0.347826 0.500000
vt 0.347826 0.666667
vt 0.391304 1.000000
vt 0.391304 0.833333
vt 0.391304 0.166667
vt 0.391304 0.000000
vt 0.391304 0.333333
vt 0.391304 0.500000
vt 0.391304 0.666667
vt 0.434783 1.000000
vt 0.434783 0.833333
vt 0.434783 0.166667
vt 0.434783 0.000000
vt 0.434783 0.333333
vt 0.434783 0.500000
vt 0.434783 0.666667
vt 0.478261 1.000000
vt 0.478261 0.833333
vt 0.478261 0.166667
vt 0.478261 0.000000
vt 0.478261 0.333333
vt 0.478261 0.500000
vt 0.478261 0.666667
vt 0.521739 1.000000
vt 0.521739 0.833333
vt 0.521739 0.166667
vt 0.521739 0.000000
vt 0.521739 0.333333
vt 0.521739 0.500000
vt 0.521739 0.666667
vt 0.565217 1.000000
vt 0.565217 0.833333
vt 0.565217 0.166667
vt 0.565217 0.000000
vt 0.565217 0.333333
vt 0.565217 0.500000
vt 0.565217 0.666667
vt 0.608696 1.000000
vt 0.608696 0.833333
vt 0.608696 0.166667
vt 0.608696 0.000000
vt 0.608696 0.333333
vt 0.608696 0.500000
vt 0.608696 0.666667
vt 0.652174 1.000000
vt 0.652174 0.833333
vt 0.652174 0.166667
vt 0.652174 0.000000
vt 0.652174 0.333333
vt 0.652174 0.500000
vt 0.652174 0.666667
vt 0.695652 1.000000
vt 0.695652 0.833333
vt 0.695652 0.166667
vt 0.695652 0.000000
vt 0.695652 0.333333
vt 0.695652 0.500000
vt 0.695652 0.666667
vt 0.739130 1.000000
vt 0.739130 0.833333
vt 0.739130 0.166667
vt 0.739130 0.000000
vt 0.739130 0.333333
vt 0.739130 0.500000
vt 0.739130 0.666667
vt 0.782609 1.000000
vt 0.782609 0.833333
vt 0.782609 0.166667
vt 0.782609 0.000000
vt 0.782609 0.333333
vt 0.782609 0.500000
vt 0.782609 0.666667
vt 0.826087 1.000000
vt 0.826087 0.833333
vt 0.826087 0.166667
vt 0.826087 0.000000
vt 0.826087 0.333333
vt 0.826087 0.500000
vt 0.826087 0.666667
vt 0.869565 1.000000
vt 0.869565 0.833333
vt 0.869565 0.166667
vt 0.869565 0.000000
vt 0.869565 0.333333
vt 0.869565 0.500000
vt 0.869565 0.666667
vt 0.913043 1.000000
vt 0.913043 0.833333
vt 0.913043 0.166667
vt 0.913043 0.000000
vt 0.913043 0.333333
vt 0.913043 0.500000
vt 0.913043 0.666667
vt 0.956522 1.000000
vt 0.956522 0.833333
vt 0.956522 0.166667
vt 0.956522 0.000000
vt 0.956522 0.333333
vt 0.956522 0.500000
vt 0.956522 0.666667
vt 1.000000 1.000000
vt 1.000000 0.833333
vt 1.000000 0.166667
vt 1.000000 0.000000
vt 1.000000 0.333333
vt 1.000000 0.500000
vt 1.000000 0.666667
s 1
usemtl Material.001
f 4220/4747/4050 4226/4748/4050 4231/4749/4055 4225/4750/4055
f 4221/4751/4051 4227/4752/4051 4226/4753/4050 4220/4754/4050
f 4222/4755/4052 4228/4756/4052 4227/4752/4051 4221/4751/4051
f 4223/4757/4053 4229/4758/4053 4228/4756/4052 4222/4755/4052
f 4224/4759/4054 4230/4760/4054 4229/4758/4053 4223/4757/4053
f 4225/4750/4055 4231/4749/4055 4230/4760/4054 4224/4759/4054
f 4226/4748/4050 4232/4761/4050 4237/4762/4055 4231/4749/4055
f 4227/4752/4051 4233/4763/4051 4232/4764/4050 4226/4753/4050
f 4228/4756/4052 4234/4765/4052 4233/4763/4051 4227/4752/4051
f 4229/4758/4053 4235/4766/4053 4234/4765/4052 4228/4756/4052
f 4230/4760/4054 4236/4767/4054 4235/4766/4053 4229/4758/4053
f 4231/4749/4055 4237/4762/4055 4236/4767/4054 4230/4760/4054
f 4232/4761/4050 4238/4768/4050 4243/4769/4055 4237/4762/4055
f 4233/4763/4051 4239/4770/4051 4238/4771/4050 4232/4764/4050
f 4234/4765/4052 4240/4772/4052 4239/4770/4051 4233/4763/4051
f 4235/4766/4053 4241/4773/4053 4240/4772/4052 4234/4765/4052
f 4236/4767/4054 4242/4774/4054 4241/4773/4053 4235/4766/4053
f 4237/4762/4055 4243/4769/4055 4242/4774/4054 4236/4767/4054
f 4238/4768/4050 4244/4775/4050 4249/4776/4055 4243/4769/4055
f 4239/4770/4051 4245/4777/4051 4244/4778/4050 4238/4771/4050
f 4240/4772/4052 4246/4779/4052 4245/4777/4051 4239/4770/4051
f 4241/4773/4053 4247/4780/4053 4246/4779/4052 4240/4772/4052
f 4242/4774/4054 4248/4781/4054 4247/4780/4053 4241/4773/4053
f 4243/4769/4055 4249/4776/4055 4248/4781/4054 4242/4774/4054
f 4244/4775/4050 4250/4782/4050 4255/4783/4055 4249/4776/4055
f 4245/4777/4051 4251/4784/4051 4250/4785/4050 4244/4778/4050
f 4246/4779/4052 4252/4786/4052 4251/4784/4051 4245/4777/4051
f 4247/4780/4053 4253/4787/4053 4252/4786/4052 4246/4779/4052
f 4248/4781/4054 4254/4788/4054 4253/4787/4053 4247/4780/4053
f 4249/4776/4055 4255/4783/4055 4254/4788/4054 4248/4781/4054
f 4250/4782/4050 4256/4789/4050 4261/4790/4055 4255/4783/4055
f 4251/4784/4051 4257/4791/4051 4256/4792/4050 4250/4785/4050
f 4252/4786/4052 4258/4793/4052 4257/4791/4051 4251/4784/4051
f 4253/4787/4053 4259/4794/4053 4258/4793/4052 4252/4786/4052
f 4254/4788/4054 4260/4795/4054 4259/4794/4053 4253/4787/4053
f 4255/4783/4055 4261/4790/4055 4260/4795/4054 4254/4788/4054
f 4256/4789/4050 4262/4796/4050 4267/4797/4055 4261/4790/4055
f 4257/4791/4051 4263/4798/4051 4262/4799/4050 4256/4792/4050
f 4258/4793/4052 4264/4800/4052 4263/4798/4051 4257/4791/4051
f 4259/4794/4053 4265/4801/4053 4264/4800/4052 4258/4793/4052
f 4260/4795/4054 4266/4802/4054 4265/4801/4053 4259/4794/4053
f 4261/4790/4055 4267/4797/4055 4266/4802/4054 4260/4795/4054
f 4262/4796/4050 4268/4803/4050 4273/4804/4055 4267/4797/4055
f 4263/4798/4051 4269/4805/4051 4268/4806/4050 4262/4799/4050
f 4264/4800/4052 4270/4807/4052 4269/4805/4051 4263/4798/4051
f 4265/4801/4053 4271/4808/4053 4270/4807/4052 4264/4800/4052
f 4266/4802/4054 4272/4809/4054 4271/4808/4053 4265/4801/4053
f 4267/4797/4055 4273/4804/4055 4272/4809/4054 4266/4802/4054
f 4268/4803/4050 4274/4810/4050 4279/4811/4055 4273/4804/4055
f 4269/4805/4051 4275/4812/4051 4274/4813/4050 4268/4806/4050
f 4270/4807/4052 4276/4814/4052 4275/4812/4051 4269/4805/4051
f 4271/4808/4053 4277/4815/4053 4276/4814/4052 4270/4807/4052
f 4272/4809/4054 4278/4816/4054 4277/4815/4053 4271/4808/4053
f 4273/4804/4055 4279/4811/4055 4278/4816/4054 4272/4809/4054
f 4274/4810/4050 4280/4817/4056 4285/4818/4061 4279/4811/4055
f 4275/4812/4051 4281/4819/4057 4280/4820/4056 4274/4813/4050
f 4276/4814/4052 4282/4821/4058 4281/4819/4057 4275/4812/4051
f 4277/4815/4053 4283/4822/4059 4282/4821/4058 4276/4814/4052
f 4278/4816/4054 4284/4823/4060 4283/4822/4059 4277/4815/4053
f 4279/4811/4055 4285/4818/4061 4284/4823/4060 4278/4816/4054
f 4280/4817/4056 4286/4824/4062 4291/4825/4067 4285/4818/4061
f 4281/4819/4057 4287/4826/4063 4286/4827/4062 4280/4820/4056
f 4282/4821/4058 4288/4828/4064 4287/4826/4063 4281/4819/4057
f 4283/4822/4059 4289/4829/4065 4288/4828/4064 4282/4821/4058
f 4284/4823/4060 4290/4830/4066 4289/4829/4065 4283/4822/4059
f 4285/4818/4061 4291/4825/4067 4290/4830/4066 4284/4823/4060
f 4286/4824/4062 4292/4831/4068 4297/4832/4073 4291/4825/4067
f 4287/4826/4063 4293/4833/4069 4292/4834/4068 4286/4827/4062
f 4288/4828/4064 4294/4835/4070 4293/4833/4069 4287/4826/4063
f 4289/4829/4065 4295/4836/4071 4294/4835/4070 4288/4828/4064
f 4290/4830/4066 4296/4837/4072 4295/4836/4071 4289/4829/4065
f 4291/4825/4067 4297/4832/4073 4296/4837/4072 4290/4830/4066
f 4292/4831/4068 4298/4838/4074 4303/4839/4079 4297/4832/4073
f 4293/4833/4069 4299/4840/4075 4298/4841/4074 4292/4834/4068
f 4294/4835/4070 4300/4842/4076 4299/4840/4075 4293/4833/4069
f 4295/4836/4071 4301/4843/4077 4300/4842/4076 4294/4835/4070
f 4296/4837/4072 4302/4844/4078 4301/4843/4077 4295/4836/4071
f 4297/4832/4073 4303/4839/4079 4302/4844/4078 4296/4837/4072
f 4298/4838/4074 4304/4845/4080 4309/4846/4085 4303/4839/4079
f 4299/4840/4075 4305/4847/4081 4304/4848/4080 4298/4841/4074
f 4300/4842/4076 4306/4849/4082 4305/4847/4081 4299/4840/4075
f 4301/4843/4077 4307/4850/4083 4306/4849/4082 4300/4842/4076
f 4302/4844/4078 4308/4851/4084 4307/4850/4083 4301/4843/4077
f 4303/4839/4079 4309/4846/4085 4308/4851/4084 4302/4844/4078
f 4304/4845/4080 4310/4852/4080 4315/4853/4085 4309/4846/4085
f 4305/4847/4081 4311/4854/4081 4310/4855/4080 4304/4848/4080
f 4306/4849/4082 4312/4856/4082 4311/4854/4081 4305/4847/4081
f 4307/4850/4083 4313/4857/4083 4312/4856/4082 4306/4849/4082
f 4308/4851/4084 4314/4858/4084 4313/4857/4083 4307/4850/4083
f 4309/4846/4085 4315/4853/4085 4314/4858/4084 4308/4851/4084
f 4310/4852/4080 4316/4859/4080 4321/4860/4085 4315/4853/4085
f 4311/4854/4081 4317/4861/4081 4316/4862/4080 4310/4855/4080
f 4312/4856/4082 4318/4863/4082 4317/4861/4081 4311/4854/4081
f 4313/4857/4083 4319/4864/4083 4318/4863/4082 4312/4856/4082
f 4314/4858/4084 4320/4865/4084 4319/4864/4083 4313/4857/4083
f 4315/4853/4085 4321/4860/4085 4320/4865/4084 4314/4858/4084
f 4316/4859/4080 4322/4866/4080 4327/4867/4085 4321/4860/4085
f 4317/4861/4081 4323/4868/4081 4322/4869/4080 4316/4862/4080
f 4318/4863/4082 4324/4870/4082 4323/4868/4081 4317/4861/4081
f 4319/4864/4083 4325/4871/4083 4324/4870/4082 4318/4863/4082
f 4320/4865/4084 4326/4872/4084 4325/4871/4083 4319/4864/4083
f 4321/4860/4085 4327/4867/4085 4326/4872/4084 4320/4865/4084
f 4322/4866/4080 4328/4873/4080 4333/4874/4085 4327/4867/4085
f 4323/4868/4081 4329/4875/4081 4328/4876/4080 4322/4869/4080
f 4324/4870/4082 4330/4877/4082 4329/4875/4081 4323/4868/4081
f 4325/4871/4083 4331/4878/4083 4330/4877/4082 4324/4870/4082
f 4326/4872/4084 4332/4879/4084 4331/4878/4083 4325/4871/4083
f 4327/4867/4085 4333/4874/4085 4332/4879/4084 4326/4872/4084
f 4328/4873/4080 4334/4880/4080 4339/4881/4085 4333/4874/4085
f 4329/4875/4081 4335/4882/4081 4334/4883/4080 4328/4876/4080
f 4330/4877/4082 4336/4884/4082 4335/4882/4081 4329/4875/4081
f 4331/4878/4083 4337/4885/4083 4336/4884/4082 4330/4877/4082
f 4332/4879/4084 4338/4886/4084 4337/4885/4083 4331/4878/4083
f 4333/4874/4085 4339/4881/4085 4338/4886/4084 4332/4879/4084
f 4334/4880/4080 4340/4887/4080 4345/4888/4085 4339/4881/4085
f 4335/4882/4081 4341/4889/4081 4340/4890/4080 4334/4883/4080
f 4336/4884/4082 4342/4891/4082 4341/4889/4081 4335/4882/4081
f 4337/4885/4083 4343/4892/4083 4342/4891/4082 4336/4884/4082
f 4338/4886/4084 4344/4893/4084 4343/4892/4083 4337/4885/4083
f 4339/4881/4085 4345/4888/4085 4344/4893/4084 4338/4886/4084
f 4340/4887/4080 4346/4894/4080 4351/4895/4085 4345/4888/4085
f 4341/4889/4081 4347/4896/4081 4346/4897/4080 4340/4890/4080
f 4342/4891/4082 4348/4898/4082 4347/4896/4081 4341/4889/4081
f 4343/4892/4083 4349/4899/4083 4348/4898/4082 4342/4891/4082
f 4344/4893/4084 4350/4900/4084 4349/4899/4083 4343/4892/4083
f 4345/4888/4085 4351/4895/4085 4350/4900/4084 4344/4893/4084
f 4346/4894/4080 4352/4901/4080 4357/4902/4085 4351/4895/4085
f 4347/4896/4081 4353/4903/4081 4352/4904/4080 4346/4897/4080
f 4348/4898/4082 4354/4905/4082 4353/4903/4081 4347/4896/4081
f 4349/4899/4083 4355/4906/4083 4354/4905/4082 4348/4898/4082
f 4350/4900/4084 4356/4907/4084 4355/4906/4083 4349/4899/4083
f 4351/4895/4085 4357/4902/4085 4356/4907/4084 4350/4900/4084
f 4352/4901/4080 4358/4908/4080 4363/4909/4085 4357/4902/4085
f 4353/4903/4081 4359/4910/4081 4358/4911/4080 4352/4904/4080
f 4354/4905/4082 4360/4912/4082 4359/4910/4081 4353/4903/4081
f 4355/4906/4083 4361/4913/4083 4360/4912/4082 4354/4905/4082
f 4356/4907/4084 4362/4914/4084 4361/4913/4083 4355/4906/4083
f 4357/4902/4085 4363/4909/4085 4362/4914/4084 4356/4907/4084
o Cone
v 0.000000 0.780519 2.460935
v 0.036000 0.780519 2.496935
v 0.000000 0.780519 2.532935
v -0.036000 0.780519 2.496935
v 0.000000 0.852520 2.496935
vn 0.6667 0.3333 -0.6667
vn 0.6667 0.3333 0.6667
vn -0.0000 -1.0000 -0.0000
vn -0.6667 0.3333 0.6667
vn -0.6667 0.3333 -0.6667
vt 0.250000 0.490000
vt 0.250000 0.250000
vt 0.490000 0.250000
vt 0.250000 0.010000
vt 0.750000 0.490000
vt 0.990000 0.250000
vt 0.750000 0.010000
vt 0.510000 0.250000
vt 0.010000 0.250000
s 0
usemtl Material.001
f 4364/4915/4086 4368/4916/4086 4365/4917/4086
f 4365/4917/4087 4368/4916/4087 4366/4918/4087
f 4364/4919/4088 4365/4920/4088 4366/4921/4088 4367/4922/4088
f 4366/4918/4089 4368/4916/4089 4367/4923/4089
f 4367/4923/4090 4368/4916/4090 4364/4915/4090
o NurbsPath.001
v 0.192984 -0.114109 1.962008
v 0.192984 -0.104109 1.962008
v 0.192984 -0.099109 1.970668
v 0.192984 -0.104109 1.979328
v 0.192984 -0.114109 1.979328
v 0.192984 -0.119109 1.970668
v 0.201138 -0.114109 1.962008
v 0.201138 -0.104109 1.962008
v 0.201138 -0.099109 1.970668
v 0.201138 -0.104109 1.979328
v 0.201138 -0.114109 1.979328
v 0.201138 -0.119109 1.970668
v 0.209291 -0.114109 1.962008
v 0.209291 -0.104109 1.962008
v 0.209291 -0.099109 1.970668
v 0.209291 -0.104109 1.979328
v 0.209291 -0.114109 1.979328
v 0.209291 -0.119109 1.970668
v 0.217444 -0.114109 1.962008
v 0.217444 -0.104109 1.962008
v 0.217444 -0.099109 1.970668
v 0.217444 -0.104109 1.979328
v 0.217444 -0.114109 1.979328
v 0.217444 -0.119109 1.970668
v 0.225598 -0.114109 1.962008
v 0.225598 -0.104109 1.962008
v 0.225598 -0.099109 1.970668
v 0.225598 -0.104109 1.979328
v 0.225598 -0.114109 1.979328
v 0.225598 -0.119109 1.970668
v 0.233751 -0.114109 1.962008
v 0.233751 -0.104109 1.962008
v 0.233751 -0.099109 1.970668
v 0.233751 -0.104109 1.979328
v 0.233751 -0.114109 1.979328
v 0.233751 -0.119109 1.970668
v 0.241904 -0.114109 1.962008
v 0.241904 -0.104109 1.962008
v 0.241904 -0.099109 1.970668
v 0.241904 -0.104109 1.979328
v 0.241904 -0.114109 1.979328
v 0.241904 -0.119109 1.970668
v 0.250058 -0.114109 1.962008
v 0.250058 -0.104109 1.962008
v 0.250058 -0.099109 1.970668
v 0.250058 -0.104109 1.979328
v 0.250058 -0.114109 1.979328
v 0.250058 -0.119109 1.970668
v 0.258211 -0.114109 1.962008
v 0.258211 -0.104109 1.962008
v 0.258211 -0.099109 1.970668
v 0.258211 -0.104109 1.979328
v 0.258211 -0.114109 1.979328
v 0.258211 -0.119109 1.970668
v 0.266365 -0.114109 1.962008
v 0.266365 -0.104109 1.962008
v 0.266365 -0.099109 1.970668
v 0.266365 -0.104109 1.979328
v 0.266365 -0.114109 1.979328
v 0.266365 -0.119109 1.970668
v 0.274518 -0.114109 1.962008
v 0.274518 -0.104109 1.962008
v 0.274518 -0.099109 1.970668
v 0.274518 -0.104109 1.979328
v 0.274518 -0.114109 1.979328
v 0.274518 -0.119109 1.970668
v 0.286041 -0.112803 1.962008
v 0.279302 -0.105415 1.962008
v 0.275932 -0.101721 1.970668
v 0.279302 -0.105415 1.979328
v 0.286041 -0.112803 1.979328
v 0.289411 -0.116497 1.970668
v 0.291743 -0.065011 1.962008
v 0.281753 -0.064552 1.962008
v 0.276759 -0.064323 1.970668
v 0.281753 -0.064552 1.979328
v 0.291743 -0.065011 1.979328
v 0.296738 -0.065240 1.970668
v 0.291748 0.023874 1.962008
v 0.281748 0.023874 1.962008
v 0.276748 0.023874 1.970668
v 0.281748 0.023874 1.979328
v 0.291748 0.023874 1.979328
v 0.296748 0.023874 1.970668
v 0.291748 0.112530 1.962008
v 0.281748 0.112530 1.962008
v 0.276748 0.112530 1.970668
v 0.281748 0.112530 1.979328
v 0.291748 0.112530 1.979328
v 0.296748 0.112530 1.970668
v 0.291748 0.201185 1.962008
v 0.281748 0.201185 1.962008
v 0.276748 0.201185 1.970668
v 0.281748 0.201185 1.979328
v 0.291748 0.201185 1.979328
v 0.296748 0.201185 1.970668
v 0.291748 0.289841 1.962008
v 0.281748 0.289841 1.962008
v 0.276748 0.289841 1.970668
v 0.281748 0.289841 1.979328
v 0.291748 0.289841 1.979328
v 0.296748 0.289841 1.970668
v 0.291748 0.378496 1.962008
v 0.281748 0.378496 1.962008
v 0.276748 0.378496 1.970668
v 0.281748 0.378496 1.979328
v 0.291748 0.378496 1.979328
v 0.296748 0.378496 1.970668
v 0.291748 0.467152 1.962008
v 0.281748 0.467152 1.962008
v 0.276748 0.467152 1.970668
v 0.281748 0.467152 1.979328
v 0.291748 0.467152 1.979328
v 0.296748 0.467152 1.970668
v 0.291748 0.555807 1.962008
v 0.281748 0.555807 1.962008
v 0.276748 0.555807 1.970668
v 0.281748 0.555807 1.979328
v 0.291748 0.555807 1.979328
v 0.296748 0.555807 1.970668
v 0.291748 0.644463 1.962008
v 0.281748 0.644463 1.962008
v 0.276748 0.644463 1.970668
v 0.281748 0.644463 1.979328
v 0.291748 0.644463 1.979328
v 0.296748 0.644463 1.970668
v 0.291748 0.733118 1.962008
v 0.281748 0.733118 1.962008
v 0.276748 0.733118 1.970668
v 0.281748 0.733118 1.979328
v 0.291748 0.733118 1.979328
v 0.296748 0.733118 1.970668
v 0.291748 0.821774 1.962008
v 0.281748 0.821774 1.962008
v 0.276748 0.821774 1.970668
v 0.281748 0.821774 1.979328
v 0.291748 0.821774 1.979328
v 0.296748 0.821774 1.970668
v 0.291748 0.910429 1.962008
v 0.281748 0.910429 1.962008
v 0.276748 0.910429 1.970668
v 0.281748 0.910429 1.979328
v 0.291748 0.910429 1.979328
v 0.296748 0.910429 1.970668
vn -0.0000 -0.5000 -0.8660
vn -0.0000 0.5000 -0.8660
vn -0.0000 1.0000 -0.0000
vn -0.0000 0.5000 0.8660
vn -0.0000 -0.5000 0.8660
vn -0.0000 -1.0000 -0.0000
vn 0.0395 -0.5200 -0.8533
vn 0.1710 0.5389 -0.8248
vn 0.2438 0.9698 -0.0000
vn 0.1710 0.5389 0.8248
vn 0.0395 -0.5200 0.8533
vn 0.0723 -0.9974 -0.0000
vn 0.4344 -0.4191 -0.7973
vn -0.0867 0.1625 -0.9829
vn -0.3644 0.9312 -0.0000
vn -0.0867 0.1625 0.9829
vn 0.4344 -0.4191 0.7973
vn 0.7038 -0.7104 -0.0000
vn 0.5241 -0.0350 -0.8510
vn -0.5067 0.0108 -0.8620
vn -0.9998 0.0210 -0.0000
vn -0.5067 0.0108 0.8620
vn 0.5241 -0.0350 0.8510
vn 0.9978 -0.0658 -0.0000
vn 0.5001 -0.0000 -0.8660
vn -0.5001 -0.0000 -0.8660
vn -1.0000 -0.0000 -0.0000
vn -0.5001 -0.0000 0.8660
vn 0.5001 -0.0000 0.8660
vn 1.0000 -0.0000 -0.0000
vn 0.5000 -0.0000 -0.8660
vn -0.5000 -0.0000 -0.8660
vn -0.5000 -0.0000 0.8660
vn 0.5000 -0.0000 0.8660
vt 0.000000 1.000000
vt 0.043478 1.000000
vt 0.043478 0.833333
vt 0.000000 0.833333
vt 0.000000 0.166667
vt 0.043478 0.166667
vt 0.043478 0.000000
vt 0.000000 0.000000
vt 0.000000 0.333333
vt 0.043478 0.333333
vt 0.000000 0.500000
vt 0.043478 0.500000
vt 0.000000 0.666667
vt 0.043478 0.666667
vt 0.086957 1.000000
vt 0.086957 0.833333
vt 0.086957 0.166667
vt 0.086957 0.000000
vt 0.086957 0.333333
vt 0.086957 0.500000
vt 0.086957 0.666667
vt 0.130435 1.000000
vt 0.130435 0.833333
vt 0.130435 0.166667
vt 0.130435 0.000000
vt 0.130435 0.333333
vt 0.130435 0.500000
vt 0.130435 0.666667
vt 0.173913 1.000000
vt 0.173913 0.833333
vt 0.173913 0.166667
vt 0.173913 0.000000
vt 0.173913 0.333333
vt 0.173913 0.500000
vt 0.173913 0.666667
vt 0.217391 1.000000
vt 0.217391 0.833333
vt 0.217391 0.166667
vt 0.217391 0.000000
vt 0.217391 0.333333
vt 0.217391 0.500000
vt 0.217391 0.666667
vt 0.260870 1.000000
vt 0.260870 0.833333
vt 0.260870 0.166667
vt 0.260870 0.000000
vt 0.260870 0.333333
vt 0.260870 0.500000
vt 0.260870 0.666667
vt 0.304348 1.000000
vt 0.304348 0.833333
vt 0.304348 0.166667
vt 0.304348 0.000000
vt 0.304348 0.333333
vt 0.304348 0.500000
vt 0.304348 0.666667
vt 0.347826 1.000000
vt 0.347826 0.833333
vt 0.347826 0.166667
vt 0.347826 0.000000
vt 0.347826 0.333333
vt 0.347826 0.500000
vt 0.347826 0.666667
vt 0.391304 1.000000
vt 0.391304 0.833333
vt 0.391304 0.166667
vt 0.391304 0.000000
vt 0.391304 0.333333
vt 0.391304 0.500000
vt 0.391304 0.666667
vt 0.434783 1.000000
vt 0.434783 0.833333
vt 0.434783 0.166667
vt 0.434783 0.000000
vt 0.434783 0.333333
vt 0.434783 0.500000
vt 0.434783 0.666667
vt 0.478261 1.000000
vt 0.478261 0.833333
vt 0.478261 0.166667
vt 0.478261 0.000000
vt 0.478261 0.333333
vt 0.478261 0.500000
vt 0.478261 0.666667
vt 0.521739 1.000000
vt 0.521739 0.833333
vt 0.521739 0.166667
vt 0.521739 0.000000
vt 0.521739 0.333333
vt 0.521739 0.500000
vt 0.521739 0.666667
vt 0.565217 1.000000
vt 0.565217 0.833333
vt 0.565217 0.166667
vt 0.565217 0.000000
vt 0.565217 0.333333
vt 0.565217 0.500000
vt 0.565217 0.666667
vt 0.608696 1.000000
vt 0.608696 0.833333
vt 0.608696 0.166667
vt 0.608696 0.000000
vt 0.608696 0.333333
vt 0.608696 0.500000
vt 0.608696 0.666667
vt 0.652174 1.000000
vt 0.652174 0.833333
vt 0.652174 0.166667
vt 0.652174 0.000000
vt 0.652174 0.333333
vt 0.652174 0.500000
vt 0.652174 0.666667
vt 0.695652 1.000000
vt 0.695652 0.833333
vt 0.695652 0.166667
vt 0.695652 0.000000
vt 0.695652 0.333333
vt 0.695652 0.500000
vt 0.695652 0.666667
vt 0.739130 1.000000
vt 0.739130 0.833333
vt 0.739130 0.166667
vt 0.739130 0.000000
vt 0.739130 0.333333
vt 0.739130 0.500000
vt 0.739130 0.666667
vt 0.782609 1.000000
vt 0.782609 0.833333
vt 0.782609 0.166667
vt 0.782609 0.000000
vt 0.782609 0.333333
vt 0.782609 0.500000
vt 0.782609 0.666667
vt 0.826087 1.000000
vt 0.826087 0.833333
vt 0.826087 0.166667
vt 0.826087 0.000000
vt 0.826087 0.333333
vt 0.826087 0.500000
vt 0.826087 0.666667
vt 0.869565 1.000000
vt 0.869565 0.833333
vt 0.869565 0.166667
vt 0.869565 0.000000
vt 0.869565 0.333333
vt 0.869565 0.500000
vt 0.869565 0.666667
vt 0.913043 1.000000
vt 0.913043 0.833333
vt 0.913043 0.166667
vt 0.913043 0.000000
vt 0.913043 0.333333
vt 0.913043 0.500000
vt 0.913043 0.666667
vt 0.956522 1.000000
vt 0.956522 0.833333
vt 0.956522 0.166667
vt 0.956522 0.000000
vt 0.956522 0.333333
vt 0.956522 0.500000
vt 0.956522 0.666667
vt 1.000000 1.000000
vt 1.000000 0.833333
vt 1.000000 0.166667
vt 1.000000 0.000000
vt 1.000000 0.333333
vt 1.000000 0.500000
vt 1.000000 0.666667
s 1
usemtl Material.001
f 4369/4924/4091 4375/4925/4091 4380/4926/4096 4374/4927/4096
f 4370/4928/4092 4376/4929/4092 4375/4930/4091 4369/4931/4091
f 4371/4932/4093 4377/4933/4093 4376/4929/4092 4370/4928/4092
f 4372/4934/4094 4378/4935/4094 4377/4933/4093 4371/4932/4093
f 4373/4936/4095 4379/4937/4095 4378/4935/4094 4372/4934/4094
f 4374/4927/4096 4380/4926/4096 4379/4937/4095 4373/4936/4095
f 4375/4925/4091 4381/4938/4091 4386/4939/4096 4380/4926/4096
f 4376/4929/4092 4382/4940/4092 4381/4941/4091 4375/4930/4091
f 4377/4933/4093 4383/4942/4093 4382/4940/4092 4376/4929/4092
f 4378/4935/4094 4384/4943/4094 4383/4942/4093 4377/4933/4093
f 4379/4937/4095 4385/4944/4095 4384/4943/4094 4378/4935/4094
f 4380/4926/4096 4386/4939/4096 4385/4944/4095 4379/4937/4095
f 4381/4938/4091 4387/4945/4091 4392/4946/4096 4386/4939/4096
f 4382/4940/4092 4388/4947/4092 4387/4948/4091 4381/4941/4091
f 4383/4942/4093 4389/4949/4093 4388/4947/4092 4382/4940/4092
f 4384/4943/4094 4390/4950/4094 4389/4949/4093 4383/4942/4093
f 4385/4944/4095 4391/4951/4095 4390/4950/4094 4384/4943/4094
f 4386/4939/4096 4392/4946/4096 4391/4951/4095 4385/4944/4095
f 4387/4945/4091 4393/4952/4091 4398/4953/4096 4392/4946/4096
f 4388/4947/4092 4394/4954/4092 4393/4955/4091 4387/4948/4091
f 4389/4949/4093 4395/4956/4093 4394/4954/4092 4388/4947/4092
f 4390/4950/4094 4396/4957/4094 4395/4956/4093 4389/4949/4093
f 4391/4951/4095 4397/4958/4095 4396/4957/4094 4390/4950/4094
f 4392/4946/4096 4398/4953/4096 4397/4958/4095 4391/4951/4095
f 4393/4952/4091 4399/4959/4091 4404/4960/4096 4398/4953/4096
f 4394/4954/4092 4400/4961/4092 4399/4962/4091 4393/4955/4091
f 4395/4956/4093 4401/4963/4093 4400/4961/4092 4394/4954/4092
f 4396/4957/4094 4402/4964/4094 4401/4963/4093 4395/4956/4093
f 4397/4958/4095 4403/4965/4095 4402/4964/4094 4396/4957/4094
f 4398/4953/4096 4404/4960/4096 4403/4965/4095 4397/4958/4095
f 4399/4959/4091 4405/4966/4091 4410/4967/4096 4404/4960/4096
f 4400/4961/4092 4406/4968/4092 4405/4969/4091 4399/4962/4091
f 4401/4963/4093 4407/4970/4093 4406/4968/4092 4400/4961/4092
f 4402/4964/4094 4408/4971/4094 4407/4970/4093 4401/4963/4093
f 4403/4965/4095 4409/4972/4095 4408/4971/4094 4402/4964/4094
f 4404/4960/4096 4410/4967/4096 4409/4972/4095 4403/4965/4095
f 4405/4966/4091 4411/4973/4091 4416/4974/4096 4410/4967/4096
f 4406/4968/4092 4412/4975/4092 4411/4976/4091 4405/4969/4091
f 4407/4970/4093 4413/4977/4093 4412/4975/4092 4406/4968/4092
f 4408/4971/4094 4414/4978/4094 4413/4977/4093 4407/4970/4093
f 4409/4972/4095 4415/4979/4095 4414/4978/4094 4408/4971/4094
f 4410/4967/4096 4416/4974/4096 4415/4979/4095 4409/4972/4095
f 4411/4973/4091 4417/4980/4091 4422/4981/4096 4416/4974/4096
f 4412/4975/4092 4418/4982/4092 4417/4983/4091 4411/4976/4091
f 4413/4977/4093 4419/4984/4093 4418/4982/4092 4412/4975/4092
f 4414/4978/4094 4420/4985/4094 4419/4984/4093 4413/4977/4093
f 4415/4979/4095 4421/4986/4095 4420/4985/4094 4414/4978/4094
f 4416/4974/4096 4422/4981/4096 4421/4986/4095 4415/4979/4095
f 4417/4980/4091 4423/4987/4091 4428/4988/4096 4422/4981/4096
f 4418/4982/4092 4424/4989/4092 4423/4990/4091 4417/4983/4091
f 4419/4984/4093 4425/4991/4093 4424/4989/4092 4418/4982/4092
f 4420/4985/4094 4426/4992/4094 4425/4991/4093 4419/4984/4093
f 4421/4986/4095 4427/4993/4095 4426/4992/4094 4420/4985/4094
f 4422/4981/4096 4428/4988/4096 4427/4993/4095 4421/4986/4095
f 4423/4987/4091 4429/4994/4097 4434/4995/4102 4428/4988/4096
f 4424/4989/4092 4430/4996/4098 4429/4997/4097 4423/4990/4091
f 4425/4991/4093 4431/4998/4099 4430/4996/4098 4424/4989/4092
f 4426/4992/4094 4432/4999/4100 4431/4998/4099 4425/4991/4093
f 4427/4993/4095 4433/5000/4101 4432/4999/4100 4426/4992/4094
f 4428/4988/4096 4434/4995/4102 4433/5000/4101 4427/4993/4095
f 4429/4994/4097 4435/5001/4103 4440/5002/4108 4434/4995/4102
f 4430/4996/4098 4436/5003/4104 4435/5004/4103 4429/4997/4097
f 4431/4998/4099 4437/5005/4105 4436/5003/4104 4430/4996/4098
f 4432/4999/4100 4438/5006/4106 4437/5005/4105 4431/4998/4099
f 4433/5000/4101 4439/5007/4107 4438/5006/4106 4432/4999/4100
f 4434/4995/4102 4440/5002/4108 4439/5007/4107 4433/5000/4101
f 4435/5001/4103 4441/5008/4109 4446/5009/4114 4440/5002/4108
f 4436/5003/4104 4442/5010/4110 4441/5011/4109 4435/5004/4103
f 4437/5005/4105 4443/5012/4111 4442/5010/4110 4436/5003/4104
f 4438/5006/4106 4444/5013/4112 4443/5012/4111 4437/5005/4105
f 4439/5007/4107 4445/5014/4113 4444/5013/4112 4438/5006/4106
f 4440/5002/4108 4446/5009/4114 4445/5014/4113 4439/5007/4107
f 4441/5008/4109 4447/5015/4115 4452/5016/4120 4446/5009/4114
f 4442/5010/4110 4448/5017/4116 4447/5018/4115 4441/5011/4109
f 4443/5012/4111 4449/5019/4117 4448/5017/4116 4442/5010/4110
f 4444/5013/4112 4450/5020/4118 4449/5019/4117 4443/5012/4111
f 4445/5014/4113 4451/5021/4119 4450/5020/4118 4444/5013/4112
f 4446/5009/4114 4452/5016/4120 4451/5021/4119 4445/5014/4113
f 4447/5015/4115 4453/5022/4121 4458/5023/4120 4452/5016/4120
f 4448/5017/4116 4454/5024/4122 4453/5025/4121 4447/5018/4115
f 4449/5019/4117 4455/5026/4117 4454/5024/4122 4448/5017/4116
f 4450/5020/4118 4456/5027/4123 4455/5026/4117 4449/5019/4117
f 4451/5021/4119 4457/5028/4124 4456/5027/4123 4450/5020/4118
f 4452/5016/4120 4458/5023/4120 4457/5028/4124 4451/5021/4119
f 4453/5022/4121 4459/5029/4121 4464/5030/4120 4458/5023/4120
f 4454/5024/4122 4460/5031/4122 4459/5032/4121 4453/5025/4121
f 4455/5026/4117 4461/5033/4117 4460/5031/4122 4454/5024/4122
f 4456/5027/4123 4462/5034/4123 4461/5033/4117 4455/5026/4117
f 4457/5028/4124 4463/5035/4124 4462/5034/4123 4456/5027/4123
f 4458/5023/4120 4464/5030/4120 4463/5035/4124 4457/5028/4124
f 4459/5029/4121 4465/5036/4121 4470/5037/4120 4464/5030/4120
f 4460/5031/4122 4466/5038/4122 4465/5039/4121 4459/5032/4121
f 4461/5033/4117 4467/5040/4117 4466/5038/4122 4460/5031/4122
f 4462/5034/4123 4468/5041/4123 4467/5040/4117 4461/5033/4117
f 4463/5035/4124 4469/5042/4124 4468/5041/4123 4462/5034/4123
f 4464/5030/4120 4470/5037/4120 4469/5042/4124 4463/5035/4124
f 4465/5036/4121 4471/5043/4121 4476/5044/4120 4470/5037/4120
f 4466/5038/4122 4472/5045/4122 4471/5046/4121 4465/5039/4121
f 4467/5040/4117 4473/5047/4117 4472/5045/4122 4466/5038/4122
f 4468/5041/4123 4474/5048/4123 4473/5047/4117 4467/5040/4117
f 4469/5042/4124 4475/5049/4124 4474/5048/4123 4468/5041/4123
f 4470/5037/4120 4476/5044/4120 4475/5049/4124 4469/5042/4124
f 4471/5043/4121 4477/5050/4121 4482/5051/4120 4476/5044/4120
f 4472/5045/4122 4478/5052/4122 4477/5053/4121 4471/5046/4121
f 4473/5047/4117 4479/5054/4117 4478/5052/4122 4472/5045/4122
f 4474/5048/4123 4480/5055/4123 4479/5054/4117 4473/5047/4117
f 4475/5049/4124 4481/5056/4124 4480/5055/4123 4474/5048/4123
f 4476/5044/4120 4482/5051/4120 4481/5056/4124 4475/5049/4124
f 4477/5050/4121 4483/5057/4121 4488/5058/4120 4482/5051/4120
f 4478/5052/4122 4484/5059/4122 4483/5060/4121 4477/5053/4121
f 4479/5054/4117 4485/5061/4117 4484/5059/4122 4478/5052/4122
f 4480/5055/4123 4486/5062/4123 4485/5061/4117 4479/5054/4117
f 4481/5056/4124 4487/5063/4124 4486/5062/4123 4480/5055/4123
f 4482/5051/4120 4488/5058/4120 4487/5063/4124 4481/5056/4124
f 4483/5057/4121 4489/5064/4121 4494/5065/4120 4488/5058/4120
f 4484/5059/4122 4490/5066/4122 4489/5067/4121 4483/5060/4121
f 4485/5061/4117 4491/5068/4117 4490/5066/4122 4484/5059/4122
f 4486/5062/4123 4492/5069/4123 4491/5068/4117 4485/5061/4117
f 4487/5063/4124 4493/5070/4124 4492/5069/4123 4486/5062/4123
f 4488/5058/4120 4494/5065/4120 4493/5070/4124 4487/5063/4124
f 4489/5064/4121 4495/5071/4121 4500/5072/4120 4494/5065/4120
f 4490/5066/4122 4496/5073/4122 4495/5074/4121 4489/5067/4121
f 4491/5068/4117 4497/5075/4117 4496/5073/4122 4490/5066/4122
f 4492/5069/4123 4498/5076/4123 4497/5075/4117 4491/5068/4117
f 4493/5070/4124 4499/5077/4124 4498/5076/4123 4492/5069/4123
f 4494/5065/4120 4500/5072/4120 4499/5077/4124 4493/5070/4124
f 4495/5071/4121 4501/5078/4121 4506/5079/4120 4500/5072/4120
f 4496/5073/4122 4502/5080/4122 4501/5081/4121 4495/5074/4121
f 4497/5075/4117 4503/5082/4117 4502/5080/4122 4496/5073/4122
f 4498/5076/4123 4504/5083/4123 4503/5082/4117 4497/5075/4117
f 4499/5077/4124 4505/5084/4124 4504/5083/4123 4498/5076/4123
f 4500/5072/4120 4506/5079/4120 4505/5084/4124 4499/5077/4124
f 4501/5078/4121 4507/5085/4121 4512/5086/4120 4506/5079/4120
f 4502/5080/4122 4508/5087/4122 4507/5088/4121 4501/5081/4121
f 4503/5082/4117 4509/5089/4117 4508/5087/4122 4502/5080/4122
f 4504/5083/4123 4510/5090/4123 4509/5089/4117 4503/5082/4117
f 4505/5084/4124 4511/5091/4124 4510/5090/4123 4504/5083/4123
f 4506/5079/4120 4512/5086/4120 4511/5091/4124 4505/5084/4124
o NurbsPath.001
v 0.192984 -0.114109 1.962008
v 0.192984 -0.104109 1.962008
v 0.192984 -0.099109 1.970668
v 0.192984 -0.104109 1.979328
v 0.192984 -0.114109 1.979328
v 0.192984 -0.119109 1.970668
v 0.201138 -0.114109 1.962008
v 0.201138 -0.104109 1.962008
v 0.201138 -0.099109 1.970668
v 0.201138 -0.104109 1.979328
v 0.201138 -0.114109 1.979328
v 0.201138 -0.119109 1.970668
v 0.209291 -0.114109 1.962008
v 0.209291 -0.104109 1.962008
v 0.209291 -0.099109 1.970668
v 0.209291 -0.104109 1.979328
v 0.209291 -0.114109 1.979328
v 0.209291 -0.119109 1.970668
v 0.217444 -0.114109 1.962008
v 0.217444 -0.104109 1.962008
v 0.217444 -0.099109 1.970668
v 0.217444 -0.104109 1.979328
v 0.217444 -0.114109 1.979328
v 0.217444 -0.119109 1.970668
v 0.225598 -0.114109 1.962008
v 0.225598 -0.104109 1.962008
v 0.225598 -0.099109 1.970668
v 0.225598 -0.104109 1.979328
v 0.225598 -0.114109 1.979328
v 0.225598 -0.119109 1.970668
v 0.233751 -0.114109 1.962008
v 0.233751 -0.104109 1.962008
v 0.233751 -0.099109 1.970668
v 0.233751 -0.104109 1.979328
v 0.233751 -0.114109 1.979328
v 0.233751 -0.119109 1.970668
v 0.241904 -0.114109 1.962008
v 0.241904 -0.104109 1.962008
v 0.241904 -0.099109 1.970668
v 0.241904 -0.104109 1.979328
v 0.241904 -0.114109 1.979328
v 0.241904 -0.119109 1.970668
v 0.250058 -0.114109 1.962008
v 0.250058 -0.104109 1.962008
v 0.250058 -0.099109 1.970668
v 0.250058 -0.104109 1.979328
v 0.250058 -0.114109 1.979328
v 0.250058 -0.119109 1.970668
v 0.258211 -0.114109 1.962008
v 0.258211 -0.104109 1.962008
v 0.258211 -0.099109 1.970668
v 0.258211 -0.104109 1.979328
v 0.258211 -0.114109 1.979328
v 0.258211 -0.119109 1.970668
v 0.266365 -0.114109 1.962008
v 0.266365 -0.104109 1.962008
v 0.266365 -0.099109 1.970668
v 0.266365 -0.104109 1.979328
v 0.266365 -0.114109 1.979328
v 0.266365 -0.119109 1.970668
v 0.274518 -0.114109 1.962008
v 0.274518 -0.104109 1.962008
v 0.274518 -0.099109 1.970668
v 0.274518 -0.104109 1.979328
v 0.274518 -0.114109 1.979328
v 0.274518 -0.119109 1.970668
v 0.286041 -0.112803 1.962008
v 0.279302 -0.105415 1.962008
v 0.275932 -0.101721 1.970668
v 0.279302 -0.105415 1.979328
v 0.286041 -0.112803 1.979328
v 0.289411 -0.116497 1.970668
v 0.291743 -0.065011 1.962008
v 0.281753 -0.064552 1.962008
v 0.276759 -0.064323 1.970668
v 0.281753 -0.064552 1.979328
v 0.291743 -0.065011 1.979328
v 0.296738 -0.065240 1.970668
v 0.291748 0.023874 1.962008
v 0.281748 0.023874 1.962008
v 0.276748 0.023874 1.970668
v 0.281748 0.023874 1.979328
v 0.291748 0.023874 1.979328
v 0.296748 0.023874 1.970668
v 0.291748 0.112530 1.962008
v 0.281748 0.112530 1.962008
v 0.276748 0.112530 1.970668
v 0.281748 0.112530 1.979328
v 0.291748 0.112530 1.979328
v 0.296748 0.112530 1.970668
v 0.291748 0.201185 1.962008
v 0.281748 0.201185 1.962008
v 0.276748 0.201185 1.970668
v 0.281748 0.201185 1.979328
v 0.291748 0.201185 1.979328
v 0.296748 0.201185 1.970668
v 0.291748 0.289841 1.962008
v 0.281748 0.289841 1.962008
v 0.276748 0.289841 1.970668
v 0.281748 0.289841 1.979328
v 0.291748 0.289841 1.979328
v 0.296748 0.289841 1.970668
v 0.291748 0.378496 1.962008
v 0.281748 0.378496 1.962008
v 0.276748 0.378496 1.970668
v 0.281748 0.378496 1.979328
v 0.291748 0.378496 1.979328
v 0.296748 0.378496 1.970668
v 0.291748 0.467152 1.962008
v 0.281748 0.467152 1.962008
v 0.276748 0.467152 1.970668
v 0.281748 0.467152 1.979328
v 0.291748 0.467152 1.979328
v 0.296748 0.467152 1.970668
v 0.291748 0.555807 1.962008
v 0.281748 0.555807 1.962008
v 0.276748 0.555807 1.970668
v 0.281748 0.555807 1.979328
v 0.291748 0.555807 1.979328
v 0.296748 0.555807 1.970668
v 0.291748 0.644463 1.962008
v 0.281748 0.644463 1.962008
v 0.276748 0.644463 1.970668
v 0.281748 0.644463 1.979328
v 0.291748 0.644463 1.979328
v 0.296748 0.644463 1.970668
v 0.291748 0.733118 1.962008
v 0.281748 0.733118 1.962008
v 0.276748 0.733118 1.970668
v 0.281748 0.733118 1.979328
v 0.291748 0.733118 1.979328
v 0.296748 0.733118 1.970668
v 0.291748 0.821774 1.962008
v 0.281748 0.821774 1.962008
v 0.276748 0.821774 1.970668
v 0.281748 0.821774 1.979328
v 0.291748 0.821774 1.979328
v 0.296748 0.821774 1.970668
v 0.291748 0.910429 1.962008
v 0.281748 0.910429 1.962008
v 0.276748 0.910429 1.970668
v 0.281748 0.910429 1.979328
v 0.291748 0.910429 1.979328
v 0.296748 0.910429 1.970668
vn -0.0000 -0.5000 -0.8660
vn -0.0000 0.5000 -0.8660
vn -0.0000 1.0000 -0.0000
vn -0.0000 0.5000 0.8660
vn -0.0000 -0.5000 0.8660
vn -0.0000 -1.0000 -0.0000
vn 0.0395 -0.5200 -0.8533
vn 0.1710 0.5389 -0.8248
vn 0.2438 0.9698 -0.0000
vn 0.1710 0.5389 0.8248
vn 0.0395 -0.5200 0.8533
vn 0.0723 -0.9974 -0.0000
vn 0.4344 -0.4191 -0.7973
vn -0.0867 0.1625 -0.9829
vn -0.3644 0.9312 -0.0000
vn -0.0867 0.1625 0.9829
vn 0.4344 -0.4191 0.7973
vn 0.7038 -0.7104 -0.0000
vn 0.5241 -0.0350 -0.8510
vn -0.5067 0.0108 -0.8620
vn -0.9998 0.0210 -0.0000
vn -0.5067 0.0108 0.8620
vn 0.5241 -0.0350 0.8510
vn 0.9978 -0.0658 -0.0000
vn 0.5001 -0.0000 -0.8660
vn -0.5001 -0.0000 -0.8660
vn -1.0000 -0.0000 -0.0000
vn -0.5001 -0.0000 0.8660
vn 0.5001 -0.0000 0.8660
vn 1.0000 -0.0000 -0.0000
vn 0.5000 -0.0000 -0.8660
vn -0.5000 -0.0000 -0.8660
vn -0.5000 -0.0000 0.8660
vn 0.5000 -0.0000 0.8660
vt 0.000000 1.000000
vt 0.043478 1.000000
vt 0.043478 0.833333
vt 0.000000 0.833333
vt 0.000000 0.166667
vt 0.043478 0.166667
vt 0.043478 0.000000
vt 0.000000 0.000000
vt 0.000000 0.333333
vt 0.043478 0.333333
vt 0.000000 0.500000
vt 0.043478 0.500000
vt 0.000000 0.666667
vt 0.043478 0.666667
vt 0.086957 1.000000
vt 0.086957 0.833333
vt 0.086957 0.166667
vt 0.086957 0.000000
vt 0.086957 0.333333
vt 0.086957 0.500000
vt 0.086957 0.666667
vt 0.130435 1.000000
vt 0.130435 0.833333
vt 0.130435 0.166667
vt 0.130435 0.000000
vt 0.130435 0.333333
vt 0.130435 0.500000
vt 0.130435 0.666667
vt 0.173913 1.000000
vt 0.173913 0.833333
vt 0.173913 0.166667
vt 0.173913 0.000000
vt 0.173913 0.333333
vt 0.173913 0.500000
vt 0.173913 0.666667
vt 0.217391 1.000000
vt 0.217391 0.833333
vt 0.217391 0.166667
vt 0.217391 0.000000
vt 0.217391 0.333333
vt 0.217391 0.500000
vt 0.217391 0.666667
vt 0.260870 1.000000
vt 0.260870 0.833333
vt 0.260870 0.166667
vt 0.260870 0.000000
vt 0.260870 0.333333
vt 0.260870 0.500000
vt 0.260870 0.666667
vt 0.304348 1.000000
vt 0.304348 0.833333
vt 0.304348 0.166667
vt 0.304348 0.000000
vt 0.304348 0.333333
vt 0.304348 0.500000
vt 0.304348 0.666667
vt 0.347826 1.000000
vt 0.347826 0.833333
vt 0.347826 0.166667
vt 0.347826 0.000000
vt 0.347826 0.333333
vt 0.347826 0.500000
vt 0.347826 0.666667
vt 0.391304 1.000000
vt 0.391304 0.833333
vt 0.391304 0.166667
vt 0.391304 0.000000
vt 0.391304 0.333333
vt 0.391304 0.500000
vt 0.391304 0.666667
vt 0.434783 1.000000
vt 0.434783 0.833333
vt 0.434783 0.166667
vt 0.434783 0.000000
vt 0.434783 0.333333
vt 0.434783 0.500000
vt 0.434783 0.666667
vt 0.478261 1.000000
vt 0.478261 0.833333
vt 0.478261 0.166667
vt 0.478261 0.000000
vt 0.478261 0.333333
vt 0.478261 0.500000
vt 0.478261 0.666667
vt 0.521739 1.000000
vt 0.521739 0.833333
vt 0.521739 0.166667
vt 0.521739 0.000000
vt 0.521739 0.333333
vt 0.521739 0.500000
vt 0.521739 0.666667
vt 0.565217 1.000000
vt 0.565217 0.833333
vt 0.565217 0.166667
vt 0.565217 0.000000
vt 0.565217 0.333333
vt 0.565217 0.500000
vt 0.565217 0.666667
vt 0.608696 1.000000
vt 0.608696 0.833333
vt 0.608696 0.166667
vt 0.608696 0.000000
vt 0.608696 0.333333
vt 0.608696 0.500000
vt 0.608696 0.666667
vt 0.652174 1.000000
vt 0.652174 0.833333
vt 0.652174 0.166667
vt 0.652174 0.000000
vt 0.652174 0.333333
vt 0.652174 0.500000
vt 0.652174 0.666667
vt 0.695652 1.000000
vt 0.695652 0.833333
vt 0.695652 0.166667
vt 0.695652 0.000000
vt 0.695652 0.333333
vt 0.695652 0.500000
vt 0.695652 0.666667
vt 0.739130 1.000000
vt 0.739130 0.833333
vt 0.739130 0.166667
vt 0.739130 0.000000
vt 0.739130 0.333333
vt 0.739130 0.500000
vt 0.739130 0.666667
vt 0.782609 1.000000
vt 0.782609 0.833333
vt 0.782609 0.166667
vt 0.782609 0.000000
vt 0.782609 0.333333
vt 0.782609 0.500000
vt 0.782609 0.666667
vt 0.826087 1.000000
vt 0.826087 0.833333
vt 0.826087 0.166667
vt 0.826087 0.000000
vt 0.826087 0.333333
vt 0.826087 0.500000
vt 0.826087 0.666667
vt 0.869565 1.000000
vt 0.869565 0.833333
vt 0.869565 0.166667
vt 0.869565 0.000000
vt 0.869565 0.333333
vt 0.869565 0.500000
vt 0.869565 0.666667
vt 0.913043 1.000000
vt 0.913043 0.833333
vt 0.913043 0.166667
vt 0.913043 0.000000
vt 0.913043 0.333333
vt 0.913043 0.500000
vt 0.913043 0.666667
vt 0.956522 1.000000
vt 0.956522 0.833333
vt 0.956522 0.166667
vt 0.956522 0.000000
vt 0.956522 0.333333
vt 0.956522 0.500000
vt 0.956522 0.666667
vt 1.000000 1.000000
vt 1.000000 0.833333
vt 1.000000 0.166667
vt 1.000000 0.000000
vt 1.000000 0.333333
vt 1.000000 0.500000
vt 1.000000 0.666667
s 1
usemtl Material.001
f 4513/5092/4125 4519/5093/4125 4524/5094/4130 4518/5095/4130
f 4514/5096/4126 4520/5097/4126 4519/5098/4125 4513/5099/4125
f 4515/5100/4127 4521/5101/4127 4520/5097/4126 4514/5096/4126
f 4516/5102/4128 4522/5103/4128 4521/5101/4127 4515/5100/4127
f 4517/5104/4129 4523/5105/4129 4522/5103/4128 4516/5102/4128
f 4518/5095/4130 4524/5094/4130 4523/5105/4129 4517/5104/4129
f 4519/5093/4125 4525/5106/4125 4530/5107/4130 4524/5094/4130
f 4520/5097/4126 4526/5108/4126 4525/5109/4125 4519/5098/4125
f 4521/5101/4127 4527/5110/4127 4526/5108/4126 4520/5097/4126
f 4522/5103/4128 4528/5111/4128 4527/5110/4127 4521/5101/4127
f 4523/5105/4129 4529/5112/4129 4528/5111/4128 4522/5103/4128
f 4524/5094/4130 4530/5107/4130 4529/5112/4129 4523/5105/4129
f 4525/5106/4125 4531/5113/4125 4536/5114/4130 4530/5107/4130
f 4526/5108/4126 4532/5115/4126 4531/5116/4125 4525/5109/4125
f 4527/5110/4127 4533/5117/4127 4532/5115/4126 4526/5108/4126
f 4528/5111/4128 4534/5118/4128 4533/5117/4127 4527/5110/4127
f 4529/5112/4129 4535/5119/4129 4534/5118/4128 4528/5111/4128
f 4530/5107/4130 4536/5114/4130 4535/5119/4129 4529/5112/4129
f 4531/5113/4125 4537/5120/4125 4542/5121/4130 4536/5114/4130
f 4532/5115/4126 4538/5122/4126 4537/5123/4125 4531/5116/4125
f 4533/5117/4127 4539/5124/4127 4538/5122/4126 4532/5115/4126
f 4534/5118/4128 4540/5125/4128 4539/5124/4127 4533/5117/4127
f 4535/5119/4129 4541/5126/4129 4540/5125/4128 4534/5118/4128
f 4536/5114/4130 4542/5121/4130 4541/5126/4129 4535/5119/4129
f 4537/5120/4125 4543/5127/4125 4548/5128/4130 4542/5121/4130
f 4538/5122/4126 4544/5129/4126 4543/5130/4125 4537/5123/4125
f 4539/5124/4127 4545/5131/4127 4544/5129/4126 4538/5122/4126
f 4540/5125/4128 4546/5132/4128 4545/5131/4127 4539/5124/4127
f 4541/5126/4129 4547/5133/4129 4546/5132/4128 4540/5125/4128
f 4542/5121/4130 4548/5128/4130 4547/5133/4129 4541/5126/4129
f 4543/5127/4125 4549/5134/4125 4554/5135/4130 4548/5128/4130
f 4544/5129/4126 4550/5136/4126 4549/5137/4125 4543/5130/4125
f 4545/5131/4127 4551/5138/4127 4550/5136/4126 4544/5129/4126
f 4546/5132/4128 4552/5139/4128 4551/5138/4127 4545/5131/4127
f 4547/5133/4129 4553/5140/4129 4552/5139/4128 4546/5132/4128
f 4548/5128/4130 4554/5135/4130 4553/5140/4129 4547/5133/4129
f 4549/5134/4125 4555/5141/4125 4560/5142/4130 4554/5135/4130
f 4550/5136/4126 4556/5143/4126 4555/5144/4125 4549/5137/4125
f 4551/5138/4127 4557/5145/4127 4556/5143/4126 4550/5136/4126
f 4552/5139/4128 4558/5146/4128 4557/5145/4127 4551/5138/4127
f 4553/5140/4129 4559/5147/4129 4558/5146/4128 4552/5139/4128
f 4554/5135/4130 4560/5142/4130 4559/5147/4129 4553/5140/4129
f 4555/5141/4125 4561/5148/4125 4566/5149/4130 4560/5142/4130
f 4556/5143/4126 4562/5150/4126 4561/5151/4125 4555/5144/4125
f 4557/5145/4127 4563/5152/4127 4562/5150/4126 4556/5143/4126
f 4558/5146/4128 4564/5153/4128 4563/5152/4127 4557/5145/4127
f 4559/5147/4129 4565/5154/4129 4564/5153/4128 4558/5146/4128
f 4560/5142/4130 4566/5149/4130 4565/5154/4129 4559/5147/4129
f 4561/5148/4125 4567/5155/4125 4572/5156/4130 4566/5149/4130
f 4562/5150/4126 4568/5157/4126 4567/5158/4125 4561/5151/4125
f 4563/5152/4127 4569/5159/4127 4568/5157/4126 4562/5150/4126
f 4564/5153/4128 4570/5160/4128 4569/5159/4127 4563/5152/4127
f 4565/5154/4129 4571/5161/4129 4570/5160/4128 4564/5153/4128
f 4566/5149/4130 4572/5156/4130 4571/5161/4129 4565/5154/4129
f 4567/5155/4125 4573/5162/4131 4578/5163/4136 4572/5156/4130
f 4568/5157/4126 4574/5164/4132 4573/5165/4131 4567/5158/4125
f 4569/5159/4127 4575/5166/4133 4574/5164/4132 4568/5157/4126
f 4570/5160/4128 4576/5167/4134 4575/5166/4133 4569/5159/4127
f 4571/5161/4129 4577/5168/4135 4576/5167/4134 4570/5160/4128
f 4572/5156/4130 4578/5163/4136 4577/5168/4135 4571/5161/4129
f 4573/5162/4131 4579/5169/4137 4584/5170/4142 4578/5163/4136
f 4574/5164/4132 4580/5171/4138 4579/5172/4137 4573/5165/4131
f 4575/5166/4133 4581/5173/4139 4580/5171/4138 4574/5164/4132
f 4576/5167/4134 4582/5174/4140 4581/5173/4139 4575/5166/4133
f 4577/5168/4135 4583/5175/4141 4582/5174/4140 4576/5167/4134
f 4578/5163/4136 4584/5170/4142 4583/5175/4141 4577/5168/4135
f 4579/5169/4137 4585/5176/4143 4590/5177/4148 4584/5170/4142
f 4580/5171/4138 4586/5178/4144 4585/5179/4143 4579/5172/4137
f 4581/5173/4139 4587/5180/4145 4586/5178/4144 4580/5171/4138
f 4582/5174/4140 4588/5181/4146 4587/5180/4145 4581/5173/4139
f 4583/5175/4141 4589/5182/4147 4588/5181/4146 4582/5174/4140
f 4584/5170/4142 4590/5177/4148 4589/5182/4147 4583/5175/4141
f 4585/5176/4143 4591/5183/4149 4596/5184/4154 4590/5177/4148
f 4586/5178/4144 4592/5185/4150 4591/5186/4149 4585/5179/4143
f 4587/5180/4145 4593/5187/4151 4592/5185/4150 4586/5178/4144
f 4588/5181/4146 4594/5188/4152 4593/5187/4151 4587/5180/4145
f 4589/5182/4147 4595/5189/4153 4594/5188/4152 4588/5181/4146
f 4590/5177/4148 4596/5184/4154 4595/5189/4153 4589/5182/4147
f 4591/5183/4149 4597/5190/4155 4602/5191/4154 4596/5184/4154
f 4592/5185/4150 4598/5192/4156 4597/5193/4155 4591/5186/4149
f 4593/5187/4151 4599/5194/4151 4598/5192/4156 4592/5185/4150
f 4594/5188/4152 4600/5195/4157 4599/5194/4151 4593/5187/4151
f 4595/5189/4153 4601/5196/4158 4600/5195/4157 4594/5188/4152
f 4596/5184/4154 4602/5191/4154 4601/5196/4158 4595/5189/4153
f 4597/5190/4155 4603/5197/4155 4608/5198/4154 4602/5191/4154
f 4598/5192/4156 4604/5199/4156 4603/5200/4155 4597/5193/4155
f 4599/5194/4151 4605/5201/4151 4604/5199/4156 4598/5192/4156
f 4600/5195/4157 4606/5202/4157 4605/5201/4151 4599/5194/4151
f 4601/5196/4158 4607/5203/4158 4606/5202/4157 4600/5195/4157
f 4602/5191/4154 4608/5198/4154 4607/5203/4158 4601/5196/4158
f 4603/5197/4155 4609/5204/4155 4614/5205/4154 4608/5198/4154
f 4604/5199/4156 4610/5206/4156 4609/5207/4155 4603/5200/4155
f 4605/5201/4151 4611/5208/4151 4610/5206/4156 4604/5199/4156
f 4606/5202/4157 4612/5209/4157 4611/5208/4151 4605/5201/4151
f 4607/5203/4158 4613/5210/4158 4612/5209/4157 4606/5202/4157
f 4608/5198/4154 4614/5205/4154 4613/5210/4158 4607/5203/4158
f 4609/5204/4155 4615/5211/4155 4620/5212/4154 4614/5205/4154
f 4610/5206/4156 4616/5213/4156 4615/5214/4155 4609/5207/4155
f 4611/5208/4151 4617/5215/4151 4616/5213/4156 4610/5206/4156
f 4612/5209/4157 4618/5216/4157 4617/5215/4151 4611/5208/4151
f 4613/5210/4158 4619/5217/4158 4618/5216/4157 4612/5209/4157
f 4614/5205/4154 4620/5212/4154 4619/5217/4158 4613/5210/4158
f 4615/5211/4155 4621/5218/4155 4626/5219/4154 4620/5212/4154
f 4616/5213/4156 4622/5220/4156 4621/5221/4155 4615/5214/4155
f 4617/5215/4151 4623/5222/4151 4622/5220/4156 4616/5213/4156
f 4618/5216/4157 4624/5223/4157 4623/5222/4151 4617/5215/4151
f 4619/5217/4158 4625/5224/4158 4624/5223/4157 4618/5216/4157
f 4620/5212/4154 4626/5219/4154 4625/5224/4158 4619/5217/4158
f 4621/5218/4155 4627/5225/4155 4632/5226/4154 4626/5219/4154
f 4622/5220/4156 4628/5227/4156 4627/5228/4155 4621/5221/4155
f 4623/5222/4151 4629/5229/4151 4628/5227/4156 4622/5220/4156
f 4624/5223/4157 4630/5230/4157 4629/5229/4151 4623/5222/4151
f 4625/5224/4158 4631/5231/4158 4630/5230/4157 4624/5223/4157
f 4626/5219/4154 4632/5226/4154 4631/5231/4158 4625/5224/4158
f 4627/5225/4155 4633/5232/4155 4638/5233/4154 4632/5226/4154
f 4628/5227/4156 4634/5234/4156 4633/5235/4155 4627/5228/4155
f 4629/5229/4151 4635/5236/4151 4634/5234/4156 4628/5227/4156
f 4630/5230/4157 4636/5237/4157 4635/5236/4151 4629/5229/4151
f 4631/5231/4158 4637/5238/4158 4636/5237/4157 4630/5230/4157
f 4632/5226/4154 4638/5233/4154 4637/5238/4158 4631/5231/4158
f 4633/5232/4155 4639/5239/4155 4644/5240/4154 4638/5233/4154
f 4634/5234/4156 4640/5241/4156 4639/5242/4155 4633/5235/4155
f 4635/5236/4151 4641/5243/4151 4640/5241/4156 4634/5234/4156
f 4636/5237/4157 4642/5244/4157 4641/5243/4151 4635/5236/4151
f 4637/5238/4158 4643/5245/4158 4642/5244/4157 4636/5237/4157
f 4638/5233/4154 4644/5240/4154 4643/5245/4158 4637/5238/4158
f 4639/5239/4155 4645/5246/4155 4650/5247/4154 4644/5240/4154
f 4640/5241/4156 4646/5248/4156 4645/5249/4155 4639/5242/4155
f 4641/5243/4151 4647/5250/4151 4646/5248/4156 4640/5241/4156
f 4642/5244/4157 4648/5251/4157 4647/5250/4151 4641/5243/4151
f 4643/5245/4158 4649/5252/4158 4648/5251/4157 4642/5244/4157
f 4644/5240/4154 4650/5247/4154 4649/5252/4158 4643/5245/4158
f 4645/5246/4155 4651/5253/4155 4656/5254/4154 4650/5247/4154
f 4646/5248/4156 4652/5255/4156 4651/5256/4155 4645/5249/4155
f 4647/5250/4151 4653/5257/4151 4652/5255/4156 4646/5248/4156
f 4648/5251/4157 4654/5258/4157 4653/5257/4151 4647/5250/4151
f 4649/5252/4158 4655/5259/4158 4654/5258/4157 4648/5251/4157
f 4650/5247/4154 4656/5254/4154 4655/5259/4158 4649/5252/4158
o Cone.001
v 0.286748 0.901966 1.934668
v 0.322748 0.901966 1.970668
v 0.286748 0.901966 2.006668
v 0.250748 0.901966 1.970668
v 0.286748 0.973966 1.970668
vn 0.6667 0.3333 -0.6667
vn 0.6667 0.3333 0.6667
vn -0.0000 -1.0000 -0.0000
vn -0.6667 0.3333 0.6667
vn -0.6667 0.3333 -0.6667
vt 0.250000 0.490000
vt 0.250000 0.250000
vt 0.490000 0.250000
vt 0.250000 0.010000
vt 0.750000 0.490000
vt 0.990000 0.250000
vt 0.750000 0.010000
vt 0.510000 0.250000
vt 0.010000 0.250000
s 0
usemtl Material.001
f 4657/5260/4159 4661/5261/4159 4658/5262/4159
f 4658/5262/4160 4661/5261/4160 4659/5263/4160
f 4657/5264/4161 4658/5265/4161 4659/5266/4161 4660/5267/4161
f 4659/5263/4162 4661/5261/4162 4660/5268/4162
f 4660/5268/4163 4661/5261/4163 4657/5260/4163
o NurbsPath.002
v -0.008660 0.707010 -0.204172
v -0.008660 0.707010 -0.194172
v -0.000000 0.707010 -0.189172
v 0.008660 0.707010 -0.194172
v 0.008660 0.707010 -0.204172
v -0.000000 0.707010 -0.209172
v -0.008660 0.756416 -0.204172
v -0.008660 0.756416 -0.194172
v -0.000000 0.756416 -0.189172
v 0.008660 0.756416 -0.194172
v 0.008660 0.756416 -0.204172
v -0.000000 0.756416 -0.209172
v -0.008660 0.805822 -0.204172
v -0.008660 0.805822 -0.194172
v -0.000000 0.805822 -0.189172
v 0.008660 0.805822 -0.194172
v 0.008660 0.805822 -0.204172
v -0.000000 0.805822 -0.209172
v -0.008660 0.855229 -0.204172
v -0.008660 0.855229 -0.194172
v -0.000000 0.855229 -0.189172
v 0.008660 0.855229 -0.194172
v 0.008660 0.855229 -0.204172
v -0.000000 0.855229 -0.209172
v -0.008660 0.904635 -0.204172
v -0.008660 0.904635 -0.194172
v 0.000000 0.904635 -0.189172
v 0.008660 0.904635 -0.194172
v 0.008660 0.904635 -0.204172
v 0.000000 0.904635 -0.209172
v -0.008660 0.954041 -0.204172
v -0.008660 0.954041 -0.194172
v 0.000000 0.954041 -0.189172
v 0.008660 0.954041 -0.194172
v 0.008660 0.954041 -0.204172
v 0.000000 0.954041 -0.209172
v -0.008660 1.003448 -0.204172
v -0.008660 1.003448 -0.194172
v 0.000000 1.003448 -0.189172
v 0.008660 1.003448 -0.194172
v 0.008660 1.003448 -0.204172
v 0.000000 1.003448 -0.209172
v -0.008660 1.052854 -0.204172
v -0.008660 1.052854 -0.194172
v 0.000000 1.052854 -0.189172
v 0.008660 1.052854 -0.194172
v 0.008660 1.052854 -0.204172
v 0.000000 1.052854 -0.209172
v -0.008660 1.102260 -0.204172
v -0.008660 1.102260 -0.194172
v 0.000000 1.102260 -0.189172
v 0.008660 1.102260 -0.194172
v 0.008660 1.102260 -0.204172
v 0.000000 1.102260 -0.209172
v -0.008660 1.151666 -0.204172
v -0.008660 1.151666 -0.194172
v 0.000000 1.151666 -0.189172
v 0.008660 1.151666 -0.194172
v 0.008660 1.151666 -0.204172
v 0.000000 1.151666 -0.209172
v -0.008660 1.201073 -0.204172
v -0.008660 1.201073 -0.194172
v 0.000000 1.201073 -0.189172
v 0.008660 1.201073 -0.194172
v 0.008660 1.201073 -0.204172
v 0.000000 1.201073 -0.209172
v -0.008660 1.250479 -0.204172
v -0.008660 1.250479 -0.194172
v 0.000000 1.250479 -0.189172
v 0.008660 1.250479 -0.194172
v 0.008660 1.250479 -0.204172
v 0.000000 1.250479 -0.209172
vn -0.8660 -0.0000 -0.5000
vn -0.8660 -0.0000 0.5000
vn -0.0000 -0.0000 1.0000
vn 0.8660 -0.0000 0.5000
vn 0.8660 -0.0000 -0.5000
vn -0.0000 -0.0000 -1.0000
vt 0.000000 1.000000
vt 0.090909 1.000000
vt 0.090909 0.833333
vt 0.000000 0.833333
vt 0.000000 0.166667
vt 0.090909 0.166667
vt 0.090909 0.000000
vt 0.000000 0.000000
vt 0.000000 0.333333
vt 0.090909 0.333333
vt 0.000000 0.500000
vt 0.090909 0.500000
vt 0.000000 0.666667
vt 0.090909 0.666667
vt 0.181818 1.000000
vt 0.181818 0.833333
vt 0.181818 0.166667
vt 0.181818 0.000000
vt 0.181818 0.333333
vt 0.181818 0.500000
vt 0.181818 0.666667
vt 0.272727 1.000000
vt 0.272727 0.833333
vt 0.272727 0.166667
vt 0.272727 0.000000
vt 0.272727 0.333333
vt 0.272727 0.500000
vt 0.272727 0.666667
vt 0.363636 1.000000
vt 0.363636 0.833333
vt 0.363636 0.166667
vt 0.363636 0.000000
vt 0.363636 0.333333
vt 0.363636 0.500000
vt 0.363636 0.666667
vt 0.454545 1.000000
vt 0.454545 0.833333
vt 0.454545 0.166667
vt 0.454545 0.000000
vt 0.454545 0.333333
vt 0.454545 0.500000
vt 0.454545 0.666667
vt 0.545455 1.000000
vt 0.545455 0.833333
vt 0.545455 0.166667
vt 0.545455 0.000000
vt 0.545455 0.333333
vt 0.545455 0.500000
vt 0.545455 0.666667
vt 0.636364 1.000000
vt 0.636364 0.833333
vt 0.636364 0.166667
vt 0.636364 0.000000
vt 0.636364 0.333333
vt 0.636364 0.500000
vt 0.636364 0.666667
vt 0.727273 1.000000
vt 0.727273 0.833333
vt 0.727273 0.166667
vt 0.727273 0.000000
vt 0.727273 0.333333
vt 0.727273 0.500000
vt 0.727273 0.666667
vt 0.818182 1.000000
vt 0.818182 0.833333
vt 0.818182 0.166667
vt 0.818182 0.000000
vt 0.818182 0.333333
vt 0.818182 0.500000
vt 0.818182 0.666667
vt 0.909091 1.000000
vt 0.909091 0.833333
vt 0.909091 0.166667
vt 0.909091 0.000000
vt 0.909091 0.333333
vt 0.909091 0.500000
vt 0.909091 0.666667
vt 1.000000 1.000000
vt 1.000000 0.833333
vt 1.000000 0.166667
vt 1.000000 0.000000
vt 1.000000 0.333333
vt 1.000000 0.500000
vt 1.000000 0.666667
s 1
usemtl Material.001
f 4662/5269/4164 4668/5270/4164 4673/5271/4169 4667/5272/4169
f 4663/5273/4165 4669/5274/4165 4668/5275/4164 4662/5276/4164
f 4664/5277/4166 4670/5278/4166 4669/5274/4165 4663/5273/4165
f 4665/5279/4167 4671/5280/4167 4670/5278/4166 4664/5277/4166
f 4666/5281/4168 4672/5282/4168 4671/5280/4167 4665/5279/4167
f 4667/5272/4169 4673/5271/4169 4672/5282/4168 4666/5281/4168
f 4668/5270/4164 4674/5283/4164 4679/5284/4169 4673/5271/4169
f 4669/5274/4165 4675/5285/4165 4674/5286/4164 4668/5275/4164
f 4670/5278/4166 4676/5287/4166 4675/5285/4165 4669/5274/4165
f 4671/5280/4167 4677/5288/4167 4676/5287/4166 4670/5278/4166
f 4672/5282/4168 4678/5289/4168 4677/5288/4167 4671/5280/4167
f 4673/5271/4169 4679/5284/4169 4678/5289/4168 4672/5282/4168
f 4674/5283/4164 4680/5290/4164 4685/5291/4169 4679/5284/4169
f 4675/5285/4165 4681/5292/4165 4680/5293/4164 4674/5286/4164
f 4676/5287/4166 4682/5294/4166 4681/5292/4165 4675/5285/4165
f 4677/5288/4167 4683/5295/4167 4682/5294/4166 4676/5287/4166
f 4678/5289/4168 4684/5296/4168 4683/5295/4167 4677/5288/4167
f 4679/5284/4169 4685/5291/4169 4684/5296/4168 4678/5289/4168
f 4680/5290/4164 4686/5297/4164 4691/5298/4169 4685/5291/4169
f 4681/5292/4165 4687/5299/4165 4686/5300/4164 4680/5293/4164
f 4682/5294/4166 4688/5301/4166 4687/5299/4165 4681/5292/4165
f 4683/5295/4167 4689/5302/4167 4688/5301/4166 4682/5294/4166
f 4684/5296/4168 4690/5303/4168 4689/5302/4167 4683/5295/4167
f 4685/5291/4169 4691/5298/4169 4690/5303/4168 4684/5296/4168
f 4686/5297/4164 4692/5304/4164 4697/5305/4169 4691/5298/4169
f 4687/5299/4165 4693/5306/4165 4692/5307/4164 4686/5300/4164
f 4688/5301/4166 4694/5308/4166 4693/5306/4165 4687/5299/4165
f 4689/5302/4167 4695/5309/4167 4694/5308/4166 4688/5301/4166
f 4690/5303/4168 4696/5310/4168 4695/5309/4167 4689/5302/4167
f 4691/5298/4169 4697/5305/4169 4696/5310/4168 4690/5303/4168
f 4692/5304/4164 4698/5311/4164 4703/5312/4169 4697/5305/4169
f 4693/5306/4165 4699/5313/4165 4698/5314/4164 4692/5307/4164
f 4694/5308/4166 4700/5315/4166 4699/5313/4165 4693/5306/4165
f 4695/5309/4167 4701/5316/4167 4700/5315/4166 4694/5308/4166
f 4696/5310/4168 4702/5317/4168 4701/5316/4167 4695/5309/4167
f 4697/5305/4169 4703/5312/4169 4702/5317/4168 4696/5310/4168
f 4698/5311/4164 4704/5318/4164 4709/5319/4169 4703/5312/4169
f 4699/5313/4165 4705/5320/4165 4704/5321/4164 4698/5314/4164
f 4700/5315/4166 4706/5322/4166 4705/5320/4165 4699/5313/4165
f 4701/5316/4167 4707/5323/4167 4706/5322/4166 4700/5315/4166
f 4702/5317/4168 4708/5324/4168 4707/5323/4167 4701/5316/4167
f 4703/5312/4169 4709/5319/4169 4708/5324/4168 4702/5317/4168
f 4704/5318/4164 4710/5325/4164 4715/5326/4169 4709/5319/4169
f 4705/5320/4165 4711/5327/4165 4710/5328/4164 4704/5321/4164
f 4706/5322/4166 4712/5329/4166 4711/5327/4165 4705/5320/4165
f 4707/5323/4167 4713/5330/4167 4712/5329/4166 4706/5322/4166
f 4708/5324/4168 4714/5331/4168 4713/5330/4167 4707/5323/4167
f 4709/5319/4169 4715/5326/4169 4714/5331/4168 4708/5324/4168
f 4710/5325/4164 4716/5332/4164 4721/5333/4169 4715/5326/4169
f 4711/5327/4165 4717/5334/4165 4716/5335/4164 4710/5328/4164
f 4712/5329/4166 4718/5336/4166 4717/5334/4165 4711/5327/4165
f 4713/5330/4167 4719/5337/4167 4718/5336/4166 4712/5329/4166
f 4714/5331/4168 4720/5338/4168 4719/5337/4167 4713/5330/4167
f 4715/5326/4169 4721/5333/4169 4720/5338/4168 4714/5331/4168
f 4716/5332/4164 4722/5339/4164 4727/5340/4169 4721/5333/4169
f 4717/5334/4165 4723/5341/4165 4722/5342/4164 4716/5335/4164
f 4718/5336/4166 4724/5343/4166 4723/5341/4165 4717/5334/4165
f 4719/5337/4167 4725/5344/4167 4724/5343/4166 4718/5336/4166
f 4720/5338/4168 4726/5345/4168 4725/5344/4167 4719/5337/4167
f 4721/5333/4169 4727/5340/4169 4726/5345/4168 4720/5338/4168
f 4722/5339/4164 4728/5346/4164 4733/5347/4169 4727/5340/4169
f 4723/5341/4165 4729/5348/4165 4728/5349/4164 4722/5342/4164
f 4724/5343/4166 4730/5350/4166 4729/5348/4165 4723/5341/4165
f 4725/5344/4167 4731/5351/4167 4730/5350/4166 4724/5343/4166
f 4726/5345/4168 4732/5352/4168 4731/5351/4167 4725/5344/4167
f 4727/5340/4169 4733/5347/4169 4732/5352/4168 4726/5345/4168
o NurbsPath.002
v -0.008660 0.707010 -0.204172
v -0.008660 0.707010 -0.194172
v -0.000000 0.707010 -0.189172
v 0.008660 0.707010 -0.194172
v 0.008660 0.707010 -0.204172
v -0.000000 0.707010 -0.209172
v -0.008660 0.756416 -0.204172
v -0.008660 0.756416 -0.194172
v -0.000000 0.756416 -0.189172
v 0.008660 0.756416 -0.194172
v 0.008660 0.756416 -0.204172
v -0.000000 0.756416 -0.209172
v -0.008660 0.805822 -0.204172
v -0.008660 0.805822 -0.194172
v -0.000000 0.805822 -0.189172
v 0.008660 0.805822 -0.194172
v 0.008660 0.805822 -0.204172
v -0.000000 0.805822 -0.209172
v -0.008660 0.855229 -0.204172
v -0.008660 0.855229 -0.194172
v -0.000000 0.855229 -0.189172
v 0.008660 0.855229 -0.194172
v 0.008660 0.855229 -0.204172
v -0.000000 0.855229 -0.209172
v -0.008660 0.904635 -0.204172
v -0.008660 0.904635 -0.194172
v 0.000000 0.904635 -0.189172
v 0.008660 0.904635 -0.194172
v 0.008660 0.904635 -0.204172
v 0.000000 0.904635 -0.209172
v -0.008660 0.954041 -0.204172
v -0.008660 0.954041 -0.194172
v 0.000000 0.954041 -0.189172
v 0.008660 0.954041 -0.194172
v 0.008660 0.954041 -0.204172
v 0.000000 0.954041 -0.209172
v -0.008660 1.003448 -0.204172
v -0.008660 1.003448 -0.194172
v 0.000000 1.003448 -0.189172
v 0.008660 1.003448 -0.194172
v 0.008660 1.003448 -0.204172
v 0.000000 1.003448 -0.209172
v -0.008660 1.052854 -0.204172
v -0.008660 1.052854 -0.194172
v 0.000000 1.052854 -0.189172
v 0.008660 1.052854 -0.194172
v 0.008660 1.052854 -0.204172
v 0.000000 1.052854 -0.209172
v -0.008660 1.102260 -0.204172
v -0.008660 1.102260 -0.194172
v 0.000000 1.102260 -0.189172
v 0.008660 1.102260 -0.194172
v 0.008660 1.102260 -0.204172
v 0.000000 1.102260 -0.209172
v -0.008660 1.151666 -0.204172
v -0.008660 1.151666 -0.194172
v 0.000000 1.151666 -0.189172
v 0.008660 1.151666 -0.194172
v 0.008660 1.151666 -0.204172
v 0.000000 1.151666 -0.209172
v -0.008660 1.201073 -0.204172
v -0.008660 1.201073 -0.194172
v 0.000000 1.201073 -0.189172
v 0.008660 1.201073 -0.194172
v 0.008660 1.201073 -0.204172
v 0.000000 1.201073 -0.209172
v -0.008660 1.250479 -0.204172
v -0.008660 1.250479 -0.194172
v 0.000000 1.250479 -0.189172
v 0.008660 1.250479 -0.194172
v 0.008660 1.250479 -0.204172
v 0.000000 1.250479 -0.209172
vn -0.8660 -0.0000 -0.5000
vn -0.8660 -0.0000 0.5000
vn -0.0000 -0.0000 1.0000
vn 0.8660 -0.0000 0.5000
vn 0.8660 -0.0000 -0.5000
vn -0.0000 -0.0000 -1.0000
vt 0.000000 1.000000
vt 0.090909 1.000000
vt 0.090909 0.833333
vt 0.000000 0.833333
vt 0.000000 0.166667
vt 0.090909 0.166667
vt 0.090909 0.000000
vt 0.000000 0.000000
vt 0.000000 0.333333
vt 0.090909 0.333333
vt 0.000000 0.500000
vt 0.090909 0.500000
vt 0.000000 0.666667
vt 0.090909 0.666667
vt 0.181818 1.000000
vt 0.181818 0.833333
vt 0.181818 0.166667
vt 0.181818 0.000000
vt 0.181818 0.333333
vt 0.181818 0.500000
vt 0.181818 0.666667
vt 0.272727 1.000000
vt 0.272727 0.833333
vt 0.272727 0.166667
vt 0.272727 0.000000
vt 0.272727 0.333333
vt 0.272727 0.500000
vt 0.272727 0.666667
vt 0.363636 1.000000
vt 0.363636 0.833333
vt 0.363636 0.166667
vt 0.363636 0.000000
vt 0.363636 0.333333
vt 0.363636 0.500000
vt 0.363636 0.666667
vt 0.454545 1.000000
vt 0.454545 0.833333
vt 0.454545 0.166667
vt 0.454545 0.000000
vt 0.454545 0.333333
vt 0.454545 0.500000
vt 0.454545 0.666667
vt 0.545455 1.000000
vt 0.545455 0.833333
vt 0.545455 0.166667
vt 0.545455 0.000000
vt 0.545455 0.333333
vt 0.545455 0.500000
vt 0.545455 0.666667
vt 0.636364 1.000000
vt 0.636364 0.833333
vt 0.636364 0.166667
vt 0.636364 0.000000
vt 0.636364 0.333333
vt 0.636364 0.500000
vt 0.636364 0.666667
vt 0.727273 1.000000
vt 0.727273 0.833333
vt 0.727273 0.166667
vt 0.727273 0.000000
vt 0.727273 0.333333
vt 0.727273 0.500000
vt 0.727273 0.666667
vt 0.818182 1.000000
vt 0.818182 0.833333
vt 0.818182 0.166667
vt 0.818182 0.000000
vt 0.818182 0.333333
vt 0.818182 0.500000
vt 0.818182 0.666667
vt 0.909091 1.000000
vt 0.909091 0.833333
vt 0.909091 0.166667
vt 0.909091 0.000000
vt 0.909091 0.333333
vt 0.909091 0.500000
vt 0.909091 0.666667
vt 1.000000 1.000000
vt 1.000000 0.833333
vt 1.000000 0.166667
vt 1.000000 0.000000
vt 1.000000 0.333333
vt 1.000000 0.500000
vt 1.000000 0.666667
s 1
usemtl Material.001
f 4734/5353/4170 4740/5354/4170 4745/5355/4175 4739/5356/4175
f 4735/5357/4171 4741/5358/4171 4740/5359/4170 4734/5360/4170
f 4736/5361/4172 4742/5362/4172 4741/5358/4171 4735/5357/4171
f 4737/5363/4173 4743/5364/4173 4742/5362/4172 4736/5361/4172
f 4738/5365/4174 4744/5366/4174 4743/5364/4173 4737/5363/4173
f 4739/5356/4175 4745/5355/4175 4744/5366/4174 4738/5365/4174
f 4740/5354/4170 4746/5367/4170 4751/5368/4175 4745/5355/4175
f 4741/5358/4171 4747/5369/4171 4746/5370/4170 4740/5359/4170
f 4742/5362/4172 4748/5371/4172 4747/5369/4171 4741/5358/4171
f 4743/5364/4173 4749/5372/4173 4748/5371/4172 4742/5362/4172
f 4744/5366/4174 4750/5373/4174 4749/5372/4173 4743/5364/4173
f 4745/5355/4175 4751/5368/4175 4750/5373/4174 4744/5366/4174
f 4746/5367/4170 4752/5374/4170 4757/5375/4175 4751/5368/4175
f 4747/5369/4171 4753/5376/4171 4752/5377/4170 4746/5370/4170
f 4748/5371/4172 4754/5378/4172 4753/5376/4171 4747/5369/4171
f 4749/5372/4173 4755/5379/4173 4754/5378/4172 4748/5371/4172
f 4750/5373/4174 4756/5380/4174 4755/5379/4173 4749/5372/4173
f 4751/5368/4175 4757/5375/4175 4756/5380/4174 4750/5373/4174
f 4752/5374/4170 4758/5381/4170 4763/5382/4175 4757/5375/4175
f 4753/5376/4171 4759/5383/4171 4758/5384/4170 4752/5377/4170
f 4754/5378/4172 4760/5385/4172 4759/5383/4171 4753/5376/4171
f 4755/5379/4173 4761/5386/4173 4760/5385/4172 4754/5378/4172
f 4756/5380/4174 4762/5387/4174 4761/5386/4173 4755/5379/4173
f 4757/5375/4175 4763/5382/4175 4762/5387/4174 4756/5380/4174
f 4758/5381/4170 4764/5388/4170 4769/5389/4175 4763/5382/4175
f 4759/5383/4171 4765/5390/4171 4764/5391/4170 4758/5384/4170
f 4760/5385/4172 4766/5392/4172 4765/5390/4171 4759/5383/4171
f 4761/5386/4173 4767/5393/4173 4766/5392/4172 4760/5385/4172
f 4762/5387/4174 4768/5394/4174 4767/5393/4173 4761/5386/4173
f 4763/5382/4175 4769/5389/4175 4768/5394/4174 4762/5387/4174
f 4764/5388/4170 4770/5395/4170 4775/5396/4175 4769/5389/4175
f 4765/5390/4171 4771/5397/4171 4770/5398/4170 4764/5391/4170
f 4766/5392/4172 4772/5399/4172 4771/5397/4171 4765/5390/4171
f 4767/5393/4173 4773/5400/4173 4772/5399/4172 4766/5392/4172
f 4768/5394/4174 4774/5401/4174 4773/5400/4173 4767/5393/4173
f 4769/5389/4175 4775/5396/4175 4774/5401/4174 4768/5394/4174
f 4770/5395/4170 4776/5402/4170 4781/5403/4175 4775/5396/4175
f 4771/5397/4171 4777/5404/4171 4776/5405/4170 4770/5398/4170
f 4772/5399/4172 4778/5406/4172 4777/5404/4171 4771/5397/4171
f 4773/5400/4173 4779/5407/4173 4778/5406/4172 4772/5399/4172
f 4774/5401/4174 4780/5408/4174 4779/5407/4173 4773/5400/4173
f 4775/5396/4175 4781/5403/4175 4780/5408/4174 4774/5401/4174
f 4776/5402/4170 4782/5409/4170 4787/5410/4175 4781/5403/4175
f 4777/5404/4171 4783/5411/4171 4782/5412/4170 4776/5405/4170
f 4778/5406/4172 4784/5413/4172 4783/5411/4171 4777/5404/4171
f 4779/5407/4173 4785/5414/4173 4784/5413/4172 4778/5406/4172
f 4780/5408/4174 4786/5415/4174 4785/5414/4173 4779/5407/4173
f 4781/5403/4175 4787/5410/4175 4786/5415/4174 4780/5408/4174
f 4782/5409/4170 4788/5416/4170 4793/5417/4175 4787/5410/4175
f 4783/5411/4171 4789/5418/4171 4788/5419/4170 4782/5412/4170
f 4784/5413/4172 4790/5420/4172 4789/5418/4171 4783/5411/4171
f 4785/5414/4173 4791/5421/4173 4790/5420/4172 4784/5413/4172
f 4786/5415/4174 4792/5422/4174 4791/5421/4173 4785/5414/4173
f 4787/5410/4175 4793/5417/4175 4792/5422/4174 4786/5415/4174
f 4788/5416/4170 4794/5423/4170 4799/5424/4175 4793/5417/4175
f 4789/5418/4171 4795/5425/4171 4794/5426/4170 4788/5419/4170
f 4790/5420/4172 4796/5427/4172 4795/5425/4171 4789/5418/4171
f 4791/5421/4173 4797/5428/4173 4796/5427/4172 4790/5420/4172
f 4792/5422/4174 4798/5429/4174 4797/5428/4173 4791/5421/4173
f 4793/5417/4175 4799/5424/4175 4798/5429/4174 4792/5422/4174
f 4794/5423/4170 4800/5430/4170 4805/5431/4175 4799/5424/4175
f 4795/5425/4171 4801/5432/4171 4800/5433/4170 4794/5426/4170
f 4796/5427/4172 4802/5434/4172 4801/5432/4171 4795/5425/4171
f 4797/5428/4173 4803/5435/4173 4802/5434/4172 4796/5427/4172
f 4798/5429/4174 4804/5436/4174 4803/5435/4173 4797/5428/4173
f 4799/5424/4175 4805/5431/4175 4804/5436/4174 4798/5429/4174
o Cone.002
v 0.000000 1.242015 -0.235172
v 0.036000 1.242015 -0.199172
v 0.000000 1.242015 -0.163172
v -0.036000 1.242015 -0.199172
v 0.000000 1.314015 -0.199172
vn 0.6667 0.3333 -0.6667
vn 0.6667 0.3333 0.6667
vn -0.0000 -1.0000 -0.0000
vn -0.6667 0.3333 0.6667
vn -0.6667 0.3333 -0.6667
vt 0.250000 0.490000
vt 0.250000 0.250000
vt 0.490000 0.250000
vt 0.250000 0.010000
vt 0.750000 0.490000
vt 0.990000 0.250000
vt 0.750000 0.010000
vt 0.510000 0.250000
vt 0.010000 0.250000
s 0
usemtl Material.001
f 4806/5437/4176 4810/5438/4176 4807/5439/4176
f 4807/5439/4177 4810/5438/4177 4808/5440/4177
f 4806/5441/4178 4807/5442/4178 4808/5443/4178 4809/5444/4178
f 4808/5440/4179 4810/5438/4179 4809/5445/4179
f 4809/5445/4180 4810/5438/4180 4806/5437/4180
o NurbsPath.003
v -0.331414 -0.562434 0.760008
v -0.331414 -0.552434 0.760008
v -0.331414 -0.547434 0.751347
v -0.331414 -0.552434 0.742687
v -0.331414 -0.562434 0.742687
v -0.331414 -0.567434 0.751347
v -0.340180 -0.562434 0.760008
v -0.340180 -0.552434 0.760008
v -0.340180 -0.547434 0.751347
v -0.340180 -0.552434 0.742687
v -0.340180 -0.562434 0.742687
v -0.340180 -0.567434 0.751347
v -0.348945 -0.562434 0.760008
v -0.348945 -0.552434 0.760008
v -0.348945 -0.547434 0.751347
v -0.348945 -0.552434 0.742687
v -0.348945 -0.562434 0.742687
v -0.348945 -0.567434 0.751347
v -0.357710 -0.562434 0.760008
v -0.357710 -0.552434 0.760008
v -0.357710 -0.547434 0.751347
v -0.357710 -0.552434 0.742687
v -0.357710 -0.562434 0.742687
v -0.357710 -0.567434 0.751347
v -0.366475 -0.562434 0.760008
v -0.366475 -0.552434 0.760008
v -0.366475 -0.547434 0.751347
v -0.366475 -0.552434 0.742687
v -0.366475 -0.562434 0.742687
v -0.366475 -0.567434 0.751347
v -0.375240 -0.562434 0.760008
v -0.375240 -0.552434 0.760008
v -0.375240 -0.547434 0.751347
v -0.375240 -0.552434 0.742687
v -0.375240 -0.562434 0.742687
v -0.375240 -0.567434 0.751347
v -0.384005 -0.562434 0.760008
v -0.384005 -0.552434 0.760008
v -0.384005 -0.547434 0.751347
v -0.384005 -0.552434 0.742687
v -0.384005 -0.562434 0.742687
v -0.384005 -0.567434 0.751347
v -0.392771 -0.562434 0.760008
v -0.392771 -0.552434 0.760008
v -0.392771 -0.547434 0.751347
v -0.392771 -0.552434 0.742687
v -0.392771 -0.562434 0.742687
v -0.392771 -0.567434 0.751347
v -0.401536 -0.562434 0.760008
v -0.401536 -0.552434 0.760008
v -0.401536 -0.547434 0.751347
v -0.401536 -0.552434 0.742687
v -0.401536 -0.562434 0.742687
v -0.401536 -0.567434 0.751347
v -0.410301 -0.562434 0.760008
v -0.410301 -0.552434 0.760008
v -0.410301 -0.547434 0.751347
v -0.410301 -0.552434 0.742687
v -0.410301 -0.562434 0.742687
v -0.410301 -0.567434 0.751347
v -0.419066 -0.562434 0.760008
v -0.419066 -0.552434 0.760008
v -0.419066 -0.547434 0.751347
v -0.419066 -0.552434 0.742687
v -0.419066 -0.562434 0.742687
v -0.419066 -0.567434 0.751347
v -0.431244 -0.561088 0.760008
v -0.424419 -0.553779 0.760008
v -0.421007 -0.550124 0.751347
v -0.424419 -0.553779 0.742687
v -0.431244 -0.561088 0.742687
v -0.434656 -0.564743 0.751347
v -0.437211 -0.493785 0.760008
v -0.427217 -0.493442 0.760008
v -0.422220 -0.493271 0.751347
v -0.427217 -0.493442 0.742687
v -0.437211 -0.493785 0.742687
v -0.442208 -0.493957 0.751347
v -0.437214 -0.365973 0.760008
v -0.427214 -0.365973 0.760008
v -0.422214 -0.365973 0.751347
v -0.427214 -0.365973 0.742687
v -0.437214 -0.365973 0.742687
v -0.442214 -0.365973 0.751347
v -0.437214 -0.238333 0.760008
v -0.427214 -0.238333 0.760008
v -0.422214 -0.238333 0.751347
v -0.427214 -0.238333 0.742687
v -0.437214 -0.238333 0.742687
v -0.442214 -0.238333 0.751347
v -0.437214 -0.110693 0.760008
v -0.427214 -0.110693 0.760008
v -0.422214 -0.110693 0.751347
v -0.427214 -0.110693 0.742687
v -0.437214 -0.110693 0.742687
v -0.442214 -0.110693 0.751347
v -0.437214 0.016947 0.760008
v -0.427214 0.016947 0.760008
v -0.422214 0.016947 0.751347
v -0.427214 0.016947 0.742687
v -0.437214 0.016947 0.742687
v -0.442214 0.016947 0.751347
v -0.437214 0.144587 0.760008
v -0.427214 0.144587 0.760008
v -0.422214 0.144587 0.751347
v -0.427214 0.144587 0.742687
v -0.437214 0.144587 0.742687
v -0.442214 0.144587 0.751347
v -0.437214 0.272228 0.760008
v -0.427214 0.272228 0.760008
v -0.422214 0.272228 0.751347
v -0.427214 0.272228 0.742687
v -0.437214 0.272228 0.742687
v -0.442214 0.272228 0.751347
v -0.437214 0.399868 0.760008
v -0.427214 0.399868 0.760008
v -0.422214 0.399868 0.751347
v -0.427214 0.399868 0.742687
v -0.437214 0.399868 0.742687
v -0.442214 0.399868 0.751347
v -0.437214 0.527508 0.760008
v -0.427214 0.527508 0.760008
v -0.422214 0.527508 0.751347
v -0.427214 0.527508 0.742687
v -0.437214 0.527508 0.742687
v -0.442214 0.527508 0.751347
v -0.437214 0.655148 0.760008
v -0.427214 0.655148 0.760008
v -0.422214 0.655148 0.751347
v -0.427214 0.655148 0.742687
v -0.437214 0.655148 0.742687
v -0.442214 0.655148 0.751347
v -0.437214 0.782789 0.760008
v -0.427214 0.782789 0.760008
v -0.422214 0.782789 0.751347
v -0.427214 0.782789 0.742687
v -0.437214 0.782789 0.742687
v -0.442214 0.782789 0.751347
v -0.437214 0.910429 0.760008
v -0.427214 0.910429 0.760008
v -0.422214 0.910429 0.751347
v -0.427214 0.910429 0.742687
v -0.437214 0.910429 0.742687
v -0.442214 0.910429 0.751347
vn -0.0000 -0.5000 0.8660
vn -0.0000 0.5000 0.8660
vn -0.0000 1.0000 -0.0000
vn -0.0000 0.5000 -0.8660
vn -0.0000 -0.5000 -0.8660
vn -0.0000 -1.0000 -0.0000
vn -0.0387 -0.5201 0.8532
vn -0.1518 0.5405 0.8275
vn -0.2225 0.9749 -0.0000
vn -0.1518 0.5405 -0.8275
vn -0.0387 -0.5201 -0.8532
vn -0.0709 -0.9975 -0.0000
vn -0.4413 -0.4123 0.7970
vn 0.0957 0.1652 0.9816
vn 0.3991 0.9169 -0.0000
vn 0.0957 0.1652 -0.9816
vn -0.4413 -0.4123 -0.7970
vn -0.7135 -0.7007 -0.0000
vn -0.5218 -0.0260 0.8527
vn 0.5083 0.0089 0.8611
vn 0.9999 0.0173 -0.0000
vn 0.5083 0.0089 -0.8611
vn -0.5218 -0.0260 -0.8527
vn -0.9988 -0.0492 -0.0000
vn -0.5000 -0.0000 0.8660
vn 0.5000 -0.0000 0.8660
vn 1.0000 -0.0000 -0.0000
vn 0.5000 -0.0000 -0.8660
vn -0.5000 -0.0000 -0.8660
vn -1.0000 -0.0000 -0.0000
vt 0.000000 1.000000
vt 0.043478 1.000000
vt 0.043478 0.833333
vt 0.000000 0.833333
vt 0.000000 0.166667
vt 0.043478 0.166667
vt 0.043478 0.000000
vt 0.000000 0.000000
vt 0.000000 0.333333
vt 0.043478 0.333333
vt 0.000000 0.500000
vt 0.043478 0.500000
vt 0.000000 0.666667
vt 0.043478 0.666667
vt 0.086957 1.000000
vt 0.086957 0.833333
vt 0.086957 0.166667
vt 0.086957 0.000000
vt 0.086957 0.333333
vt 0.086957 0.500000
vt 0.086957 0.666667
vt 0.130435 1.000000
vt 0.130435 0.833333
vt 0.130435 0.166667
vt 0.130435 0.000000
vt 0.130435 0.333333
vt 0.130435 0.500000
vt 0.130435 0.666667
vt 0.173913 1.000000
vt 0.173913 0.833333
vt 0.173913 0.166667
vt 0.173913 0.000000
vt 0.173913 0.333333
vt 0.173913 0.500000
vt 0.173913 0.666667
vt 0.217391 1.000000
vt 0.217391 0.833333
vt 0.217391 0.166667
vt 0.217391 0.000000
vt 0.217391 0.333333
vt 0.217391 0.500000
vt 0.217391 0.666667
vt 0.260870 1.000000
vt 0.260870 0.833333
vt 0.260870 0.166667
vt 0.260870 0.000000
vt 0.260870 0.333333
vt 0.260870 0.500000
vt 0.260870 0.666667
vt 0.304348 1.000000
vt 0.304348 0.833333
vt 0.304348 0.166667
vt 0.304348 0.000000
vt 0.304348 0.333333
vt 0.304348 0.500000
vt 0.304348 0.666667
vt 0.347826 1.000000
vt 0.347826 0.833333
vt 0.347826 0.166667
vt 0.347826 0.000000
vt 0.347826 0.333333
vt 0.347826 0.500000
vt 0.347826 0.666667
vt 0.391304 1.000000
vt 0.391304 0.833333
vt 0.391304 0.166667
vt 0.391304 0.000000
vt 0.391304 0.333333
vt 0.391304 0.500000
vt 0.391304 0.666667
vt 0.434783 1.000000
vt 0.434783 0.833333
vt 0.434783 0.166667
vt 0.434783 0.000000
vt 0.434783 0.333333
vt 0.434783 0.500000
vt 0.434783 0.666667
vt 0.478261 1.000000
vt 0.478261 0.833333
vt 0.478261 0.166667
vt 0.478261 0.000000
vt 0.478261 0.333333
vt 0.478261 0.500000
vt 0.478261 0.666667
vt 0.521739 1.000000
vt 0.521739 0.833333
vt 0.521739 0.166667
vt 0.521739 0.000000
vt 0.521739 0.333333
vt 0.521739 0.500000
vt 0.521739 0.666667
vt 0.565217 1.000000
vt 0.565217 0.833333
vt 0.565217 0.166667
vt 0.565217 0.000000
vt 0.565217 0.333333
vt 0.565217 0.500000
vt 0.565217 0.666667
vt 0.608696 1.000000
vt 0.608696 0.833333
vt 0.608696 0.166667
vt 0.608696 0.000000
vt 0.608696 0.333333
vt 0.608696 0.500000
vt 0.608696 0.666667
vt 0.652174 1.000000
vt 0.652174 0.833333
vt 0.652174 0.166667
vt 0.652174 0.000000
vt 0.652174 0.333333
vt 0.652174 0.500000
vt 0.652174 0.666667
vt 0.695652 1.000000
vt 0.695652 0.833333
vt 0.695652 0.166667
vt 0.695652 0.000000
vt 0.695652 0.333333
vt 0.695652 0.500000
vt 0.695652 0.666667
vt 0.739130 1.000000
vt 0.739130 0.833333
vt 0.739130 0.166667
vt 0.739130 0.000000
vt 0.739130 0.333333
vt 0.739130 0.500000
vt 0.739130 0.666667
vt 0.782609 1.000000
vt 0.782609 0.833333
vt 0.782609 0.166667
vt 0.782609 0.000000
vt 0.782609 0.333333
vt 0.782609 0.500000
vt 0.782609 0.666667
vt 0.826087 1.000000
vt 0.826087 0.833333
vt 0.826087 0.166667
vt 0.826087 0.000000
vt 0.826087 0.333333
vt 0.826087 0.500000
vt 0.826087 0.666667
vt 0.869565 1.000000
vt 0.869565 0.833333
vt 0.869565 0.166667
vt 0.869565 0.000000
vt 0.869565 0.333333
vt 0.869565 0.500000
vt 0.869565 0.666667
vt 0.913043 1.000000
vt 0.913043 0.833333
vt 0.913043 0.166667
vt 0.913043 0.000000
vt 0.913043 0.333333
vt 0.913043 0.500000
vt 0.913043 0.666667
vt 0.956522 1.000000
vt 0.956522 0.833333
vt 0.956522 0.166667
vt 0.956522 0.000000
vt 0.956522 0.333333
vt 0.956522 0.500000
vt 0.956522 0.666667
vt 1.000000 1.000000
vt 1.000000 0.833333
vt 1.000000 0.166667
vt 1.000000 0.000000
vt 1.000000 0.333333
vt 1.000000 0.500000
vt 1.000000 0.666667
s 1
usemtl Material.001
f 4811/5446/4181 4817/5447/4181 4822/5448/4186 4816/5449/4186
f 4812/5450/4182 4818/5451/4182 4817/5452/4181 4811/5453/4181
f 4813/5454/4183 4819/5455/4183 4818/5451/4182 4812/5450/4182
f 4814/5456/4184 4820/5457/4184 4819/5455/4183 4813/5454/4183
f 4815/5458/4185 4821/5459/4185 4820/5457/4184 4814/5456/4184
f 4816/5449/4186 4822/5448/4186 4821/5459/4185 4815/5458/4185
f 4817/5447/4181 4823/5460/4181 4828/5461/4186 4822/5448/4186
f 4818/5451/4182 4824/5462/4182 4823/5463/4181 4817/5452/4181
f 4819/5455/4183 4825/5464/4183 4824/5462/4182 4818/5451/4182
f 4820/5457/4184 4826/5465/4184 4825/5464/4183 4819/5455/4183
f 4821/5459/4185 4827/5466/4185 4826/5465/4184 4820/5457/4184
f 4822/5448/4186 4828/5461/4186 4827/5466/4185 4821/5459/4185
f 4823/5460/4181 4829/5467/4181 4834/5468/4186 4828/5461/4186
f 4824/5462/4182 4830/5469/4182 4829/5470/4181 4823/5463/4181
f 4825/5464/4183 4831/5471/4183 4830/5469/4182 4824/5462/4182
f 4826/5465/4184 4832/5472/4184 4831/5471/4183 4825/5464/4183
f 4827/5466/4185 4833/5473/4185 4832/5472/4184 4826/5465/4184
f 4828/5461/4186 4834/5468/4186 4833/5473/4185 4827/5466/4185
f 4829/5467/4181 4835/5474/4181 4840/5475/4186 4834/5468/4186
f 4830/5469/4182 4836/5476/4182 4835/5477/4181 4829/5470/4181
f 4831/5471/4183 4837/5478/4183 4836/5476/4182 4830/5469/4182
f 4832/5472/4184 4838/5479/4184 4837/5478/4183 4831/5471/4183
f 4833/5473/4185 4839/5480/4185 4838/5479/4184 4832/5472/4184
f 4834/5468/4186 4840/5475/4186 4839/5480/4185 4833/5473/4185
f 4835/5474/4181 4841/5481/4181 4846/5482/4186 4840/5475/4186
f 4836/5476/4182 4842/5483/4182 4841/5484/4181 4835/5477/4181
f 4837/5478/4183 4843/5485/4183 4842/5483/4182 4836/5476/4182
f 4838/5479/4184 4844/5486/4184 4843/5485/4183 4837/5478/4183
f 4839/5480/4185 4845/5487/4185 4844/5486/4184 4838/5479/4184
f 4840/5475/4186 4846/5482/4186 4845/5487/4185 4839/5480/4185
f 4841/5481/4181 4847/5488/4181 4852/5489/4186 4846/5482/4186
f 4842/5483/4182 4848/5490/4182 4847/5491/4181 4841/5484/4181
f 4843/5485/4183 4849/5492/4183 4848/5490/4182 4842/5483/4182
f 4844/5486/4184 4850/5493/4184 4849/5492/4183 4843/5485/4183
f 4845/5487/4185 4851/5494/4185 4850/5493/4184 4844/5486/4184
f 4846/5482/4186 4852/5489/4186 4851/5494/4185 4845/5487/4185
f 4847/5488/4181 4853/5495/4181 4858/5496/4186 4852/5489/4186
f 4848/5490/4182 4854/5497/4182 4853/5498/4181 4847/5491/4181
f 4849/5492/4183 4855/5499/4183 4854/5497/4182 4848/5490/4182
f 4850/5493/4184 4856/5500/4184 4855/5499/4183 4849/5492/4183
f 4851/5494/4185 4857/5501/4185 4856/5500/4184 4850/5493/4184
f 4852/5489/4186 4858/5496/4186 4857/5501/4185 4851/5494/4185
f 4853/5495/4181 4859/5502/4181 4864/5503/4186 4858/5496/4186
f 4854/5497/4182 4860/5504/4182 4859/5505/4181 4853/5498/4181
f 4855/5499/4183 4861/5506/4183 4860/5504/4182 4854/5497/4182
f 4856/5500/4184 4862/5507/4184 4861/5506/4183 4855/5499/4183
f 4857/5501/4185 4863/5508/4185 4862/5507/4184 4856/5500/4184
f 4858/5496/4186 4864/5503/4186 4863/5508/4185 4857/5501/4185
f 4859/5502/4181 4865/5509/4181 4870/5510/4186 4864/5503/4186
f 4860/5504/4182 4866/5511/4182 4865/5512/4181 4859/5505/4181
f 4861/5506/4183 4867/5513/4183 4866/5511/4182 4860/5504/4182
f 4862/5507/4184 4868/5514/4184 4867/5513/4183 4861/5506/4183
f 4863/5508/4185 4869/5515/4185 4868/5514/4184 4862/5507/4184
f 4864/5503/4186 4870/5510/4186 4869/5515/4185 4863/5508/4185
f 4865/5509/4181 4871/5516/4187 4876/5517/4192 4870/5510/4186
f 4866/5511/4182 4872/5518/4188 4871/5519/4187 4865/5512/4181
f 4867/5513/4183 4873/5520/4189 4872/5518/4188 4866/5511/4182
f 4868/5514/4184 4874/5521/4190 4873/5520/4189 4867/5513/4183
f 4869/5515/4185 4875/5522/4191 4874/5521/4190 4868/5514/4184
f 4870/5510/4186 4876/5517/4192 4875/5522/4191 4869/5515/4185
f 4871/5516/4187 4877/5523/4193 4882/5524/4198 4876/5517/4192
f 4872/5518/4188 4878/5525/4194 4877/5526/4193 4871/5519/4187
f 4873/5520/4189 4879/5527/4195 4878/5525/4194 4872/5518/4188
f 4874/5521/4190 4880/5528/4196 4879/5527/4195 4873/5520/4189
f 4875/5522/4191 4881/5529/4197 4880/5528/4196 4874/5521/4190
f 4876/5517/4192 4882/5524/4198 4881/5529/4197 4875/5522/4191
f 4877/5523/4193 4883/5530/4199 4888/5531/4204 4882/5524/4198
f 4878/5525/4194 4884/5532/4200 4883/5533/4199 4877/5526/4193
f 4879/5527/4195 4885/5534/4201 4884/5532/4200 4878/5525/4194
f 4880/5528/4196 4886/5535/4202 4885/5534/4201 4879/5527/4195
f 4881/5529/4197 4887/5536/4203 4886/5535/4202 4880/5528/4196
f 4882/5524/4198 4888/5531/4204 4887/5536/4203 4881/5529/4197
f 4883/5530/4199 4889/5537/4205 4894/5538/4210 4888/5531/4204
f 4884/5532/4200 4890/5539/4206 4889/5540/4205 4883/5533/4199
f 4885/5534/4201 4891/5541/4207 4890/5539/4206 4884/5532/4200
f 4886/5535/4202 4892/5542/4208 4891/5541/4207 4885/5534/4201
f 4887/5536/4203 4893/5543/4209 4892/5542/4208 4886/5535/4202
f 4888/5531/4204 4894/5538/4210 4893/5543/4209 4887/5536/4203
f 4889/5537/4205 4895/5544/4205 4900/5545/4210 4894/5538/4210
f 4890/5539/4206 4896/5546/4206 4895/5547/4205 4889/5540/4205
f 4891/5541/4207 4897/5548/4207 4896/5546/4206 4890/5539/4206
f 4892/5542/4208 4898/5549/4208 4897/5548/4207 4891/5541/4207
f 4893/5543/4209 4899/5550/4209 4898/5549/4208 4892/5542/4208
f 4894/5538/4210 4900/5545/4210 4899/5550/4209 4893/5543/4209
f 4895/5544/4205 4901/5551/4205 4906/5552/4210 4900/5545/4210
f 4896/5546/4206 4902/5553/4206 4901/5554/4205 4895/5547/4205
f 4897/5548/4207 4903/5555/4207 4902/5553/4206 4896/5546/4206
f 4898/5549/4208 4904/5556/4208 4903/5555/4207 4897/5548/4207
f 4899/5550/4209 4905/5557/4209 4904/5556/4208 4898/5549/4208
f 4900/5545/4210 4906/5552/4210 4905/5557/4209 4899/5550/4209
f 4901/5551/4205 4907/5558/4205 4912/5559/4210 4906/5552/4210
f 4902/5553/4206 4908/5560/4206 4907/5561/4205 4901/5554/4205
f 4903/5555/4207 4909/5562/4207 4908/5560/4206 4902/5553/4206
f 4904/5556/4208 4910/5563/4208 4909/5562/4207 4903/5555/4207
f 4905/5557/4209 4911/5564/4209 4910/5563/4208 4904/5556/4208
f 4906/5552/4210 4912/5559/4210 4911/5564/4209 4905/5557/4209
f 4907/5558/4205 4913/5565/4205 4918/5566/4210 4912/5559/4210
f 4908/5560/4206 4914/5567/4206 4913/5568/4205 4907/5561/4205
f 4909/5562/4207 4915/5569/4207 4914/5567/4206 4908/5560/4206
f 4910/5563/4208 4916/5570/4208 4915/5569/4207 4909/5562/4207
f 4911/5564/4209 4917/5571/4209 4916/5570/4208 4910/5563/4208
f 4912/5559/4210 4918/5566/4210 4917/5571/4209 4911/5564/4209
f 4913/5565/4205 4919/5572/4205 4924/5573/4210 4918/5566/4210
f 4914/5567/4206 4920/5574/4206 4919/5575/4205 4913/5568/4205
f 4915/5569/4207 4921/5576/4207 4920/5574/4206 4914/5567/4206
f 4916/5570/4208 4922/5577/4208 4921/5576/4207 4915/5569/4207
f 4917/5571/4209 4923/5578/4209 4922/5577/4208 4916/5570/4208
f 4918/5566/4210 4924/5573/4210 4923/5578/4209 4917/5571/4209
f 4919/5572/4205 4925/5579/4205 4930/5580/4210 4924/5573/4210
f 4920/5574/4206 4926/5581/4206 4925/5582/4205 4919/5575/4205
f 4921/5576/4207 4927/5583/4207 4926/5581/4206 4920/5574/4206
f 4922/5577/4208 4928/5584/4208 4927/5583/4207 4921/5576/4207
f 4923/5578/4209 4929/5585/4209 4928/5584/4208 4922/5577/4208
f 4924/5573/4210 4930/5580/4210 4929/5585/4209 4923/5578/4209
f 4925/5579/4205 4931/5586/4205 4936/5587/4210 4930/5580/4210
f 4926/5581/4206 4932/5588/4206 4931/5589/4205 4925/5582/4205
f 4927/5583/4207 4933/5590/4207 4932/5588/4206 4926/5581/4206
f 4928/5584/4208 4934/5591/4208 4933/5590/4207 4927/5583/4207
f 4929/5585/4209 4935/5592/4209 4934/5591/4208 4928/5584/4208
f 4930/5580/4210 4936/5587/4210 4935/5592/4209 4929/5585/4209
f 4931/5586/4205 4937/5593/4205 4942/5594/4210 4936/5587/4210
f 4932/5588/4206 4938/5595/4206 4937/5596/4205 4931/5589/4205
f 4933/5590/4207 4939/5597/4207 4938/5595/4206 4932/5588/4206
f 4934/5591/4208 4940/5598/4208 4939/5597/4207 4933/5590/4207
f 4935/5592/4209 4941/5599/4209 4940/5598/4208 4934/5591/4208
f 4936/5587/4210 4942/5594/4210 4941/5599/4209 4935/5592/4209
f 4937/5593/4205 4943/5600/4205 4948/5601/4210 4942/5594/4210
f 4938/5595/4206 4944/5602/4206 4943/5603/4205 4937/5596/4205
f 4939/5597/4207 4945/5604/4207 4944/5602/4206 4938/5595/4206
f 4940/5598/4208 4946/5605/4208 4945/5604/4207 4939/5597/4207
f 4941/5599/4209 4947/5606/4209 4946/5605/4208 4940/5598/4208
f 4942/5594/4210 4948/5601/4210 4947/5606/4209 4941/5599/4209
f 4943/5600/4205 4949/5607/4205 4954/5608/4210 4948/5601/4210
f 4944/5602/4206 4950/5609/4206 4949/5610/4205 4943/5603/4205
f 4945/5604/4207 4951/5611/4207 4950/5609/4206 4944/5602/4206
f 4946/5605/4208 4952/5612/4208 4951/5611/4207 4945/5604/4207
f 4947/5606/4209 4953/5613/4209 4952/5612/4208 4946/5605/4208
f 4948/5601/4210 4954/5608/4210 4953/5613/4209 4947/5606/4209
o NurbsPath.003
v -0.331414 -0.562434 0.760008
v -0.331414 -0.552434 0.760008
v -0.331414 -0.547434 0.751347
v -0.331414 -0.552434 0.742687
v -0.331414 -0.562434 0.742687
v -0.331414 -0.567434 0.751347
v -0.340180 -0.562434 0.760008
v -0.340180 -0.552434 0.760008
v -0.340180 -0.547434 0.751347
v -0.340180 -0.552434 0.742687
v -0.340180 -0.562434 0.742687
v -0.340180 -0.567434 0.751347
v -0.348945 -0.562434 0.760008
v -0.348945 -0.552434 0.760008
v -0.348945 -0.547434 0.751347
v -0.348945 -0.552434 0.742687
v -0.348945 -0.562434 0.742687
v -0.348945 -0.567434 0.751347
v -0.357710 -0.562434 0.760008
v -0.357710 -0.552434 0.760008
v -0.357710 -0.547434 0.751347
v -0.357710 -0.552434 0.742687
v -0.357710 -0.562434 0.742687
v -0.357710 -0.567434 0.751347
v -0.366475 -0.562434 0.760008
v -0.366475 -0.552434 0.760008
v -0.366475 -0.547434 0.751347
v -0.366475 -0.552434 0.742687
v -0.366475 -0.562434 0.742687
v -0.366475 -0.567434 0.751347
v -0.375240 -0.562434 0.760008
v -0.375240 -0.552434 0.760008
v -0.375240 -0.547434 0.751347
v -0.375240 -0.552434 0.742687
v -0.375240 -0.562434 0.742687
v -0.375240 -0.567434 0.751347
v -0.384005 -0.562434 0.760008
v -0.384005 -0.552434 0.760008
v -0.384005 -0.547434 0.751347
v -0.384005 -0.552434 0.742687
v -0.384005 -0.562434 0.742687
v -0.384005 -0.567434 0.751347
v -0.392771 -0.562434 0.760008
v -0.392771 -0.552434 0.760008
v -0.392771 -0.547434 0.751347
v -0.392771 -0.552434 0.742687
v -0.392771 -0.562434 0.742687
v -0.392771 -0.567434 0.751347
v -0.401536 -0.562434 0.760008
v -0.401536 -0.552434 0.760008
v -0.401536 -0.547434 0.751347
v -0.401536 -0.552434 0.742687
v -0.401536 -0.562434 0.742687
v -0.401536 -0.567434 0.751347
v -0.410301 -0.562434 0.760008
v -0.410301 -0.552434 0.760008
v -0.410301 -0.547434 0.751347
v -0.410301 -0.552434 0.742687
v -0.410301 -0.562434 0.742687
v -0.410301 -0.567434 0.751347
v -0.419066 -0.562434 0.760008
v -0.419066 -0.552434 0.760008
v -0.419066 -0.547434 0.751347
v -0.419066 -0.552434 0.742687
v -0.419066 -0.562434 0.742687
v -0.419066 -0.567434 0.751347
v -0.431244 -0.561088 0.760008
v -0.424419 -0.553779 0.760008
v -0.421007 -0.550124 0.751347
v -0.424419 -0.553779 0.742687
v -0.431244 -0.561088 0.742687
v -0.434656 -0.564743 0.751347
v -0.437211 -0.493785 0.760008
v -0.427217 -0.493442 0.760008
v -0.422220 -0.493271 0.751347
v -0.427217 -0.493442 0.742687
v -0.437211 -0.493785 0.742687
v -0.442208 -0.493957 0.751347
v -0.437214 -0.365973 0.760008
v -0.427214 -0.365973 0.760008
v -0.422214 -0.365973 0.751347
v -0.427214 -0.365973 0.742687
v -0.437214 -0.365973 0.742687
v -0.442214 -0.365973 0.751347
v -0.437214 -0.238333 0.760008
v -0.427214 -0.238333 0.760008
v -0.422214 -0.238333 0.751347
v -0.427214 -0.238333 0.742687
v -0.437214 -0.238333 0.742687
v -0.442214 -0.238333 0.751347
v -0.437214 -0.110693 0.760008
v -0.427214 -0.110693 0.760008
v -0.422214 -0.110693 0.751347
v -0.427214 -0.110693 0.742687
v -0.437214 -0.110693 0.742687
v -0.442214 -0.110693 0.751347
v -0.437214 0.016947 0.760008
v -0.427214 0.016947 0.760008
v -0.422214 0.016947 0.751347
v -0.427214 0.016947 0.742687
v -0.437214 0.016947 0.742687
v -0.442214 0.016947 0.751347
v -0.437214 0.144587 0.760008
v -0.427214 0.144587 0.760008
v -0.422214 0.144587 0.751347
v -0.427214 0.144587 0.742687
v -0.437214 0.144587 0.742687
v -0.442214 0.144587 0.751347
v -0.437214 0.272228 0.760008
v -0.427214 0.272228 0.760008
v -0.422214 0.272228 0.751347
v -0.427214 0.272228 0.742687
v -0.437214 0.272228 0.742687
v -0.442214 0.272228 0.751347
v -0.437214 0.399868 0.760008
v -0.427214 0.399868 0.760008
v -0.422214 0.399868 0.751347
v -0.427214 0.399868 0.742687
v -0.437214 0.399868 0.742687
v -0.442214 0.399868 0.751347
v -0.437214 0.527508 0.760008
v -0.427214 0.527508 0.760008
v -0.422214 0.527508 0.751347
v -0.427214 0.527508 0.742687
v -0.437214 0.527508 0.742687
v -0.442214 0.527508 0.751347
v -0.437214 0.655148 0.760008
v -0.427214 0.655148 0.760008
v -0.422214 0.655148 0.751347
v -0.427214 0.655148 0.742687
v -0.437214 0.655148 0.742687
v -0.442214 0.655148 0.751347
v -0.437214 0.782789 0.760008
v -0.427214 0.782789 0.760008
v -0.422214 0.782789 0.751347
v -0.427214 0.782789 0.742687
v -0.437214 0.782789 0.742687
v -0.442214 0.782789 0.751347
v -0.437214 0.910429 0.760008
v -0.427214 0.910429 0.760008
v -0.422214 0.910429 0.751347
v -0.427214 0.910429 0.742687
v -0.437214 0.910429 0.742687
v -0.442214 0.910429 0.751347
vn -0.0000 -0.5000 0.8660
vn -0.0000 0.5000 0.8660
vn -0.0000 1.0000 -0.0000
vn -0.0000 0.5000 -0.8660
vn -0.0000 -0.5000 -0.8660
vn -0.0000 -1.0000 -0.0000
vn -0.0387 -0.5201 0.8532
vn -0.1518 0.5405 0.8275
vn -0.2225 0.9749 -0.0000
vn -0.1518 0.5405 -0.8275
vn -0.0387 -0.5201 -0.8532
vn -0.0709 -0.9975 -0.0000
vn -0.4413 -0.4123 0.7970
vn 0.0957 0.1652 0.9816
vn 0.3991 0.9169 -0.0000
vn 0.0957 0.1652 -0.9816
vn -0.4413 -0.4123 -0.7970
vn -0.7135 -0.7007 -0.0000
vn -0.5218 -0.0260 0.8527
vn 0.5083 0.0089 0.8611
vn 0.9999 0.0173 -0.0000
vn 0.5083 0.0089 -0.8611
vn -0.5218 -0.0260 -0.8527
vn -0.9988 -0.0492 -0.0000
vn -0.5000 -0.0000 0.8660
vn 0.5000 -0.0000 0.8660
vn 1.0000 -0.0000 -0.0000
vn 0.5000 -0.0000 -0.8660
vn -0.5000 -0.0000 -0.8660
vn -1.0000 -0.0000 -0.0000
vt 0.000000 1.000000
vt 0.043478 1.000000
vt 0.043478 0.833333
vt 0.000000 0.833333
vt 0.000000 0.166667
vt 0.043478 0.166667
vt 0.043478 0.000000
vt 0.000000 0.000000
vt 0.000000 0.333333
vt 0.043478 0.333333
vt 0.000000 0.500000
vt 0.043478 0.500000
vt 0.000000 0.666667
vt 0.043478 0.666667
vt 0.086957 1.000000
vt 0.086957 0.833333
vt 0.086957 0.166667
vt 0.086957 0.000000
vt 0.086957 0.333333
vt 0.086957 0.500000
vt 0.086957 0.666667
vt 0.130435 1.000000
vt 0.130435 0.833333
vt 0.130435 0.166667
vt 0.130435 0.000000
vt 0.130435 0.333333
vt 0.130435 0.500000
vt 0.130435 0.666667
vt 0.173913 1.000000
vt 0.173913 0.833333
vt 0.173913 0.166667
vt 0.173913 0.000000
vt 0.173913 0.333333
vt 0.173913 0.500000
vt 0.173913 0.666667
vt 0.217391 1.000000
vt 0.217391 0.833333
vt 0.217391 0.166667
vt 0.217391 0.000000
vt 0.217391 0.333333
vt 0.217391 0.500000
vt 0.217391 0.666667
vt 0.260870 1.000000
vt 0.260870 0.833333
vt 0.260870 0.166667
vt 0.260870 0.000000
vt 0.260870 0.333333
vt 0.260870 0.500000
vt 0.260870 0.666667
vt 0.304348 1.000000
vt 0.304348 0.833333
vt 0.304348 0.166667
vt 0.304348 0.000000
vt 0.304348 0.333333
vt 0.304348 0.500000
vt 0.304348 0.666667
vt 0.347826 1.000000
vt 0.347826 0.833333
vt 0.347826 0.166667
vt 0.347826 0.000000
vt 0.347826 0.333333
vt 0.347826 0.500000
vt 0.347826 0.666667
vt 0.391304 1.000000
vt 0.391304 0.833333
vt 0.391304 0.166667
vt 0.391304 0.000000
vt 0.391304 0.333333
vt 0.391304 0.500000
vt 0.391304 0.666667
vt 0.434783 1.000000
vt 0.434783 0.833333
vt 0.434783 0.166667
vt 0.434783 0.000000
vt 0.434783 0.333333
vt 0.434783 0.500000
vt 0.434783 0.666667
vt 0.478261 1.000000
vt 0.478261 0.833333
vt 0.478261 0.166667
vt 0.478261 0.000000
vt 0.478261 0.333333
vt 0.478261 0.500000
vt 0.478261 0.666667
vt 0.521739 1.000000
vt 0.521739 0.833333
vt 0.521739 0.166667
vt 0.521739 0.000000
vt 0.521739 0.333333
vt 0.521739 0.500000
vt 0.521739 0.666667
vt 0.565217 1.000000
vt 0.565217 0.833333
vt 0.565217 0.166667
vt 0.565217 0.000000
vt 0.565217 0.333333
vt 0.565217 0.500000
vt 0.565217 0.666667
vt 0.608696 1.000000
vt 0.608696 0.833333
vt 0.608696 0.166667
vt 0.608696 0.000000
vt 0.608696 0.333333
vt 0.608696 0.500000
vt 0.608696 0.666667
vt 0.652174 1.000000
vt 0.652174 0.833333
vt 0.652174 0.166667
vt 0.652174 0.000000
vt 0.652174 0.333333
vt 0.652174 0.500000
vt 0.652174 0.666667
vt 0.695652 1.000000
vt 0.695652 0.833333
vt 0.695652 0.166667
vt 0.695652 0.000000
vt 0.695652 0.333333
vt 0.695652 0.500000
vt 0.695652 0.666667
vt 0.739130 1.000000
vt 0.739130 0.833333
vt 0.739130 0.166667
vt 0.739130 0.000000
vt 0.739130 0.333333
vt 0.739130 0.500000
vt 0.739130 0.666667
vt 0.782609 1.000000
vt 0.782609 0.833333
vt 0.782609 0.166667
vt 0.782609 0.000000
vt 0.782609 0.333333
vt 0.782609 0.500000
vt 0.782609 0.666667
vt 0.826087 1.000000
vt 0.826087 0.833333
vt 0.826087 0.166667
vt 0.826087 0.000000
vt 0.826087 0.333333
vt 0.826087 0.500000
vt 0.826087 0.666667
vt 0.869565 1.000000
vt 0.869565 0.833333
vt 0.869565 0.166667
vt 0.869565 0.000000
vt 0.869565 0.333333
vt 0.869565 0.500000
vt 0.869565 0.666667
vt 0.913043 1.000000
vt 0.913043 0.833333
vt 0.913043 0.166667
vt 0.913043 0.000000
vt 0.913043 0.333333
vt 0.913043 0.500000
vt 0.913043 0.666667
vt 0.956522 1.000000
vt 0.956522 0.833333
vt 0.956522 0.166667
vt 0.956522 0.000000
vt 0.956522 0.333333
vt 0.956522 0.500000
vt 0.956522 0.666667
vt 1.000000 1.000000
vt 1.000000 0.833333
vt 1.000000 0.166667
vt 1.000000 0.000000
vt 1.000000 0.333333
vt 1.000000 0.500000
vt 1.000000 0.666667
s 1
usemtl Material.001
f 4955/5614/4211 4961/5615/4211 4966/5616/4216 4960/5617/4216
f 4956/5618/4212 4962/5619/4212 4961/5620/4211 4955/5621/4211
f 4957/5622/4213 4963/5623/4213 4962/5619/4212 4956/5618/4212
f 4958/5624/4214 4964/5625/4214 4963/5623/4213 4957/5622/4213
f 4959/5626/4215 4965/5627/4215 4964/5625/4214 4958/5624/4214
f 4960/5617/4216 4966/5616/4216 4965/5627/4215 4959/5626/4215
f 4961/5615/4211 4967/5628/4211 4972/5629/4216 4966/5616/4216
f 4962/5619/4212 4968/5630/4212 4967/5631/4211 4961/5620/4211
f 4963/5623/4213 4969/5632/4213 4968/5630/4212 4962/5619/4212
f 4964/5625/4214 4970/5633/4214 4969/5632/4213 4963/5623/4213
f 4965/5627/4215 4971/5634/4215 4970/5633/4214 4964/5625/4214
f 4966/5616/4216 4972/5629/4216 4971/5634/4215 4965/5627/4215
f 4967/5628/4211 4973/5635/4211 4978/5636/4216 4972/5629/4216
f 4968/5630/4212 4974/5637/4212 4973/5638/4211 4967/5631/4211
f 4969/5632/4213 4975/5639/4213 4974/5637/4212 4968/5630/4212
f 4970/5633/4214 4976/5640/4214 4975/5639/4213 4969/5632/4213
f 4971/5634/4215 4977/5641/4215 4976/5640/4214 4970/5633/4214
f 4972/5629/4216 4978/5636/4216 4977/5641/4215 4971/5634/4215
f 4973/5635/4211 4979/5642/4211 4984/5643/4216 4978/5636/4216
f 4974/5637/4212 4980/5644/4212 4979/5645/4211 4973/5638/4211
f 4975/5639/4213 4981/5646/4213 4980/5644/4212 4974/5637/4212
f 4976/5640/4214 4982/5647/4214 4981/5646/4213 4975/5639/4213
f 4977/5641/4215 4983/5648/4215 4982/5647/4214 4976/5640/4214
f 4978/5636/4216 4984/5643/4216 4983/5648/4215 4977/5641/4215
f 4979/5642/4211 4985/5649/4211 4990/5650/4216 4984/5643/4216
f 4980/5644/4212 4986/5651/4212 4985/5652/4211 4979/5645/4211
f 4981/5646/4213 4987/5653/4213 4986/5651/4212 4980/5644/4212
f 4982/5647/4214 4988/5654/4214 4987/5653/4213 4981/5646/4213
f 4983/5648/4215 4989/5655/4215 4988/5654/4214 4982/5647/4214
f 4984/5643/4216 4990/5650/4216 4989/5655/4215 4983/5648/4215
f 4985/5649/4211 4991/5656/4211 4996/5657/4216 4990/5650/4216
f 4986/5651/4212 4992/5658/4212 4991/5659/4211 4985/5652/4211
f 4987/5653/4213 4993/5660/4213 4992/5658/4212 4986/5651/4212
f 4988/5654/4214 4994/5661/4214 4993/5660/4213 4987/5653/4213
f 4989/5655/4215 4995/5662/4215 4994/5661/4214 4988/5654/4214
f 4990/5650/4216 4996/5657/4216 4995/5662/4215 4989/5655/4215
f 4991/5656/4211 4997/5663/4211 5002/5664/4216 4996/5657/4216
f 4992/5658/4212 4998/5665/4212 4997/5666/4211 4991/5659/4211
f 4993/5660/4213 4999/5667/4213 4998/5665/4212 4992/5658/4212
f 4994/5661/4214 5000/5668/4214 4999/5667/4213 4993/5660/4213
f 4995/5662/4215 5001/5669/4215 5000/5668/4214 4994/5661/4214
f 4996/5657/4216 5002/5664/4216 5001/5669/4215 4995/5662/4215
f 4997/5663/4211 5003/5670/4211 5008/5671/4216 5002/5664/4216
f 4998/5665/4212 5004/5672/4212 5003/5673/4211 4997/5666/4211
f 4999/5667/4213 5005/5674/4213 5004/5672/4212 4998/5665/4212
f 5000/5668/4214 5006/5675/4214 5005/5674/4213 4999/5667/4213
f 5001/5669/4215 5007/5676/4215 5006/5675/4214 5000/5668/4214
f 5002/5664/4216 5008/5671/4216 5007/5676/4215 5001/5669/4215
f 5003/5670/4211 5009/5677/4211 5014/5678/4216 5008/5671/4216
f 5004/5672/4212 5010/5679/4212 5009/5680/4211 5003/5673/4211
f 5005/5674/4213 5011/5681/4213 5010/5679/4212 5004/5672/4212
f 5006/5675/4214 5012/5682/4214 5011/5681/4213 5005/5674/4213
f 5007/5676/4215 5013/5683/4215 5012/5682/4214 5006/5675/4214
f 5008/5671/4216 5014/5678/4216 5013/5683/4215 5007/5676/4215
f 5009/5677/4211 5015/5684/4217 5020/5685/4222 5014/5678/4216
f 5010/5679/4212 5016/5686/4218 5015/5687/4217 5009/5680/4211
f 5011/5681/4213 5017/5688/4219 5016/5686/4218 5010/5679/4212
f 5012/5682/4214 5018/5689/4220 5017/5688/4219 5011/5681/4213
f 5013/5683/4215 5019/5690/4221 5018/5689/4220 5012/5682/4214
f 5014/5678/4216 5020/5685/4222 5019/5690/4221 5013/5683/4215
f 5015/5684/4217 5021/5691/4223 5026/5692/4228 5020/5685/4222
f 5016/5686/4218 5022/5693/4224 5021/5694/4223 5015/5687/4217
f 5017/5688/4219 5023/5695/4225 5022/5693/4224 5016/5686/4218
f 5018/5689/4220 5024/5696/4226 5023/5695/4225 5017/5688/4219
f 5019/5690/4221 5025/5697/4227 5024/5696/4226 5018/5689/4220
f 5020/5685/4222 5026/5692/4228 5025/5697/4227 5019/5690/4221
f 5021/5691/4223 5027/5698/4229 5032/5699/4234 5026/5692/4228
f 5022/5693/4224 5028/5700/4230 5027/5701/4229 5021/5694/4223
f 5023/5695/4225 5029/5702/4231 5028/5700/4230 5022/5693/4224
f 5024/5696/4226 5030/5703/4232 5029/5702/4231 5023/5695/4225
f 5025/5697/4227 5031/5704/4233 5030/5703/4232 5024/5696/4226
f 5026/5692/4228 5032/5699/4234 5031/5704/4233 5025/5697/4227
f 5027/5698/4229 5033/5705/4235 5038/5706/4240 5032/5699/4234
f 5028/5700/4230 5034/5707/4236 5033/5708/4235 5027/5701/4229
f 5029/5702/4231 5035/5709/4237 5034/5707/4236 5028/5700/4230
f 5030/5703/4232 5036/5710/4238 5035/5709/4237 5029/5702/4231
f 5031/5704/4233 5037/5711/4239 5036/5710/4238 5030/5703/4232
f 5032/5699/4234 5038/5706/4240 5037/5711/4239 5031/5704/4233
f 5033/5705/4235 5039/5712/4235 5044/5713/4240 5038/5706/4240
f 5034/5707/4236 5040/5714/4236 5039/5715/4235 5033/5708/4235
f 5035/5709/4237 5041/5716/4237 5040/5714/4236 5034/5707/4236
f 5036/5710/4238 5042/5717/4238 5041/5716/4237 5035/5709/4237
f 5037/5711/4239 5043/5718/4239 5042/5717/4238 5036/5710/4238
f 5038/5706/4240 5044/5713/4240 5043/5718/4239 5037/5711/4239
f 5039/5712/4235 5045/5719/4235 5050/5720/4240 5044/5713/4240
f 5040/5714/4236 5046/5721/4236 5045/5722/4235 5039/5715/4235
f 5041/5716/4237 5047/5723/4237 5046/5721/4236 5040/5714/4236
f 5042/5717/4238 5048/5724/4238 5047/5723/4237 5041/5716/4237
f 5043/5718/4239 5049/5725/4239 5048/5724/4238 5042/5717/4238
f 5044/5713/4240 5050/5720/4240 5049/5725/4239 5043/5718/4239
f 5045/5719/4235 5051/5726/4235 5056/5727/4240 5050/5720/4240
f 5046/5721/4236 5052/5728/4236 5051/5729/4235 5045/5722/4235
f 5047/5723/4237 5053/5730/4237 5052/5728/4236 5046/5721/4236
f 5048/5724/4238 5054/5731/4238 5053/5730/4237 5047/5723/4237
f 5049/5725/4239 5055/5732/4239 5054/5731/4238 5048/5724/4238
f 5050/5720/4240 5056/5727/4240 5055/5732/4239 5049/5725/4239
f 5051/5726/4235 5057/5733/4235 5062/5734/4240 5056/5727/4240
f 5052/5728/4236 5058/5735/4236 5057/5736/4235 5051/5729/4235
f 5053/5730/4237 5059/5737/4237 5058/5735/4236 5052/5728/4236
f 5054/5731/4238 5060/5738/4238 5059/5737/4237 5053/5730/4237
f 5055/5732/4239 5061/5739/4239 5060/5738/4238 5054/5731/4238
f 5056/5727/4240 5062/5734/4240 5061/5739/4239 5055/5732/4239
f 5057/5733/4235 5063/5740/4235 5068/5741/4240 5062/5734/4240
f 5058/5735/4236 5064/5742/4236 5063/5743/4235 5057/5736/4235
f 5059/5737/4237 5065/5744/4237 5064/5742/4236 5058/5735/4236
f 5060/5738/4238 5066/5745/4238 5065/5744/4237 5059/5737/4237
f 5061/5739/4239 5067/5746/4239 5066/5745/4238 5060/5738/4238
f 5062/5734/4240 5068/5741/4240 5067/5746/4239 5061/5739/4239
f 5063/5740/4235 5069/5747/4235 5074/5748/4240 5068/5741/4240
f 5064/5742/4236 5070/5749/4236 5069/5750/4235 5063/5743/4235
f 5065/5744/4237 5071/5751/4237 5070/5749/4236 5064/5742/4236
f 5066/5745/4238 5072/5752/4238 5071/5751/4237 5065/5744/4237
f 5067/5746/4239 5073/5753/4239 5072/5752/4238 5066/5745/4238
f 5068/5741/4240 5074/5748/4240 5073/5753/4239 5067/5746/4239
f 5069/5747/4235 5075/5754/4235 5080/5755/4240 5074/5748/4240
f 5070/5749/4236 5076/5756/4236 5075/5757/4235 5069/5750/4235
f 5071/5751/4237 5077/5758/4237 5076/5756/4236 5070/5749/4236
f 5072/5752/4238 5078/5759/4238 5077/5758/4237 5071/5751/4237
f 5073/5753/4239 5079/5760/4239 5078/5759/4238 5072/5752/4238
f 5074/5748/4240 5080/5755/4240 5079/5760/4239 5073/5753/4239
f 5075/5754/4235 5081/5761/4235 5086/5762/4240 5080/5755/4240
f 5076/5756/4236 5082/5763/4236 5081/5764/4235 5075/5757/4235
f 5077/5758/4237 5083/5765/4237 5082/5763/4236 5076/5756/4236
f 5078/5759/4238 5084/5766/4238 5083/5765/4237 5077/5758/4237
f 5079/5760/4239 5085/5767/4239 5084/5766/4238 5078/5759/4238
f 5080/5755/4240 5086/5762/4240 5085/5767/4239 5079/5760/4239
f 5081/5761/4235 5087/5768/4235 5092/5769/4240 5086/5762/4240
f 5082/5763/4236 5088/5770/4236 5087/5771/4235 5081/5764/4235
f 5083/5765/4237 5089/5772/4237 5088/5770/4236 5082/5763/4236
f 5084/5766/4238 5090/5773/4238 5089/5772/4237 5083/5765/4237
f 5085/5767/4239 5091/5774/4239 5090/5773/4238 5084/5766/4238
f 5086/5762/4240 5092/5769/4240 5091/5774/4239 5085/5767/4239
f 5087/5768/4235 5093/5775/4235 5098/5776/4240 5092/5769/4240
f 5088/5770/4236 5094/5777/4236 5093/5778/4235 5087/5771/4235
f 5089/5772/4237 5095/5779/4237 5094/5777/4236 5088/5770/4236
f 5090/5773/4238 5096/5780/4238 5095/5779/4237 5089/5772/4237
f 5091/5774/4239 5097/5781/4239 5096/5780/4238 5090/5773/4238
f 5092/5769/4240 5098/5776/4240 5097/5781/4239 5091/5774/4239
o Cone.003
v -0.432214 0.901966 0.715347
v -0.396214 0.901966 0.751347
v -0.432214 0.901966 0.787347
v -0.468214 0.901966 0.751347
v -0.432214 0.973966 0.751347
vn 0.6667 0.3333 -0.6667
vn 0.6667 0.3333 0.6667
vn -0.0000 -1.0000 -0.0000
vn -0.6667 0.3333 0.6667
vn -0.6667 0.3333 -0.6667
vt 0.250000 0.490000
vt 0.250000 0.250000
vt 0.490000 0.250000
vt 0.250000 0.010000
vt 0.750000 0.490000
vt 0.990000 0.250000
vt 0.750000 0.010000
vt 0.510000 0.250000
vt 0.010000 0.250000
s 0
usemtl Material.001
f 5099/5782/4241 5103/5783/4241 5100/5784/4241
f 5100/5784/4242 5103/5783/4242 5101/5785/4242
f 5099/5786/4243 5100/5787/4243 5101/5788/4243 5102/5789/4243
f 5101/5785/4244 5103/5783/4244 5102/5790/4244
f 5102/5790/4245 5103/5783/4245 5099/5782/4245
o NurbsPath.004
v -0.246402 0.056942 0.274222
v -0.246402 0.066942 0.274222
v -0.246402 0.071942 0.265562
v -0.246402 0.066942 0.256902
v -0.246402 0.056942 0.256902
v -0.246402 0.051942 0.265562
v -0.255167 0.056942 0.274222
v -0.255167 0.066942 0.274222
v -0.255167 0.071942 0.265562
v -0.255167 0.066942 0.256902
v -0.255167 0.056942 0.256902
v -0.255167 0.051942 0.265562
v -0.263932 0.056942 0.274222
v -0.263932 0.066942 0.274222
v -0.263932 0.071942 0.265562
v -0.263932 0.066942 0.256902
v -0.263932 0.056942 0.256902
v -0.263932 0.051942 0.265562
v -0.272697 0.056942 0.274222
v -0.272697 0.066942 0.274222
v -0.272697 0.071942 0.265562
v -0.272697 0.066942 0.256902
v -0.272697 0.056942 0.256902
v -0.272697 0.051942 0.265562
v -0.281463 0.056942 0.274222
v -0.281463 0.066942 0.274222
v -0.281463 0.071942 0.265562
v -0.281463 0.066942 0.256902
v -0.281463 0.056942 0.256902
v -0.281463 0.051942 0.265562
v -0.290228 0.056942 0.274222
v -0.290228 0.066942 0.274222
v -0.290228 0.071942 0.265562
v -0.290228 0.066942 0.256902
v -0.290228 0.056942 0.256902
v -0.290228 0.051942 0.265562
v -0.298993 0.056942 0.274222
v -0.298993 0.066942 0.274222
v -0.298993 0.071942 0.265562
v -0.298993 0.066942 0.256902
v -0.298993 0.056942 0.256902
v -0.298993 0.051942 0.265562
v -0.307758 0.056942 0.274222
v -0.307758 0.066942 0.274222
v -0.307758 0.071942 0.265562
v -0.307758 0.066942 0.256902
v -0.307758 0.056942 0.256902
v -0.307758 0.051942 0.265562
v -0.316523 0.056942 0.274222
v -0.316523 0.066942 0.274222
v -0.316523 0.071942 0.265562
v -0.316523 0.066942 0.256902
v -0.316523 0.056942 0.256902
v -0.316523 0.051942 0.265562
v -0.325288 0.056942 0.274222
v -0.325288 0.066942 0.274222
v -0.325288 0.071942 0.265562
v -0.325288 0.066942 0.256902
v -0.325288 0.056942 0.256902
v -0.325288 0.051942 0.265562
v -0.334054 0.056942 0.274222
v -0.334054 0.066942 0.274222
v -0.334054 0.071942 0.265562
v -0.334054 0.066942 0.256902
v -0.334054 0.056942 0.256902
v -0.334054 0.051942 0.265562
v -0.346231 0.058288 0.274222
v -0.339407 0.065597 0.274222
v -0.335994 0.069252 0.265562
v -0.339407 0.065597 0.256902
v -0.346231 0.058288 0.256902
v -0.349643 0.054633 0.265562
v -0.352198 0.125591 0.274222
v -0.342204 0.125934 0.274222
v -0.337207 0.126105 0.265562
v -0.342204 0.125934 0.256902
v -0.352198 0.125591 0.256902
v -0.357196 0.125420 0.265562
v -0.352201 0.253403 0.274222
v -0.342201 0.253403 0.274222
v -0.337201 0.253403 0.265562
v -0.342201 0.253403 0.256902
v -0.352201 0.253403 0.256902
v -0.357201 0.253403 0.265562
v -0.352201 0.381043 0.274222
v -0.342201 0.381043 0.274222
v -0.337201 0.381043 0.265562
v -0.342201 0.381043 0.256902
v -0.352201 0.381043 0.256902
v -0.357201 0.381043 0.265562
v -0.352201 0.508683 0.274222
v -0.342201 0.508683 0.274222
v -0.337201 0.508683 0.265562
v -0.342201 0.508683 0.256902
v -0.352201 0.508683 0.256902
v -0.357201 0.508683 0.265562
v -0.352201 0.636323 0.274222
v -0.342201 0.636323 0.274222
v -0.337201 0.636323 0.265562
v -0.342201 0.636323 0.256902
v -0.352201 0.636323 0.256902
v -0.357201 0.636323 0.265562
v -0.352201 0.763964 0.274222
v -0.342201 0.763964 0.274222
v -0.337201 0.763964 0.265562
v -0.342201 0.763964 0.256902
v -0.352201 0.763964 0.256902
v -0.357201 0.763964 0.265562
v -0.352201 0.891604 0.274222
v -0.342201 0.891604 0.274222
v -0.337201 0.891604 0.265562
v -0.342201 0.891604 0.256902
v -0.352201 0.891604 0.256902
v -0.357201 0.891604 0.265562
v -0.352201 1.019244 0.274222
v -0.342201 1.019244 0.274222
v -0.337201 1.019244 0.265562
v -0.342201 1.019244 0.256902
v -0.352201 1.019244 0.256902
v -0.357201 1.019244 0.265562
v -0.352201 1.146884 0.274222
v -0.342201 1.146884 0.274222
v -0.337201 1.146884 0.265562
v -0.342201 1.146884 0.256902
v -0.352201 1.146884 0.256902
v -0.357201 1.146884 0.265562
v -0.352201 1.274525 0.274222
v -0.342201 1.274525 0.274222
v -0.337201 1.274525 0.265562
v -0.342201 1.274525 0.256902
v -0.352201 1.274525 0.256902
v -0.357201 1.274525 0.265562
v -0.352201 1.402165 0.274222
v -0.342201 1.402165 0.274222
v -0.337201 1.402165 0.265562
v -0.342201 1.402165 0.256902
v -0.352201 1.402165 0.256902
v -0.357201 1.402165 0.265562
v -0.352201 1.529805 0.274222
v -0.342201 1.529805 0.274222
v -0.337201 1.529805 0.265562
v -0.342201 1.529805 0.256902
v -0.352201 1.529805 0.256902
v -0.357201 1.529805 0.265562
vn -0.0000 -0.5000 0.8660
vn -0.0000 0.5000 0.8660
vn -0.0000 1.0000 -0.0000
vn -0.0000 0.5000 -0.8660
vn -0.0000 -0.5000 -0.8660
vn -0.0000 -1.0000 -0.0000
vn -0.0387 -0.5201 0.8532
vn -0.1518 0.5405 0.8275
vn -0.2225 0.9749 -0.0000
vn -0.1518 0.5405 -0.8275
vn -0.0387 -0.5201 -0.8532
vn -0.0709 -0.9975 -0.0000
vn -0.4413 -0.4123 0.7970
vn 0.0957 0.1652 0.9816
vn 0.3991 0.9169 -0.0000
vn 0.0957 0.1652 -0.9816
vn -0.4413 -0.4123 -0.7970
vn -0.7135 -0.7007 -0.0000
vn -0.5218 -0.0260 0.8527
vn 0.5083 0.0089 0.8611
vn 0.9999 0.0173 -0.0000
vn 0.5083 0.0089 -0.8611
vn -0.5218 -0.0260 -0.8527
vn -0.9988 -0.0492 -0.0000
vn -0.5000 -0.0000 0.8660
vn 0.5000 -0.0000 0.8660
vn 1.0000 -0.0000 -0.0000
vn 0.5000 -0.0000 -0.8660
vn -0.5000 -0.0000 -0.8660
vn -1.0000 -0.0000 -0.0000
vt 0.000000 1.000000
vt 0.043478 1.000000
vt 0.043478 0.833333
vt 0.000000 0.833333
vt 0.000000 0.166667
vt 0.043478 0.166667
vt 0.043478 0.000000
vt 0.000000 0.000000
vt 0.000000 0.333333
vt 0.043478 0.333333
vt 0.000000 0.500000
vt 0.043478 0.500000
vt 0.000000 0.666667
vt 0.043478 0.666667
vt 0.086957 1.000000
vt 0.086957 0.833333
vt 0.086957 0.166667
vt 0.086957 0.000000
vt 0.086957 0.333333
vt 0.086957 0.500000
vt 0.086957 0.666667
vt 0.130435 1.000000
vt 0.130435 0.833333
vt 0.130435 0.166667
vt 0.130435 0.000000
vt 0.130435 0.333333
vt 0.130435 0.500000
vt 0.130435 0.666667
vt 0.173913 1.000000
vt 0.173913 0.833333
vt 0.173913 0.166667
vt 0.173913 0.000000
vt 0.173913 0.333333
vt 0.173913 0.500000
vt 0.173913 0.666667
vt 0.217391 1.000000
vt 0.217391 0.833333
vt 0.217391 0.166667
vt 0.217391 0.000000
vt 0.217391 0.333333
vt 0.217391 0.500000
vt 0.217391 0.666667
vt 0.260870 1.000000
vt 0.260870 0.833333
vt 0.260870 0.166667
vt 0.260870 0.000000
vt 0.260870 0.333333
vt 0.260870 0.500000
vt 0.260870 0.666667
vt 0.304348 1.000000
vt 0.304348 0.833333
vt 0.304348 0.166667
vt 0.304348 0.000000
vt 0.304348 0.333333
vt 0.304348 0.500000
vt 0.304348 0.666667
vt 0.347826 1.000000
vt 0.347826 0.833333
vt 0.347826 0.166667
vt 0.347826 0.000000
vt 0.347826 0.333333
vt 0.347826 0.500000
vt 0.347826 0.666667
vt 0.391304 1.000000
vt 0.391304 0.833333
vt 0.391304 0.166667
vt 0.391304 0.000000
vt 0.391304 0.333333
vt 0.391304 0.500000
vt 0.391304 0.666667
vt 0.434783 1.000000
vt 0.434783 0.833333
vt 0.434783 0.166667
vt 0.434783 0.000000
vt 0.434783 0.333333
vt 0.434783 0.500000
vt 0.434783 0.666667
vt 0.478261 1.000000
vt 0.478261 0.833333
vt 0.478261 0.166667
vt 0.478261 0.000000
vt 0.478261 0.333333
vt 0.478261 0.500000
vt 0.478261 0.666667
vt 0.521739 1.000000
vt 0.521739 0.833333
vt 0.521739 0.166667
vt 0.521739 0.000000
vt 0.521739 0.333333
vt 0.521739 0.500000
vt 0.521739 0.666667
vt 0.565217 1.000000
vt 0.565217 0.833333
vt 0.565217 0.166667
vt 0.565217 0.000000
vt 0.565217 0.333333
vt 0.565217 0.500000
vt 0.565217 0.666667
vt 0.608696 1.000000
vt 0.608696 0.833333
vt 0.608696 0.166667
vt 0.608696 0.000000
vt 0.608696 0.333333
vt 0.608696 0.500000
vt 0.608696 0.666667
vt 0.652174 1.000000
vt 0.652174 0.833333
vt 0.652174 0.166667
vt 0.652174 0.000000
vt 0.652174 0.333333
vt 0.652174 0.500000
vt 0.652174 0.666667
vt 0.695652 1.000000
vt 0.695652 0.833333
vt 0.695652 0.166667
vt 0.695652 0.000000
vt 0.695652 0.333333
vt 0.695652 0.500000
vt 0.695652 0.666667
vt 0.739130 1.000000
vt 0.739130 0.833333
vt 0.739130 0.166667
vt 0.739130 0.000000
vt 0.739130 0.333333
vt 0.739130 0.500000
vt 0.739130 0.666667
vt 0.782609 1.000000
vt 0.782609 0.833333
vt 0.782609 0.166667
vt 0.782609 0.000000
vt 0.782609 0.333333
vt 0.782609 0.500000
vt 0.782609 0.666667
vt 0.826087 1.000000
vt 0.826087 0.833333
vt 0.826087 0.166667
vt 0.826087 0.000000
vt 0.826087 0.333333
vt 0.826087 0.500000
vt 0.826087 0.666667
vt 0.869565 1.000000
vt 0.869565 0.833333
vt 0.869565 0.166667
vt 0.869565 0.000000
vt 0.869565 0.333333
vt 0.869565 0.500000
vt 0.869565 0.666667
vt 0.913043 1.000000
vt 0.913043 0.833333
vt 0.913043 0.166667
vt 0.913043 0.000000
vt 0.913043 0.333333
vt 0.913043 0.500000
vt 0.913043 0.666667
vt 0.956522 1.000000
vt 0.956522 0.833333
vt 0.956522 0.166667
vt 0.956522 0.000000
vt 0.956522 0.333333
vt 0.956522 0.500000
vt 0.956522 0.666667
vt 1.000000 1.000000
vt 1.000000 0.833333
vt 1.000000 0.166667
vt 1.000000 0.000000
vt 1.000000 0.333333
vt 1.000000 0.500000
vt 1.000000 0.666667
s 1
usemtl Material.001
f 5104/5791/4246 5110/5792/4246 5115/5793/4251 5109/5794/4251
f 5105/5795/4247 5111/5796/4247 5110/5797/4246 5104/5798/4246
f 5106/5799/4248 5112/5800/4248 5111/5796/4247 5105/5795/4247
f 5107/5801/4249 5113/5802/4249 5112/5800/4248 5106/5799/4248
f 5108/5803/4250 5114/5804/4250 5113/5802/4249 5107/5801/4249
f 5109/5794/4251 5115/5793/4251 5114/5804/4250 5108/5803/4250
f 5110/5792/4246 5116/5805/4246 5121/5806/4251 5115/5793/4251
f 5111/5796/4247 5117/5807/4247 5116/5808/4246 5110/5797/4246
f 5112/5800/4248 5118/5809/4248 5117/5807/4247 5111/5796/4247
f 5113/5802/4249 5119/5810/4249 5118/5809/4248 5112/5800/4248
f 5114/5804/4250 5120/5811/4250 5119/5810/4249 5113/5802/4249
f 5115/5793/4251 5121/5806/4251 5120/5811/4250 5114/5804/4250
f 5116/5805/4246 5122/5812/4246 5127/5813/4251 5121/5806/4251
f 5117/5807/4247 5123/5814/4247 5122/5815/4246 5116/5808/4246
f 5118/5809/4248 5124/5816/4248 5123/5814/4247 5117/5807/4247
f 5119/5810/4249 5125/5817/4249 5124/5816/4248 5118/5809/4248
f 5120/5811/4250 5126/5818/4250 5125/5817/4249 5119/5810/4249
f 5121/5806/4251 5127/5813/4251 5126/5818/4250 5120/5811/4250
f 5122/5812/4246 5128/5819/4246 5133/5820/4251 5127/5813/4251
f 5123/5814/4247 5129/5821/4247 5128/5822/4246 5122/5815/4246
f 5124/5816/4248 5130/5823/4248 5129/5821/4247 5123/5814/4247
f 5125/5817/4249 5131/5824/4249 5130/5823/4248 5124/5816/4248
f 5126/5818/4250 5132/5825/4250 5131/5824/4249 5125/5817/4249
f 5127/5813/4251 5133/5820/4251 5132/5825/4250 5126/5818/4250
f 5128/5819/4246 5134/5826/4246 5139/5827/4251 5133/5820/4251
f 5129/5821/4247 5135/5828/4247 5134/5829/4246 5128/5822/4246
f 5130/5823/4248 5136/5830/4248 5135/5828/4247 5129/5821/4247
f 5131/5824/4249 5137/5831/4249 5136/5830/4248 5130/5823/4248
f 5132/5825/4250 5138/5832/4250 5137/5831/4249 5131/5824/4249
f 5133/5820/4251 5139/5827/4251 5138/5832/4250 5132/5825/4250
f 5134/5826/4246 5140/5833/4246 5145/5834/4251 5139/5827/4251
f 5135/5828/4247 5141/5835/4247 5140/5836/4246 5134/5829/4246
f 5136/5830/4248 5142/5837/4248 5141/5835/4247 5135/5828/4247
f 5137/5831/4249 5143/5838/4249 5142/5837/4248 5136/5830/4248
f 5138/5832/4250 5144/5839/4250 5143/5838/4249 5137/5831/4249
f 5139/5827/4251 5145/5834/4251 5144/5839/4250 5138/5832/4250
f 5140/5833/4246 5146/5840/4246 5151/5841/4251 5145/5834/4251
f 5141/5835/4247 5147/5842/4247 5146/5843/4246 5140/5836/4246
f 5142/5837/4248 5148/5844/4248 5147/5842/4247 5141/5835/4247
f 5143/5838/4249 5149/5845/4249 5148/5844/4248 5142/5837/4248
f 5144/5839/4250 5150/5846/4250 5149/5845/4249 5143/5838/4249
f 5145/5834/4251 5151/5841/4251 5150/5846/4250 5144/5839/4250
f 5146/5840/4246 5152/5847/4246 5157/5848/4251 5151/5841/4251
f 5147/5842/4247 5153/5849/4247 5152/5850/4246 5146/5843/4246
f 5148/5844/4248 5154/5851/4248 5153/5849/4247 5147/5842/4247
f 5149/5845/4249 5155/5852/4249 5154/5851/4248 5148/5844/4248
f 5150/5846/4250 5156/5853/4250 5155/5852/4249 5149/5845/4249
f 5151/5841/4251 5157/5848/4251 5156/5853/4250 5150/5846/4250
f 5152/5847/4246 5158/5854/4246 5163/5855/4251 5157/5848/4251
f 5153/5849/4247 5159/5856/4247 5158/5857/4246 5152/5850/4246
f 5154/5851/4248 5160/5858/4248 5159/5856/4247 5153/5849/4247
f 5155/5852/4249 5161/5859/4249 5160/5858/4248 5154/5851/4248
f 5156/5853/4250 5162/5860/4250 5161/5859/4249 5155/5852/4249
f 5157/5848/4251 5163/5855/4251 5162/5860/4250 5156/5853/4250
f 5158/5854/4246 5164/5861/4252 5169/5862/4257 5163/5855/4251
f 5159/5856/4247 5165/5863/4253 5164/5864/4252 5158/5857/4246
f 5160/5858/4248 5166/5865/4254 5165/5863/4253 5159/5856/4247
f 5161/5859/4249 5167/5866/4255 5166/5865/4254 5160/5858/4248
f 5162/5860/4250 5168/5867/4256 5167/5866/4255 5161/5859/4249
f 5163/5855/4251 5169/5862/4257 5168/5867/4256 5162/5860/4250
f 5164/5861/4252 5170/5868/4258 5175/5869/4263 5169/5862/4257
f 5165/5863/4253 5171/5870/4259 5170/5871/4258 5164/5864/4252
f 5166/5865/4254 5172/5872/4260 5171/5870/4259 5165/5863/4253
f 5167/5866/4255 5173/5873/4261 5172/5872/4260 5166/5865/4254
f 5168/5867/4256 5174/5874/4262 5173/5873/4261 5167/5866/4255
f 5169/5862/4257 5175/5869/4263 5174/5874/4262 5168/5867/4256
f 5170/5868/4258 5176/5875/4264 5181/5876/4269 5175/5869/4263
f 5171/5870/4259 5177/5877/4265 5176/5878/4264 5170/5871/4258
f 5172/5872/4260 5178/5879/4266 5177/5877/4265 5171/5870/4259
f 5173/5873/4261 5179/5880/4267 5178/5879/4266 5172/5872/4260
f 5174/5874/4262 5180/5881/4268 5179/5880/4267 5173/5873/4261
f 5175/5869/4263 5181/5876/4269 5180/5881/4268 5174/5874/4262
f 5176/5875/4264 5182/5882/4270 5187/5883/4275 5181/5876/4269
f 5177/5877/4265 5183/5884/4271 5182/5885/4270 5176/5878/4264
f 5178/5879/4266 5184/5886/4272 5183/5884/4271 5177/5877/4265
f 5179/5880/4267 5185/5887/4273 5184/5886/4272 5178/5879/4266
f 5180/5881/4268 5186/5888/4274 5185/5887/4273 5179/5880/4267
f 5181/5876/4269 5187/5883/4275 5186/5888/4274 5180/5881/4268
f 5182/5882/4270 5188/5889/4270 5193/5890/4275 5187/5883/4275
f 5183/5884/4271 5189/5891/4271 5188/5892/4270 5182/5885/4270
f 5184/5886/4272 5190/5893/4272 5189/5891/4271 5183/5884/4271
f 5185/5887/4273 5191/5894/4273 5190/5893/4272 5184/5886/4272
f 5186/5888/4274 5192/5895/4274 5191/5894/4273 5185/5887/4273
f 5187/5883/4275 5193/5890/4275 5192/5895/4274 5186/5888/4274
f 5188/5889/4270 5194/5896/4270 5199/5897/4275 5193/5890/4275
f 5189/5891/4271 5195/5898/4271 5194/5899/4270 5188/5892/4270
f 5190/5893/4272 5196/5900/4272 5195/5898/4271 5189/5891/4271
f 5191/5894/4273 5197/5901/4273 5196/5900/4272 5190/5893/4272
f 5192/5895/4274 5198/5902/4274 5197/5901/4273 5191/5894/4273
f 5193/5890/4275 5199/5897/4275 5198/5902/4274 5192/5895/4274
f 5194/5896/4270 5200/5903/4270 5205/5904/4275 5199/5897/4275
f 5195/5898/4271 5201/5905/4271 5200/5906/4270 5194/5899/4270
f 5196/5900/4272 5202/5907/4272 5201/5905/4271 5195/5898/4271
f 5197/5901/4273 5203/5908/4273 5202/5907/4272 5196/5900/4272
f 5198/5902/4274 5204/5909/4274 5203/5908/4273 5197/5901/4273
f 5199/5897/4275 5205/5904/4275 5204/5909/4274 5198/5902/4274
f 5200/5903/4270 5206/5910/4270 5211/5911/4275 5205/5904/4275
f 5201/5905/4271 5207/5912/4271 5206/5913/4270 5200/5906/4270
f 5202/5907/4272 5208/5914/4272 5207/5912/4271 5201/5905/4271
f 5203/5908/4273 5209/5915/4273 5208/5914/4272 5202/5907/4272
f 5204/5909/4274 5210/5916/4274 5209/5915/4273 5203/5908/4273
f 5205/5904/4275 5211/5911/4275 5210/5916/4274 5204/5909/4274
f 5206/5910/4270 5212/5917/4270 5217/5918/4275 5211/5911/4275
f 5207/5912/4271 5213/5919/4271 5212/5920/4270 5206/5913/4270
f 5208/5914/4272 5214/5921/4272 5213/5919/4271 5207/5912/4271
f 5209/5915/4273 5215/5922/4273 5214/5921/4272 5208/5914/4272
f 5210/5916/4274 5216/5923/4274 5215/5922/4273 5209/5915/4273
f 5211/5911/4275 5217/5918/4275 5216/5923/4274 5210/5916/4274
f 5212/5917/4270 5218/5924/4270 5223/5925/4275 5217/5918/4275
f 5213/5919/4271 5219/5926/4271 5218/5927/4270 5212/5920/4270
f 5214/5921/4272 5220/5928/4272 5219/5926/4271 5213/5919/4271
f 5215/5922/4273 5221/5929/4273 5220/5928/4272 5214/5921/4272
f 5216/5923/4274 5222/5930/4274 5221/5929/4273 5215/5922/4273
f 5217/5918/4275 5223/5925/4275 5222/5930/4274 5216/5923/4274
f 5218/5924/4270 5224/5931/4270 5229/5932/4275 5223/5925/4275
f 5219/5926/4271 5225/5933/4271 5224/5934/4270 5218/5927/4270
f 5220/5928/4272 5226/5935/4272 5225/5933/4271 5219/5926/4271
f 5221/5929/4273 5227/5936/4273 5226/5935/4272 5220/5928/4272
f 5222/5930/4274 5228/5937/4274 5227/5936/4273 5221/5929/4273
f 5223/5925/4275 5229/5932/4275 5228/5937/4274 5222/5930/4274
f 5224/5931/4270 5230/5938/4270 5235/5939/4275 5229/5932/4275
f 5225/5933/4271 5231/5940/4271 5230/5941/4270 5224/5934/4270
f 5226/5935/4272 5232/5942/4272 5231/5940/4271 5225/5933/4271
f 5227/5936/4273 5233/5943/4273 5232/5942/4272 5226/5935/4272
f 5228/5937/4274 5234/5944/4274 5233/5943/4273 5227/5936/4273
f 5229/5932/4275 5235/5939/4275 5234/5944/4274 5228/5937/4274
f 5230/5938/4270 5236/5945/4270 5241/5946/4275 5235/5939/4275
f 5231/5940/4271 5237/5947/4271 5236/5948/4270 5230/5941/4270
f 5232/5942/4272 5238/5949/4272 5237/5947/4271 5231/5940/4271
f 5233/5943/4273 5239/5950/4273 5238/5949/4272 5232/5942/4272
f 5234/5944/4274 5240/5951/4274 5239/5950/4273 5233/5943/4273
f 5235/5939/4275 5241/5946/4275 5240/5951/4274 5234/5944/4274
f 5236/5945/4270 5242/5952/4270 5247/5953/4275 5241/5946/4275
f 5237/5947/4271 5243/5954/4271 5242/5955/4270 5236/5948/4270
f 5238/5949/4272 5244/5956/4272 5243/5954/4271 5237/5947/4271
f 5239/5950/4273 5245/5957/4273 5244/5956/4272 5238/5949/4272
f 5240/5951/4274 5246/5958/4274 5245/5957/4273 5239/5950/4273
f 5241/5946/4275 5247/5953/4275 5246/5958/4274 5240/5951/4274
o NurbsPath.004
v -0.246402 0.056942 0.274222
v -0.246402 0.066942 0.274222
v -0.246402 0.071942 0.265562
v -0.246402 0.066942 0.256902
v -0.246402 0.056942 0.256902
v -0.246402 0.051942 0.265562
v -0.255167 0.056942 0.274222
v -0.255167 0.066942 0.274222
v -0.255167 0.071942 0.265562
v -0.255167 0.066942 0.256902
v -0.255167 0.056942 0.256902
v -0.255167 0.051942 0.265562
v -0.263932 0.056942 0.274222
v -0.263932 0.066942 0.274222
v -0.263932 0.071942 0.265562
v -0.263932 0.066942 0.256902
v -0.263932 0.056942 0.256902
v -0.263932 0.051942 0.265562
v -0.272697 0.056942 0.274222
v -0.272697 0.066942 0.274222
v -0.272697 0.071942 0.265562
v -0.272697 0.066942 0.256902
v -0.272697 0.056942 0.256902
v -0.272697 0.051942 0.265562
v -0.281463 0.056942 0.274222
v -0.281463 0.066942 0.274222
v -0.281463 0.071942 0.265562
v -0.281463 0.066942 0.256902
v -0.281463 0.056942 0.256902
v -0.281463 0.051942 0.265562
v -0.290228 0.056942 0.274222
v -0.290228 0.066942 0.274222
v -0.290228 0.071942 0.265562
v -0.290228 0.066942 0.256902
v -0.290228 0.056942 0.256902
v -0.290228 0.051942 0.265562
v -0.298993 0.056942 0.274222
v -0.298993 0.066942 0.274222
v -0.298993 0.071942 0.265562
v -0.298993 0.066942 0.256902
v -0.298993 0.056942 0.256902
v -0.298993 0.051942 0.265562
v -0.307758 0.056942 0.274222
v -0.307758 0.066942 0.274222
v -0.307758 0.071942 0.265562
v -0.307758 0.066942 0.256902
v -0.307758 0.056942 0.256902
v -0.307758 0.051942 0.265562
v -0.316523 0.056942 0.274222
v -0.316523 0.066942 0.274222
v -0.316523 0.071942 0.265562
v -0.316523 0.066942 0.256902
v -0.316523 0.056942 0.256902
v -0.316523 0.051942 0.265562
v -0.325288 0.056942 0.274222
v -0.325288 0.066942 0.274222
v -0.325288 0.071942 0.265562
v -0.325288 0.066942 0.256902
v -0.325288 0.056942 0.256902
v -0.325288 0.051942 0.265562
v -0.334054 0.056942 0.274222
v -0.334054 0.066942 0.274222
v -0.334054 0.071942 0.265562
v -0.334054 0.066942 0.256902
v -0.334054 0.056942 0.256902
v -0.334054 0.051942 0.265562
v -0.346231 0.058288 0.274222
v -0.339407 0.065597 0.274222
v -0.335994 0.069252 0.265562
v -0.339407 0.065597 0.256902
v -0.346231 0.058288 0.256902
v -0.349643 0.054633 0.265562
v -0.352198 0.125591 0.274222
v -0.342204 0.125934 0.274222
v -0.337207 0.126105 0.265562
v -0.342204 0.125934 0.256902
v -0.352198 0.125591 0.256902
v -0.357196 0.125420 0.265562
v -0.352201 0.253403 0.274222
v -0.342201 0.253403 0.274222
v -0.337201 0.253403 0.265562
v -0.342201 0.253403 0.256902
v -0.352201 0.253403 0.256902
v -0.357201 0.253403 0.265562
v -0.352201 0.381043 0.274222
v -0.342201 0.381043 0.274222
v -0.337201 0.381043 0.265562
v -0.342201 0.381043 0.256902
v -0.352201 0.381043 0.256902
v -0.357201 0.381043 0.265562
v -0.352201 0.508683 0.274222
v -0.342201 0.508683 0.274222
v -0.337201 0.508683 0.265562
v -0.342201 0.508683 0.256902
v -0.352201 0.508683 0.256902
v -0.357201 0.508683 0.265562
v -0.352201 0.636323 0.274222
v -0.342201 0.636323 0.274222
v -0.337201 0.636323 0.265562
v -0.342201 0.636323 0.256902
v -0.352201 0.636323 0.256902
v -0.357201 0.636323 0.265562
v -0.352201 0.763964 0.274222
v -0.342201 0.763964 0.274222
v -0.337201 0.763964 0.265562
v -0.342201 0.763964 0.256902
v -0.352201 0.763964 0.256902
v -0.357201 0.763964 0.265562
v -0.352201 0.891604 0.274222
v -0.342201 0.891604 0.274222
v -0.337201 0.891604 0.265562
v -0.342201 0.891604 0.256902
v -0.352201 0.891604 0.256902
v -0.357201 0.891604 0.265562
v -0.352201 1.019244 0.274222
v -0.342201 1.019244 0.274222
v -0.337201 1.019244 0.265562
v -0.342201 1.019244 0.256902
v -0.352201 1.019244 0.256902
v -0.357201 1.019244 0.265562
v -0.352201 1.146884 0.274222
v -0.342201 1.146884 0.274222
v -0.337201 1.146884 0.265562
v -0.342201 1.146884 0.256902
v -0.352201 1.146884 0.256902
v -0.357201 1.146884 0.265562
v -0.352201 1.274525 0.274222
v -0.342201 1.274525 0.274222
v -0.337201 1.274525 0.265562
v -0.342201 1.274525 0.256902
v -0.352201 1.274525 0.256902
v -0.357201 1.274525 0.265562
v -0.352201 1.402165 0.274222
v -0.342201 1.402165 0.274222
v -0.337201 1.402165 0.265562
v -0.342201 1.402165 0.256902
v -0.352201 1.402165 0.256902
v -0.357201 1.402165 0.265562
v -0.352201 1.529805 0.274222
v -0.342201 1.529805 0.274222
v -0.337201 1.529805 0.265562
v -0.342201 1.529805 0.256902
v -0.352201 1.529805 0.256902
v -0.357201 1.529805 0.265562
vn -0.0000 -0.5000 0.8660
vn -0.0000 0.5000 0.8660
vn -0.0000 1.0000 -0.0000
vn -0.0000 0.5000 -0.8660
vn -0.0000 -0.5000 -0.8660
vn -0.0000 -1.0000 -0.0000
vn -0.0387 -0.5201 0.8532
vn -0.1518 0.5405 0.8275
vn -0.2225 0.9749 -0.0000
vn -0.1518 0.5405 -0.8275
vn -0.0387 -0.5201 -0.8532
vn -0.0709 -0.9975 -0.0000
vn -0.4413 -0.4123 0.7970
vn 0.0957 0.1652 0.9816
vn 0.3991 0.9169 -0.0000
vn 0.0957 0.1652 -0.9816
vn -0.4413 -0.4123 -0.7970
vn -0.7135 -0.7007 -0.0000
vn -0.5218 -0.0260 0.8527
vn 0.5083 0.0089 0.8611
vn 0.9999 0.0173 -0.0000
vn 0.5083 0.0089 -0.8611
vn -0.5218 -0.0260 -0.8527
vn -0.9988 -0.0492 -0.0000
vn -0.5000 -0.0000 0.8660
vn 0.5000 -0.0000 0.8660
vn 1.0000 -0.0000 -0.0000
vn 0.5000 -0.0000 -0.8660
vn -0.5000 -0.0000 -0.8660
vn -1.0000 -0.0000 -0.0000
vt 0.000000 1.000000
vt 0.043478 1.000000
vt 0.043478 0.833333
vt 0.000000 0.833333
vt 0.000000 0.166667
vt 0.043478 0.166667
vt 0.043478 0.000000
vt 0.000000 0.000000
vt 0.000000 0.333333
vt 0.043478 0.333333
vt 0.000000 0.500000
vt 0.043478 0.500000
vt 0.000000 0.666667
vt 0.043478 0.666667
vt 0.086957 1.000000
vt 0.086957 0.833333
vt 0.086957 0.166667
vt 0.086957 0.000000
vt 0.086957 0.333333
vt 0.086957 0.500000
vt 0.086957 0.666667
vt 0.130435 1.000000
vt 0.130435 0.833333
vt 0.130435 0.166667
vt 0.130435 0.000000
vt 0.130435 0.333333
vt 0.130435 0.500000
vt 0.130435 0.666667
vt 0.173913 1.000000
vt 0.173913 0.833333
vt 0.173913 0.166667
vt 0.173913 0.000000
vt 0.173913 0.333333
vt 0.173913 0.500000
vt 0.173913 0.666667
vt 0.217391 1.000000
vt 0.217391 0.833333
vt 0.217391 0.166667
vt 0.217391 0.000000
vt 0.217391 0.333333
vt 0.217391 0.500000
vt 0.217391 0.666667
vt 0.260870 1.000000
vt 0.260870 0.833333
vt 0.260870 0.166667
vt 0.260870 0.000000
vt 0.260870 0.333333
vt 0.260870 0.500000
vt 0.260870 0.666667
vt 0.304348 1.000000
vt 0.304348 0.833333
vt 0.304348 0.166667
vt 0.304348 0.000000
vt 0.304348 0.333333
vt 0.304348 0.500000
vt 0.304348 0.666667
vt 0.347826 1.000000
vt 0.347826 0.833333
vt 0.347826 0.166667
vt 0.347826 0.000000
vt 0.347826 0.333333
vt 0.347826 0.500000
vt 0.347826 0.666667
vt 0.391304 1.000000
vt 0.391304 0.833333
vt 0.391304 0.166667
vt 0.391304 0.000000
vt 0.391304 0.333333
vt 0.391304 0.500000
vt 0.391304 0.666667
vt 0.434783 1.000000
vt 0.434783 0.833333
vt 0.434783 0.166667
vt 0.434783 0.000000
vt 0.434783 0.333333
vt 0.434783 0.500000
vt 0.434783 0.666667
vt 0.478261 1.000000
vt 0.478261 0.833333
vt 0.478261 0.166667
vt 0.478261 0.000000
vt 0.478261 0.333333
vt 0.478261 0.500000
vt 0.478261 0.666667
vt 0.521739 1.000000
vt 0.521739 0.833333
vt 0.521739 0.166667
vt 0.521739 0.000000
vt 0.521739 0.333333
vt 0.521739 0.500000
vt 0.521739 0.666667
vt 0.565217 1.000000
vt 0.565217 0.833333
vt 0.565217 0.166667
vt 0.565217 0.000000
vt 0.565217 0.333333
vt 0.565217 0.500000
vt 0.565217 0.666667
vt 0.608696 1.000000
vt 0.608696 0.833333
vt 0.608696 0.166667
vt 0.608696 0.000000
vt 0.608696 0.333333
vt 0.608696 0.500000
vt 0.608696 0.666667
vt 0.652174 1.000000
vt 0.652174 0.833333
vt 0.652174 0.166667
vt 0.652174 0.000000
vt 0.652174 0.333333
vt 0.652174 0.500000
vt 0.652174 0.666667
vt 0.695652 1.000000
vt 0.695652 0.833333
vt 0.695652 0.166667
vt 0.695652 0.000000
vt 0.695652 0.333333
vt 0.695652 0.500000
vt 0.695652 0.666667
vt 0.739130 1.000000
vt 0.739130 0.833333
vt 0.739130 0.166667
vt 0.739130 0.000000
vt 0.739130 0.333333
vt 0.739130 0.500000
vt 0.739130 0.666667
vt 0.782609 1.000000
vt 0.782609 0.833333
vt 0.782609 0.166667
vt 0.782609 0.000000
vt 0.782609 0.333333
vt 0.782609 0.500000
vt 0.782609 0.666667
vt 0.826087 1.000000
vt 0.826087 0.833333
vt 0.826087 0.166667
vt 0.826087 0.000000
vt 0.826087 0.333333
vt 0.826087 0.500000
vt 0.826087 0.666667
vt 0.869565 1.000000
vt 0.869565 0.833333
vt 0.869565 0.166667
vt 0.869565 0.000000
vt 0.869565 0.333333
vt 0.869565 0.500000
vt 0.869565 0.666667
vt 0.913043 1.000000
vt 0.913043 0.833333
vt 0.913043 0.166667
vt 0.913043 0.000000
vt 0.913043 0.333333
vt 0.913043 0.500000
vt 0.913043 0.666667
vt 0.956522 1.000000
vt 0.956522 0.833333
vt 0.956522 0.166667
vt 0.956522 0.000000
vt 0.956522 0.333333
vt 0.956522 0.500000
vt 0.956522 0.666667
vt 1.000000 1.000000
vt 1.000000 0.833333
vt 1.000000 0.166667
vt 1.000000 0.000000
vt 1.000000 0.333333
vt 1.000000 0.500000
vt 1.000000 0.666667
s 1
usemtl Material.001
f 5248/5959/4276 5254/5960/4276 5259/5961/4281 5253/5962/4281
f 5249/5963/4277 5255/5964/4277 5254/5965/4276 5248/5966/4276
f 5250/5967/4278 5256/5968/4278 5255/5964/4277 5249/5963/4277
f 5251/5969/4279 5257/5970/4279 5256/5968/4278 5250/5967/4278
f 5252/5971/4280 5258/5972/4280 5257/5970/4279 5251/5969/4279
f 5253/5962/4281 5259/5961/4281 5258/5972/4280 5252/5971/4280
f 5254/5960/4276 5260/5973/4276 5265/5974/4281 5259/5961/4281
f 5255/5964/4277 5261/5975/4277 5260/5976/4276 5254/5965/4276
f 5256/5968/4278 5262/5977/4278 5261/5975/4277 5255/5964/4277
f 5257/5970/4279 5263/5978/4279 5262/5977/4278 5256/5968/4278
f 5258/5972/4280 5264/5979/4280 5263/5978/4279 5257/5970/4279
f 5259/5961/4281 5265/5974/4281 5264/5979/4280 5258/5972/4280
f 5260/5973/4276 5266/5980/4276 5271/5981/4281 5265/5974/4281
f 5261/5975/4277 5267/5982/4277 5266/5983/4276 5260/5976/4276
f 5262/5977/4278 5268/5984/4278 5267/5982/4277 5261/5975/4277
f 5263/5978/4279 5269/5985/4279 5268/5984/4278 5262/5977/4278
f 5264/5979/4280 5270/5986/4280 5269/5985/4279 5263/5978/4279
f 5265/5974/4281 5271/5981/4281 5270/5986/4280 5264/5979/4280
f 5266/5980/4276 5272/5987/4276 5277/5988/4281 5271/5981/4281
f 5267/5982/4277 5273/5989/4277 5272/5990/4276 5266/5983/4276
f 5268/5984/4278 5274/5991/4278 5273/5989/4277 5267/5982/4277
f 5269/5985/4279 5275/5992/4279 5274/5991/4278 5268/5984/4278
f 5270/5986/4280 5276/5993/4280 5275/5992/4279 5269/5985/4279
f 5271/5981/4281 5277/5988/4281 5276/5993/4280 5270/5986/4280
f 5272/5987/4276 5278/5994/4276 5283/5995/4281 5277/5988/4281
f 5273/5989/4277 5279/5996/4277 5278/5997/4276 5272/5990/4276
f 5274/5991/4278 5280/5998/4278 5279/5996/4277 5273/5989/4277
f 5275/5992/4279 5281/5999/4279 5280/5998/4278 5274/5991/4278
f 5276/5993/4280 5282/6000/4280 5281/5999/4279 5275/5992/4279
f 5277/5988/4281 5283/5995/4281 5282/6000/4280 5276/5993/4280
f 5278/5994/4276 5284/6001/4276 5289/6002/4281 5283/5995/4281
f 5279/5996/4277 5285/6003/4277 5284/6004/4276 5278/5997/4276
f 5280/5998/4278 5286/6005/4278 5285/6003/4277 5279/5996/4277
f 5281/5999/4279 5287/6006/4279 5286/6005/4278 5280/5998/4278
f 5282/6000/4280 5288/6007/4280 5287/6006/4279 5281/5999/4279
f 5283/5995/4281 5289/6002/4281 5288/6007/4280 5282/6000/4280
f 5284/6001/4276 5290/6008/4276 5295/6009/4281 5289/6002/4281
f 5285/6003/4277 5291/6010/4277 5290/6011/4276 5284/6004/4276
f 5286/6005/4278 5292/6012/4278 5291/6010/4277 5285/6003/4277
f 5287/6006/4279 5293/6013/4279 5292/6012/4278 5286/6005/4278
f 5288/6007/4280 5294/6014/4280 5293/6013/4279 5287/6006/4279
f 5289/6002/4281 5295/6009/4281 5294/6014/4280 5288/6007/4280
f 5290/6008/4276 5296/6015/4276 5301/6016/4281 5295/6009/4281
f 5291/6010/4277 5297/6017/4277 5296/6018/4276 5290/6011/4276
f 5292/6012/4278 5298/6019/4278 5297/6017/4277 5291/6010/4277
f 5293/6013/4279 5299/6020/4279 5298/6019/4278 5292/6012/4278
f 5294/6014/4280 5300/6021/4280 5299/6020/4279 5293/6013/4279
f 5295/6009/4281 5301/6016/4281 5300/6021/4280 5294/6014/4280
f 5296/6015/4276 5302/6022/4276 5307/6023/4281 5301/6016/4281
f 5297/6017/4277 5303/6024/4277 5302/6025/4276 5296/6018/4276
f 5298/6019/4278 5304/6026/4278 5303/6024/4277 5297/6017/4277
f 5299/6020/4279 5305/6027/4279 5304/6026/4278 5298/6019/4278
f 5300/6021/4280 5306/6028/4280 5305/6027/4279 5299/6020/4279
f 5301/6016/4281 5307/6023/4281 5306/6028/4280 5300/6021/4280
f 5302/6022/4276 5308/6029/4282 5313/6030/4287 5307/6023/4281
f 5303/6024/4277 5309/6031/4283 5308/6032/4282 5302/6025/4276
f 5304/6026/4278 5310/6033/4284 5309/6031/4283 5303/6024/4277
f 5305/6027/4279 5311/6034/4285 5310/6033/4284 5304/6026/4278
f 5306/6028/4280 5312/6035/4286 5311/6034/4285 5305/6027/4279
f 5307/6023/4281 5313/6030/4287 5312/6035/4286 5306/6028/4280
f 5308/6029/4282 5314/6036/4288 5319/6037/4293 5313/6030/4287
f 5309/6031/4283 5315/6038/4289 5314/6039/4288 5308/6032/4282
f 5310/6033/4284 5316/6040/4290 5315/6038/4289 5309/6031/4283
f 5311/6034/4285 5317/6041/4291 5316/6040/4290 5310/6033/4284
f 5312/6035/4286 5318/6042/4292 5317/6041/4291 5311/6034/4285
f 5313/6030/4287 5319/6037/4293 5318/6042/4292 5312/6035/4286
f 5314/6036/4288 5320/6043/4294 5325/6044/4299 5319/6037/4293
f 5315/6038/4289 5321/6045/4295 5320/6046/4294 5314/6039/4288
f 5316/6040/4290 5322/6047/4296 5321/6045/4295 5315/6038/4289
f 5317/6041/4291 5323/6048/4297 5322/6047/4296 5316/6040/4290
f 5318/6042/4292 5324/6049/4298 5323/6048/4297 5317/6041/4291
f 5319/6037/4293 5325/6044/4299 5324/6049/4298 5318/6042/4292
f 5320/6043/4294 5326/6050/4300 5331/6051/4305 5325/6044/4299
f 5321/6045/4295 5327/6052/4301 5326/6053/4300 5320/6046/4294
f 5322/6047/4296 5328/6054/4302 5327/6052/4301 5321/6045/4295
f 5323/6048/4297 5329/6055/4303 5328/6054/4302 5322/6047/4296
f 5324/6049/4298 5330/6056/4304 5329/6055/4303 5323/6048/4297
f 5325/6044/4299 5331/6051/4305 5330/6056/4304 5324/6049/4298
f 5326/6050/4300 5332/6057/4300 5337/6058/4305 5331/6051/4305
f 5327/6052/4301 5333/6059/4301 5332/6060/4300 5326/6053/4300
f 5328/6054/4302 5334/6061/4302 5333/6059/4301 5327/6052/4301
f 5329/6055/4303 5335/6062/4303 5334/6061/4302 5328/6054/4302
f 5330/6056/4304 5336/6063/4304 5335/6062/4303 5329/6055/4303
f 5331/6051/4305 5337/6058/4305 5336/6063/4304 5330/6056/4304
f 5332/6057/4300 5338/6064/4300 5343/6065/4305 5337/6058/4305
f 5333/6059/4301 5339/6066/4301 5338/6067/4300 5332/6060/4300
f 5334/6061/4302 5340/6068/4302 5339/6066/4301 5333/6059/4301
f 5335/6062/4303 5341/6069/4303 5340/6068/4302 5334/6061/4302
f 5336/6063/4304 5342/6070/4304 5341/6069/4303 5335/6062/4303
f 5337/6058/4305 5343/6065/4305 5342/6070/4304 5336/6063/4304
f 5338/6064/4300 5344/6071/4300 5349/6072/4305 5343/6065/4305
f 5339/6066/4301 5345/6073/4301 5344/6074/4300 5338/6067/4300
f 5340/6068/4302 5346/6075/4302 5345/6073/4301 5339/6066/4301
f 5341/6069/4303 5347/6076/4303 5346/6075/4302 5340/6068/4302
f 5342/6070/4304 5348/6077/4304 5347/6076/4303 5341/6069/4303
f 5343/6065/4305 5349/6072/4305 5348/6077/4304 5342/6070/4304
f 5344/6071/4300 5350/6078/4300 5355/6079/4305 5349/6072/4305
f 5345/6073/4301 5351/6080/4301 5350/6081/4300 5344/6074/4300
f 5346/6075/4302 5352/6082/4302 5351/6080/4301 5345/6073/4301
f 5347/6076/4303 5353/6083/4303 5352/6082/4302 5346/6075/4302
f 5348/6077/4304 5354/6084/4304 5353/6083/4303 5347/6076/4303
f 5349/6072/4305 5355/6079/4305 5354/6084/4304 5348/6077/4304
f 5350/6078/4300 5356/6085/4300 5361/6086/4305 5355/6079/4305
f 5351/6080/4301 5357/6087/4301 5356/6088/4300 5350/6081/4300
f 5352/6082/4302 5358/6089/4302 5357/6087/4301 5351/6080/4301
f 5353/6083/4303 5359/6090/4303 5358/6089/4302 5352/6082/4302
f 5354/6084/4304 5360/6091/4304 5359/6090/4303 5353/6083/4303
f 5355/6079/4305 5361/6086/4305 5360/6091/4304 5354/6084/4304
f 5356/6085/4300 5362/6092/4300 5367/6093/4305 5361/6086/4305
f 5357/6087/4301 5363/6094/4301 5362/6095/4300 5356/6088/4300
f 5358/6089/4302 5364/6096/4302 5363/6094/4301 5357/6087/4301
f 5359/6090/4303 5365/6097/4303 5364/6096/4302 5358/6089/4302
f 5360/6091/4304 5366/6098/4304 5365/6097/4303 5359/6090/4303
f 5361/6086/4305 5367/6093/4305 5366/6098/4304 5360/6091/4304
f 5362/6092/4300 5368/6099/4300 5373/6100/4305 5367/6093/4305
f 5363/6094/4301 5369/6101/4301 5368/6102/4300 5362/6095/4300
f 5364/6096/4302 5370/6103/4302 5369/6101/4301 5363/6094/4301
f 5365/6097/4303 5371/6104/4303 5370/6103/4302 5364/6096/4302
f 5366/6098/4304 5372/6105/4304 5371/6104/4303 5365/6097/4303
f 5367/6093/4305 5373/6100/4305 5372/6105/4304 5366/6098/4304
f 5368/6099/4300 5374/6106/4300 5379/6107/4305 5373/6100/4305
f 5369/6101/4301 5375/6108/4301 5374/6109/4300 5368/6102/4300
f 5370/6103/4302 5376/6110/4302 5375/6108/4301 5369/6101/4301
f 5371/6104/4303 5377/6111/4303 5376/6110/4302 5370/6103/4302
f 5372/6105/4304 5378/6112/4304 5377/6111/4303 5371/6104/4303
f 5373/6100/4305 5379/6107/4305 5378/6112/4304 5372/6105/4304
f 5374/6106/4300 5380/6113/4300 5385/6114/4305 5379/6107/4305
f 5375/6108/4301 5381/6115/4301 5380/6116/4300 5374/6109/4300
f 5376/6110/4302 5382/6117/4302 5381/6115/4301 5375/6108/4301
f 5377/6111/4303 5383/6118/4303 5382/6117/4302 5376/6110/4302
f 5378/6112/4304 5384/6119/4304 5383/6118/4303 5377/6111/4303
f 5379/6107/4305 5385/6114/4305 5384/6119/4304 5378/6112/4304
f 5380/6113/4300 5386/6120/4300 5391/6121/4305 5385/6114/4305
f 5381/6115/4301 5387/6122/4301 5386/6123/4300 5380/6116/4300
f 5382/6117/4302 5388/6124/4302 5387/6122/4301 5381/6115/4301
f 5383/6118/4303 5389/6125/4303 5388/6124/4302 5382/6117/4302
f 5384/6119/4304 5390/6126/4304 5389/6125/4303 5383/6118/4303
f 5385/6114/4305 5391/6121/4305 5390/6126/4304 5384/6119/4304
o Cone.004
v -0.347201 1.521342 0.229562
v -0.311201 1.521342 0.265562
v -0.347201 1.521342 0.301562
v -0.383201 1.521342 0.265562
v -0.347201 1.593342 0.265562
vn 0.6667 0.3333 -0.6667
vn 0.6667 0.3333 0.6667
vn -0.0000 -1.0000 -0.0000
vn -0.6667 0.3333 0.6667
vn -0.6667 0.3333 -0.6667
vt 0.250000 0.490000
vt 0.250000 0.250000
vt 0.490000 0.250000
vt 0.250000 0.010000
vt 0.750000 0.490000
vt 0.990000 0.250000
vt 0.750000 0.010000
vt 0.510000 0.250000
vt 0.010000 0.250000
s 0
usemtl Material.001
f 5392/6127/4306 5396/6128/4306 5393/6129/4306
f 5393/6129/4307 5396/6128/4307 5394/6130/4307
f 5392/6131/4308 5393/6132/4308 5394/6133/4308 5395/6134/4308
f 5394/6130/4309 5396/6128/4309 5395/6135/4309
f 5395/6135/4310 5396/6128/4310 5392/6127/4310
o NurbsPath.005
v -0.012177 -0.504327 -1.129697
v -0.012177 -0.494327 -1.129697
v -0.012177 -0.489327 -1.138357
v -0.012177 -0.494327 -1.147017
v -0.012177 -0.504327 -1.147017
v -0.012177 -0.509327 -1.138357
v -0.041309 -0.504327 -1.129697
v -0.041309 -0.494327 -1.129697
v -0.041309 -0.489327 -1.138357
v -0.041309 -0.494327 -1.147017
v -0.041309 -0.504327 -1.147017
v -0.041309 -0.509327 -1.138357
v -0.070442 -0.504327 -1.129697
v -0.070442 -0.494327 -1.129697
v -0.070442 -0.489327 -1.138357
v -0.070442 -0.494327 -1.147017
v -0.070442 -0.504327 -1.147017
v -0.070442 -0.509327 -1.138357
v -0.099575 -0.504327 -1.129697
v -0.099575 -0.494327 -1.129697
v -0.099575 -0.489327 -1.138357
v -0.099575 -0.494327 -1.147017
v -0.099575 -0.504327 -1.147017
v -0.099575 -0.509327 -1.138357
v -0.128707 -0.504327 -1.129697
v -0.128707 -0.494327 -1.129697
v -0.128707 -0.489327 -1.138357
v -0.128707 -0.494327 -1.147017
v -0.128707 -0.504327 -1.147017
v -0.128707 -0.509327 -1.138357
v -0.157840 -0.504327 -1.129697
v -0.157840 -0.494327 -1.129697
v -0.157840 -0.489327 -1.138357
v -0.157840 -0.494327 -1.147017
v -0.157840 -0.504327 -1.147017
v -0.157840 -0.509327 -1.138357
v -0.186972 -0.504327 -1.129697
v -0.186972 -0.494327 -1.129697
v -0.186972 -0.489327 -1.138357
v -0.186972 -0.494327 -1.147017
v -0.186972 -0.504327 -1.147017
v -0.186972 -0.509327 -1.138357
v -0.216105 -0.504327 -1.129697
v -0.216105 -0.494327 -1.129697
v -0.216105 -0.489327 -1.138357
v -0.216105 -0.494327 -1.147017
v -0.216105 -0.504327 -1.147017
v -0.216105 -0.509327 -1.138357
v -0.245237 -0.504327 -1.129697
v -0.245237 -0.494327 -1.129697
v -0.245237 -0.489327 -1.138357
v -0.245237 -0.494327 -1.147017
v -0.245237 -0.504327 -1.147017
v -0.245237 -0.509327 -1.138357
v -0.274370 -0.504327 -1.129697
v -0.274370 -0.494327 -1.129697
v -0.274370 -0.489327 -1.138357
v -0.274370 -0.494327 -1.147017
v -0.274370 -0.504327 -1.147017
v -0.274370 -0.509327 -1.138357
v -0.303503 -0.504327 -1.129697
v -0.303503 -0.494327 -1.129697
v -0.303503 -0.489327 -1.138357
v -0.303503 -0.494327 -1.147017
v -0.303503 -0.504327 -1.147017
v -0.303503 -0.509327 -1.138357
v -0.335854 -0.503152 -1.129697
v -0.329416 -0.495501 -1.129697
v -0.326196 -0.491675 -1.138357
v -0.329416 -0.495501 -1.147017
v -0.335854 -0.503152 -1.147017
v -0.339074 -0.506978 -1.138357
v -0.352183 -0.415757 -1.129697
v -0.342220 -0.414899 -1.129697
v -0.337238 -0.414470 -1.138357
v -0.342220 -0.414899 -1.147017
v -0.352183 -0.415757 -1.147017
v -0.357165 -0.416185 -1.138357
v -0.352201 -0.247330 -1.129697
v -0.342201 -0.247330 -1.129697
v -0.337201 -0.247330 -1.138357
v -0.342201 -0.247330 -1.147017
v -0.352201 -0.247330 -1.147017
v -0.357201 -0.247330 -1.138357
v -0.352201 -0.079332 -1.129697
v -0.342201 -0.079332 -1.129697
v -0.337201 -0.079332 -1.138357
v -0.342201 -0.079332 -1.147017
v -0.352201 -0.079332 -1.147017
v -0.357201 -0.079332 -1.138357
v -0.352201 0.088665 -1.129697
v -0.342201 0.088665 -1.129697
v -0.337201 0.088665 -1.138357
v -0.342201 0.088665 -1.147017
v -0.352201 0.088665 -1.147017
v -0.357201 0.088665 -1.138357
v -0.352201 0.256663 -1.129697
v -0.342201 0.256663 -1.129697
v -0.337201 0.256663 -1.138357
v -0.342201 0.256663 -1.147017
v -0.352201 0.256663 -1.147017
v -0.357201 0.256663 -1.138357
v -0.352201 0.424661 -1.129697
v -0.342201 0.424661 -1.129697
v -0.337201 0.424661 -1.138357
v -0.342201 0.424661 -1.147017
v -0.352201 0.424661 -1.147017
v -0.357201 0.424661 -1.138357
v -0.352201 0.592659 -1.129697
v -0.342201 0.592659 -1.129697
v -0.337201 0.592659 -1.138357
v -0.342201 0.592659 -1.147017
v -0.352201 0.592659 -1.147017
v -0.357201 0.592659 -1.138357
v -0.352201 0.760657 -1.129697
v -0.342201 0.760657 -1.129697
v -0.337201 0.760657 -1.138357
v -0.342201 0.760657 -1.147017
v -0.352201 0.760657 -1.147017
v -0.357201 0.760657 -1.138357
v -0.352201 0.928654 -1.129697
v -0.342201 0.928654 -1.129697
v -0.337201 0.928654 -1.138357
v -0.342201 0.928654 -1.147017
v -0.352201 0.928654 -1.147017
v -0.357201 0.928654 -1.138357
v -0.352201 1.096652 -1.129697
v -0.342201 1.096652 -1.129697
v -0.337201 1.096652 -1.138357
v -0.342201 1.096652 -1.147017
v -0.352201 1.096652 -1.147017
v -0.357201 1.096652 -1.138357
v -0.352201 1.264650 -1.129697
v -0.342201 1.264650 -1.129697
v -0.337201 1.264650 -1.138357
v -0.342201 1.264650 -1.147017
v -0.352201 1.264650 -1.147017
v -0.357201 1.264650 -1.138357
v -0.352201 1.432648 -1.129697
v -0.342201 1.432648 -1.129697
v -0.337201 1.432648 -1.138357
v -0.342201 1.432648 -1.147017
v -0.352201 1.432648 -1.147017
v -0.357201 1.432648 -1.138357
vn -0.0000 -0.5000 0.8660
vn -0.0000 0.5000 0.8660
vn -0.0000 1.0000 -0.0000
vn -0.0000 0.5000 -0.8660
vn -0.0000 -0.5000 -0.8660
vn -0.0000 -1.0000 -0.0000
vn -0.0136 -0.5139 0.8578
vn -0.0192 0.5187 0.8547
vn -0.0362 0.9993 -0.0000
vn -0.0192 0.5187 -0.8547
vn -0.0136 -0.5139 -0.8578
vn -0.0260 -0.9997 -0.0000
vn -0.3955 -0.4519 0.7996
vn 0.1709 0.2126 0.9621
vn 0.6175 0.7866 -0.0000
vn 0.1709 0.2126 -0.9621
vn -0.3955 -0.4519 -0.7996
vn -0.6531 -0.7572 -0.0000
vn -0.5295 -0.0515 0.8468
vn 0.4906 0.0375 0.8706
vn 0.9971 0.0756 -0.0000
vn 0.4906 0.0375 -0.8706
vn -0.5295 -0.0515 -0.8468
vn -0.9954 -0.0962 -0.0000
vn -0.5002 -0.0000 0.8659
vn 0.5002 -0.0000 0.8659
vn 1.0000 -0.0001 -0.0000
vn 0.5002 -0.0000 -0.8659
vn -0.5002 -0.0000 -0.8659
vn -1.0000 -0.0001 -0.0000
vn -0.5000 -0.0000 0.8660
vn 0.5000 -0.0000 0.8660
vn 1.0000 -0.0000 -0.0000
vn 0.5000 -0.0000 -0.8660
vn -0.5000 -0.0000 -0.8660
vn -1.0000 -0.0000 -0.0000
vt 0.000000 1.000000
vt 0.043478 1.000000
vt 0.043478 0.833333
vt 0.000000 0.833333
vt 0.000000 0.166667
vt 0.043478 0.166667
vt 0.043478 0.000000
vt 0.000000 0.000000
vt 0.000000 0.333333
vt 0.043478 0.333333
vt 0.000000 0.500000
vt 0.043478 0.500000
vt 0.000000 0.666667
vt 0.043478 0.666667
vt 0.086957 1.000000
vt 0.086957 0.833333
vt 0.086957 0.166667
vt 0.086957 0.000000
vt 0.086957 0.333333
vt 0.086957 0.500000
vt 0.086957 0.666667
vt 0.130435 1.000000
vt 0.130435 0.833333
vt 0.130435 0.166667
vt 0.130435 0.000000
vt 0.130435 0.333333
vt 0.130435 0.500000
vt 0.130435 0.666667
vt 0.173913 1.000000
vt 0.173913 0.833333
vt 0.173913 0.166667
vt 0.173913 0.000000
vt 0.173913 0.333333
vt 0.173913 0.500000
vt 0.173913 0.666667
vt 0.217391 1.000000
vt 0.217391 0.833333
vt 0.217391 0.166667
vt 0.217391 0.000000
vt 0.217391 0.333333
vt 0.217391 0.500000
vt 0.217391 0.666667
vt 0.260870 1.000000
vt 0.260870 0.833333
vt 0.260870 0.166667
vt 0.260870 0.000000
vt 0.260870 0.333333
vt 0.260870 0.500000
vt 0.260870 0.666667
vt 0.304348 1.000000
vt 0.304348 0.833333
vt 0.304348 0.166667
vt 0.304348 0.000000
vt 0.304348 0.333333
vt 0.304348 0.500000
vt 0.304348 0.666667
vt 0.347826 1.000000
vt 0.347826 0.833333
vt 0.347826 0.166667
vt 0.347826 0.000000
vt 0.347826 0.333333
vt 0.347826 0.500000
vt 0.347826 0.666667
vt 0.391304 1.000000
vt 0.391304 0.833333
vt 0.391304 0.166667
vt 0.391304 0.000000
vt 0.391304 0.333333
vt 0.391304 0.500000
vt 0.391304 0.666667
vt 0.434783 1.000000
vt 0.434783 0.833333
vt 0.434783 0.166667
vt 0.434783 0.000000
vt 0.434783 0.333333
vt 0.434783 0.500000
vt 0.434783 0.666667
vt 0.478261 1.000000
vt 0.478261 0.833333
vt 0.478261 0.166667
vt 0.478261 0.000000
vt 0.478261 0.333333
vt 0.478261 0.500000
vt 0.478261 0.666667
vt 0.521739 1.000000
vt 0.521739 0.833333
vt 0.521739 0.166667
vt 0.521739 0.000000
vt 0.521739 0.333333
vt 0.521739 0.500000
vt 0.521739 0.666667
vt 0.565217 1.000000
vt 0.565217 0.833333
vt 0.565217 0.166667
vt 0.565217 0.000000
vt 0.565217 0.333333
vt 0.565217 0.500000
vt 0.565217 0.666667
vt 0.608696 1.000000
vt 0.608696 0.833333
vt 0.608696 0.166667
vt 0.608696 0.000000
vt 0.608696 0.333333
vt 0.608696 0.500000
vt 0.608696 0.666667
vt 0.652174 1.000000
vt 0.652174 0.833333
vt 0.652174 0.166667
vt 0.652174 0.000000
vt 0.652174 0.333333
vt 0.652174 0.500000
vt 0.652174 0.666667
vt 0.695652 1.000000
vt 0.695652 0.833333
vt 0.695652 0.166667
vt 0.695652 0.000000
vt 0.695652 0.333333
vt 0.695652 0.500000
vt 0.695652 0.666667
vt 0.739130 1.000000
vt 0.739130 0.833333
vt 0.739130 0.166667
vt 0.739130 0.000000
vt 0.739130 0.333333
vt 0.739130 0.500000
vt 0.739130 0.666667
vt 0.782609 1.000000
vt 0.782609 0.833333
vt 0.782609 0.166667
vt 0.782609 0.000000
vt 0.782609 0.333333
vt 0.782609 0.500000
vt 0.782609 0.666667
vt 0.826087 1.000000
vt 0.826087 0.833333
vt 0.826087 0.166667
vt 0.826087 0.000000
vt 0.826087 0.333333
vt 0.826087 0.500000
vt 0.826087 0.666667
vt 0.869565 1.000000
vt 0.869565 0.833333
vt 0.869565 0.166667
vt 0.869565 0.000000
vt 0.869565 0.333333
vt 0.869565 0.500000
vt 0.869565 0.666667
vt 0.913043 1.000000
vt 0.913043 0.833333
vt 0.913043 0.166667
vt 0.913043 0.000000
vt 0.913043 0.333333
vt 0.913043 0.500000
vt 0.913043 0.666667
vt 0.956522 1.000000
vt 0.956522 0.833333
vt 0.956522 0.166667
vt 0.956522 0.000000
vt 0.956522 0.333333
vt 0.956522 0.500000
vt 0.956522 0.666667
vt 1.000000 1.000000
vt 1.000000 0.833333
vt 1.000000 0.166667
vt 1.000000 0.000000
vt 1.000000 0.333333
vt 1.000000 0.500000
vt 1.000000 0.666667
s 1
usemtl Material.001
f 5397/6136/4311 5403/6137/4311 5408/6138/4316 5402/6139/4316
f 5398/6140/4312 5404/6141/4312 5403/6142/4311 5397/6143/4311
f 5399/6144/4313 5405/6145/4313 5404/6141/4312 5398/6140/4312
f 5400/6146/4314 5406/6147/4314 5405/6145/4313 5399/6144/4313
f 5401/6148/4315 5407/6149/4315 5406/6147/4314 5400/6146/4314
f 5402/6139/4316 5408/6138/4316 5407/6149/4315 5401/6148/4315
f 5403/6137/4311 5409/6150/4311 5414/6151/4316 5408/6138/4316
f 5404/6141/4312 5410/6152/4312 5409/6153/4311 5403/6142/4311
f 5405/6145/4313 5411/6154/4313 5410/6152/4312 5404/6141/4312
f 5406/6147/4314 5412/6155/4314 5411/6154/4313 5405/6145/4313
f 5407/6149/4315 5413/6156/4315 5412/6155/4314 5406/6147/4314
f 5408/6138/4316 5414/6151/4316 5413/6156/4315 5407/6149/4315
f 5409/6150/4311 5415/6157/4311 5420/6158/4316 5414/6151/4316
f 5410/6152/4312 5416/6159/4312 5415/6160/4311 5409/6153/4311
f 5411/6154/4313 5417/6161/4313 5416/6159/4312 5410/6152/4312
f 5412/6155/4314 5418/6162/4314 5417/6161/4313 5411/6154/4313
f 5413/6156/4315 5419/6163/4315 5418/6162/4314 5412/6155/4314
f 5414/6151/4316 5420/6158/4316 5419/6163/4315 5413/6156/4315
f 5415/6157/4311 5421/6164/4311 5426/6165/4316 5420/6158/4316
f 5416/6159/4312 5422/6166/4312 5421/6167/4311 5415/6160/4311
f 5417/6161/4313 5423/6168/4313 5422/6166/4312 5416/6159/4312
f 5418/6162/4314 5424/6169/4314 5423/6168/4313 5417/6161/4313
f 5419/6163/4315 5425/6170/4315 5424/6169/4314 5418/6162/4314
f 5420/6158/4316 5426/6165/4316 5425/6170/4315 5419/6163/4315
f 5421/6164/4311 5427/6171/4311 5432/6172/4316 5426/6165/4316
f 5422/6166/4312 5428/6173/4312 5427/6174/4311 5421/6167/4311
f 5423/6168/4313 5429/6175/4313 5428/6173/4312 5422/6166/4312
f 5424/6169/4314 5430/6176/4314 5429/6175/4313 5423/6168/4313
f 5425/6170/4315 5431/6177/4315 5430/6176/4314 5424/6169/4314
f 5426/6165/4316 5432/6172/4316 5431/6177/4315 5425/6170/4315
f 5427/6171/4311 5433/6178/4311 5438/6179/4316 5432/6172/4316
f 5428/6173/4312 5434/6180/4312 5433/6181/4311 5427/6174/4311
f 5429/6175/4313 5435/6182/4313 5434/6180/4312 5428/6173/4312
f 5430/6176/4314 5436/6183/4314 5435/6182/4313 5429/6175/4313
f 5431/6177/4315 5437/6184/4315 5436/6183/4314 5430/6176/4314
f 5432/6172/4316 5438/6179/4316 5437/6184/4315 5431/6177/4315
f 5433/6178/4311 5439/6185/4311 5444/6186/4316 5438/6179/4316
f 5434/6180/4312 5440/6187/4312 5439/6188/4311 5433/6181/4311
f 5435/6182/4313 5441/6189/4313 5440/6187/4312 5434/6180/4312
f 5436/6183/4314 5442/6190/4314 5441/6189/4313 5435/6182/4313
f 5437/6184/4315 5443/6191/4315 5442/6190/4314 5436/6183/4314
f 5438/6179/4316 5444/6186/4316 5443/6191/4315 5437/6184/4315
f 5439/6185/4311 5445/6192/4311 5450/6193/4316 5444/6186/4316
f 5440/6187/4312 5446/6194/4312 5445/6195/4311 5439/6188/4311
f 5441/6189/4313 5447/6196/4313 5446/6194/4312 5440/6187/4312
f 5442/6190/4314 5448/6197/4314 5447/6196/4313 5441/6189/4313
f 5443/6191/4315 5449/6198/4315 5448/6197/4314 5442/6190/4314
f 5444/6186/4316 5450/6193/4316 5449/6198/4315 5443/6191/4315
f 5445/6192/4311 5451/6199/4311 5456/6200/4316 5450/6193/4316
f 5446/6194/4312 5452/6201/4312 5451/6202/4311 5445/6195/4311
f 5447/6196/4313 5453/6203/4313 5452/6201/4312 5446/6194/4312
f 5448/6197/4314 5454/6204/4314 5453/6203/4313 5447/6196/4313
f 5449/6198/4315 5455/6205/4315 5454/6204/4314 5448/6197/4314
f 5450/6193/4316 5456/6200/4316 5455/6205/4315 5449/6198/4315
f 5451/6199/4311 5457/6206/4317 5462/6207/4322 5456/6200/4316
f 5452/6201/4312 5458/6208/4318 5457/6209/4317 5451/6202/4311
f 5453/6203/4313 5459/6210/4319 5458/6208/4318 5452/6201/4312
f 5454/6204/4314 5460/6211/4320 5459/6210/4319 5453/6203/4313
f 5455/6205/4315 5461/6212/4321 5460/6211/4320 5454/6204/4314
f 5456/6200/4316 5462/6207/4322 5461/6212/4321 5455/6205/4315
f 5457/6206/4317 5463/6213/4323 5468/6214/4328 5462/6207/4322
f 5458/6208/4318 5464/6215/4324 5463/6216/4323 5457/6209/4317
f 5459/6210/4319 5465/6217/4325 5464/6215/4324 5458/6208/4318
f 5460/6211/4320 5466/6218/4326 5465/6217/4325 5459/6210/4319
f 5461/6212/4321 5467/6219/4327 5466/6218/4326 5460/6211/4320
f 5462/6207/4322 5468/6214/4328 5467/6219/4327 5461/6212/4321
f 5463/6213/4323 5469/6220/4329 5474/6221/4334 5468/6214/4328
f 5464/6215/4324 5470/6222/4330 5469/6223/4329 5463/6216/4323
f 5465/6217/4325 5471/6224/4331 5470/6222/4330 5464/6215/4324
f 5466/6218/4326 5472/6225/4332 5471/6224/4331 5465/6217/4325
f 5467/6219/4327 5473/6226/4333 5472/6225/4332 5466/6218/4326
f 5468/6214/4328 5474/6221/4334 5473/6226/4333 5467/6219/4327
f 5469/6220/4329 5475/6227/4335 5480/6228/4340 5474/6221/4334
f 5470/6222/4330 5476/6229/4336 5475/6230/4335 5469/6223/4329
f 5471/6224/4331 5477/6231/4337 5476/6229/4336 5470/6222/4330
f 5472/6225/4332 5478/6232/4338 5477/6231/4337 5471/6224/4331
f 5473/6226/4333 5479/6233/4339 5478/6232/4338 5472/6225/4332
f 5474/6221/4334 5480/6228/4340 5479/6233/4339 5473/6226/4333
f 5475/6227/4335 5481/6234/4341 5486/6235/4346 5480/6228/4340
f 5476/6229/4336 5482/6236/4342 5481/6237/4341 5475/6230/4335
f 5477/6231/4337 5483/6238/4343 5482/6236/4342 5476/6229/4336
f 5478/6232/4338 5484/6239/4344 5483/6238/4343 5477/6231/4337
f 5479/6233/4339 5485/6240/4345 5484/6239/4344 5478/6232/4338
f 5480/6228/4340 5486/6235/4346 5485/6240/4345 5479/6233/4339
f 5481/6234/4341 5487/6241/4341 5492/6242/4346 5486/6235/4346
f 5482/6236/4342 5488/6243/4342 5487/6244/4341 5481/6237/4341
f 5483/6238/4343 5489/6245/4343 5488/6243/4342 5482/6236/4342
f 5484/6239/4344 5490/6246/4344 5489/6245/4343 5483/6238/4343
f 5485/6240/4345 5491/6247/4345 5490/6246/4344 5484/6239/4344
f 5486/6235/4346 5492/6242/4346 5491/6247/4345 5485/6240/4345
f 5487/6241/4341 5493/6248/4341 5498/6249/4346 5492/6242/4346
f 5488/6243/4342 5494/6250/4342 5493/6251/4341 5487/6244/4341
f 5489/6245/4343 5495/6252/4343 5494/6250/4342 5488/6243/4342
f 5490/6246/4344 5496/6253/4344 5495/6252/4343 5489/6245/4343
f 5491/6247/4345 5497/6254/4345 5496/6253/4344 5490/6246/4344
f 5492/6242/4346 5498/6249/4346 5497/6254/4345 5491/6247/4345
f 5493/6248/4341 5499/6255/4341 5504/6256/4346 5498/6249/4346
f 5494/6250/4342 5500/6257/4342 5499/6258/4341 5493/6251/4341
f 5495/6252/4343 5501/6259/4343 5500/6257/4342 5494/6250/4342
f 5496/6253/4344 5502/6260/4344 5501/6259/4343 5495/6252/4343
f 5497/6254/4345 5503/6261/4345 5502/6260/4344 5496/6253/4344
f 5498/6249/4346 5504/6256/4346 5503/6261/4345 5497/6254/4345
f 5499/6255/4341 5505/6262/4341 5510/6263/4346 5504/6256/4346
f 5500/6257/4342 5506/6264/4342 5505/6265/4341 5499/6258/4341
f 5501/6259/4343 5507/6266/4343 5506/6264/4342 5500/6257/4342
f 5502/6260/4344 5508/6267/4344 5507/6266/4343 5501/6259/4343
f 5503/6261/4345 5509/6268/4345 5508/6267/4344 5502/6260/4344
f 5504/6256/4346 5510/6263/4346 5509/6268/4345 5503/6261/4345
f 5505/6262/4341 5511/6269/4341 5516/6270/4346 5510/6263/4346
f 5506/6264/4342 5512/6271/4342 5511/6272/4341 5505/6265/4341
f 5507/6266/4343 5513/6273/4343 5512/6271/4342 5506/6264/4342
f 5508/6267/4344 5514/6274/4344 5513/6273/4343 5507/6266/4343
f 5509/6268/4345 5515/6275/4345 5514/6274/4344 5508/6267/4344
f 5510/6263/4346 5516/6270/4346 5515/6275/4345 5509/6268/4345
f 5511/6269/4341 5517/6276/4341 5522/6277/4346 5516/6270/4346
f 5512/6271/4342 5518/6278/4342 5517/6279/4341 5511/6272/4341
f 5513/6273/4343 5519/6280/4343 5518/6278/4342 5512/6271/4342
f 5514/6274/4344 5520/6281/4344 5519/6280/4343 5513/6273/4343
f 5515/6275/4345 5521/6282/4345 5520/6281/4344 5514/6274/4344
f 5516/6270/4346 5522/6277/4346 5521/6282/4345 5515/6275/4345
f 5517/6276/4341 5523/6283/4341 5528/6284/4346 5522/6277/4346
f 5518/6278/4342 5524/6285/4342 5523/6286/4341 5517/6279/4341
f 5519/6280/4343 5525/6287/4343 5524/6285/4342 5518/6278/4342
f 5520/6281/4344 5526/6288/4344 5525/6287/4343 5519/6280/4343
f 5521/6282/4345 5527/6289/4345 5526/6288/4344 5520/6281/4344
f 5522/6277/4346 5528/6284/4346 5527/6289/4345 5521/6282/4345
f 5523/6283/4341 5529/6290/4341 5534/6291/4346 5528/6284/4346
f 5524/6285/4342 5530/6292/4342 5529/6293/4341 5523/6286/4341
f 5525/6287/4343 5531/6294/4343 5530/6292/4342 5524/6285/4342
f 5526/6288/4344 5532/6295/4344 5531/6294/4343 5525/6287/4343
f 5527/6289/4345 5533/6296/4345 5532/6295/4344 5526/6288/4344
f 5528/6284/4346 5534/6291/4346 5533/6296/4345 5527/6289/4345
f 5529/6290/4341 5535/6297/4341 5540/6298/4346 5534/6291/4346
f 5530/6292/4342 5536/6299/4342 5535/6300/4341 5529/6293/4341
f 5531/6294/4343 5537/6301/4343 5536/6299/4342 5530/6292/4342
f 5532/6295/4344 5538/6302/4344 5537/6301/4343 5531/6294/4343
f 5533/6296/4345 5539/6303/4345 5538/6302/4344 5532/6295/4344
f 5534/6291/4346 5540/6298/4346 5539/6303/4345 5533/6296/4345
o NurbsPath.005
v -0.012177 -0.504327 -1.129697
v -0.012177 -0.494327 -1.129697
v -0.012177 -0.489327 -1.138357
v -0.012177 -0.494327 -1.147017
v -0.012177 -0.504327 -1.147017
v -0.012177 -0.509327 -1.138357
v -0.041309 -0.504327 -1.129697
v -0.041309 -0.494327 -1.129697
v -0.041309 -0.489327 -1.138357
v -0.041309 -0.494327 -1.147017
v -0.041309 -0.504327 -1.147017
v -0.041309 -0.509327 -1.138357
v -0.070442 -0.504327 -1.129697
v -0.070442 -0.494327 -1.129697
v -0.070442 -0.489327 -1.138357
v -0.070442 -0.494327 -1.147017
v -0.070442 -0.504327 -1.147017
v -0.070442 -0.509327 -1.138357
v -0.099575 -0.504327 -1.129697
v -0.099575 -0.494327 -1.129697
v -0.099575 -0.489327 -1.138357
v -0.099575 -0.494327 -1.147017
v -0.099575 -0.504327 -1.147017
v -0.099575 -0.509327 -1.138357
v -0.128707 -0.504327 -1.129697
v -0.128707 -0.494327 -1.129697
v -0.128707 -0.489327 -1.138357
v -0.128707 -0.494327 -1.147017
v -0.128707 -0.504327 -1.147017
v -0.128707 -0.509327 -1.138357
v -0.157840 -0.504327 -1.129697
v -0.157840 -0.494327 -1.129697
v -0.157840 -0.489327 -1.138357
v -0.157840 -0.494327 -1.147017
v -0.157840 -0.504327 -1.147017
v -0.157840 -0.509327 -1.138357
v -0.186972 -0.504327 -1.129697
v -0.186972 -0.494327 -1.129697
v -0.186972 -0.489327 -1.138357
v -0.186972 -0.494327 -1.147017
v -0.186972 -0.504327 -1.147017
v -0.186972 -0.509327 -1.138357
v -0.216105 -0.504327 -1.129697
v -0.216105 -0.494327 -1.129697
v -0.216105 -0.489327 -1.138357
v -0.216105 -0.494327 -1.147017
v -0.216105 -0.504327 -1.147017
v -0.216105 -0.509327 -1.138357
v -0.245237 -0.504327 -1.129697
v -0.245237 -0.494327 -1.129697
v -0.245237 -0.489327 -1.138357
v -0.245237 -0.494327 -1.147017
v -0.245237 -0.504327 -1.147017
v -0.245237 -0.509327 -1.138357
v -0.274370 -0.504327 -1.129697
v -0.274370 -0.494327 -1.129697
v -0.274370 -0.489327 -1.138357
v -0.274370 -0.494327 -1.147017
v -0.274370 -0.504327 -1.147017
v -0.274370 -0.509327 -1.138357
v -0.303503 -0.504327 -1.129697
v -0.303503 -0.494327 -1.129697
v -0.303503 -0.489327 -1.138357
v -0.303503 -0.494327 -1.147017
v -0.303503 -0.504327 -1.147017
v -0.303503 -0.509327 -1.138357
v -0.335854 -0.503152 -1.129697
v -0.329416 -0.495501 -1.129697
v -0.326196 -0.491675 -1.138357
v -0.329416 -0.495501 -1.147017
v -0.335854 -0.503152 -1.147017
v -0.339074 -0.506978 -1.138357
v -0.352183 -0.415757 -1.129697
v -0.342220 -0.414899 -1.129697
v -0.337238 -0.414470 -1.138357
v -0.342220 -0.414899 -1.147017
v -0.352183 -0.415757 -1.147017
v -0.357165 -0.416185 -1.138357
v -0.352201 -0.247330 -1.129697
v -0.342201 -0.247330 -1.129697
v -0.337201 -0.247330 -1.138357
v -0.342201 -0.247330 -1.147017
v -0.352201 -0.247330 -1.147017
v -0.357201 -0.247330 -1.138357
v -0.352201 -0.079332 -1.129697
v -0.342201 -0.079332 -1.129697
v -0.337201 -0.079332 -1.138357
v -0.342201 -0.079332 -1.147017
v -0.352201 -0.079332 -1.147017
v -0.357201 -0.079332 -1.138357
v -0.352201 0.088665 -1.129697
v -0.342201 0.088665 -1.129697
v -0.337201 0.088665 -1.138357
v -0.342201 0.088665 -1.147017
v -0.352201 0.088665 -1.147017
v -0.357201 0.088665 -1.138357
v -0.352201 0.256663 -1.129697
v -0.342201 0.256663 -1.129697
v -0.337201 0.256663 -1.138357
v -0.342201 0.256663 -1.147017
v -0.352201 0.256663 -1.147017
v -0.357201 0.256663 -1.138357
v -0.352201 0.424661 -1.129697
v -0.342201 0.424661 -1.129697
v -0.337201 0.424661 -1.138357
v -0.342201 0.424661 -1.147017
v -0.352201 0.424661 -1.147017
v -0.357201 0.424661 -1.138357
v -0.352201 0.592659 -1.129697
v -0.342201 0.592659 -1.129697
v -0.337201 0.592659 -1.138357
v -0.342201 0.592659 -1.147017
v -0.352201 0.592659 -1.147017
v -0.357201 0.592659 -1.138357
v -0.352201 0.760657 -1.129697
v -0.342201 0.760657 -1.129697
v -0.337201 0.760657 -1.138357
v -0.342201 0.760657 -1.147017
v -0.352201 0.760657 -1.147017
v -0.357201 0.760657 -1.138357
v -0.352201 0.928654 -1.129697
v -0.342201 0.928654 -1.129697
v -0.337201 0.928654 -1.138357
v -0.342201 0.928654 -1.147017
v -0.352201 0.928654 -1.147017
v -0.357201 0.928654 -1.138357
v -0.352201 1.096652 -1.129697
v -0.342201 1.096652 -1.129697
v -0.337201 1.096652 -1.138357
v -0.342201 1.096652 -1.147017
v -0.352201 1.096652 -1.147017
v -0.357201 1.096652 -1.138357
v -0.352201 1.264650 -1.129697
v -0.342201 1.264650 -1.129697
v -0.337201 1.264650 -1.138357
v -0.342201 1.264650 -1.147017
v -0.352201 1.264650 -1.147017
v -0.357201 1.264650 -1.138357
v -0.352201 1.432648 -1.129697
v -0.342201 1.432648 -1.129697
v -0.337201 1.432648 -1.138357
v -0.342201 1.432648 -1.147017
v -0.352201 1.432648 -1.147017
v -0.357201 1.432648 -1.138357
vn -0.0000 -0.5000 0.8660
vn -0.0000 0.5000 0.8660
vn -0.0000 1.0000 -0.0000
vn -0.0000 0.5000 -0.8660
vn -0.0000 -0.5000 -0.8660
vn -0.0000 -1.0000 -0.0000
vn -0.0136 -0.5139 0.8578
vn -0.0192 0.5187 0.8547
vn -0.0362 0.9993 -0.0000
vn -0.0192 0.5187 -0.8547
vn -0.0136 -0.5139 -0.8578
vn -0.0260 -0.9997 -0.0000
vn -0.3955 -0.4519 0.7996
vn 0.1709 0.2126 0.9621
vn 0.6175 0.7866 -0.0000
vn 0.1709 0.2126 -0.9621
vn -0.3955 -0.4519 -0.7996
vn -0.6531 -0.7572 -0.0000
vn -0.5295 -0.0515 0.8468
vn 0.4906 0.0375 0.8706
vn 0.9971 0.0756 -0.0000
vn 0.4906 0.0375 -0.8706
vn -0.5295 -0.0515 -0.8468
vn -0.9954 -0.0962 -0.0000
vn -0.5002 -0.0000 0.8659
vn 0.5002 -0.0000 0.8659
vn 1.0000 -0.0001 -0.0000
vn 0.5002 -0.0000 -0.8659
vn -0.5002 -0.0000 -0.8659
vn -1.0000 -0.0001 -0.0000
vn -0.5000 -0.0000 0.8660
vn 0.5000 -0.0000 0.8660
vn 1.0000 -0.0000 -0.0000
vn 0.5000 -0.0000 -0.8660
vn -0.5000 -0.0000 -0.8660
vn -1.0000 -0.0000 -0.0000
vt 0.000000 1.000000
vt 0.043478 1.000000
vt 0.043478 0.833333
vt 0.000000 0.833333
vt 0.000000 0.166667
vt 0.043478 0.166667
vt 0.043478 0.000000
vt 0.000000 0.000000
vt 0.000000 0.333333
vt 0.043478 0.333333
vt 0.000000 0.500000
vt 0.043478 0.500000
vt 0.000000 0.666667
vt 0.043478 0.666667
vt 0.086957 1.000000
vt 0.086957 0.833333
vt 0.086957 0.166667
vt 0.086957 0.000000
vt 0.086957 0.333333
vt 0.086957 0.500000
vt 0.086957 0.666667
vt 0.130435 1.000000
vt 0.130435 0.833333
vt 0.130435 0.166667
vt 0.130435 0.000000
vt 0.130435 0.333333
vt 0.130435 0.500000
vt 0.130435 0.666667
vt 0.173913 1.000000
vt 0.173913 0.833333
vt 0.173913 0.166667
vt 0.173913 0.000000
vt 0.173913 0.333333
vt 0.173913 0.500000
vt 0.173913 0.666667
vt 0.217391 1.000000
vt 0.217391 0.833333
vt 0.217391 0.166667
vt 0.217391 0.000000
vt 0.217391 0.333333
vt 0.217391 0.500000
vt 0.217391 0.666667
vt 0.260870 1.000000
vt 0.260870 0.833333
vt 0.260870 0.166667
vt 0.260870 0.000000
vt 0.260870 0.333333
vt 0.260870 0.500000
vt 0.260870 0.666667
vt 0.304348 1.000000
vt 0.304348 0.833333
vt 0.304348 0.166667
vt 0.304348 0.000000
vt 0.304348 0.333333
vt 0.304348 0.500000
vt 0.304348 0.666667
vt 0.347826 1.000000
vt 0.347826 0.833333
vt 0.347826 0.166667
vt 0.347826 0.000000
vt 0.347826 0.333333
vt 0.347826 0.500000
vt 0.347826 0.666667
vt 0.391304 1.000000
vt 0.391304 0.833333
vt 0.391304 0.166667
vt 0.391304 0.000000
vt 0.391304 0.333333
vt 0.391304 0.500000
vt 0.391304 0.666667
vt 0.434783 1.000000
vt 0.434783 0.833333
vt 0.434783 0.166667
vt 0.434783 0.000000
vt 0.434783 0.333333
vt 0.434783 0.500000
vt 0.434783 0.666667
vt 0.478261 1.000000
vt 0.478261 0.833333
vt 0.478261 0.166667
vt 0.478261 0.000000
vt 0.478261 0.333333
vt 0.478261 0.500000
vt 0.478261 0.666667
vt 0.521739 1.000000
vt 0.521739 0.833333
vt 0.521739 0.166667
vt 0.521739 0.000000
vt 0.521739 0.333333
vt 0.521739 0.500000
vt 0.521739 0.666667
vt 0.565217 1.000000
vt 0.565217 0.833333
vt 0.565217 0.166667
vt 0.565217 0.000000
vt 0.565217 0.333333
vt 0.565217 0.500000
vt 0.565217 0.666667
vt 0.608696 1.000000
vt 0.608696 0.833333
vt 0.608696 0.166667
vt 0.608696 0.000000
vt 0.608696 0.333333
vt 0.608696 0.500000
vt 0.608696 0.666667
vt 0.652174 1.000000
vt 0.652174 0.833333
vt 0.652174 0.166667
vt 0.652174 0.000000
vt 0.652174 0.333333
vt 0.652174 0.500000
vt 0.652174 0.666667
vt 0.695652 1.000000
vt 0.695652 0.833333
vt 0.695652 0.166667
vt 0.695652 0.000000
vt 0.695652 0.333333
vt 0.695652 0.500000
vt 0.695652 0.666667
vt 0.739130 1.000000
vt 0.739130 0.833333
vt 0.739130 0.166667
vt 0.739130 0.000000
vt 0.739130 0.333333
vt 0.739130 0.500000
vt 0.739130 0.666667
vt 0.782609 1.000000
vt 0.782609 0.833333
vt 0.782609 0.166667
vt 0.782609 0.000000
vt 0.782609 0.333333
vt 0.782609 0.500000
vt 0.782609 0.666667
vt 0.826087 1.000000
vt 0.826087 0.833333
vt 0.826087 0.166667
vt 0.826087 0.000000
vt 0.826087 0.333333
vt 0.826087 0.500000
vt 0.826087 0.666667
vt 0.869565 1.000000
vt 0.869565 0.833333
vt 0.869565 0.166667
vt 0.869565 0.000000
vt 0.869565 0.333333
vt 0.869565 0.500000
vt 0.869565 0.666667
vt 0.913043 1.000000
vt 0.913043 0.833333
vt 0.913043 0.166667
vt 0.913043 0.000000
vt 0.913043 0.333333
vt 0.913043 0.500000
vt 0.913043 0.666667
vt 0.956522 1.000000
vt 0.956522 0.833333
vt 0.956522 0.166667
vt 0.956522 0.000000
vt 0.956522 0.333333
vt 0.956522 0.500000
vt 0.956522 0.666667
vt 1.000000 1.000000
vt 1.000000 0.833333
vt 1.000000 0.166667
vt 1.000000 0.000000
vt 1.000000 0.333333
vt 1.000000 0.500000
vt 1.000000 0.666667
s 1
usemtl Material.001
f 5541/6304/4347 5547/6305/4347 5552/6306/4352 5546/6307/4352
f 5542/6308/4348 5548/6309/4348 5547/6310/4347 5541/6311/4347
f 5543/6312/4349 5549/6313/4349 5548/6309/4348 5542/6308/4348
f 5544/6314/4350 5550/6315/4350 5549/6313/4349 5543/6312/4349
f 5545/6316/4351 5551/6317/4351 5550/6315/4350 5544/6314/4350
f 5546/6307/4352 5552/6306/4352 5551/6317/4351 5545/6316/4351
f 5547/6305/4347 5553/6318/4347 5558/6319/4352 5552/6306/4352
f 5548/6309/4348 5554/6320/4348 5553/6321/4347 5547/6310/4347
f 5549/6313/4349 5555/6322/4349 5554/6320/4348 5548/6309/4348
f 5550/6315/4350 5556/6323/4350 5555/6322/4349 5549/6313/4349
f 5551/6317/4351 5557/6324/4351 5556/6323/4350 5550/6315/4350
f 5552/6306/4352 5558/6319/4352 5557/6324/4351 5551/6317/4351
f 5553/6318/4347 5559/6325/4347 5564/6326/4352 5558/6319/4352
f 5554/6320/4348 5560/6327/4348 5559/6328/4347 5553/6321/4347
f 5555/6322/4349 5561/6329/4349 5560/6327/4348 5554/6320/4348
f 5556/6323/4350 5562/6330/4350 5561/6329/4349 5555/6322/4349
f 5557/6324/4351 5563/6331/4351 5562/6330/4350 5556/6323/4350
f 5558/6319/4352 5564/6326/4352 5563/6331/4351 5557/6324/4351
f 5559/6325/4347 5565/6332/4347 5570/6333/4352 5564/6326/4352
f 5560/6327/4348 5566/6334/4348 5565/6335/4347 5559/6328/4347
f 5561/6329/4349 5567/6336/4349 5566/6334/4348 5560/6327/4348
f 5562/6330/4350 5568/6337/4350 5567/6336/4349 5561/6329/4349
f 5563/6331/4351 5569/6338/4351 5568/6337/4350 5562/6330/4350
f 5564/6326/4352 5570/6333/4352 5569/6338/4351 5563/6331/4351
f 5565/6332/4347 5571/6339/4347 5576/6340/4352 5570/6333/4352
f 5566/6334/4348 5572/6341/4348 5571/6342/4347 5565/6335/4347
f 5567/6336/4349 5573/6343/4349 5572/6341/4348 5566/6334/4348
f 5568/6337/4350 5574/6344/4350 5573/6343/4349 5567/6336/4349
f 5569/6338/4351 5575/6345/4351 5574/6344/4350 5568/6337/4350
f 5570/6333/4352 5576/6340/4352 5575/6345/4351 5569/6338/4351
f 5571/6339/4347 5577/6346/4347 5582/6347/4352 5576/6340/4352
f 5572/6341/4348 5578/6348/4348 5577/6349/4347 5571/6342/4347
f 5573/6343/4349 5579/6350/4349 5578/6348/4348 5572/6341/4348
f 5574/6344/4350 5580/6351/4350 5579/6350/4349 5573/6343/4349
f 5575/6345/4351 5581/6352/4351 5580/6351/4350 5574/6344/4350
f 5576/6340/4352 5582/6347/4352 5581/6352/4351 5575/6345/4351
f 5577/6346/4347 5583/6353/4347 5588/6354/4352 5582/6347/4352
f 5578/6348/4348 5584/6355/4348 5583/6356/4347 5577/6349/4347
f 5579/6350/4349 5585/6357/4349 5584/6355/4348 5578/6348/4348
f 5580/6351/4350 5586/6358/4350 5585/6357/4349 5579/6350/4349
f 5581/6352/4351 5587/6359/4351 5586/6358/4350 5580/6351/4350
f 5582/6347/4352 5588/6354/4352 5587/6359/4351 5581/6352/4351
f 5583/6353/4347 5589/6360/4347 5594/6361/4352 5588/6354/4352
f 5584/6355/4348 5590/6362/4348 5589/6363/4347 5583/6356/4347
f 5585/6357/4349 5591/6364/4349 5590/6362/4348 5584/6355/4348
f 5586/6358/4350 5592/6365/4350 5591/6364/4349 5585/6357/4349
f 5587/6359/4351 5593/6366/4351 5592/6365/4350 5586/6358/4350
f 5588/6354/4352 5594/6361/4352 5593/6366/4351 5587/6359/4351
f 5589/6360/4347 5595/6367/4347 5600/6368/4352 5594/6361/4352
f 5590/6362/4348 5596/6369/4348 5595/6370/4347 5589/6363/4347
f 5591/6364/4349 5597/6371/4349 5596/6369/4348 5590/6362/4348
f 5592/6365/4350 5598/6372/4350 5597/6371/4349 5591/6364/4349
f 5593/6366/4351 5599/6373/4351 5598/6372/4350 5592/6365/4350
f 5594/6361/4352 5600/6368/4352 5599/6373/4351 5593/6366/4351
f 5595/6367/4347 5601/6374/4353 5606/6375/4358 5600/6368/4352
f 5596/6369/4348 5602/6376/4354 5601/6377/4353 5595/6370/4347
f 5597/6371/4349 5603/6378/4355 5602/6376/4354 5596/6369/4348
f 5598/6372/4350 5604/6379/4356 5603/6378/4355 5597/6371/4349
f 5599/6373/4351 5605/6380/4357 5604/6379/4356 5598/6372/4350
f 5600/6368/4352 5606/6375/4358 5605/6380/4357 5599/6373/4351
f 5601/6374/4353 5607/6381/4359 5612/6382/4364 5606/6375/4358
f 5602/6376/4354 5608/6383/4360 5607/6384/4359 5601/6377/4353
f 5603/6378/4355 5609/6385/4361 5608/6383/4360 5602/6376/4354
f 5604/6379/4356 5610/6386/4362 5609/6385/4361 5603/6378/4355
f 5605/6380/4357 5611/6387/4363 5610/6386/4362 5604/6379/4356
f 5606/6375/4358 5612/6382/4364 5611/6387/4363 5605/6380/4357
f 5607/6381/4359 5613/6388/4365 5618/6389/4370 5612/6382/4364
f 5608/6383/4360 5614/6390/4366 5613/6391/4365 5607/6384/4359
f 5609/6385/4361 5615/6392/4367 5614/6390/4366 5608/6383/4360
f 5610/6386/4362 5616/6393/4368 5615/6392/4367 5609/6385/4361
f 5611/6387/4363 5617/6394/4369 5616/6393/4368 5610/6386/4362
f 5612/6382/4364 5618/6389/4370 5617/6394/4369 5611/6387/4363
f 5613/6388/4365 5619/6395/4371 5624/6396/4376 5618/6389/4370
f 5614/6390/4366 5620/6397/4372 5619/6398/4371 5613/6391/4365
f 5615/6392/4367 5621/6399/4373 5620/6397/4372 5614/6390/4366
f 5616/6393/4368 5622/6400/4374 5621/6399/4373 5615/6392/4367
f 5617/6394/4369 5623/6401/4375 5622/6400/4374 5616/6393/4368
f 5618/6389/4370 5624/6396/4376 5623/6401/4375 5617/6394/4369
f 5619/6395/4371 5625/6402/4377 5630/6403/4382 5624/6396/4376
f 5620/6397/4372 5626/6404/4378 5625/6405/4377 5619/6398/4371
f 5621/6399/4373 5627/6406/4379 5626/6404/4378 5620/6397/4372
f 5622/6400/4374 5628/6407/4380 5627/6406/4379 5621/6399/4373
f 5623/6401/4375 5629/6408/4381 5628/6407/4380 5622/6400/4374
f 5624/6396/4376 5630/6403/4382 5629/6408/4381 5623/6401/4375
f 5625/6402/4377 5631/6409/4377 5636/6410/4382 5630/6403/4382
f 5626/6404/4378 5632/6411/4378 5631/6412/4377 5625/6405/4377
f 5627/6406/4379 5633/6413/4379 5632/6411/4378 5626/6404/4378
f 5628/6407/4380 5634/6414/4380 5633/6413/4379 5627/6406/4379
f 5629/6408/4381 5635/6415/4381 5634/6414/4380 5628/6407/4380
f 5630/6403/4382 5636/6410/4382 5635/6415/4381 5629/6408/4381
f 5631/6409/4377 5637/6416/4377 5642/6417/4382 5636/6410/4382
f 5632/6411/4378 5638/6418/4378 5637/6419/4377 5631/6412/4377
f 5633/6413/4379 5639/6420/4379 5638/6418/4378 5632/6411/4378
f 5634/6414/4380 5640/6421/4380 5639/6420/4379 5633/6413/4379
f 5635/6415/4381 5641/6422/4381 5640/6421/4380 5634/6414/4380
f 5636/6410/4382 5642/6417/4382 5641/6422/4381 5635/6415/4381
f 5637/6416/4377 5643/6423/4377 5648/6424/4382 5642/6417/4382
f 5638/6418/4378 5644/6425/4378 5643/6426/4377 5637/6419/4377
f 5639/6420/4379 5645/6427/4379 5644/6425/4378 5638/6418/4378
f 5640/6421/4380 5646/6428/4380 5645/6427/4379 5639/6420/4379
f 5641/6422/4381 5647/6429/4381 5646/6428/4380 5640/6421/4380
f 5642/6417/4382 5648/6424/4382 5647/6429/4381 5641/6422/4381
f 5643/6423/4377 5649/6430/4377 5654/6431/4382 5648/6424/4382
f 5644/6425/4378 5650/6432/4378 5649/6433/4377 5643/6426/4377
f 5645/6427/4379 5651/6434/4379 5650/6432/4378 5644/6425/4378
f 5646/6428/4380 5652/6435/4380 5651/6434/4379 5645/6427/4379
f 5647/6429/4381 5653/6436/4381 5652/6435/4380 5646/6428/4380
f 5648/6424/4382 5654/6431/4382 5653/6436/4381 5647/6429/4381
f 5649/6430/4377 5655/6437/4377 5660/6438/4382 5654/6431/4382
f 5650/6432/4378 5656/6439/4378 5655/6440/4377 5649/6433/4377
f 5651/6434/4379 5657/6441/4379 5656/6439/4378 5650/6432/4378
f 5652/6435/4380 5658/6442/4380 5657/6441/4379 5651/6434/4379
f 5653/6436/4381 5659/6443/4381 5658/6442/4380 5652/6435/4380
f 5654/6431/4382 5660/6438/4382 5659/6443/4381 5653/6436/4381
f 5655/6437/4377 5661/6444/4377 5666/6445/4382 5660/6438/4382
f 5656/6439/4378 5662/6446/4378 5661/6447/4377 5655/6440/4377
f 5657/6441/4379 5663/6448/4379 5662/6446/4378 5656/6439/4378
f 5658/6442/4380 5664/6449/4380 5663/6448/4379 5657/6441/4379
f 5659/6443/4381 5665/6450/4381 5664/6449/4380 5658/6442/4380
f 5660/6438/4382 5666/6445/4382 5665/6450/4381 5659/6443/4381
f 5661/6444/4377 5667/6451/4377 5672/6452/4382 5666/6445/4382
f 5662/6446/4378 5668/6453/4378 5667/6454/4377 5661/6447/4377
f 5663/6448/4379 5669/6455/4379 5668/6453/4378 5662/6446/4378
f 5664/6449/4380 5670/6456/4380 5669/6455/4379 5663/6448/4379
f 5665/6450/4381 5671/6457/4381 5670/6456/4380 5664/6449/4380
f 5666/6445/4382 5672/6452/4382 5671/6457/4381 5665/6450/4381
f 5667/6451/4377 5673/6458/4377 5678/6459/4382 5672/6452/4382
f 5668/6453/4378 5674/6460/4378 5673/6461/4377 5667/6454/4377
f 5669/6455/4379 5675/6462/4379 5674/6460/4378 5668/6453/4378
f 5670/6456/4380 5676/6463/4380 5675/6462/4379 5669/6455/4379
f 5671/6457/4381 5677/6464/4381 5676/6463/4380 5670/6456/4380
f 5672/6452/4382 5678/6459/4382 5677/6464/4381 5671/6457/4381
f 5673/6458/4377 5679/6465/4377 5684/6466/4382 5678/6459/4382
f 5674/6460/4378 5680/6467/4378 5679/6468/4377 5673/6461/4377
f 5675/6462/4379 5681/6469/4379 5680/6467/4378 5674/6460/4378
f 5676/6463/4380 5682/6470/4380 5681/6469/4379 5675/6462/4379
f 5677/6464/4381 5683/6471/4381 5682/6470/4380 5676/6463/4380
f 5678/6459/4382 5684/6466/4382 5683/6471/4381 5677/6464/4381
o Cone.005
v -0.347201 1.424185 -1.174357
v -0.311201 1.424185 -1.138357
v -0.347201 1.424185 -1.102357
v -0.383201 1.424185 -1.138357
v -0.347201 1.496185 -1.138357
vn 0.6667 0.3333 -0.6667
vn 0.6667 0.3333 0.6667
vn -0.0000 -1.0000 -0.0000
vn -0.6667 0.3333 0.6667
vn -0.6667 0.3333 -0.6667
vt 0.250000 0.490000
vt 0.250000 0.250000
vt 0.490000 0.250000
vt 0.250000 0.010000
vt 0.750000 0.490000
vt 0.990000 0.250000
vt 0.750000 0.010000
vt 0.510000 0.250000
vt 0.010000 0.250000
s 0
usemtl Material.001
f 5685/6472/4383 5689/6473/4383 5686/6474/4383
f 5686/6474/4384 5689/6473/4384 5687/6475/4384
f 5685/6476/4385 5686/6477/4385 5687/6478/4385 5688/6479/4385
f 5687/6475/4386 5689/6473/4386 5688/6480/4386
f 5688/6480/4387 5689/6473/4387 5685/6472/4387
o NurbsPath.006
v -0.008660 0.346045 -1.929681
v -0.008660 0.346045 -1.919681
v -0.000000 0.346045 -1.914681
v 0.008660 0.346045 -1.919681
v 0.008660 0.346045 -1.929681
v -0.000000 0.346045 -1.934681
v -0.008660 0.428266 -1.929681
v -0.008660 0.428266 -1.919681
v -0.000000 0.428266 -1.914681
v 0.008660 0.428266 -1.919681
v 0.008660 0.428266 -1.929681
v -0.000000 0.428266 -1.934681
v -0.008660 0.510487 -1.929681
v -0.008660 0.510487 -1.919681
v -0.000000 0.510487 -1.914681
v 0.008660 0.510487 -1.919681
v 0.008660 0.510487 -1.929681
v -0.000000 0.510487 -1.934681
v -0.008660 0.592708 -1.929681
v -0.008660 0.592708 -1.919681
v -0.000000 0.592708 -1.914681
v 0.008660 0.592708 -1.919681
v 0.008660 0.592708 -1.929681
v -0.000000 0.592708 -1.934681
v -0.008660 0.674930 -1.929681
v -0.008660 0.674930 -1.919681
v 0.000000 0.674930 -1.914681
v 0.008660 0.674930 -1.919681
v 0.008660 0.674930 -1.929681
v 0.000000 0.674930 -1.934681
v -0.008660 0.757151 -1.929681
v -0.008660 0.757151 -1.919681
v 0.000000 0.757151 -1.914681
v 0.008660 0.757151 -1.919681
v 0.008660 0.757151 -1.929681
v 0.000000 0.757151 -1.934681
v -0.008660 0.839372 -1.929681
v -0.008660 0.839372 -1.919681
v 0.000000 0.839372 -1.914681
v 0.008660 0.839372 -1.919681
v 0.008660 0.839372 -1.929681
v 0.000000 0.839372 -1.934681
v -0.008660 0.921594 -1.929681
v -0.008660 0.921594 -1.919681
v 0.000000 0.921594 -1.914681
v 0.008660 0.921594 -1.919681
v 0.008660 0.921594 -1.929681
v 0.000000 0.921594 -1.934681
v -0.008660 1.003815 -1.929681
v -0.008660 1.003815 -1.919681
v 0.000000 1.003815 -1.914681
v 0.008660 1.003815 -1.919681
v 0.008660 1.003815 -1.929681
v 0.000000 1.003815 -1.934681
v -0.008660 1.086036 -1.929681
v -0.008660 1.086036 -1.919681
v 0.000000 1.086036 -1.914681
v 0.008660 1.086036 -1.919681
v 0.008660 1.086036 -1.929681
v 0.000000 1.086036 -1.934681
v -0.008660 1.168258 -1.929681
v -0.008660 1.168258 -1.919681
v 0.000000 1.168258 -1.914681
v 0.008660 1.168258 -1.919681
v 0.008660 1.168258 -1.929681
v 0.000000 1.168258 -1.934681
v -0.008660 1.250479 -1.929681
v -0.008660 1.250479 -1.919681
v 0.000000 1.250479 -1.914681
v 0.008660 1.250479 -1.919681
v 0.008660 1.250479 -1.929681
v 0.000000 1.250479 -1.934681
vn -0.8660 -0.0000 -0.5000
vn -0.8660 -0.0000 0.5000
vn -0.0000 -0.0000 1.0000
vn 0.8660 -0.0000 0.5000
vn 0.8660 -0.0000 -0.5000
vn -0.0000 -0.0000 -1.0000
vt 0.000000 1.000000
vt 0.090909 1.000000
vt 0.090909 0.833333
vt 0.000000 0.833333
vt 0.000000 0.166667
vt 0.090909 0.166667
vt 0.090909 0.000000
vt 0.000000 0.000000
vt 0.000000 0.333333
vt 0.090909 0.333333
vt 0.000000 0.500000
vt 0.090909 0.500000
vt 0.000000 0.666667
vt 0.090909 0.666667
vt 0.181818 1.000000
vt 0.181818 0.833333
vt 0.181818 0.166667
vt 0.181818 0.000000
vt 0.181818 0.333333
vt 0.181818 0.500000
vt 0.181818 0.666667
vt 0.272727 1.000000
vt 0.272727 0.833333
vt 0.272727 0.166667
vt 0.272727 0.000000
vt 0.272727 0.333333
vt 0.272727 0.500000
vt 0.272727 0.666667
vt 0.363636 1.000000
vt 0.363636 0.833333
vt 0.363636 0.166667
vt 0.363636 0.000000
vt 0.363636 0.333333
vt 0.363636 0.500000
vt 0.363636 0.666667
vt 0.454545 1.000000
vt 0.454545 0.833333
vt 0.454545 0.166667
vt 0.454545 0.000000
vt 0.454545 0.333333
vt 0.454545 0.500000
vt 0.454545 0.666667
vt 0.545455 1.000000
vt 0.545455 0.833333
vt 0.545455 0.166667
vt 0.545455 0.000000
vt 0.545455 0.333333
vt 0.545455 0.500000
vt 0.545455 0.666667
vt 0.636364 1.000000
vt 0.636364 0.833333
vt 0.636364 0.166667
vt 0.636364 0.000000
vt 0.636364 0.333333
vt 0.636364 0.500000
vt 0.636364 0.666667
vt 0.727273 1.000000
vt 0.727273 0.833333
vt 0.727273 0.166667
vt 0.727273 0.000000
vt 0.727273 0.333333
vt 0.727273 0.500000
vt 0.727273 0.666667
vt 0.818182 1.000000
vt 0.818182 0.833333
vt 0.818182 0.166667
vt 0.818182 0.000000
vt 0.818182 0.333333
vt 0.818182 0.500000
vt 0.818182 0.666667
vt 0.909091 1.000000
vt 0.909091 0.833333
vt 0.909091 0.166667
vt 0.909091 0.000000
vt 0.909091 0.333333
vt 0.909091 0.500000
vt 0.909091 0.666667
vt 1.000000 1.000000
vt 1.000000 0.833333
vt 1.000000 0.166667
vt 1.000000 0.000000
vt 1.000000 0.333333
vt 1.000000 0.500000
vt 1.000000 0.666667
s 1
usemtl Material.001
f 5690/6481/4388 5696/6482/4388 5701/6483/4393 5695/6484/4393
f 5691/6485/4389 5697/6486/4389 5696/6487/4388 5690/6488/4388
f 5692/6489/4390 5698/6490/4390 5697/6486/4389 5691/6485/4389
f 5693/6491/4391 5699/6492/4391 5698/6490/4390 5692/6489/4390
f 5694/6493/4392 5700/6494/4392 5699/6492/4391 5693/6491/4391
f 5695/6484/4393 5701/6483/4393 5700/6494/4392 5694/6493/4392
f 5696/6482/4388 5702/6495/4388 5707/6496/4393 5701/6483/4393
f 5697/6486/4389 5703/6497/4389 5702/6498/4388 5696/6487/4388
f 5698/6490/4390 5704/6499/4390 5703/6497/4389 5697/6486/4389
f 5699/6492/4391 5705/6500/4391 5704/6499/4390 5698/6490/4390
f 5700/6494/4392 5706/6501/4392 5705/6500/4391 5699/6492/4391
f 5701/6483/4393 5707/6496/4393 5706/6501/4392 5700/6494/4392
f 5702/6495/4388 5708/6502/4388 5713/6503/4393 5707/6496/4393
f 5703/6497/4389 5709/6504/4389 5708/6505/4388 5702/6498/4388
f 5704/6499/4390 5710/6506/4390 5709/6504/4389 5703/6497/4389
f 5705/6500/4391 5711/6507/4391 5710/6506/4390 5704/6499/4390
f 5706/6501/4392 5712/6508/4392 5711/6507/4391 5705/6500/4391
f 5707/6496/4393 5713/6503/4393 5712/6508/4392 5706/6501/4392
f 5708/6502/4388 5714/6509/4388 5719/6510/4393 5713/6503/4393
f 5709/6504/4389 5715/6511/4389 5714/6512/4388 5708/6505/4388
f 5710/6506/4390 5716/6513/4390 5715/6511/4389 5709/6504/4389
f 5711/6507/4391 5717/6514/4391 5716/6513/4390 5710/6506/4390
f 5712/6508/4392 5718/6515/4392 5717/6514/4391 5711/6507/4391
f 5713/6503/4393 5719/6510/4393 5718/6515/4392 5712/6508/4392
f 5714/6509/4388 5720/6516/4388 5725/6517/4393 5719/6510/4393
f 5715/6511/4389 5721/6518/4389 5720/6519/4388 5714/6512/4388
f 5716/6513/4390 5722/6520/4390 5721/6518/4389 5715/6511/4389
f 5717/6514/4391 5723/6521/4391 5722/6520/4390 5716/6513/4390
f 5718/6515/4392 5724/6522/4392 5723/6521/4391 5717/6514/4391
f 5719/6510/4393 5725/6517/4393 5724/6522/4392 5718/6515/4392
f 5720/6516/4388 5726/6523/4388 5731/6524/4393 5725/6517/4393
f 5721/6518/4389 5727/6525/4389 5726/6526/4388 5720/6519/4388
f 5722/6520/4390 5728/6527/4390 5727/6525/4389 5721/6518/4389
f 5723/6521/4391 5729/6528/4391 5728/6527/4390 5722/6520/4390
f 5724/6522/4392 5730/6529/4392 5729/6528/4391 5723/6521/4391
f 5725/6517/4393 5731/6524/4393 5730/6529/4392 5724/6522/4392
f 5726/6523/4388 5732/6530/4388 5737/6531/4393 5731/6524/4393
f 5727/6525/4389 5733/6532/4389 5732/6533/4388 5726/6526/4388
f 5728/6527/4390 5734/6534/4390 5733/6532/4389 5727/6525/4389
f 5729/6528/4391 5735/6535/4391 5734/6534/4390 5728/6527/4390
f 5730/6529/4392 5736/6536/4392 5735/6535/4391 5729/6528/4391
f 5731/6524/4393 5737/6531/4393 5736/6536/4392 5730/6529/4392
f 5732/6530/4388 5738/6537/4388 5743/6538/4393 5737/6531/4393
f 5733/6532/4389 5739/6539/4389 5738/6540/4388 5732/6533/4388
f 5734/6534/4390 5740/6541/4390 5739/6539/4389 5733/6532/4389
f 5735/6535/4391 5741/6542/4391 5740/6541/4390 5734/6534/4390
f 5736/6536/4392 5742/6543/4392 5741/6542/4391 5735/6535/4391
f 5737/6531/4393 5743/6538/4393 5742/6543/4392 5736/6536/4392
f 5738/6537/4388 5744/6544/4388 5749/6545/4393 5743/6538/4393
f 5739/6539/4389 5745/6546/4389 5744/6547/4388 5738/6540/4388
f 5740/6541/4390 5746/6548/4390 5745/6546/4389 5739/6539/4389
f 5741/6542/4391 5747/6549/4391 5746/6548/4390 5740/6541/4390
f 5742/6543/4392 5748/6550/4392 5747/6549/4391 5741/6542/4391
f 5743/6538/4393 5749/6545/4393 5748/6550/4392 5742/6543/4392
f 5744/6544/4388 5750/6551/4388 5755/6552/4393 5749/6545/4393
f 5745/6546/4389 5751/6553/4389 5750/6554/4388 5744/6547/4388
f 5746/6548/4390 5752/6555/4390 5751/6553/4389 5745/6546/4389
f 5747/6549/4391 5753/6556/4391 5752/6555/4390 5746/6548/4390
f 5748/6550/4392 5754/6557/4392 5753/6556/4391 5747/6549/4391
f 5749/6545/4393 5755/6552/4393 5754/6557/4392 5748/6550/4392
f 5750/6551/4388 5756/6558/4388 5761/6559/4393 5755/6552/4393
f 5751/6553/4389 5757/6560/4389 5756/6561/4388 5750/6554/4388
f 5752/6555/4390 5758/6562/4390 5757/6560/4389 5751/6553/4389
f 5753/6556/4391 5759/6563/4391 5758/6562/4390 5752/6555/4390
f 5754/6557/4392 5760/6564/4392 5759/6563/4391 5753/6556/4391
f 5755/6552/4393 5761/6559/4393 5760/6564/4392 5754/6557/4392
o NurbsPath.006
v -0.008660 0.346045 -1.929681
v -0.008660 0.346045 -1.919681
v -0.000000 0.346045 -1.914681
v 0.008660 0.346045 -1.919681
v 0.008660 0.346045 -1.929681
v -0.000000 0.346045 -1.934681
v -0.008660 0.428266 -1.929681
v -0.008660 0.428266 -1.919681
v -0.000000 0.428266 -1.914681
v 0.008660 0.428266 -1.919681
v 0.008660 0.428266 -1.929681
v -0.000000 0.428266 -1.934681
v -0.008660 0.510487 -1.929681
v -0.008660 0.510487 -1.919681
v -0.000000 0.510487 -1.914681
v 0.008660 0.510487 -1.919681
v 0.008660 0.510487 -1.929681
v -0.000000 0.510487 -1.934681
v -0.008660 0.592708 -1.929681
v -0.008660 0.592708 -1.919681
v -0.000000 0.592708 -1.914681
v 0.008660 0.592708 -1.919681
v 0.008660 0.592708 -1.929681
v -0.000000 0.592708 -1.934681
v -0.008660 0.674930 -1.929681
v -0.008660 0.674930 -1.919681
v 0.000000 0.674930 -1.914681
v 0.008660 0.674930 -1.919681
v 0.008660 0.674930 -1.929681
v 0.000000 0.674930 -1.934681
v -0.008660 0.757151 -1.929681
v -0.008660 0.757151 -1.919681
v 0.000000 0.757151 -1.914681
v 0.008660 0.757151 -1.919681
v 0.008660 0.757151 -1.929681
v 0.000000 0.757151 -1.934681
v -0.008660 0.839372 -1.929681
v -0.008660 0.839372 -1.919681
v 0.000000 0.839372 -1.914681
v 0.008660 0.839372 -1.919681
v 0.008660 0.839372 -1.929681
v 0.000000 0.839372 -1.934681
v -0.008660 0.921594 -1.929681
v -0.008660 0.921594 -1.919681
v 0.000000 0.921594 -1.914681
v 0.008660 0.921594 -1.919681
v 0.008660 0.921594 -1.929681
v 0.000000 0.921594 -1.934681
v -0.008660 1.003815 -1.929681
v -0.008660 1.003815 -1.919681
v 0.000000 1.003815 -1.914681
v 0.008660 1.003815 -1.919681
v 0.008660 1.003815 -1.929681
v 0.000000 1.003815 -1.934681
v -0.008660 1.086036 -1.929681
v -0.008660 1.086036 -1.919681
v 0.000000 1.086036 -1.914681
v 0.008660 1.086036 -1.919681
v 0.008660 1.086036 -1.929681
v 0.000000 1.086036 -1.934681
v -0.008660 1.168258 -1.929681
v -0.008660 1.168258 -1.919681
v 0.000000 1.168258 -1.914681
v 0.008660 1.168258 -1.919681
v 0.008660 1.168258 -1.929681
v 0.000000 1.168258 -1.934681
v -0.008660 1.250479 -1.929681
v -0.008660 1.250479 -1.919681
v 0.000000 1.250479 -1.914681
v 0.008660 1.250479 -1.919681
v 0.008660 1.250479 -1.929681
v 0.000000 1.250479 -1.934681
vn -0.8660 -0.0000 -0.5000
vn -0.8660 -0.0000 0.5000
vn -0.0000 -0.0000 1.0000
vn 0.8660 -0.0000 0.5000
vn 0.8660 -0.0000 -0.5000
vn -0.0000 -0.0000 -1.0000
vt 0.000000 1.000000
vt 0.090909 1.000000
vt 0.090909 0.833333
vt 0.000000 0.833333
vt 0.000000 0.166667
vt 0.090909 0.166667
vt 0.090909 0.000000
vt 0.000000 0.000000
vt 0.000000 0.333333
vt 0.090909 0.333333
vt 0.000000 0.500000
vt 0.090909 0.500000
vt 0.000000 0.666667
vt 0.090909 0.666667
vt 0.181818 1.000000
vt 0.181818 0.833333
vt 0.181818 0.166667
vt 0.181818 0.000000
vt 0.181818 0.333333
vt 0.181818 0.500000
vt 0.181818 0.666667
vt 0.272727 1.000000
vt 0.272727 0.833333
vt 0.272727 0.166667
vt 0.272727 0.000000
vt 0.272727 0.333333
vt 0.272727 0.500000
vt 0.272727 0.666667
vt 0.363636 1.000000
vt 0.363636 0.833333
vt 0.363636 0.166667
vt 0.363636 0.000000
vt 0.363636 0.333333
vt 0.363636 0.500000
vt 0.363636 0.666667
vt 0.454545 1.000000
vt 0.454545 0.833333
vt 0.454545 0.166667
vt 0.454545 0.000000
vt 0.454545 0.333333
vt 0.454545 0.500000
vt 0.454545 0.666667
vt 0.545455 1.000000
vt 0.545455 0.833333
vt 0.545455 0.166667
vt 0.545455 0.000000
vt 0.545455 0.333333
vt 0.545455 0.500000
vt 0.545455 0.666667
vt 0.636364 1.000000
vt 0.636364 0.833333
vt 0.636364 0.166667
vt 0.636364 0.000000
vt 0.636364 0.333333
vt 0.636364 0.500000
vt 0.636364 0.666667
vt 0.727273 1.000000
vt 0.727273 0.833333
vt 0.727273 0.166667
vt 0.727273 0.000000
vt 0.727273 0.333333
vt 0.727273 0.500000
vt 0.727273 0.666667
vt 0.818182 1.000000
vt 0.818182 0.833333
vt 0.818182 0.166667
vt 0.818182 0.000000
vt 0.818182 0.333333
vt 0.818182 0.500000
vt 0.818182 0.666667
vt 0.909091 1.000000
vt 0.909091 0.833333
vt 0.909091 0.166667
vt 0.909091 0.000000
vt 0.909091 0.333333
vt 0.909091 0.500000
vt 0.909091 0.666667
vt 1.000000 1.000000
vt 1.000000 0.833333
vt 1.000000 0.166667
vt 1.000000 0.000000
vt 1.000000 0.333333
vt 1.000000 0.500000
vt 1.000000 0.666667
s 1
usemtl Material.001
f 5762/6565/4394 5768/6566/4394 5773/6567/4399 5767/6568/4399
f 5763/6569/4395 5769/6570/4395 5768/6571/4394 5762/6572/4394
f 5764/6573/4396 5770/6574/4396 5769/6570/4395 5763/6569/4395
f 5765/6575/4397 5771/6576/4397 5770/6574/4396 5764/6573/4396
f 5766/6577/4398 5772/6578/4398 5771/6576/4397 5765/6575/4397
f 5767/6568/4399 5773/6567/4399 5772/6578/4398 5766/6577/4398
f 5768/6566/4394 5774/6579/4394 5779/6580/4399 5773/6567/4399
f 5769/6570/4395 5775/6581/4395 5774/6582/4394 5768/6571/4394
f 5770/6574/4396 5776/6583/4396 5775/6581/4395 5769/6570/4395
f 5771/6576/4397 5777/6584/4397 5776/6583/4396 5770/6574/4396
f 5772/6578/4398 5778/6585/4398 5777/6584/4397 5771/6576/4397
f 5773/6567/4399 5779/6580/4399 5778/6585/4398 5772/6578/4398
f 5774/6579/4394 5780/6586/4394 5785/6587/4399 5779/6580/4399
f 5775/6581/4395 5781/6588/4395 5780/6589/4394 5774/6582/4394
f 5776/6583/4396 5782/6590/4396 5781/6588/4395 5775/6581/4395
f 5777/6584/4397 5783/6591/4397 5782/6590/4396 5776/6583/4396
f 5778/6585/4398 5784/6592/4398 5783/6591/4397 5777/6584/4397
f 5779/6580/4399 5785/6587/4399 5784/6592/4398 5778/6585/4398
f 5780/6586/4394 5786/6593/4394 5791/6594/4399 5785/6587/4399
f 5781/6588/4395 5787/6595/4395 5786/6596/4394 5780/6589/4394
f 5782/6590/4396 5788/6597/4396 5787/6595/4395 5781/6588/4395
f 5783/6591/4397 5789/6598/4397 5788/6597/4396 5782/6590/4396
f 5784/6592/4398 5790/6599/4398 5789/6598/4397 5783/6591/4397
f 5785/6587/4399 5791/6594/4399 5790/6599/4398 5784/6592/4398
f 5786/6593/4394 5792/6600/4394 5797/6601/4399 5791/6594/4399
f 5787/6595/4395 5793/6602/4395 5792/6603/4394 5786/6596/4394
f 5788/6597/4396 5794/6604/4396 5793/6602/4395 5787/6595/4395
f 5789/6598/4397 5795/6605/4397 5794/6604/4396 5788/6597/4396
f 5790/6599/4398 5796/6606/4398 5795/6605/4397 5789/6598/4397
f 5791/6594/4399 5797/6601/4399 5796/6606/4398 5790/6599/4398
f 5792/6600/4394 5798/6607/4394 5803/6608/4399 5797/6601/4399
f 5793/6602/4395 5799/6609/4395 5798/6610/4394 5792/6603/4394
f 5794/6604/4396 5800/6611/4396 5799/6609/4395 5793/6602/4395
f 5795/6605/4397 5801/6612/4397 5800/6611/4396 5794/6604/4396
f 5796/6606/4398 5802/6613/4398 5801/6612/4397 5795/6605/4397
f 5797/6601/4399 5803/6608/4399 5802/6613/4398 5796/6606/4398
f 5798/6607/4394 5804/6614/4394 5809/6615/4399 5803/6608/4399
f 5799/6609/4395 5805/6616/4395 5804/6617/4394 5798/6610/4394
f 5800/6611/4396 5806/6618/4396 5805/6616/4395 5799/6609/4395
f 5801/6612/4397 5807/6619/4397 5806/6618/4396 5800/6611/4396
f 5802/6613/4398 5808/6620/4398 5807/6619/4397 5801/6612/4397
f 5803/6608/4399 5809/6615/4399 5808/6620/4398 5802/6613/4398
f 5804/6614/4394 5810/6621/4394 5815/6622/4399 5809/6615/4399
f 5805/6616/4395 5811/6623/4395 5810/6624/4394 5804/6617/4394
f 5806/6618/4396 5812/6625/4396 5811/6623/4395 5805/6616/4395
f 5807/6619/4397 5813/6626/4397 5812/6625/4396 5806/6618/4396
f 5808/6620/4398 5814/6627/4398 5813/6626/4397 5807/6619/4397
f 5809/6615/4399 5815/6622/4399 5814/6627/4398 5808/6620/4398
f 5810/6621/4394 5816/6628/4394 5821/6629/4399 5815/6622/4399
f 5811/6623/4395 5817/6630/4395 5816/6631/4394 5810/6624/4394
f 5812/6625/4396 5818/6632/4396 5817/6630/4395 5811/6623/4395
f 5813/6626/4397 5819/6633/4397 5818/6632/4396 5812/6625/4396
f 5814/6627/4398 5820/6634/4398 5819/6633/4397 5813/6626/4397
f 5815/6622/4399 5821/6629/4399 5820/6634/4398 5814/6627/4398
f 5816/6628/4394 5822/6635/4394 5827/6636/4399 5821/6629/4399
f 5817/6630/4395 5823/6637/4395 5822/6638/4394 5816/6631/4394
f 5818/6632/4396 5824/6639/4396 5823/6637/4395 5817/6630/4395
f 5819/6633/4397 5825/6640/4397 5824/6639/4396 5818/6632/4396
f 5820/6634/4398 5826/6641/4398 5825/6640/4397 5819/6633/4397
f 5821/6629/4399 5827/6636/4399 5826/6641/4398 5820/6634/4398
f 5822/6635/4394 5828/6642/4394 5833/6643/4399 5827/6636/4399
f 5823/6637/4395 5829/6644/4395 5828/6645/4394 5822/6638/4394
f 5824/6639/4396 5830/6646/4396 5829/6644/4395 5823/6637/4395
f 5825/6640/4397 5831/6647/4397 5830/6646/4396 5824/6639/4396
f 5826/6641/4398 5832/6648/4398 5831/6647/4397 5825/6640/4397
f 5827/6636/4399 5833/6643/4399 5832/6648/4398 5826/6641/4398
o Cone.006
v 0.000000 1.242015 -1.960681
v 0.036000 1.242015 -1.924681
v 0.000000 1.242015 -1.888681
v -0.036000 1.242015 -1.924681
v 0.000000 1.314015 -1.924681
vn 0.6667 0.3333 -0.6667
vn 0.6667 0.3333 0.6667
vn -0.0000 -1.0000 -0.0000
vn -0.6667 0.3333 0.6667
vn -0.6667 0.3333 -0.6667
vt 0.250000 0.490000
vt 0.250000 0.250000
vt 0.490000 0.250000
vt 0.250000 0.010000
vt 0.750000 0.490000
vt 0.990000 0.250000
vt 0.750000 0.010000
vt 0.510000 0.250000
vt 0.010000 0.250000
s 0
usemtl Material.001
f 5834/6649/4400 5838/6650/4400 5835/6651/4400
f 5835/6651/4401 5838/6650/4401 5836/6652/4401
f 5834/6653/4402 5835/6654/4402 5836/6655/4402 5837/6656/4402
f 5836/6652/4403 5838/6650/4403 5837/6657/4403
f 5837/6657/4404 5838/6650/4404 5834/6649/4404
o NurbsPath.007
v 0.045177 -0.835495 0.862345
v 0.045177 -0.825495 0.862345
v 0.045177 -0.820495 0.871006
v 0.045177 -0.825495 0.879666
v 0.045177 -0.835495 0.879666
v 0.045177 -0.840495 0.871006
v 0.085358 -0.835495 0.862345
v 0.085358 -0.825495 0.862345
v 0.085358 -0.820495 0.871006
v 0.085358 -0.825495 0.879666
v 0.085358 -0.835495 0.879666
v 0.085358 -0.840495 0.871006
v 0.125538 -0.835495 0.862345
v 0.125538 -0.825495 0.862345
v 0.125538 -0.820495 0.871006
v 0.125538 -0.825495 0.879666
v 0.125538 -0.835495 0.879666
v 0.125538 -0.840495 0.871006
v 0.165718 -0.835495 0.862345
v 0.165718 -0.825495 0.862345
v 0.165718 -0.820495 0.871006
v 0.165718 -0.825495 0.879666
v 0.165718 -0.835495 0.879666
v 0.165718 -0.840495 0.871006
v 0.205898 -0.835495 0.862345
v 0.205898 -0.825495 0.862345
v 0.205898 -0.820495 0.871006
v 0.205898 -0.825495 0.879666
v 0.205898 -0.835495 0.879666
v 0.205898 -0.840495 0.871006
v 0.246078 -0.835495 0.862345
v 0.246078 -0.825495 0.862345
v 0.246078 -0.820495 0.871006
v 0.246078 -0.825495 0.879666
v 0.246078 -0.835495 0.879666
v 0.246078 -0.840495 0.871006
v 0.286259 -0.835495 0.862345
v 0.286259 -0.825495 0.862345
v 0.286259 -0.820495 0.871006
v 0.286259 -0.825495 0.879666
v 0.286259 -0.835495 0.879666
v 0.286259 -0.840495 0.871006
v 0.326439 -0.835495 0.862345
v 0.326439 -0.825495 0.862345
v 0.326439 -0.820495 0.871006
v 0.326439 -0.825495 0.879666
v 0.326439 -0.835495 0.879666
v 0.326439 -0.840495 0.871006
v 0.366619 -0.835495 0.862345
v 0.366619 -0.825495 0.862345
v 0.366619 -0.820495 0.871006
v 0.366619 -0.825495 0.879666
v 0.366619 -0.835495 0.879666
v 0.366619 -0.840495 0.871006
v 0.406799 -0.835495 0.862345
v 0.406799 -0.825495 0.862345
v 0.406799 -0.820495 0.871006
v 0.406799 -0.825495 0.879666
v 0.406799 -0.835495 0.879666
v 0.406799 -0.840495 0.871006
v 0.446979 -0.835495 0.862345
v 0.446979 -0.825495 0.862345
v 0.446979 -0.820495 0.871006
v 0.446979 -0.825495 0.879666
v 0.446979 -0.835495 0.879666
v 0.446979 -0.840495 0.871006
v 0.490311 -0.834376 0.862345
v 0.484008 -0.826613 0.862345
v 0.480856 -0.822732 0.871006
v 0.484008 -0.826613 0.879666
v 0.490311 -0.834376 0.879666
v 0.493463 -0.838258 0.871006
v 0.512223 -0.735245 0.862345
v 0.502276 -0.734213 0.862345
v 0.497303 -0.733697 0.871006
v 0.502276 -0.734213 0.879666
v 0.512223 -0.735245 0.879666
v 0.517196 -0.735761 0.871006
v 0.512250 -0.543198 0.862345
v 0.502250 -0.543198 0.862345
v 0.497250 -0.543198 0.871006
v 0.502250 -0.543198 0.879666
v 0.512250 -0.543198 0.879666
v 0.517250 -0.543198 0.871006
v 0.512250 -0.351666 0.862345
v 0.502250 -0.351666 0.862345
v 0.497250 -0.351666 0.871006
v 0.502250 -0.351666 0.879666
v 0.512250 -0.351666 0.879666
v 0.517250 -0.351666 0.871006
v 0.512250 -0.160134 0.862345
v 0.502250 -0.160134 0.862345
v 0.497250 -0.160134 0.871006
v 0.502250 -0.160134 0.879666
v 0.512250 -0.160134 0.879666
v 0.517250 -0.160134 0.871006
v 0.512250 0.031397 0.862345
v 0.502250 0.031397 0.862345
v 0.497250 0.031397 0.871006
v 0.502250 0.031397 0.879666
v 0.512250 0.031397 0.879666
v 0.517250 0.031397 0.871006
v 0.512250 0.222929 0.862345
v 0.502250 0.222929 0.862345
v 0.497250 0.222929 0.871006
v 0.502250 0.222929 0.879666
v 0.512250 0.222929 0.879666
v 0.517250 0.222929 0.871006
v 0.512250 0.414461 0.862345
v 0.502250 0.414461 0.862345
v 0.497250 0.414461 0.871006
v 0.502250 0.414461 0.879666
v 0.512250 0.414461 0.879666
v 0.517250 0.414461 0.871006
v 0.512250 0.605992 0.862345
v 0.502250 0.605992 0.862345
v 0.497250 0.605992 0.871006
v 0.502250 0.605992 0.879666
v 0.512250 0.605992 0.879666
v 0.517250 0.605992 0.871006
v 0.512250 0.797524 0.862345
v 0.502250 0.797524 0.862345
v 0.497250 0.797524 0.871006
v 0.502250 0.797524 0.879666
v 0.512250 0.797524 0.879666
v 0.517250 0.797524 0.871006
v 0.512250 0.989056 0.862345
v 0.502250 0.989056 0.862345
v 0.497250 0.989056 0.871006
v 0.502250 0.989056 0.879666
v 0.512250 0.989056 0.879666
v 0.517250 0.989056 0.871006
v 0.512250 1.180587 0.862345
v 0.502250 1.180587 0.862345
v 0.497250 1.180587 0.871006
v 0.502250 1.180587 0.879666
v 0.512250 1.180587 0.879666
v 0.517250 1.180587 0.871006
v 0.512250 1.372119 0.862345
v 0.502250 1.372119 0.862345
v 0.497250 1.372119 0.871006
v 0.502250 1.372119 0.879666
v 0.512250 1.372119 0.879666
v 0.517250 1.372119 0.871006
vn -0.0000 -0.5000 -0.8660
vn -0.0000 0.5000 -0.8660
vn -0.0000 1.0000 -0.0000
vn -0.0000 0.5000 0.8660
vn -0.0000 -0.5000 0.8660
vn -0.0000 -1.0000 -0.0000
vn 0.0097 -0.5126 -0.8586
vn 0.0124 0.5157 -0.8567
vn 0.0238 0.9997 -0.0000
vn 0.0124 0.5157 0.8567
vn 0.0097 -0.5126 0.8586
vn 0.0188 -0.9998 -0.0000
vn 0.3839 -0.4605 -0.8003
vn -0.1756 0.2221 -0.9591
vn -0.6152 0.7884 -0.0000
vn -0.1756 0.2221 0.9591
vn 0.3839 -0.4605 0.8003
vn 0.6367 -0.7711 -0.0000
vn 0.5317 -0.0604 -0.8448
vn -0.4841 0.0466 -0.8738
vn -0.9955 0.0953 -0.0000
vn -0.4841 0.0466 0.8738
vn 0.5317 -0.0604 0.8448
vn 0.9937 -0.1123 -0.0000
vn 0.5003 -0.0001 -0.8659
vn -0.5003 -0.0001 -0.8659
vn -1.0000 -0.0001 -0.0000
vn -0.5003 -0.0001 0.8659
vn 0.5003 -0.0001 0.8659
vn 1.0000 -0.0001 -0.0000
vn 0.5000 -0.0000 -0.8660
vn -0.5000 -0.0000 -0.8660
vn -1.0000 -0.0000 -0.0000
vn -0.5000 -0.0000 0.8660
vn 0.5000 -0.0000 0.8660
vn 1.0000 -0.0000 -0.0000
vt 0.000000 1.000000
vt 0.043478 1.000000
vt 0.043478 0.833333
vt 0.000000 0.833333
vt 0.000000 0.166667
vt 0.043478 0.166667
vt 0.043478 0.000000
vt 0.000000 0.000000
vt 0.000000 0.333333
vt 0.043478 0.333333
vt 0.000000 0.500000
vt 0.043478 0.500000
vt 0.000000 0.666667
vt 0.043478 0.666667
vt 0.086957 1.000000
vt 0.086957 0.833333
vt 0.086957 0.166667
vt 0.086957 0.000000
vt 0.086957 0.333333
vt 0.086957 0.500000
vt 0.086957 0.666667
vt 0.130435 1.000000
vt 0.130435 0.833333
vt 0.130435 0.166667
vt 0.130435 0.000000
vt 0.130435 0.333333
vt 0.130435 0.500000
vt 0.130435 0.666667
vt 0.173913 1.000000
vt 0.173913 0.833333
vt 0.173913 0.166667
vt 0.173913 0.000000
vt 0.173913 0.333333
vt 0.173913 0.500000
vt 0.173913 0.666667
vt 0.217391 1.000000
vt 0.217391 0.833333
vt 0.217391 0.166667
vt 0.217391 0.000000
vt 0.217391 0.333333
vt 0.217391 0.500000
vt 0.217391 0.666667
vt 0.260870 1.000000
vt 0.260870 0.833333
vt 0.260870 0.166667
vt 0.260870 0.000000
vt 0.260870 0.333333
vt 0.260870 0.500000
vt 0.260870 0.666667
vt 0.304348 1.000000
vt 0.304348 0.833333
vt 0.304348 0.166667
vt 0.304348 0.000000
vt 0.304348 0.333333
vt 0.304348 0.500000
vt 0.304348 0.666667
vt 0.347826 1.000000
vt 0.347826 0.833333
vt 0.347826 0.166667
vt 0.347826 0.000000
vt 0.347826 0.333333
vt 0.347826 0.500000
vt 0.347826 0.666667
vt 0.391304 1.000000
vt 0.391304 0.833333
vt 0.391304 0.166667
vt 0.391304 0.000000
vt 0.391304 0.333333
vt 0.391304 0.500000
vt 0.391304 0.666667
vt 0.434783 1.000000
vt 0.434783 0.833333
vt 0.434783 0.166667
vt 0.434783 0.000000
vt 0.434783 0.333333
vt 0.434783 0.500000
vt 0.434783 0.666667
vt 0.478261 1.000000
vt 0.478261 0.833333
vt 0.478261 0.166667
vt 0.478261 0.000000
vt 0.478261 0.333333
vt 0.478261 0.500000
vt 0.478261 0.666667
vt 0.521739 1.000000
vt 0.521739 0.833333
vt 0.521739 0.166667
vt 0.521739 0.000000
vt 0.521739 0.333333
vt 0.521739 0.500000
vt 0.521739 0.666667
vt 0.565217 1.000000
vt 0.565217 0.833333
vt 0.565217 0.166667
vt 0.565217 0.000000
vt 0.565217 0.333333
vt 0.565217 0.500000
vt 0.565217 0.666667
vt 0.608696 1.000000
vt 0.608696 0.833333
vt 0.608696 0.166667
vt 0.608696 0.000000
vt 0.608696 0.333333
vt 0.608696 0.500000
vt 0.608696 0.666667
vt 0.652174 1.000000
vt 0.652174 0.833333
vt 0.652174 0.166667
vt 0.652174 0.000000
vt 0.652174 0.333333
vt 0.652174 0.500000
vt 0.652174 0.666667
vt 0.695652 1.000000
vt 0.695652 0.833333
vt 0.695652 0.166667
vt 0.695652 0.000000
vt 0.695652 0.333333
vt 0.695652 0.500000
vt 0.695652 0.666667
vt 0.739130 1.000000
vt 0.739130 0.833333
vt 0.739130 0.166667
vt 0.739130 0.000000
vt 0.739130 0.333333
vt 0.739130 0.500000
vt 0.739130 0.666667
vt 0.782609 1.000000
vt 0.782609 0.833333
vt 0.782609 0.166667
vt 0.782609 0.000000
vt 0.782609 0.333333
vt 0.782609 0.500000
vt 0.782609 0.666667
vt 0.826087 1.000000
vt 0.826087 0.833333
vt 0.826087 0.166667
vt 0.826087 0.000000
vt 0.826087 0.333333
vt 0.826087 0.500000
vt 0.826087 0.666667
vt 0.869565 1.000000
vt 0.869565 0.833333
vt 0.869565 0.166667
vt 0.869565 0.000000
vt 0.869565 0.333333
vt 0.869565 0.500000
vt 0.869565 0.666667
vt 0.913043 1.000000
vt 0.913043 0.833333
vt 0.913043 0.166667
vt 0.913043 0.000000
vt 0.913043 0.333333
vt 0.913043 0.500000
vt 0.913043 0.666667
vt 0.956522 1.000000
vt 0.956522 0.833333
vt 0.956522 0.166667
vt 0.956522 0.000000
vt 0.956522 0.333333
vt 0.956522 0.500000
vt 0.956522 0.666667
vt 1.000000 1.000000
vt 1.000000 0.833333
vt 1.000000 0.166667
vt 1.000000 0.000000
vt 1.000000 0.333333
vt 1.000000 0.500000
vt 1.000000 0.666667
s 1
usemtl Material.001
f 5839/6658/4405 5845/6659/4405 5850/6660/4410 5844/6661/4410
f 5840/6662/4406 5846/6663/4406 5845/6664/4405 5839/6665/4405
f 5841/6666/4407 5847/6667/4407 5846/6663/4406 5840/6662/4406
f 5842/6668/4408 5848/6669/4408 5847/6667/4407 5841/6666/4407
f 5843/6670/4409 5849/6671/4409 5848/6669/4408 5842/6668/4408
f 5844/6661/4410 5850/6660/4410 5849/6671/4409 5843/6670/4409
f 5845/6659/4405 5851/6672/4405 5856/6673/4410 5850/6660/4410
f 5846/6663/4406 5852/6674/4406 5851/6675/4405 5845/6664/4405
f 5847/6667/4407 5853/6676/4407 5852/6674/4406 5846/6663/4406
f 5848/6669/4408 5854/6677/4408 5853/6676/4407 5847/6667/4407
f 5849/6671/4409 5855/6678/4409 5854/6677/4408 5848/6669/4408
f 5850/6660/4410 5856/6673/4410 5855/6678/4409 5849/6671/4409
f 5851/6672/4405 5857/6679/4405 5862/6680/4410 5856/6673/4410
f 5852/6674/4406 5858/6681/4406 5857/6682/4405 5851/6675/4405
f 5853/6676/4407 5859/6683/4407 5858/6681/4406 5852/6674/4406
f 5854/6677/4408 5860/6684/4408 5859/6683/4407 5853/6676/4407
f 5855/6678/4409 5861/6685/4409 5860/6684/4408 5854/6677/4408
f 5856/6673/4410 5862/6680/4410 5861/6685/4409 5855/6678/4409
f 5857/6679/4405 5863/6686/4405 5868/6687/4410 5862/6680/4410
f 5858/6681/4406 5864/6688/4406 5863/6689/4405 5857/6682/4405
f 5859/6683/4407 5865/6690/4407 5864/6688/4406 5858/6681/4406
f 5860/6684/4408 5866/6691/4408 5865/6690/4407 5859/6683/4407
f 5861/6685/4409 5867/6692/4409 5866/6691/4408 5860/6684/4408
f 5862/6680/4410 5868/6687/4410 5867/6692/4409 5861/6685/4409
f 5863/6686/4405 5869/6693/4405 5874/6694/4410 5868/6687/4410
f 5864/6688/4406 5870/6695/4406 5869/6696/4405 5863/6689/4405
f 5865/6690/4407 5871/6697/4407 5870/6695/4406 5864/6688/4406
f 5866/6691/4408 5872/6698/4408 5871/6697/4407 5865/6690/4407
f 5867/6692/4409 5873/6699/4409 5872/6698/4408 5866/6691/4408
f 5868/6687/4410 5874/6694/4410 5873/6699/4409 5867/6692/4409
f 5869/6693/4405 5875/6700/4405 5880/6701/4410 5874/6694/4410
f 5870/6695/4406 5876/6702/4406 5875/6703/4405 5869/6696/4405
f 5871/6697/4407 5877/6704/4407 5876/6702/4406 5870/6695/4406
f 5872/6698/4408 5878/6705/4408 5877/6704/4407 5871/6697/4407
f 5873/6699/4409 5879/6706/4409 5878/6705/4408 5872/6698/4408
f 5874/6694/4410 5880/6701/4410 5879/6706/4409 5873/6699/4409
f 5875/6700/4405 5881/6707/4405 5886/6708/4410 5880/6701/4410
f 5876/6702/4406 5882/6709/4406 5881/6710/4405 5875/6703/4405
f 5877/6704/4407 5883/6711/4407 5882/6709/4406 5876/6702/4406
f 5878/6705/4408 5884/6712/4408 5883/6711/4407 5877/6704/4407
f 5879/6706/4409 5885/6713/4409 5884/6712/4408 5878/6705/4408
f 5880/6701/4410 5886/6708/4410 5885/6713/4409 5879/6706/4409
f 5881/6707/4405 5887/6714/4405 5892/6715/4410 5886/6708/4410
f 5882/6709/4406 5888/6716/4406 5887/6717/4405 5881/6710/4405
f 5883/6711/4407 5889/6718/4407 5888/6716/4406 5882/6709/4406
f 5884/6712/4408 5890/6719/4408 5889/6718/4407 5883/6711/4407
f 5885/6713/4409 5891/6720/4409 5890/6719/4408 5884/6712/4408
f 5886/6708/4410 5892/6715/4410 5891/6720/4409 5885/6713/4409
f 5887/6714/4405 5893/6721/4405 5898/6722/4410 5892/6715/4410
f 5888/6716/4406 5894/6723/4406 5893/6724/4405 5887/6717/4405
f 5889/6718/4407 5895/6725/4407 5894/6723/4406 5888/6716/4406
f 5890/6719/4408 5896/6726/4408 5895/6725/4407 5889/6718/4407
f 5891/6720/4409 5897/6727/4409 5896/6726/4408 5890/6719/4408
f 5892/6715/4410 5898/6722/4410 5897/6727/4409 5891/6720/4409
f 5893/6721/4405 5899/6728/4411 5904/6729/4416 5898/6722/4410
f 5894/6723/4406 5900/6730/4412 5899/6731/4411 5893/6724/4405
f 5895/6725/4407 5901/6732/4413 5900/6730/4412 5894/6723/4406
f 5896/6726/4408 5902/6733/4414 5901/6732/4413 5895/6725/4407
f 5897/6727/4409 5903/6734/4415 5902/6733/4414 5896/6726/4408
f 5898/6722/4410 5904/6729/4416 5903/6734/4415 5897/6727/4409
f 5899/6728/4411 5905/6735/4417 5910/6736/4422 5904/6729/4416
f 5900/6730/4412 5906/6737/4418 5905/6738/4417 5899/6731/4411
f 5901/6732/4413 5907/6739/4419 5906/6737/4418 5900/6730/4412
f 5902/6733/4414 5908/6740/4420 5907/6739/4419 5901/6732/4413
f 5903/6734/4415 5909/6741/4421 5908/6740/4420 5902/6733/4414
f 5904/6729/4416 5910/6736/4422 5909/6741/4421 5903/6734/4415
f 5905/6735/4417 5911/6742/4423 5916/6743/4428 5910/6736/4422
f 5906/6737/4418 5912/6744/4424 5911/6745/4423 5905/6738/4417
f 5907/6739/4419 5913/6746/4425 5912/6744/4424 5906/6737/4418
f 5908/6740/4420 5914/6747/4426 5913/6746/4425 5907/6739/4419
f 5909/6741/4421 5915/6748/4427 5914/6747/4426 5908/6740/4420
f 5910/6736/4422 5916/6743/4428 5915/6748/4427 5909/6741/4421
f 5911/6742/4423 5917/6749/4429 5922/6750/4434 5916/6743/4428
f 5912/6744/4424 5918/6751/4430 5917/6752/4429 5911/6745/4423
f 5913/6746/4425 5919/6753/4431 5918/6751/4430 5912/6744/4424
f 5914/6747/4426 5920/6754/4432 5919/6753/4431 5913/6746/4425
f 5915/6748/4427 5921/6755/4433 5920/6754/4432 5914/6747/4426
f 5916/6743/4428 5922/6750/4434 5921/6755/4433 5915/6748/4427
f 5917/6749/4429 5923/6756/4435 5928/6757/4440 5922/6750/4434
f 5918/6751/4430 5924/6758/4436 5923/6759/4435 5917/6752/4429
f 5919/6753/4431 5925/6760/4437 5924/6758/4436 5918/6751/4430
f 5920/6754/4432 5926/6761/4438 5925/6760/4437 5919/6753/4431
f 5921/6755/4433 5927/6762/4439 5926/6761/4438 5920/6754/4432
f 5922/6750/4434 5928/6757/4440 5927/6762/4439 5921/6755/4433
f 5923/6756/4435 5929/6763/4435 5934/6764/4440 5928/6757/4440
f 5924/6758/4436 5930/6765/4436 5929/6766/4435 5923/6759/4435
f 5925/6760/4437 5931/6767/4437 5930/6765/4436 5924/6758/4436
f 5926/6761/4438 5932/6768/4438 5931/6767/4437 5925/6760/4437
f 5927/6762/4439 5933/6769/4439 5932/6768/4438 5926/6761/4438
f 5928/6757/4440 5934/6764/4440 5933/6769/4439 5927/6762/4439
f 5929/6763/4435 5935/6770/4435 5940/6771/4440 5934/6764/4440
f 5930/6765/4436 5936/6772/4436 5935/6773/4435 5929/6766/4435
f 5931/6767/4437 5937/6774/4437 5936/6772/4436 5930/6765/4436
f 5932/6768/4438 5938/6775/4438 5937/6774/4437 5931/6767/4437
f 5933/6769/4439 5939/6776/4439 5938/6775/4438 5932/6768/4438
f 5934/6764/4440 5940/6771/4440 5939/6776/4439 5933/6769/4439
f 5935/6770/4435 5941/6777/4435 5946/6778/4440 5940/6771/4440
f 5936/6772/4436 5942/6779/4436 5941/6780/4435 5935/6773/4435
f 5937/6774/4437 5943/6781/4437 5942/6779/4436 5936/6772/4436
f 5938/6775/4438 5944/6782/4438 5943/6781/4437 5937/6774/4437
f 5939/6776/4439 5945/6783/4439 5944/6782/4438 5938/6775/4438
f 5940/6771/4440 5946/6778/4440 5945/6783/4439 5939/6776/4439
f 5941/6777/4435 5947/6784/4435 5952/6785/4440 5946/6778/4440
f 5942/6779/4436 5948/6786/4436 5947/6787/4435 5941/6780/4435
f 5943/6781/4437 5949/6788/4437 5948/6786/4436 5942/6779/4436
f 5944/6782/4438 5950/6789/4438 5949/6788/4437 5943/6781/4437
f 5945/6783/4439 5951/6790/4439 5950/6789/4438 5944/6782/4438
f 5946/6778/4440 5952/6785/4440 5951/6790/4439 5945/6783/4439
f 5947/6784/4435 5953/6791/4435 5958/6792/4440 5952/6785/4440
f 5948/6786/4436 5954/6793/4436 5953/6794/4435 5947/6787/4435
f 5949/6788/4437 5955/6795/4437 5954/6793/4436 5948/6786/4436
f 5950/6789/4438 5956/6796/4438 5955/6795/4437 5949/6788/4437
f 5951/6790/4439 5957/6797/4439 5956/6796/4438 5950/6789/4438
f 5952/6785/4440 5958/6792/4440 5957/6797/4439 5951/6790/4439
f 5953/6791/4435 5959/6798/4435 5964/6799/4440 5958/6792/4440
f 5954/6793/4436 5960/6800/4436 5959/6801/4435 5953/6794/4435
f 5955/6795/4437 5961/6802/4437 5960/6800/4436 5954/6793/4436
f 5956/6796/4438 5962/6803/4438 5961/6802/4437 5955/6795/4437
f 5957/6797/4439 5963/6804/4439 5962/6803/4438 5956/6796/4438
f 5958/6792/4440 5964/6799/4440 5963/6804/4439 5957/6797/4439
f 5959/6798/4435 5965/6805/4435 5970/6806/4440 5964/6799/4440
f 5960/6800/4436 5966/6807/4436 5965/6808/4435 5959/6801/4435
f 5961/6802/4437 5967/6809/4437 5966/6807/4436 5960/6800/4436
f 5962/6803/4438 5968/6810/4438 5967/6809/4437 5961/6802/4437
f 5963/6804/4439 5969/6811/4439 5968/6810/4438 5962/6803/4438
f 5964/6799/4440 5970/6806/4440 5969/6811/4439 5963/6804/4439
f 5965/6805/4435 5971/6812/4435 5976/6813/4440 5970/6806/4440
f 5966/6807/4436 5972/6814/4436 5971/6815/4435 5965/6808/4435
f 5967/6809/4437 5973/6816/4437 5972/6814/4436 5966/6807/4436
f 5968/6810/4438 5974/6817/4438 5973/6816/4437 5967/6809/4437
f 5969/6811/4439 5975/6818/4439 5974/6817/4438 5968/6810/4438
f 5970/6806/4440 5976/6813/4440 5975/6818/4439 5969/6811/4439
f 5971/6812/4435 5977/6819/4435 5982/6820/4440 5976/6813/4440
f 5972/6814/4436 5978/6821/4436 5977/6822/4435 5971/6815/4435
f 5973/6816/4437 5979/6823/4437 5978/6821/4436 5972/6814/4436
f 5974/6817/4438 5980/6824/4438 5979/6823/4437 5973/6816/4437
f 5975/6818/4439 5981/6825/4439 5980/6824/4438 5974/6817/4438
f 5976/6813/4440 5982/6820/4440 5981/6825/4439 5975/6818/4439
o NurbsPath.007
v 0.045177 -0.835495 0.862345
v 0.045177 -0.825495 0.862345
v 0.045177 -0.820495 0.871006
v 0.045177 -0.825495 0.879666
v 0.045177 -0.835495 0.879666
v 0.045177 -0.840495 0.871006
v 0.085358 -0.835495 0.862345
v 0.085358 -0.825495 0.862345
v 0.085358 -0.820495 0.871006
v 0.085358 -0.825495 0.879666
v 0.085358 -0.835495 0.879666
v 0.085358 -0.840495 0.871006
v 0.125538 -0.835495 0.862345
v 0.125538 -0.825495 0.862345
v 0.125538 -0.820495 0.871006
v 0.125538 -0.825495 0.879666
v 0.125538 -0.835495 0.879666
v 0.125538 -0.840495 0.871006
v 0.165718 -0.835495 0.862345
v 0.165718 -0.825495 0.862345
v 0.165718 -0.820495 0.871006
v 0.165718 -0.825495 0.879666
v 0.165718 -0.835495 0.879666
v 0.165718 -0.840495 0.871006
v 0.205898 -0.835495 0.862345
v 0.205898 -0.825495 0.862345
v 0.205898 -0.820495 0.871006
v 0.205898 -0.825495 0.879666
v 0.205898 -0.835495 0.879666
v 0.205898 -0.840495 0.871006
v 0.246078 -0.835495 0.862345
v 0.246078 -0.825495 0.862345
v 0.246078 -0.820495 0.871006
v 0.246078 -0.825495 0.879666
v 0.246078 -0.835495 0.879666
v 0.246078 -0.840495 0.871006
v 0.286259 -0.835495 0.862345
v 0.286259 -0.825495 0.862345
v 0.286259 -0.820495 0.871006
v 0.286259 -0.825495 0.879666
v 0.286259 -0.835495 0.879666
v 0.286259 -0.840495 0.871006
v 0.326439 -0.835495 0.862345
v 0.326439 -0.825495 0.862345
v 0.326439 -0.820495 0.871006
v 0.326439 -0.825495 0.879666
v 0.326439 -0.835495 0.879666
v 0.326439 -0.840495 0.871006
v 0.366619 -0.835495 0.862345
v 0.366619 -0.825495 0.862345
v 0.366619 -0.820495 0.871006
v 0.366619 -0.825495 0.879666
v 0.366619 -0.835495 0.879666
v 0.366619 -0.840495 0.871006
v 0.406799 -0.835495 0.862345
v 0.406799 -0.825495 0.862345
v 0.406799 -0.820495 0.871006
v 0.406799 -0.825495 0.879666
v 0.406799 -0.835495 0.879666
v 0.406799 -0.840495 0.871006
v 0.446979 -0.835495 0.862345
v 0.446979 -0.825495 0.862345
v 0.446979 -0.820495 0.871006
v 0.446979 -0.825495 0.879666
v 0.446979 -0.835495 0.879666
v 0.446979 -0.840495 0.871006
v 0.490311 -0.834376 0.862345
v 0.484008 -0.826613 0.862345
v 0.480856 -0.822732 0.871006
v 0.484008 -0.826613 0.879666
v 0.490311 -0.834376 0.879666
v 0.493463 -0.838258 0.871006
v 0.512223 -0.735245 0.862345
v 0.502276 -0.734213 0.862345
v 0.497303 -0.733697 0.871006
v 0.502276 -0.734213 0.879666
v 0.512223 -0.735245 0.879666
v 0.517196 -0.735761 0.871006
v 0.512250 -0.543198 0.862345
v 0.502250 -0.543198 0.862345
v 0.497250 -0.543198 0.871006
v 0.502250 -0.543198 0.879666
v 0.512250 -0.543198 0.879666
v 0.517250 -0.543198 0.871006
v 0.512250 -0.351666 0.862345
v 0.502250 -0.351666 0.862345
v 0.497250 -0.351666 0.871006
v 0.502250 -0.351666 0.879666
v 0.512250 -0.351666 0.879666
v 0.517250 -0.351666 0.871006
v 0.512250 -0.160134 0.862345
v 0.502250 -0.160134 0.862345
v 0.497250 -0.160134 0.871006
v 0.502250 -0.160134 0.879666
v 0.512250 -0.160134 0.879666
v 0.517250 -0.160134 0.871006
v 0.512250 0.031397 0.862345
v 0.502250 0.031397 0.862345
v 0.497250 0.031397 0.871006
v 0.502250 0.031397 0.879666
v 0.512250 0.031397 0.879666
v 0.517250 0.031397 0.871006
v 0.512250 0.222929 0.862345
v 0.502250 0.222929 0.862345
v 0.497250 0.222929 0.871006
v 0.502250 0.222929 0.879666
v 0.512250 0.222929 0.879666
v 0.517250 0.222929 0.871006
v 0.512250 0.414461 0.862345
v 0.502250 0.414461 0.862345
v 0.497250 0.414461 0.871006
v 0.502250 0.414461 0.879666
v 0.512250 0.414461 0.879666
v 0.517250 0.414461 0.871006
v 0.512250 0.605992 0.862345
v 0.502250 0.605992 0.862345
v 0.497250 0.605992 0.871006
v 0.502250 0.605992 0.879666
v 0.512250 0.605992 0.879666
v 0.517250 0.605992 0.871006
v 0.512250 0.797524 0.862345
v 0.502250 0.797524 0.862345
v 0.497250 0.797524 0.871006
v 0.502250 0.797524 0.879666
v 0.512250 0.797524 0.879666
v 0.517250 0.797524 0.871006
v 0.512250 0.989056 0.862345
v 0.502250 0.989056 0.862345
v 0.497250 0.989056 0.871006
v 0.502250 0.989056 0.879666
v 0.512250 0.989056 0.879666
v 0.517250 0.989056 0.871006
v 0.512250 1.180587 0.862345
v 0.502250 1.180587 0.862345
v 0.497250 1.180587 0.871006
v 0.502250 1.180587 0.879666
v 0.512250 1.180587 0.879666
v 0.517250 1.180587 0.871006
v 0.512250 1.372119 0.862345
v 0.502250 1.372119 0.862345
v 0.497250 1.372119 0.871006
v 0.502250 1.372119 0.879666
v 0.512250 1.372119 0.879666
v 0.517250 1.372119 0.871006
vn -0.0000 -0.5000 -0.8660
vn -0.0000 0.5000 -0.8660
vn -0.0000 1.0000 -0.0000
vn -0.0000 0.5000 0.8660
vn -0.0000 -0.5000 0.8660
vn -0.0000 -1.0000 -0.0000
vn 0.0097 -0.5126 -0.8586
vn 0.0124 0.5157 -0.8567
vn 0.0238 0.9997 -0.0000
vn 0.0124 0.5157 0.8567
vn 0.0097 -0.5126 0.8586
vn 0.0188 -0.9998 -0.0000
vn 0.3839 -0.4605 -0.8003
vn -0.1756 0.2221 -0.9591
vn -0.6152 0.7884 -0.0000
vn -0.1756 0.2221 0.9591
vn 0.3839 -0.4605 0.8003
vn 0.6367 -0.7711 -0.0000
vn 0.5317 -0.0604 -0.8448
vn -0.4841 0.0466 -0.8738
vn -0.9955 0.0953 -0.0000
vn -0.4841 0.0466 0.8738
vn 0.5317 -0.0604 0.8448
vn 0.9937 -0.1123 -0.0000
vn 0.5003 -0.0001 -0.8659
vn -0.5003 -0.0001 -0.8659
vn -1.0000 -0.0001 -0.0000
vn -0.5003 -0.0001 0.8659
vn 0.5003 -0.0001 0.8659
vn 1.0000 -0.0001 -0.0000
vn 0.5000 -0.0000 -0.8660
vn -0.5000 -0.0000 -0.8660
vn -1.0000 -0.0000 -0.0000
vn -0.5000 -0.0000 0.8660
vn 0.5000 -0.0000 0.8660
vn 1.0000 -0.0000 -0.0000
vt 0.000000 1.000000
vt 0.043478 1.000000
vt 0.043478 0.833333
vt 0.000000 0.833333
vt 0.000000 0.166667
vt 0.043478 0.166667
vt 0.043478 0.000000
vt 0.000000 0.000000
vt 0.000000 0.333333
vt 0.043478 0.333333
vt 0.000000 0.500000
vt 0.043478 0.500000
vt 0.000000 0.666667
vt 0.043478 0.666667
vt 0.086957 1.000000
vt 0.086957 0.833333
vt 0.086957 0.166667
vt 0.086957 0.000000
vt 0.086957 0.333333
vt 0.086957 0.500000
vt 0.086957 0.666667
vt 0.130435 1.000000
vt 0.130435 0.833333
vt 0.130435 0.166667
vt 0.130435 0.000000
vt 0.130435 0.333333
vt 0.130435 0.500000
vt 0.130435 0.666667
vt 0.173913 1.000000
vt 0.173913 0.833333
vt 0.173913 0.166667
vt 0.173913 0.000000
vt 0.173913 0.333333
vt 0.173913 0.500000
vt 0.173913 0.666667
vt 0.217391 1.000000
vt 0.217391 0.833333
vt 0.217391 0.166667
vt 0.217391 0.000000
vt 0.217391 0.333333
vt 0.217391 0.500000
vt 0.217391 0.666667
vt 0.260870 1.000000
vt 0.260870 0.833333
vt 0.260870 0.166667
vt 0.260870 0.000000
vt 0.260870 0.333333
vt 0.260870 0.500000
vt 0.260870 0.666667
vt 0.304348 1.000000
vt 0.304348 0.833333
vt 0.304348 0.166667
vt 0.304348 0.000000
vt 0.304348 0.333333
vt 0.304348 0.500000
vt 0.304348 0.666667
vt 0.347826 1.000000
vt 0.347826 0.833333
vt 0.347826 0.166667
vt 0.347826 0.000000
vt 0.347826 0.333333
vt 0.347826 0.500000
vt 0.347826 0.666667
vt 0.391304 1.000000
vt 0.391304 0.833333
vt 0.391304 0.166667
vt 0.391304 0.000000
vt 0.391304 0.333333
vt 0.391304 0.500000
vt 0.391304 0.666667
vt 0.434783 1.000000
vt 0.434783 0.833333
vt 0.434783 0.166667
vt 0.434783 0.000000
vt 0.434783 0.333333
vt 0.434783 0.500000
vt 0.434783 0.666667
vt 0.478261 1.000000
vt 0.478261 0.833333
vt 0.478261 0.166667
vt 0.478261 0.000000
vt 0.478261 0.333333
vt 0.478261 0.500000
vt 0.478261 0.666667
vt 0.521739 1.000000
vt 0.521739 0.833333
vt 0.521739 0.166667
vt 0.521739 0.000000
vt 0.521739 0.333333
vt 0.521739 0.500000
vt 0.521739 0.666667
vt 0.565217 1.000000
vt 0.565217 0.833333
vt 0.565217 0.166667
vt 0.565217 0.000000
vt 0.565217 0.333333
vt 0.565217 0.500000
vt 0.565217 0.666667
vt 0.608696 1.000000
vt 0.608696 0.833333
vt 0.608696 0.166667
vt 0.608696 0.000000
vt 0.608696 0.333333
vt 0.608696 0.500000
vt 0.608696 0.666667
vt 0.652174 1.000000
vt 0.652174 0.833333
vt 0.652174 0.166667
vt 0.652174 0.000000
vt 0.652174 0.333333
vt 0.652174 0.500000
vt 0.652174 0.666667
vt 0.695652 1.000000
vt 0.695652 0.833333
vt 0.695652 0.166667
vt 0.695652 0.000000
vt 0.695652 0.333333
vt 0.695652 0.500000
vt 0.695652 0.666667
vt 0.739130 1.000000
vt 0.739130 0.833333
vt 0.739130 0.166667
vt 0.739130 0.000000
vt 0.739130 0.333333
vt 0.739130 0.500000
vt 0.739130 0.666667
vt 0.782609 1.000000
vt 0.782609 0.833333
vt 0.782609 0.166667
vt 0.782609 0.000000
vt 0.782609 0.333333
vt 0.782609 0.500000
vt 0.782609 0.666667
vt 0.826087 1.000000
vt 0.826087 0.833333
vt 0.826087 0.166667
vt 0.826087 0.000000
vt 0.826087 0.333333
vt 0.826087 0.500000
vt 0.826087 0.666667
vt 0.869565 1.000000
vt 0.869565 0.833333
vt 0.869565 0.166667
vt 0.869565 0.000000
vt 0.869565 0.333333
vt 0.869565 0.500000
vt 0.869565 0.666667
vt 0.913043 1.000000
vt 0.913043 0.833333
vt 0.913043 0.166667
vt 0.913043 0.000000
vt 0.913043 0.333333
vt 0.913043 0.500000
vt 0.913043 0.666667
vt 0.956522 1.000000
vt 0.956522 0.833333
vt 0.956522 0.166667
vt 0.956522 0.000000
vt 0.956522 0.333333
vt 0.956522 0.500000
vt 0.956522 0.666667
vt 1.000000 1.000000
vt 1.000000 0.833333
vt 1.000000 0.166667
vt 1.000000 0.000000
vt 1.000000 0.333333
vt 1.000000 0.500000
vt 1.000000 0.666667
s 1
usemtl Material.001
f 5983/6826/4441 5989/6827/4441 5994/6828/4446 5988/6829/4446
f 5984/6830/4442 5990/6831/4442 5989/6832/4441 5983/6833/4441
f 5985/6834/4443 5991/6835/4443 5990/6831/4442 5984/6830/4442
f 5986/6836/4444 5992/6837/4444 5991/6835/4443 5985/6834/4443
f 5987/6838/4445 5993/6839/4445 5992/6837/4444 5986/6836/4444
f 5988/6829/4446 5994/6828/4446 5993/6839/4445 5987/6838/4445
f 5989/6827/4441 5995/6840/4441 6000/6841/4446 5994/6828/4446
f 5990/6831/4442 5996/6842/4442 5995/6843/4441 5989/6832/4441
f 5991/6835/4443 5997/6844/4443 5996/6842/4442 5990/6831/4442
f 5992/6837/4444 5998/6845/4444 5997/6844/4443 5991/6835/4443
f 5993/6839/4445 5999/6846/4445 5998/6845/4444 5992/6837/4444
f 5994/6828/4446 6000/6841/4446 5999/6846/4445 5993/6839/4445
f 5995/6840/4441 6001/6847/4441 6006/6848/4446 6000/6841/4446
f 5996/6842/4442 6002/6849/4442 6001/6850/4441 5995/6843/4441
f 5997/6844/4443 6003/6851/4443 6002/6849/4442 5996/6842/4442
f 5998/6845/4444 6004/6852/4444 6003/6851/4443 5997/6844/4443
f 5999/6846/4445 6005/6853/4445 6004/6852/4444 5998/6845/4444
f 6000/6841/4446 6006/6848/4446 6005/6853/4445 5999/6846/4445
f 6001/6847/4441 6007/6854/4441 6012/6855/4446 6006/6848/4446
f 6002/6849/4442 6008/6856/4442 6007/6857/4441 6001/6850/4441
f 6003/6851/4443 6009/6858/4443 6008/6856/4442 6002/6849/4442
f 6004/6852/4444 6010/6859/4444 6009/6858/4443 6003/6851/4443
f 6005/6853/4445 6011/6860/4445 6010/6859/4444 6004/6852/4444
f 6006/6848/4446 6012/6855/4446 6011/6860/4445 6005/6853/4445
f 6007/6854/4441 6013/6861/4441 6018/6862/4446 6012/6855/4446
f 6008/6856/4442 6014/6863/4442 6013/6864/4441 6007/6857/4441
f 6009/6858/4443 6015/6865/4443 6014/6863/4442 6008/6856/4442
f 6010/6859/4444 6016/6866/4444 6015/6865/4443 6009/6858/4443
f 6011/6860/4445 6017/6867/4445 6016/6866/4444 6010/6859/4444
f 6012/6855/4446 6018/6862/4446 6017/6867/4445 6011/6860/4445
f 6013/6861/4441 6019/6868/4441 6024/6869/4446 6018/6862/4446
f 6014/6863/4442 6020/6870/4442 6019/6871/4441 6013/6864/4441
f 6015/6865/4443 6021/6872/4443 6020/6870/4442 6014/6863/4442
f 6016/6866/4444 6022/6873/4444 6021/6872/4443 6015/6865/4443
f 6017/6867/4445 6023/6874/4445 6022/6873/4444 6016/6866/4444
f 6018/6862/4446 6024/6869/4446 6023/6874/4445 6017/6867/4445
f 6019/6868/4441 6025/6875/4441 6030/6876/4446 6024/6869/4446
f 6020/6870/4442 6026/6877/4442 6025/6878/4441 6019/6871/4441
f 6021/6872/4443 6027/6879/4443 6026/6877/4442 6020/6870/4442
f 6022/6873/4444 6028/6880/4444 6027/6879/4443 6021/6872/4443
f 6023/6874/4445 6029/6881/4445 6028/6880/4444 6022/6873/4444
f 6024/6869/4446 6030/6876/4446 6029/6881/4445 6023/6874/4445
f 6025/6875/4441 6031/6882/4441 6036/6883/4446 6030/6876/4446
f 6026/6877/4442 6032/6884/4442 6031/6885/4441 6025/6878/4441
f 6027/6879/4443 6033/6886/4443 6032/6884/4442 6026/6877/4442
f 6028/6880/4444 6034/6887/4444 6033/6886/4443 6027/6879/4443
f 6029/6881/4445 6035/6888/4445 6034/6887/4444 6028/6880/4444
f 6030/6876/4446 6036/6883/4446 6035/6888/4445 6029/6881/4445
f 6031/6882/4441 6037/6889/4441 6042/6890/4446 6036/6883/4446
f 6032/6884/4442 6038/6891/4442 6037/6892/4441 6031/6885/4441
f 6033/6886/4443 6039/6893/4443 6038/6891/4442 6032/6884/4442
f 6034/6887/4444 6040/6894/4444 6039/6893/4443 6033/6886/4443
f 6035/6888/4445 6041/6895/4445 6040/6894/4444 6034/6887/4444
f 6036/6883/4446 6042/6890/4446 6041/6895/4445 6035/6888/4445
f 6037/6889/4441 6043/6896/4447 6048/6897/4452 6042/6890/4446
f 6038/6891/4442 6044/6898/4448 6043/6899/4447 6037/6892/4441
f 6039/6893/4443 6045/6900/4449 6044/6898/4448 6038/6891/4442
f 6040/6894/4444 6046/6901/4450 6045/6900/4449 6039/6893/4443
f 6041/6895/4445 6047/6902/4451 6046/6901/4450 6040/6894/4444
f 6042/6890/4446 6048/6897/4452 6047/6902/4451 6041/6895/4445
f 6043/6896/4447 6049/6903/4453 6054/6904/4458 6048/6897/4452
f 6044/6898/4448 6050/6905/4454 6049/6906/4453 6043/6899/4447
f 6045/6900/4449 6051/6907/4455 6050/6905/4454 6044/6898/4448
f 6046/6901/4450 6052/6908/4456 6051/6907/4455 6045/6900/4449
f 6047/6902/4451 6053/6909/4457 6052/6908/4456 6046/6901/4450
f 6048/6897/4452 6054/6904/4458 6053/6909/4457 6047/6902/4451
f 6049/6903/4453 6055/6910/4459 6060/6911/4464 6054/6904/4458
f 6050/6905/4454 6056/6912/4460 6055/6913/4459 6049/6906/4453
f 6051/6907/4455 6057/6914/4461 6056/6912/4460 6050/6905/4454
f 6052/6908/4456 6058/6915/4462 6057/6914/4461 6051/6907/4455
f 6053/6909/4457 6059/6916/4463 6058/6915/4462 6052/6908/4456
f 6054/6904/4458 6060/6911/4464 6059/6916/4463 6053/6909/4457
f 6055/6910/4459 6061/6917/4465 6066/6918/4470 6060/6911/4464
f 6056/6912/4460 6062/6919/4466 6061/6920/4465 6055/6913/4459
f 6057/6914/4461 6063/6921/4467 6062/6919/4466 6056/6912/4460
f 6058/6915/4462 6064/6922/4468 6063/6921/4467 6057/6914/4461
f 6059/6916/4463 6065/6923/4469 6064/6922/4468 6058/6915/4462
f 6060/6911/4464 6066/6918/4470 6065/6923/4469 6059/6916/4463
f 6061/6917/4465 6067/6924/4471 6072/6925/4476 6066/6918/4470
f 6062/6919/4466 6068/6926/4472 6067/6927/4471 6061/6920/4465
f 6063/6921/4467 6069/6928/4473 6068/6926/4472 6062/6919/4466
f 6064/6922/4468 6070/6929/4474 6069/6928/4473 6063/6921/4467
f 6065/6923/4469 6071/6930/4475 6070/6929/4474 6064/6922/4468
f 6066/6918/4470 6072/6925/4476 6071/6930/4475 6065/6923/4469
f 6067/6924/4471 6073/6931/4471 6078/6932/4476 6072/6925/4476
f 6068/6926/4472 6074/6933/4472 6073/6934/4471 6067/6927/4471
f 6069/6928/4473 6075/6935/4473 6074/6933/4472 6068/6926/4472
f 6070/6929/4474 6076/6936/4474 6075/6935/4473 6069/6928/4473
f 6071/6930/4475 6077/6937/4475 6076/6936/4474 6070/6929/4474
f 6072/6925/4476 6078/6932/4476 6077/6937/4475 6071/6930/4475
f 6073/6931/4471 6079/6938/4471 6084/6939/4476 6078/6932/4476
f 6074/6933/4472 6080/6940/4472 6079/6941/4471 6073/6934/4471
f 6075/6935/4473 6081/6942/4473 6080/6940/4472 6074/6933/4472
f 6076/6936/4474 6082/6943/4474 6081/6942/4473 6075/6935/4473
f 6077/6937/4475 6083/6944/4475 6082/6943/4474 6076/6936/4474
f 6078/6932/4476 6084/6939/4476 6083/6944/4475 6077/6937/4475
f 6079/6938/4471 6085/6945/4471 6090/6946/4476 6084/6939/4476
f 6080/6940/4472 6086/6947/4472 6085/6948/4471 6079/6941/4471
f 6081/6942/4473 6087/6949/4473 6086/6947/4472 6080/6940/4472
f 6082/6943/4474 6088/6950/4474 6087/6949/4473 6081/6942/4473
f 6083/6944/4475 6089/6951/4475 6088/6950/4474 6082/6943/4474
f 6084/6939/4476 6090/6946/4476 6089/6951/4475 6083/6944/4475
f 6085/6945/4471 6091/6952/4471 6096/6953/4476 6090/6946/4476
f 6086/6947/4472 6092/6954/4472 6091/6955/4471 6085/6948/4471
f 6087/6949/4473 6093/6956/4473 6092/6954/4472 6086/6947/4472
f 6088/6950/4474 6094/6957/4474 6093/6956/4473 6087/6949/4473
f 6089/6951/4475 6095/6958/4475 6094/6957/4474 6088/6950/4474
f 6090/6946/4476 6096/6953/4476 6095/6958/4475 6089/6951/4475
f 6091/6952/4471 6097/6959/4471 6102/6960/4476 6096/6953/4476
f 6092/6954/4472 6098/6961/4472 6097/6962/4471 6091/6955/4471
f 6093/6956/4473 6099/6963/4473 6098/6961/4472 6092/6954/4472
f 6094/6957/4474 6100/6964/4474 6099/6963/4473 6093/6956/4473
f 6095/6958/4475 6101/6965/4475 6100/6964/4474 6094/6957/4474
f 6096/6953/4476 6102/6960/4476 6101/6965/4475 6095/6958/4475
f 6097/6959/4471 6103/6966/4471 6108/6967/4476 6102/6960/4476
f 6098/6961/4472 6104/6968/4472 6103/6969/4471 6097/6962/4471
f 6099/6963/4473 6105/6970/4473 6104/6968/4472 6098/6961/4472
f 6100/6964/4474 6106/6971/4474 6105/6970/4473 6099/6963/4473
f 6101/6965/4475 6107/6972/4475 6106/6971/4474 6100/6964/4474
f 6102/6960/4476 6108/6967/4476 6107/6972/4475 6101/6965/4475
f 6103/6966/4471 6109/6973/4471 6114/6974/4476 6108/6967/4476
f 6104/6968/4472 6110/6975/4472 6109/6976/4471 6103/6969/4471
f 6105/6970/4473 6111/6977/4473 6110/6975/4472 6104/6968/4472
f 6106/6971/4474 6112/6978/4474 6111/6977/4473 6105/6970/4473
f 6107/6972/4475 6113/6979/4475 6112/6978/4474 6106/6971/4474
f 6108/6967/4476 6114/6974/4476 6113/6979/4475 6107/6972/4475
f 6109/6973/4471 6115/6980/4471 6120/6981/4476 6114/6974/4476
f 6110/6975/4472 6116/6982/4472 6115/6983/4471 6109/6976/4471
f 6111/6977/4473 6117/6984/4473 6116/6982/4472 6110/6975/4472
f 6112/6978/4474 6118/6985/4474 6117/6984/4473 6111/6977/4473
f 6113/6979/4475 6119/6986/4475 6118/6985/4474 6112/6978/4474
f 6114/6974/4476 6120/6981/4476 6119/6986/4475 6113/6979/4475
f 6115/6980/4471 6121/6987/4471 6126/6988/4476 6120/6981/4476
f 6116/6982/4472 6122/6989/4472 6121/6990/4471 6115/6983/4471
f 6117/6984/4473 6123/6991/4473 6122/6989/4472 6116/6982/4472
f 6118/6985/4474 6124/6992/4474 6123/6991/4473 6117/6984/4473
f 6119/6986/4475 6125/6993/4475 6124/6992/4474 6118/6985/4474
f 6120/6981/4476 6126/6988/4476 6125/6993/4475 6119/6986/4475
o Cone.007
v 0.507250 1.363656 0.835006
v 0.543250 1.363656 0.871006
v 0.507250 1.363656 0.907006
v 0.471250 1.363656 0.871006
v 0.507250 1.435656 0.871006
vn 0.6667 0.3333 -0.6667
vn 0.6667 0.3333 0.6667
vn -0.0000 -1.0000 -0.0000
vn -0.6667 0.3333 0.6667
vn -0.6667 0.3333 -0.6667
vt 0.250000 0.490000
vt 0.250000 0.250000
vt 0.490000 0.250000
vt 0.250000 0.010000
vt 0.750000 0.490000
vt 0.990000 0.250000
vt 0.750000 0.010000
vt 0.510000 0.250000
vt 0.010000 0.250000
s 0
usemtl Material.001
f 6127/6994/4477 6131/6995/4477 6128/6996/4477
f 6128/6996/4478 6131/6995/4478 6129/6997/4478
f 6127/6998/4479 6128/6999/4479 6129/7000/4479 6130/7001/4479
f 6129/6997/4480 6131/6995/4480 6130/7002/4480
f 6130/7002/4481 6131/6995/4481 6127/6994/4481
