# Blender 4.3.2
# www.blender.org
mtllib Ikan Haruan - 2.mtl
o Haruan
v 0.095570 -0.195074 1.820795
v 0.039125 -0.095631 -1.999981
v 0.097206 -0.088879 1.813511
v 0.051071 0.199801 -1.977233
v 0.181142 -0.283763 1.313583
v 0.207923 -0.276666 0.756153
v 0.154372 -0.265435 0.185550
v 0.111352 -0.218459 -0.476078
v 0.093695 -0.169222 -0.974821
v 0.079568 -0.108926 -1.473600
v 0.095516 0.184068 -1.471498
v 0.111236 0.229663 -0.960720
v 0.131372 0.262594 -0.418211
v 0.173243 0.266465 0.199341
v 0.212804 0.205051 0.749551
v 0.198381 0.057225 1.346735
v 0.164306 -0.005896 1.568408
v 0.145368 -0.266253 1.539657
v 0.102493 -0.111549 1.832360
v 0.104337 -0.136973 1.841787
v 0.101160 -0.169603 1.832770
v 0.042428 -0.048385 -2.050358
v 0.043813 0.062629 -2.083792
v 0.044564 0.146868 -2.048946
v 0.239899 -0.213039 1.319650
v 0.272598 -0.095167 1.331522
v 0.246465 -0.013910 1.340097
v 0.256642 -0.193769 0.746690
v 0.296118 -0.056031 0.724821
v 0.261392 0.098811 0.749799
v 0.210488 -0.161496 0.187564
v 0.244782 0.027682 0.191978
v 0.217375 0.156170 0.195779
v 0.168505 -0.129903 -0.458527
v 0.202611 0.045447 -0.434524
v 0.175204 0.162544 -0.424014
v 0.147956 -0.094204 -0.970124
v 0.181680 0.052851 -0.964304
v 0.154580 0.148407 -0.961936
v 0.128699 -0.054485 -1.472499
v 0.159963 0.056000 -1.473432
v 0.134897 0.124352 -1.473056
v 0.201840 -0.218046 1.548258
v 0.233433 -0.127450 1.560980
v 0.208634 -0.059715 1.566290
v 0.061731 -0.089274 -1.843852
v 0.075507 0.180706 -1.830650
v 0.089345 -0.043464 -1.853242
v 0.108973 0.060969 -1.865143
v 0.094046 0.129350 -1.853269
v 0.200319 -0.287825 1.078136
v 0.217412 0.131449 1.085011
v 0.259910 -0.202795 1.078990
v 0.293735 -0.052408 1.076794
v 0.266554 0.047959 1.079129
v 0.000000 0.211652 1.089261
v 0.000000 0.300597 0.756595
v 0.000000 -0.322094 0.187253
v 0.000000 -0.365629 0.823359
v 0.000000 0.045257 1.562454
v 0.000000 0.123778 1.343321
v -0.000000 -0.122012 -1.844633
v 0.000000 -0.305117 1.528347
v 0.000000 -0.199641 1.847095
v -0.000000 0.240128 -1.829831
v -0.000000 0.264546 -1.982953
v 0.026591 0.430746 -0.970071
v 0.000000 -0.113548 1.874443
v 0.000000 -0.084768 1.839894
v 0.023266 0.454265 -0.433348
v 0.000000 -0.133355 1.887098
v 0.000000 -0.163469 1.878688
v -0.000000 -0.135218 -2.010049
v 0.000000 -0.327540 1.301865
v 0.000000 -0.333616 1.071227
v 0.145263 -0.048061 1.723410
v 0.120614 -0.232995 1.718438
v 0.157870 -0.201614 1.718919
v 0.189717 -0.144205 1.714107
v 0.000000 -0.021802 1.723029
v 0.000000 -0.260515 1.719846
v 0.154237 -0.072832 1.741437
v 0.135704 -0.181412 1.777910
v 0.176794 -0.122961 1.736030
v 0.158187 -0.101246 1.754765
v 0.000000 -0.238848 1.768865
v 0.111808 -0.217437 1.764537
v 0.000000 -0.045928 1.769798
v 0.133173 -0.254918 1.633303
v 0.000000 0.012481 1.644652
v 0.176621 -0.060250 1.671529
v 0.184544 -0.214852 1.634626
v 0.204910 -0.109130 1.667392
v 0.195437 -0.081960 1.652080
v 0.000000 -0.289314 1.631744
v 0.155248 -0.042155 1.691448
v 0.172001 -0.208834 1.677006
v 0.203134 -0.138498 1.682332
v 0.000000 -0.275497 1.679152
v 0.127195 -0.244565 1.677239
v 0.000000 -0.004698 1.684358
v 0.134884 -0.030927 1.687245
v 0.126717 -0.042082 1.725107
v 0.201128 -0.156466 1.680386
v 0.181288 -0.156418 1.721943
v 0.121595 -0.065970 1.764525
v 0.155121 -0.139628 1.767052
v 0.140314 -0.099979 1.776420
v 0.192938 -0.073295 1.635061
v 0.214107 -0.133528 1.641192
v 0.151146 -0.028324 1.648202
v 0.161814 -0.048861 1.694582
v 0.153079 -0.053710 1.721259
v 0.201577 -0.129254 1.686586
v 0.190774 -0.134548 1.712788
v 0.146161 -0.070338 1.747716
v 0.172937 -0.130194 1.741874
v 0.164427 -0.099033 1.747327
v 0.195692 -0.082686 1.661711
v 0.207394 -0.114661 1.658871
v 0.172265 -0.054977 1.663845
v 0.156308 -0.045247 1.692453
v 0.146656 -0.050624 1.722201
v 0.188760 -0.140710 1.712771
v 0.200818 -0.134807 1.683562
v 0.147965 -0.071932 1.744697
v 0.173160 -0.127795 1.738683
v 0.159317 -0.101137 1.751261
v 0.204488 -0.112389 1.662156
v 0.194098 -0.082955 1.655800
v 0.172799 -0.057956 1.666741
v 0.151427 -0.038420 1.689424
v 0.141962 -0.046011 1.724487
v 0.186563 -0.148590 1.718266
v 0.203496 -0.145436 1.681451
v 0.140368 -0.067486 1.751847
v 0.168113 -0.132527 1.748410
v 0.152774 -0.099153 1.759583
v 0.209936 -0.120399 1.653458
v 0.193433 -0.078659 1.646290
v 0.166753 -0.047357 1.659268
v 0.197160 -0.286988 0.927427
v 0.216437 0.177857 0.881284
v 0.258277 -0.194198 0.905697
v 0.292836 -0.028920 0.872057
v 0.265348 0.082325 0.867862
v 0.000000 -0.340580 0.947866
v 0.000000 0.260057 0.915067
v 0.128322 0.267873 0.752912
v 0.110258 -0.348352 0.814840
v 0.111882 0.100130 1.346600
v 0.039381 -0.135455 -1.472351
v 0.052234 -0.197183 1.840509
v 0.025985 0.235540 -2.000060
v 0.052604 -0.086584 1.832301
v 0.049799 -0.164941 1.868208
v 0.020671 0.157924 -2.103401
v 0.129544 0.182498 1.089563
v 0.094252 -0.306629 0.186067
v 0.049202 -0.257460 -0.480702
v 0.048761 -0.202115 -0.976763
v 0.087395 0.028372 1.565571
v 0.031378 -0.111336 -1.842540
v 0.073816 -0.292678 1.532616
v 0.040332 0.217349 -1.826948
v 0.053834 0.220924 -1.470688
v 0.065989 0.273789 -0.960673
v 0.050990 -0.114026 1.865749
v 0.083234 0.311183 -0.417325
v 0.050990 -0.135067 1.877971
v 0.120031 0.317778 0.199818
v 0.019126 -0.117649 -2.027718
v 0.019992 -0.055039 -2.105884
v 0.019145 0.062399 -2.144542
v 0.100151 -0.314746 1.307703
v 0.118149 -0.321295 1.076366
v 0.061258 -0.251322 1.719240
v 0.067192 -0.030373 1.724030
v 0.057682 -0.231628 1.767324
v 0.060233 -0.052550 1.768422
v 0.076664 0.000458 1.646294
v 0.066393 -0.277713 1.632271
v 0.063944 -0.265077 1.678284
v 0.071722 -0.014738 1.685472
v 0.130328 0.231707 0.900202
v 0.117476 -0.326538 0.941641
v 0.048317 -0.159603 1.870123
v 0.136442 -0.177541 1.778620
v 0.104076 -0.155635 1.841294
v 0.000000 -0.157552 1.879872
v 0.043306 0.004659 -2.074423
v 0.264346 -0.154268 1.325336
v 0.283340 -0.111068 0.736390
v 0.236176 -0.067995 0.189658
v 0.194005 -0.043270 -0.444154
v 0.173170 -0.021746 -0.966547
v 0.151999 -0.000099 -1.472787
v 0.225487 -0.175023 1.554756
v 0.103458 0.006619 -1.861286
v 0.285199 -0.128123 1.077857
v 0.172321 -0.176775 1.720869
v 0.205544 -0.178471 1.636751
v 0.190474 -0.180243 1.678378
v 0.284473 -0.112296 0.887314
v 0.019492 0.000924 -2.134244
v 0.141452 -0.191866 1.765785
v 0.102186 -0.178715 1.835187
v 0.050882 -0.174204 1.871105
v 0.149767 -0.170614 1.767276
v 0.000000 -0.173329 1.880935
v 0.099740 -0.164375 1.835583
v 0.050735 -0.151337 1.878090
v 0.000000 -0.149266 1.887845
v 0.104405 -0.172032 1.839634
v 0.142167 -0.183312 1.778178
v 0.050684 -0.167284 1.876858
v 0.143872 -0.176153 1.778866
v 0.000000 -0.165819 1.887434
v 0.104015 -0.162085 1.842536
v 0.049832 -0.157307 1.879265
v 0.000000 -0.155244 1.889233
v 0.090021 -0.169166 1.805676
v 0.000000 -0.163049 1.845934
v 0.121565 -0.181054 1.769969
v 0.042134 -0.164522 1.835633
v 0.040532 -0.160021 1.837445
v 0.122155 -0.177752 1.770682
v 0.000000 -0.157973 1.846992
v 0.088416 -0.164782 1.808465
v 0.077303 -0.169166 1.782564
v 0.000000 -0.163049 1.815899
v 0.104311 -0.181054 1.759416
v 0.035428 -0.164522 1.806288
v 0.033826 -0.160021 1.808100
v 0.104902 -0.177752 1.760129
v 0.000000 -0.157973 1.816956
v 0.075698 -0.164782 1.785354
v 0.205310 -0.275202 0.730730
v 0.204760 0.221236 0.627604
v 0.243098 -0.189063 0.637170
v 0.292806 -0.053959 0.700306
v 0.252120 0.112377 0.630470
v 0.000000 0.316120 0.661230
v 0.000000 -0.365826 0.693224
v 0.061830 -0.356781 0.653875
v 0.066605 0.319174 0.593369
v 0.278413 -0.107978 0.698972
v 0.085504 0.174133 -1.714603
v 0.109833 -0.043807 -1.724265
v 0.136573 0.059057 -1.729101
v 0.115408 0.123058 -1.724712
v 0.071160 -0.089486 -1.721615
v 0.036148 0.381988 -0.030319
v -0.000000 -0.123439 -1.757924
v 0.031997 -0.113940 -1.726751
v 0.025611 0.239281 -1.695416
v 0.129410 0.006014 -1.727247
v -0.000000 0.360583 0.614255
v 0.036142 0.353236 0.576356
v 0.019088 0.295858 -1.737334
v 0.039001 0.378178 0.194922
v 0.122646 0.287090 0.630418
v 0.026518 0.305427 -1.480409
v 0.042808 0.213442 -1.717121
v -0.000000 0.236137 -1.745852
v 0.042466 0.297559 -0.961773
v 0.034050 0.246610 -1.470592
v 0.049372 0.333669 -0.418421
v 0.068383 0.339699 0.198501
v -0.000000 0.295857 -1.785642
v 0.000000 0.329537 0.631469
v 0.031548 0.347907 -0.964911
v -0.000000 0.248291 -1.731678
v 0.010368 0.500892 -1.507895
v -0.000000 0.531493 -1.509926
v 0.011193 0.541300 -0.975959
v -0.000000 0.573192 -0.977128
v 0.010299 0.557064 -0.445025
v -0.000000 0.586610 -0.447032
v 0.014011 0.531837 0.177759
v -0.000000 0.559115 0.176182
v -0.000000 0.488407 0.485977
v -0.000000 0.477879 -1.855927
v 0.016806 0.476238 0.475032
v 0.008972 0.465858 -1.818857
v -0.000000 0.384661 -1.884604
v 0.020866 0.390808 -1.498451
v 0.013251 0.382517 -1.818884
v 0.024023 0.406719 0.542326
v -0.000000 0.412013 0.578877
v 0.025495 0.442733 0.187885
v 0.133141 -0.250109 -0.053386
v 0.154035 0.269818 -0.027119
v 0.191168 -0.150208 -0.046429
v 0.225274 0.036053 -0.036700
v 0.197867 0.162051 -0.031190
v 0.000000 -0.304821 -0.053985
v 0.068284 -0.289632 -0.054535
v 0.103753 0.319828 -0.026306
v 0.216667 -0.058204 -0.040942
v 0.032561 0.378202 -0.423636
v 0.060193 0.341262 -0.026721
v -0.000000 0.573909 -0.046760
v 0.012144 0.545756 -0.045410
v 0.023916 0.451134 -0.037185
v 0.011832 -0.435406 -0.720186
v 0.000000 -0.461211 -0.690735
v 0.010517 -0.419433 -1.105073
v -0.000000 -0.464044 -1.128686
v -0.000000 -0.392312 -1.627441
v -0.000000 -0.308648 -1.825852
v 0.006457 -0.349619 -1.601809
v 0.004483 -0.291990 -1.795812
v 0.003243 -0.168292 -1.727383
v 0.013613 -0.307252 -0.599326
v 0.005474 -0.195253 -1.496900
v 0.012931 -0.262948 -1.009087
v -0.000000 -0.168996 -1.769242
v 0.010312 -0.234299 -2.476809
v -0.000000 -0.248344 -2.481225
v 0.011321 -0.149726 -2.565478
v -0.000000 -0.158771 -2.604102
v 0.011299 0.091865 -2.645978
v -0.000000 0.093833 -2.693671
v -0.000000 0.266957 -2.648005
v -0.000000 -0.049286 -2.669703
v -0.000000 0.417638 -2.514085
v 0.010906 0.395859 -2.503847
v 0.011359 0.258345 -2.603902
v 0.011320 -0.042882 -2.624333
v 0.014437 0.405570 -2.319254
v 0.014647 -0.022518 -2.418930
v -0.000000 0.456858 -2.303843
v -0.000000 -0.258312 -2.319949
v 0.014880 0.229041 -2.397296
v 0.014526 0.079085 -2.429682
v 0.012084 -0.228122 -2.332010
v 0.014652 -0.116994 -2.384542
v 0.015432 0.282530 -2.088596
v -0.000000 0.317711 -2.074535
v 0.014090 0.175068 -2.163437
v 0.011169 -0.145328 -2.114796
v 0.013669 -0.004291 -2.192665
v -0.000000 -0.167734 -2.103328
v 0.013449 0.065548 -2.202585
v 0.013677 -0.069310 -2.163604
v 0.195686 -0.080963 1.696792
v 0.186771 -0.084567 1.719574
v 0.195622 -0.114636 1.715636
v 0.170927 -0.061649 1.721190
v 0.178145 -0.091499 1.738320
v 0.200361 -0.080235 1.678053
v 0.178303 -0.057872 1.699605
v 0.204340 -0.110571 1.694361
v 0.168424 -0.073123 1.736411
v 0.185577 -0.111105 1.732326
v 0.207170 -0.100542 1.679128
v 0.186137 -0.063403 1.682349
v 0.186100 -0.302015 0.796559
v 0.254402 -0.196191 0.789361
v 0.282790 -0.110297 0.776949
v 0.291676 -0.025306 0.754734
v 0.282785 -0.016000 0.645525
v 0.179035 -0.298027 0.674706
v 0.252243 -0.191293 0.709255
v 0.270348 -0.100705 0.630120
v 0.403616 -0.154124 0.170221
v 0.407041 -0.155394 0.171728
v 0.429264 -0.066321 0.171976
v 0.425673 -0.064637 0.170470
v 0.372713 -0.241900 0.195343
v 0.434458 -0.009284 0.195342
v 0.431906 -0.008031 0.194017
v 0.370480 -0.241075 0.194012
v 0.404753 -0.050095 0.299906
v 0.373344 -0.052404 0.445842
v 0.334044 -0.068312 0.586046
v 0.348331 0.014958 0.585554
v 0.387656 0.036714 0.445682
v 0.417519 0.030310 0.302568
v 0.261582 -0.331127 0.594718
v 0.295006 -0.333674 0.453233
v 0.330862 -0.303864 0.307157
v 0.333908 -0.305270 0.310190
v 0.297614 -0.335232 0.457589
v 0.264307 -0.332582 0.598810
v 0.351516 0.012756 0.589596
v 0.390725 0.034357 0.449995
v 0.421025 0.028183 0.305574
v 0.379743 -0.180777 0.306009
v 0.346929 -0.197248 0.455013
v 0.311530 -0.203652 0.595386
v 0.307291 -0.200972 0.589278
v 0.342866 -0.194379 0.448505
v 0.374856 -0.178189 0.301525
v 0.409887 -0.053528 0.304451
v 0.377655 -0.056209 0.452449
v 0.338529 -0.071868 0.592275
v 0.167626 -0.281022 0.429890
v 0.130374 0.300343 0.418963
v 0.254367 -0.084198 0.420863
v 0.189936 0.244835 0.420795
v 0.227740 -0.176051 0.422939
v 0.262974 0.009178 0.420240
v 0.235567 0.135004 0.420194
v 0.000000 -0.345832 0.450511
v 0.060835 -0.346391 0.527753
v 0.041425 0.363932 0.400569
v 0.074875 0.327369 0.410950
v -0.000000 0.530937 0.339227
v 0.016354 0.505504 0.344656
v 0.027295 0.422835 0.380007
v 0.043106 -0.349910 0.529181
v 0.101774 -0.327921 0.442640
v 0.043466 -0.360227 0.655841
v 0.105322 -0.347095 0.681520
v 0.122384 -0.418156 0.392594
v 0.126992 -0.442192 0.418298
v 0.124091 -0.417287 0.392554
v 0.128941 -0.441244 0.418096
v 0.081437 -0.377689 0.496915
v 0.106803 -0.402239 0.442068
v 0.114783 -0.439494 0.502680
v 0.087692 -0.408581 0.589814
v 0.084786 -0.376327 0.496451
v 0.109362 -0.400907 0.441880
v 0.091539 -0.407175 0.589026
v 0.117829 -0.438036 0.502170
v 0.056187 -0.369686 0.643331
v 0.054606 -0.355525 0.530876
v 0.059890 -0.354336 0.530187
v 0.061972 -0.368567 0.642317
v 0.293317 -0.098035 0.679081
v 0.227256 -0.290042 0.711173
v 0.274299 -0.196368 0.701635
v 0.300400 -0.100619 0.693331
v 0.307980 -0.037535 0.677372
v 0.222799 -0.288985 0.701834
v 0.312897 -0.039135 0.686573
v 0.267463 -0.194420 0.687708
v -0.095569 -0.195074 1.820795
v -0.039125 -0.095631 -1.999981
v -0.097206 -0.088879 1.813511
v -0.051071 0.199801 -1.977234
v -0.181142 -0.283763 1.313583
v -0.207922 -0.276666 0.756153
v -0.154372 -0.265435 0.185550
v -0.111352 -0.218459 -0.476078
v -0.093695 -0.169222 -0.974821
v -0.079568 -0.108926 -1.473600
v -0.095516 0.184068 -1.471498
v -0.111236 0.229663 -0.960720
v -0.131372 0.262594 -0.418211
v -0.173243 0.266465 0.199341
v -0.212804 0.205051 0.749551
v -0.198381 0.057225 1.346735
v -0.164306 -0.005896 1.568408
v -0.145368 -0.266253 1.539657
v -0.102493 -0.111549 1.832360
v -0.104337 -0.136973 1.841787
v -0.101160 -0.169603 1.832770
v -0.042428 -0.048385 -2.050358
v -0.043813 0.062629 -2.083791
v -0.044564 0.146868 -2.048945
v -0.239899 -0.213039 1.319650
v -0.272598 -0.095167 1.331522
v -0.246465 -0.013910 1.340097
v -0.256642 -0.193770 0.746690
v -0.296118 -0.056031 0.724821
v -0.261392 0.098811 0.749799
v -0.210488 -0.161496 0.187564
v -0.244782 0.027682 0.191978
v -0.217375 0.156170 0.195779
v -0.168505 -0.129903 -0.458527
v -0.202611 0.045447 -0.434524
v -0.175204 0.162544 -0.424014
v -0.147956 -0.094204 -0.970124
v -0.181681 0.052851 -0.964304
v -0.154580 0.148407 -0.961936
v -0.128699 -0.054485 -1.472499
v -0.159963 0.056000 -1.473432
v -0.134897 0.124352 -1.473056
v -0.201840 -0.218046 1.548258
v -0.233433 -0.127450 1.560981
v -0.208633 -0.059715 1.566290
v -0.061731 -0.089274 -1.843852
v -0.075507 0.180706 -1.830650
v -0.089345 -0.043464 -1.853242
v -0.108973 0.060969 -1.865143
v -0.094047 0.129350 -1.853269
v -0.200319 -0.287825 1.078136
v -0.217412 0.131449 1.085011
v -0.259910 -0.202795 1.078990
v -0.293734 -0.052408 1.076794
v -0.266554 0.047959 1.079129
v -0.026591 0.430746 -0.970071
v -0.023266 0.454265 -0.433348
v -0.145263 -0.048061 1.723410
v -0.120614 -0.232995 1.718438
v -0.157870 -0.201614 1.718919
v -0.189717 -0.144205 1.714106
v -0.154237 -0.072832 1.741437
v -0.135703 -0.181412 1.777909
v -0.176794 -0.122961 1.736030
v -0.158186 -0.101246 1.754764
v -0.111808 -0.217437 1.764536
v -0.133172 -0.254918 1.633303
v -0.176621 -0.060251 1.671529
v -0.184544 -0.214852 1.634626
v -0.204910 -0.109130 1.667392
v -0.195437 -0.081960 1.652081
v -0.155248 -0.042155 1.691448
v -0.172001 -0.208834 1.677006
v -0.203133 -0.138498 1.682332
v -0.127195 -0.244565 1.677239
v -0.134884 -0.030927 1.687245
v -0.126716 -0.042082 1.725107
v -0.201128 -0.156466 1.680386
v -0.181288 -0.156418 1.721943
v -0.121595 -0.065970 1.764525
v -0.155121 -0.139628 1.767052
v -0.140314 -0.099980 1.776420
v -0.192938 -0.073295 1.635061
v -0.214107 -0.133528 1.641192
v -0.151146 -0.028324 1.648202
v -0.161814 -0.048861 1.694582
v -0.153079 -0.053710 1.721259
v -0.201577 -0.129254 1.686587
v -0.190773 -0.134548 1.712788
v -0.146161 -0.070338 1.747716
v -0.172937 -0.130194 1.741874
v -0.164427 -0.099033 1.747327
v -0.195691 -0.082686 1.661711
v -0.207394 -0.114661 1.658871
v -0.172265 -0.054977 1.663845
v -0.156308 -0.045247 1.692453
v -0.146655 -0.050624 1.722201
v -0.188760 -0.140710 1.712771
v -0.200818 -0.134807 1.683562
v -0.147965 -0.071932 1.744697
v -0.173160 -0.127795 1.738683
v -0.159317 -0.101137 1.751261
v -0.204488 -0.112390 1.662156
v -0.194098 -0.082956 1.655800
v -0.172799 -0.057956 1.666741
v -0.151427 -0.038420 1.689424
v -0.141962 -0.046011 1.724487
v -0.186563 -0.148590 1.718266
v -0.203496 -0.145437 1.681451
v -0.140368 -0.067486 1.751847
v -0.168113 -0.132527 1.748410
v -0.152774 -0.099153 1.759583
v -0.209936 -0.120399 1.653458
v -0.193433 -0.078659 1.646290
v -0.166753 -0.047357 1.659268
v -0.197160 -0.286988 0.927427
v -0.216437 0.177857 0.881284
v -0.258277 -0.194198 0.905697
v -0.292836 -0.028921 0.872057
v -0.265348 0.082325 0.867862
v -0.128322 0.267873 0.752912
v -0.110258 -0.348352 0.814840
v -0.111882 0.100130 1.346600
v -0.039381 -0.135455 -1.472351
v -0.052234 -0.197183 1.840509
v -0.025985 0.235540 -2.000060
v -0.052604 -0.086584 1.832301
v -0.049798 -0.164941 1.868208
v -0.020671 0.157924 -2.103401
v -0.129544 0.182498 1.089563
v -0.094252 -0.306629 0.186067
v -0.049202 -0.257460 -0.480702
v -0.048761 -0.202115 -0.976763
v -0.087395 0.028372 1.565571
v -0.031378 -0.111336 -1.842540
v -0.073816 -0.292678 1.532616
v -0.040332 0.217349 -1.826948
v -0.053834 0.220924 -1.470688
v -0.065989 0.273789 -0.960673
v -0.050990 -0.114026 1.865749
v -0.083234 0.311183 -0.417325
v -0.050990 -0.135067 1.877971
v -0.120031 0.317778 0.199818
v -0.019126 -0.117649 -2.027718
v -0.019993 -0.055039 -2.105884
v -0.019145 0.062399 -2.144542
v -0.100151 -0.314746 1.307703
v -0.118149 -0.321295 1.076366
v -0.061258 -0.251322 1.719240
v -0.067192 -0.030373 1.724030
v -0.057682 -0.231628 1.767324
v -0.060233 -0.052550 1.768422
v -0.076664 0.000458 1.646294
v -0.066393 -0.277713 1.632271
v -0.063944 -0.265077 1.678284
v -0.071722 -0.014738 1.685472
v -0.130328 0.231707 0.900202
v -0.117476 -0.326538 0.941641
v -0.048317 -0.159603 1.870123
v -0.136442 -0.177541 1.778620
v -0.104076 -0.155635 1.841294
v -0.043306 0.004659 -2.074423
v -0.264346 -0.154268 1.325336
v -0.283340 -0.111068 0.736390
v -0.236176 -0.067995 0.189658
v -0.194005 -0.043270 -0.444154
v -0.173170 -0.021746 -0.966547
v -0.151999 -0.000099 -1.472787
v -0.225487 -0.175023 1.554756
v -0.103458 0.006619 -1.861285
v -0.285199 -0.128123 1.077857
v -0.172321 -0.176775 1.720869
v -0.205543 -0.178471 1.636751
v -0.190474 -0.180243 1.678378
v -0.284473 -0.112296 0.887314
v -0.019492 0.000924 -2.134244
v -0.141451 -0.191866 1.765785
v -0.102186 -0.178715 1.835187
v -0.050881 -0.174204 1.871105
v -0.149767 -0.170614 1.767276
v -0.099740 -0.164375 1.835583
v -0.050735 -0.151337 1.878090
v -0.104405 -0.172032 1.839634
v -0.142167 -0.183312 1.778178
v -0.050684 -0.167284 1.876858
v -0.143871 -0.176153 1.778866
v -0.104015 -0.162085 1.842536
v -0.049832 -0.157307 1.879265
v -0.090020 -0.169166 1.805676
v -0.121565 -0.181054 1.769969
v -0.042134 -0.164522 1.835633
v -0.040532 -0.160021 1.837445
v -0.122155 -0.177752 1.770682
v -0.088416 -0.164782 1.808465
v -0.077303 -0.169166 1.782564
v -0.104311 -0.181054 1.759416
v -0.035427 -0.164522 1.806288
v -0.033825 -0.160021 1.808100
v -0.104902 -0.177752 1.760129
v -0.075698 -0.164782 1.785354
v -0.205309 -0.275202 0.730730
v -0.204760 0.221236 0.627604
v -0.243098 -0.189063 0.637170
v -0.292806 -0.053959 0.700306
v -0.252120 0.112377 0.630470
v -0.061830 -0.356781 0.653875
v -0.066605 0.319174 0.593369
v -0.278413 -0.107978 0.698972
v -0.085504 0.174133 -1.714603
v -0.109833 -0.043807 -1.724265
v -0.136573 0.059057 -1.729101
v -0.115408 0.123058 -1.724712
v -0.071160 -0.089486 -1.721615
v -0.036148 0.381988 -0.030319
v -0.031997 -0.113940 -1.726751
v -0.025611 0.239281 -1.695416
v -0.129410 0.006014 -1.727247
v -0.036142 0.353236 0.576356
v -0.019088 0.295858 -1.737335
v -0.039001 0.378178 0.194922
v -0.122646 0.287090 0.630418
v -0.026518 0.305427 -1.480409
v -0.042808 0.213442 -1.717121
v -0.042466 0.297559 -0.961773
v -0.034050 0.246610 -1.470591
v -0.049372 0.333669 -0.418421
v -0.068383 0.339699 0.198501
v -0.031548 0.347907 -0.964911
v -0.010369 0.500892 -1.507895
v -0.011194 0.541300 -0.975959
v -0.010299 0.557064 -0.445025
v -0.014011 0.531837 0.177759
v -0.016806 0.476238 0.475032
v -0.008973 0.465858 -1.818857
v -0.020866 0.390808 -1.498451
v -0.013251 0.382517 -1.818884
v -0.024023 0.406719 0.542326
v -0.025495 0.442733 0.187885
v -0.133141 -0.250109 -0.053386
v -0.154035 0.269818 -0.027119
v -0.191168 -0.150208 -0.046429
v -0.225274 0.036053 -0.036700
v -0.197867 0.162051 -0.031190
v -0.068284 -0.289632 -0.054535
v -0.103753 0.319828 -0.026306
v -0.216667 -0.058204 -0.040942
v -0.032561 0.378202 -0.423636
v -0.060193 0.341262 -0.026721
v -0.012144 0.545756 -0.045410
v -0.023916 0.451134 -0.037185
v -0.011832 -0.435406 -0.720186
v -0.010517 -0.419433 -1.105073
v -0.006457 -0.349619 -1.601809
v -0.004483 -0.291990 -1.795812
v -0.003243 -0.168292 -1.727383
v -0.013613 -0.307252 -0.599326
v -0.005474 -0.195253 -1.496901
v -0.012931 -0.262948 -1.009087
v -0.010312 -0.234299 -2.476809
v -0.011321 -0.149726 -2.565478
v -0.011300 0.091865 -2.645978
v -0.010907 0.395859 -2.503847
v -0.011359 0.258345 -2.603902
v -0.011320 -0.042882 -2.624333
v -0.014437 0.405570 -2.319254
v -0.014648 -0.022518 -2.418931
v -0.014880 0.229041 -2.397296
v -0.014526 0.079085 -2.429682
v -0.012084 -0.228122 -2.332009
v -0.014652 -0.116994 -2.384541
v -0.015432 0.282530 -2.088596
v -0.014090 0.175068 -2.163437
v -0.011169 -0.145328 -2.114796
v -0.013669 -0.004291 -2.192665
v -0.013449 0.065548 -2.202585
v -0.013677 -0.069310 -2.163604
v -0.195686 -0.080963 1.696792
v -0.186771 -0.084567 1.719574
v -0.195621 -0.114636 1.715636
v -0.170927 -0.061649 1.721190
v -0.178145 -0.091499 1.738321
v -0.200361 -0.080235 1.678053
v -0.178303 -0.057872 1.699605
v -0.204340 -0.110571 1.694361
v -0.168424 -0.073123 1.736411
v -0.185577 -0.111105 1.732326
v -0.207170 -0.100542 1.679128
v -0.186137 -0.063403 1.682349
v -0.186100 -0.302015 0.796559
v -0.254402 -0.196191 0.789361
v -0.282790 -0.110297 0.776949
v -0.291676 -0.025306 0.754734
v -0.282785 -0.016000 0.645525
v -0.179035 -0.298027 0.674706
v -0.252243 -0.191293 0.709255
v -0.270348 -0.100705 0.630120
v -0.403616 -0.154124 0.170221
v -0.407041 -0.155394 0.171728
v -0.429264 -0.066321 0.171976
v -0.425673 -0.064637 0.170470
v -0.372713 -0.241900 0.195343
v -0.434458 -0.009284 0.195342
v -0.431906 -0.008031 0.194017
v -0.370480 -0.241075 0.194012
v -0.404753 -0.050095 0.299907
v -0.373344 -0.052404 0.445842
v -0.334044 -0.068312 0.586046
v -0.348331 0.014958 0.585554
v -0.387656 0.036714 0.445682
v -0.417519 0.030310 0.302568
v -0.261582 -0.331127 0.594718
v -0.295006 -0.333674 0.453233
v -0.330862 -0.303864 0.307157
v -0.333908 -0.305270 0.310190
v -0.297614 -0.335232 0.457589
v -0.264306 -0.332582 0.598810
v -0.351516 0.012756 0.589596
v -0.390725 0.034357 0.449995
v -0.421025 0.028183 0.305574
v -0.379743 -0.180777 0.306009
v -0.346929 -0.197248 0.455013
v -0.311530 -0.203652 0.595386
v -0.307291 -0.200972 0.589278
v -0.342866 -0.194379 0.448505
v -0.374856 -0.178189 0.301525
v -0.409887 -0.053528 0.304451
v -0.377655 -0.056209 0.452449
v -0.338529 -0.071868 0.592276
v -0.167626 -0.281022 0.429890
v -0.130374 0.300343 0.418963
v -0.254367 -0.084198 0.420863
v -0.189936 0.244835 0.420795
v -0.227740 -0.176051 0.422940
v -0.262974 0.009178 0.420240
v -0.235567 0.135004 0.420194
v -0.060835 -0.346391 0.527753
v -0.041425 0.363932 0.400569
v -0.074875 0.327369 0.410950
v -0.016354 0.505504 0.344656
v -0.027295 0.422835 0.380007
v -0.043106 -0.349910 0.529181
v -0.101774 -0.327921 0.442640
v -0.043466 -0.360227 0.655841
v -0.105321 -0.347095 0.681520
v -0.122384 -0.418156 0.392594
v -0.126992 -0.442192 0.418298
v -0.124091 -0.417287 0.392554
v -0.128941 -0.441244 0.418096
v -0.081437 -0.377689 0.496915
v -0.106803 -0.402239 0.442068
v -0.114783 -0.439494 0.502680
v -0.087692 -0.408581 0.589814
v -0.084786 -0.376327 0.496451
v -0.109362 -0.400907 0.441880
v -0.091539 -0.407175 0.589026
v -0.117829 -0.438036 0.502170
v -0.056187 -0.369686 0.643331
v -0.054606 -0.355525 0.530876
v -0.059890 -0.354336 0.530187
v -0.061972 -0.368567 0.642317
v -0.293317 -0.098035 0.679081
v -0.227256 -0.290042 0.711173
v -0.274299 -0.196368 0.701635
v -0.300400 -0.100619 0.693331
v -0.307980 -0.037535 0.677372
v -0.222799 -0.288985 0.701834
v -0.312897 -0.039135 0.686573
v -0.267463 -0.194420 0.687708
v 0.000000 -0.316430 -0.514271
v 0.000000 -0.278892 -0.400412
v 0.008972 -0.128917 -1.704414
v 0.020808 -0.265246 -0.571100
v -0.000000 -0.131015 -1.745803
v 0.013247 -0.151033 -1.470729
v 0.021627 -0.218282 -0.982227
v -0.008973 -0.128917 -1.704414
v -0.020808 -0.265246 -0.571100
v -0.013247 -0.151033 -1.470728
v -0.021627 -0.218281 -0.982227
v 0.000000 -0.276602 -0.486400
v 0.099740 -0.186693 1.828914
v 0.049519 -0.094559 -1.932045
v 0.048176 0.181742 -2.013781
v 0.107959 -0.079306 1.792501
v 0.162416 -0.275411 1.438511
v 0.191447 -0.293580 0.861925
v 0.161760 -0.272849 0.302669
v 0.121854 -0.236527 -0.245308
v 0.102044 -0.196546 -0.718846
v 0.086067 -0.136751 -1.241515
v 0.089748 0.175352 -1.624520
v 0.102747 0.204743 -1.239032
v 0.120788 0.249742 -0.678581
v 0.164139 0.269908 0.096671
v 0.209665 0.213234 0.695244
v 0.210978 0.096148 1.212982
v 0.226009 0.024973 1.344047
v 0.240028 0.156709 0.748995
v 0.196568 0.217384 0.197825
v 0.154434 0.217916 -0.420338
v 0.134042 0.192971 -0.961152
v 0.116267 0.156543 -1.472265
v 0.180834 0.021217 1.472145
v 0.136659 -0.259765 1.600212
v 0.189730 -0.029965 1.567932
v 0.100652 -0.098714 1.822694
v 0.103679 -0.124630 1.838833
v 0.040362 -0.077513 -2.028766
v 0.043656 0.030661 -2.082566
v 0.043502 0.103847 -2.072756
v 0.214450 -0.250476 1.316563
v 0.271566 -0.127027 1.328176
v 0.263143 -0.055918 1.335672
v 0.224348 -0.249403 0.798841
v 0.290198 -0.071291 0.771161
v 0.279289 0.036864 0.752299
v 0.184308 -0.217375 0.186375
v 0.243706 -0.023581 0.190682
v 0.234901 0.089895 0.193730
v 0.142477 -0.177951 -0.468208
v 0.201535 -0.001754 -0.439249
v 0.192730 0.102307 -0.429126
v 0.122500 -0.134625 -0.972718
v 0.180617 0.013318 -0.965394
v 0.171910 0.099579 -0.963075
v 0.105525 -0.083765 -1.473121
v 0.158967 0.026615 -1.473173
v 0.150857 0.089588 -1.473438
v 0.177188 -0.243330 1.544011
v 0.232440 -0.153616 1.557868
v 0.224374 -0.094284 1.563875
v 0.123129 -0.185993 1.802039
v 0.130482 -0.137641 1.806410
v 0.124382 -0.105639 1.802876
v 0.138402 -0.072283 -1.239811
v 0.171248 0.054682 -1.239203
v 0.144861 0.135150 -1.239132
v 0.157870 -0.113949 -0.706478
v 0.191928 0.049724 -0.689652
v 0.164559 0.157846 -0.682441
v 0.201286 -0.156071 0.082972
v 0.235416 0.032512 0.088687
v 0.208009 0.160444 0.092923
v 0.283124 -0.105997 0.698075
v 0.288293 -0.010167 0.706568
v 0.257750 0.104948 0.698661
v 0.253395 -0.208296 1.192974
v 0.286657 -0.072826 1.201012
v 0.259946 0.018220 1.207264
v 0.220321 -0.216521 1.446463
v 0.252671 -0.114623 1.459920
v 0.227089 -0.040964 1.467788
v 0.118695 -0.046112 -1.629670
v 0.147701 0.057560 -1.632482
v 0.124570 0.121438 -1.630225
v 0.068174 -0.087519 -1.781005
v 0.063160 0.192721 -1.912118
v 0.066302 -0.045380 -1.955514
v 0.076440 0.061955 -1.978296
v 0.069787 0.137643 -1.954909
v 0.102982 0.095198 -1.861588
v 0.108254 0.032027 -1.864402
v 0.076740 -0.068471 -1.848089
v 0.085868 0.157762 -1.841171
v 0.194080 -0.287733 1.187738
v 0.218251 0.158124 0.973409
v 0.260565 -0.197348 0.984475
v 0.294692 -0.037897 0.964068
v 0.267304 0.068798 0.962698
v 0.283935 -0.003334 1.077427
v 0.292668 -0.092977 1.077079
v 0.233733 -0.248388 1.078645
v 0.245247 0.093939 1.081850
v 0.176424 0.240573 0.750883
v 0.150222 -0.331157 0.807842
v 0.159813 0.081178 1.347547
v 0.057475 -0.125092 -1.473249
v 0.078059 -0.195561 1.831306
v 0.040926 0.214738 -1.989504
v 0.078983 -0.087971 1.822732
v 0.077347 -0.175182 1.857759
v 0.028801 0.153555 -2.092294
v 0.068011 0.202558 1.089614
v 0.050651 -0.317294 0.186848
v 0.018064 -0.122945 -1.708200
v 0.030607 -0.260199 -0.557242
v 0.043956 0.040273 1.563470
v 0.015810 -0.118676 -1.843851
v 0.036951 -0.301322 1.529677
v 0.020225 0.233009 -1.828787
v 0.039244 0.352318 -0.420463
v 0.025247 -0.113701 1.872406
v 0.025247 -0.133912 1.884912
v 0.035754 0.318775 -0.963081
v 0.009708 -0.131579 -2.011849
v 0.017810 0.249087 -2.038641
v 0.014033 -0.033712 -2.538156
v 0.051634 -0.323565 1.303861
v 0.062313 -0.329798 1.073171
v 0.000000 -0.334706 1.001831
v 0.000000 -0.332451 1.176001
v 0.000000 -0.317026 1.426332
v 0.000000 0.024444 1.616561
v -0.000000 0.279221 -2.023778
v 0.000000 0.170952 1.210132
v -0.000000 -0.268467 -2.410081
v -0.000000 -0.127749 -1.931219
v 0.000000 -0.142225 1.888044
v 0.000000 -0.183736 1.870089
v -0.000000 0.266528 -1.749451
v 0.000000 -0.123992 1.882612
v 0.029530 0.272081 -1.473928
v 0.000000 -0.100910 1.861910
v 0.010896 0.431551 -1.836363
v -0.000000 0.235665 -1.775840
v -0.000000 0.251321 -1.909922
v 0.000000 -0.219849 1.808828
v 0.006145 -0.272163 -1.549457
v 0.000000 0.079649 1.467287
v 0.000000 -0.314413 0.079451
v 0.000000 -0.368431 0.763567
v 0.000000 0.281977 0.832599
v 0.130790 -0.035677 1.706245
v 0.116929 -0.226509 1.739215
v 0.165103 -0.205290 1.697886
v 0.191631 -0.158584 1.701193
v 0.169107 -0.052018 1.697560
v 0.000000 -0.032003 1.743308
v 0.000000 -0.268190 1.699667
v 0.030381 -0.257677 1.719665
v 0.033256 -0.024434 1.723342
v 0.161306 -0.056307 1.721233
v 0.166807 -0.188318 1.719780
v 0.142660 -0.217752 1.718469
v 0.181773 -0.116892 1.734202
v 0.123023 -0.051216 1.743324
v 0.150305 -0.197781 1.740058
v 0.170404 -0.150806 1.741852
v 0.194021 -0.126499 1.713876
v 0.000000 -0.251756 1.740583
v 0.104170 -0.204968 1.796276
v 0.000000 -0.064939 1.805583
v 0.133028 -0.083094 1.773171
v 0.129018 -0.205354 1.765346
v 0.151431 -0.183118 1.757060
v 0.146828 -0.118796 1.775714
v 0.028593 -0.236600 1.768500
v 0.029562 -0.047936 1.769482
v 0.130296 -0.249940 1.656757
v 0.000000 0.003455 1.665358
v 0.154457 -0.020504 1.620973
v 0.190877 -0.217194 1.605613
v 0.221003 -0.131889 1.614852
v 0.197544 -0.069206 1.616718
v 0.000000 -0.296202 1.593403
v 0.038122 0.009064 1.645169
v 0.032948 -0.285714 1.631898
v 0.206849 -0.101891 1.635231
v 0.197679 -0.196271 1.635458
v 0.162342 -0.235783 1.633930
v 0.175600 -0.048797 1.638864
v 0.139816 -0.027491 1.668761
v 0.178513 -0.212018 1.656461
v 0.208867 -0.148883 1.660968
v 0.198500 -0.081410 1.669019
v 0.000000 -0.282535 1.657945
v 0.123963 -0.238896 1.697832
v 0.000000 -0.012955 1.703594
v 0.203604 -0.121828 1.690614
v 0.153006 -0.227271 1.676955
v 0.183393 -0.193548 1.677512
v 0.206542 -0.104715 1.673652
v 0.031724 -0.272259 1.678872
v 0.035552 -0.007650 1.684706
v 0.149234 -0.042765 1.707670
v 0.197185 -0.143848 1.697923
v 0.144114 -0.057566 1.737215
v 0.181321 -0.139544 1.729254
v 0.151333 -0.085294 1.753733
v 0.165328 -0.116843 1.750644
v 0.203520 -0.098481 1.653173
v 0.184057 -0.067101 1.655658
v 0.162724 -0.046410 1.676269
v 0.206927 -0.128443 1.668909
v 0.153660 -0.040442 1.690531
v 0.138575 -0.044798 1.724956
v 0.188589 -0.146314 1.715921
v 0.203089 -0.149722 1.681020
v 0.135659 -0.066065 1.754883
v 0.171020 -0.131367 1.744829
v 0.148722 -0.098265 1.763618
v 0.208763 -0.117205 1.656364
v 0.192242 -0.076187 1.642521
v 0.162417 -0.040462 1.656173
v 0.156494 -0.049225 1.708137
v 0.196846 -0.134026 1.699409
v 0.152287 -0.061870 1.732712
v 0.183812 -0.130721 1.725387
v 0.158674 -0.085591 1.746502
v 0.170413 -0.111961 1.743635
v 0.202005 -0.096016 1.662660
v 0.186456 -0.070479 1.664686
v 0.168412 -0.052761 1.681904
v 0.204527 -0.120617 1.675608
v 0.157835 -0.046829 1.693001
v 0.145947 -0.049295 1.722818
v 0.188968 -0.138712 1.712538
v 0.201968 -0.136348 1.682915
v 0.147246 -0.071253 1.746102
v 0.173967 -0.126284 1.737468
v 0.158962 -0.101398 1.752889
v 0.204118 -0.111455 1.663842
v 0.194890 -0.082643 1.654134
v 0.172808 -0.056775 1.665451
v 0.155846 -0.043730 1.692046
v 0.148502 -0.052018 1.721618
v 0.189433 -0.142374 1.713174
v 0.200562 -0.133033 1.684434
v 0.149752 -0.072525 1.743262
v 0.173289 -0.129001 1.739965
v 0.160679 -0.100627 1.749578
v 0.205784 -0.113200 1.660713
v 0.194183 -0.083110 1.657739
v 0.173711 -0.059051 1.668268
v 0.204096 -0.125182 1.671321
v 0.163646 -0.049603 1.678313
v 0.183773 -0.069357 1.659112
v 0.201192 -0.097793 1.656869
v 0.166016 -0.115540 1.747153
v 0.152901 -0.086156 1.750341
v 0.180996 -0.136444 1.726819
v 0.145792 -0.059713 1.734972
v 0.195538 -0.140127 1.697856
v 0.150419 -0.045637 1.707569
v 0.147604 -0.035676 1.688297
v 0.143855 -0.046988 1.723961
v 0.184271 -0.151295 1.720550
v 0.203562 -0.141663 1.681859
v 0.143702 -0.069030 1.749678
v 0.164357 -0.134200 1.753228
v 0.155945 -0.100406 1.757051
v 0.211273 -0.124337 1.649862
v 0.194812 -0.080620 1.649380
v 0.170040 -0.051980 1.661714
v 0.209042 -0.135780 1.665389
v 0.157716 -0.040341 1.672845
v 0.179669 -0.060441 1.650333
v 0.204314 -0.100042 1.647161
v 0.160218 -0.116920 1.756461
v 0.145449 -0.082322 1.758239
v 0.177093 -0.143086 1.735162
v 0.139529 -0.055197 1.740057
v 0.195635 -0.149519 1.699717
v 0.146160 -0.040389 1.707120
v 0.200779 -0.286128 0.995112
v 0.214731 0.193397 0.808519
v 0.255919 -0.194820 0.838726
v 0.291478 -0.024373 0.806756
v 0.263540 0.091765 0.800779
v 0.000000 -0.353685 0.887219
v 0.000000 0.239070 0.995550
v 0.068695 0.251301 0.910249
v 0.062270 -0.336399 0.946074
v 0.282884 0.025086 0.867821
v 0.274683 -0.150855 0.896004
v 0.231011 -0.243687 0.916813
v 0.243944 0.134943 0.873042
v 0.067687 0.290579 0.755351
v 0.058655 -0.360645 0.820722
v 0.057554 0.116446 1.344528
v 0.025869 -0.198876 1.845602
v 0.013430 0.257453 -1.983873
v 0.025977 -0.085320 1.838091
v 0.025117 -0.173618 1.878529
v 0.016075 0.162468 -2.116004
v 0.179390 0.159639 1.087871
v 0.126537 -0.292616 0.185507
v 0.080938 -0.242275 -0.479345
v 0.068853 -0.190184 -0.975707
v 0.129008 0.013125 1.567470
v 0.046577 -0.102573 -1.842168
v 0.110311 -0.281918 1.535919
v 0.059675 0.199956 -1.826506
v 0.073236 0.205563 -1.471111
v 0.087103 0.256317 -0.960574
v 0.077294 -0.113970 1.853285
v 0.106669 0.292876 -0.417400
v 0.077524 -0.136161 1.864986
v 0.147456 0.298827 0.199917
v 0.030159 -0.105509 -2.015639
v 0.027609 -0.051833 -2.094435
v 0.026148 0.062608 -2.132377
v 0.143155 -0.303561 1.310866
v 0.163009 -0.310022 1.077788
v 0.092394 -0.243687 1.718759
v 0.100850 -0.036887 1.724728
v 0.086823 -0.225753 1.765526
v 0.092015 -0.058161 1.766625
v 0.115175 -0.011418 1.647451
v 0.100382 -0.268209 1.632749
v 0.096574 -0.256558 1.677705
v 0.107442 -0.023338 1.686321
v 0.179370 0.208513 0.890337
v 0.160896 -0.312662 0.935594
v 0.119636 -0.321890 1.001457
v 0.129229 0.251707 0.821485
v 0.073969 -0.007354 1.666570
v 0.062621 -0.258391 1.698863
v 0.065215 -0.271496 1.657404
v 0.080447 0.010342 1.619029
v 0.064075 -0.039919 1.743709
v 0.054782 -0.214863 1.804965
v 0.069612 -0.022233 1.704720
v 0.059768 -0.243253 1.739973
v 0.131284 0.210334 0.986957
v 0.108458 -0.350443 0.754350
v 0.081816 -0.299122 0.078760
v 0.051788 -0.231429 -0.724849
v 0.098865 0.059543 1.470437
v 0.036542 -0.119043 -1.627559
v 0.043871 -0.166558 -1.241502
v 0.068125 -0.284144 1.595847
v 0.034214 0.229001 -1.908593
v 0.043065 0.212318 -1.770706
v 0.059062 0.245035 -1.239080
v 0.051192 -0.101503 1.853233
v 0.074033 0.296643 -0.678077
v 0.050990 -0.125034 1.873797
v 0.093521 0.317784 -0.197482
v 0.051132 -0.183318 1.861479
v 0.050958 -0.144245 1.878575
v 0.125668 0.310476 0.306695
v 0.025700 -0.117076 -1.931738
v 0.019857 -0.088502 -2.077825
v 0.122792 0.143797 1.213699
v 0.023918 0.202172 -2.060689
v 0.019803 -0.025499 -2.122856
v 0.055978 -0.069159 1.800965
v 0.019255 0.108172 -2.131562
v 0.085900 -0.304278 1.431505
v 0.111497 -0.319963 1.182630
v 0.113683 -0.337884 0.878631
v 0.151832 -0.156154 1.769185
v 0.104285 -0.147710 1.841888
v 0.129025 -0.161288 1.805974
v 0.077420 -0.152795 1.864720
v 0.025037 -0.149962 1.885453
v 0.043217 -0.020727 -2.064259
v 0.255102 -0.181468 1.322559
v 0.272491 -0.150403 0.781941
v 0.226510 -0.112137 0.188662
v 0.184362 -0.084948 -0.450394
v 0.163635 -0.056649 -0.968052
v 0.143114 -0.026599 -1.472446
v 0.216572 -0.195585 1.551717
v 0.097663 -0.018256 -1.857600
v 0.275636 -0.163139 1.078645
v 0.177150 -0.165523 1.721851
v 0.211915 -0.158712 1.638749
v 0.196578 -0.167264 1.679430
v 0.291912 -0.073553 0.879016
v 0.019276 0.028060 -2.143313
v 0.026542 0.002756 -2.122050
v 0.286125 -0.118370 0.973537
v 0.181688 -0.179188 1.699685
v 0.198320 -0.179522 1.657677
v 0.013969 0.086563 -2.554225
v 0.278263 -0.140710 1.196939
v 0.120067 0.006586 -1.789399
v 0.073487 0.005987 -1.971600
v 0.244511 -0.166582 1.453149
v 0.283436 -0.110087 0.821569
v 0.245307 -0.075354 0.301334
v 0.205427 -0.051708 -0.220329
v 0.183333 -0.033199 -0.696356
v 0.162950 -0.009705 -1.239229
v 0.213309 -0.178002 1.610055
v 0.162518 -0.173822 1.741649
v 0.121763 -0.175992 1.803329
v 0.076184 -0.166245 1.854491
v 0.141026 -0.181763 1.768749
v 0.024469 -0.163950 1.876091
v 0.121663 -0.170694 1.805240
v 0.074349 -0.161096 1.857128
v 0.023664 -0.158244 1.877464
v 0.103768 -0.170561 1.838594
v 0.142030 -0.185207 1.775760
v 0.050848 -0.165861 1.875376
v 0.145088 -0.174555 1.776520
v 0.000000 -0.164393 1.885930
v 0.104183 -0.159981 1.841835
v 0.050240 -0.155312 1.878706
v 0.000000 -0.153243 1.888637
v 0.103715 -0.174220 1.838525
v 0.140109 -0.182185 1.778868
v 0.050694 -0.169466 1.875533
v 0.141191 -0.177051 1.779570
v 0.000000 -0.168077 1.885942
v 0.102755 -0.163478 1.841454
v 0.049627 -0.158688 1.877507
v 0.000000 -0.156632 1.887381
v 0.024332 -0.155941 1.886775
v 0.077045 -0.158799 1.865782
v 0.127785 -0.168540 1.808789
v 0.024795 -0.166296 1.884810
v 0.148490 -0.182053 1.767775
v 0.078047 -0.168601 1.862855
v 0.126669 -0.178472 1.806887
v 0.109012 -0.175542 1.785881
v 0.066479 -0.165823 1.822878
v 0.126319 -0.181679 1.764367
v 0.020214 -0.163531 1.843359
v 0.108712 -0.171057 1.787789
v 0.064485 -0.161513 1.825451
v 0.019344 -0.158664 1.844609
v 0.129311 -0.181099 1.774677
v 0.129920 -0.177726 1.775390
v 0.096236 -0.169221 1.820368
v 0.094655 -0.164731 1.823160
v 0.044842 -0.159969 1.855197
v 0.000000 -0.163102 1.863799
v 0.046429 -0.164574 1.853372
v 0.000000 -0.157920 1.864872
v 0.093653 -0.175542 1.769362
v 0.056670 -0.165823 1.795533
v 0.108402 -0.181679 1.756012
v 0.016806 -0.163531 1.813372
v 0.093353 -0.171057 1.771271
v 0.054676 -0.161513 1.798105
v 0.015936 -0.158664 1.814623
v 0.036905 -0.160021 1.821885
v 0.000000 -0.157973 1.831138
v 0.113692 -0.177752 1.765486
v 0.082039 -0.164782 1.796030
v 0.113102 -0.181054 1.764773
v 0.083644 -0.169166 1.793240
v 0.000000 -0.163049 1.830081
v 0.038507 -0.164522 1.820073
v 0.173396 -0.313964 0.744735
v 0.197901 0.232079 0.532585
v 0.236024 -0.183618 0.542291
v 0.272153 -0.001798 0.537150
v 0.244422 0.122773 0.533858
v 0.000000 0.310872 0.698893
v 0.039903 -0.355721 0.592829
v 0.112990 -0.335536 0.569445
v 0.127086 0.277688 0.695522
v 0.427151 0.011030 0.235663
v 0.260453 -0.141998 0.632610
v 0.171008 0.257332 0.627256
v 0.145042 -0.327905 0.671449
v 0.056894 -0.361018 0.713859
v 0.062719 0.307106 0.657970
v 0.270047 0.048652 0.633695
v 0.278358 -0.060815 0.630124
v 0.213968 -0.243664 0.646968
v 0.230909 0.171805 0.628792
v 0.082037 0.174970 -1.771852
v 0.102257 -0.043068 -1.785126
v 0.126819 0.060097 -1.791831
v 0.107564 0.125124 -1.785453
v 0.074633 -0.094619 -1.629014
v -0.000000 -0.121019 -1.787122
v 0.033737 -0.109974 -1.781979
v 0.050114 0.210985 -1.622204
v 0.140153 0.004559 -1.631238
v 0.121591 -0.018748 -1.725757
v 0.066023 0.193959 -1.713072
v 0.052104 -0.103299 -1.721535
v 0.015108 -0.120370 -1.753931
v 0.020725 0.229362 -1.742240
v 0.101410 0.150840 -1.719422
v 0.091748 -0.068646 -1.722811
v 0.135678 0.031178 -1.728596
v 0.128555 0.091020 -1.727981
v 0.020291 0.446231 0.508387
v -0.000000 0.451031 0.540643
v 0.041677 0.356258 0.501206
v 0.034111 0.382160 -0.203002
v 0.020964 0.357124 0.608783
v 0.023751 0.297159 -1.643517
v 0.010685 0.295837 -1.777452
v 0.029370 0.324694 -1.243313
v 0.032166 0.366659 -0.683650
v 0.048837 0.334639 0.585364
v -0.000000 0.342856 0.623401
v 0.021950 0.262959 -1.708748
v 0.031233 0.405779 0.192058
v -0.000000 0.336529 -1.837162
v 0.024062 0.343323 -1.489526
v 0.029647 0.383751 -0.967217
v 0.045868 0.358388 -0.028086
v 0.038137 0.269691 -1.239950
v 0.045772 0.319717 -0.679249
v 0.054589 0.339707 -0.198276
v 0.071696 0.334527 0.302565
v 0.038772 0.325027 0.626273
v 0.031036 0.237626 -1.618230
v 0.014550 0.244976 -1.726083
v 0.041289 0.231926 -1.470032
v 0.051700 0.284933 -0.961021
v 0.063956 0.322214 -0.417535
v 0.092492 0.328987 0.199376
v 0.089478 0.305701 0.603762
v 0.000000 0.321296 0.641393
v 0.031465 0.225276 -1.696600
v -0.000000 0.239383 -1.731135
v 0.005039 0.525966 -1.509506
v 0.004863 0.567193 -0.977008
v 0.004753 0.581082 -0.446924
v 0.007241 0.553683 0.176189
v -0.000000 0.546449 0.259822
v -0.000000 0.581641 -0.224487
v -0.000000 0.584204 -0.702643
v -0.000000 0.554150 -1.253987
v -0.000000 0.508228 -1.719561
v 0.010973 0.522166 -1.253077
v 0.010664 0.553372 -0.700931
v 0.010975 0.552973 -0.222689
v 0.015112 0.519993 0.262996
v 0.010304 0.484763 0.483069
v 0.009805 0.481827 -1.710624
v 0.005370 0.474580 -1.848434
v 0.050799 0.356048 0.197031
v 0.016970 0.509066 -0.439842
v 0.019516 0.489706 -0.973341
v -0.000000 0.434616 -1.902313
v 0.016003 0.449741 -1.504501
v 0.016101 0.336041 -1.779214
v 0.028547 0.375892 0.563877
v -0.000000 0.382393 0.601473
v 0.019996 0.489898 0.182342
v 0.027604 0.412200 0.472684
v 0.024752 0.447768 0.088728
v 0.013957 0.409070 0.573214
v 0.017408 0.383029 -1.692957
v 0.007213 0.383855 -1.873848
v 0.024564 0.409266 -1.248495
v 0.025339 0.446472 -0.691591
v 0.144465 -0.258812 0.079210
v 0.142794 0.268262 -0.198397
v 0.179928 -0.141816 -0.231515
v 0.214033 0.040536 -0.212586
v 0.186627 0.163248 -0.203741
v 0.058372 -0.275119 -0.246305
v 0.112723 0.320324 0.097460
v 0.226809 -0.062923 0.085911
v 0.037745 0.381008 0.094288
v 0.064725 0.341540 0.097161
v -0.000000 0.567262 0.080819
v 0.013110 0.539484 0.081913
v 0.023017 0.454491 -0.211923
v 0.029421 0.411585 -0.033309
v 0.018175 0.501376 -0.041769
v 0.006070 0.568454 -0.046709
v 0.027937 0.410825 -0.427863
v 0.080046 0.330575 -0.026274
v 0.207025 -0.101869 -0.043328
v 0.129064 0.301420 -0.026449
v 0.100861 -0.276112 -0.054601
v 0.034521 -0.300081 -0.054177
v 0.215393 0.097118 -0.034008
v 0.224198 -0.014363 -0.038897
v 0.165031 -0.204102 -0.050243
v 0.177097 0.221893 -0.028765
v 0.007589 -0.455653 -0.696142
v 0.006134 -0.456913 -1.125811
v -0.000000 -0.429753 -1.396215
v -0.000000 -0.357221 -1.771251
v -0.000000 -0.482022 -0.882330
v 0.004099 -0.385799 -1.624395
v 0.012100 -0.439469 -0.865684
v 0.005387 -0.319196 -1.744365
v 0.008310 -0.385447 -1.371452
v 0.002967 -0.304998 -1.820160
v -0.008021 -0.314832 -0.526571
v 0.012134 -0.340731 -1.057274
v -0.000000 -0.127124 -1.747121
v 0.003932 -0.234998 -1.770951
v 0.012972 -0.378906 -0.651312
v 0.007278 -0.159973 -1.473838
v 0.015445 -0.227301 -0.987171
v -0.000000 -0.235750 -1.809239
v 0.014988 -0.290197 -0.769790
v 0.003942 -0.175919 -1.646338
v 0.009023 -0.227664 -1.269857
v 0.001887 -0.167845 -1.761899
v 0.006343 -0.244742 -2.480304
v 0.006309 -0.156693 -2.597918
v 0.006307 0.093737 -2.686345
v -0.000000 0.179240 -2.681501
v -0.000000 -0.106559 -2.643396
v -0.000000 0.349125 -2.591459
v -0.000000 -0.208470 -2.547636
v 0.006659 0.411319 -2.511573
v 0.006314 0.264689 -2.641279
v 0.011141 -0.200656 -2.518038
v 0.011427 0.340467 -2.553008
v 0.011323 -0.097717 -2.600463
v 0.011287 0.172767 -2.634997
v -0.000000 0.017229 -2.687829
v 0.011314 0.019838 -2.640714
v 0.006309 -0.047889 -2.662521
v 0.012959 -0.124215 -2.065902
v 0.014035 -0.136804 -2.491708
v 0.012958 0.414823 -2.432267
v 0.013925 -0.011984 -2.292035
v -0.000000 0.461307 -2.418361
v -0.000000 -0.215111 -2.203846
v 0.014155 0.247721 -2.517991
v 0.013747 0.071414 -2.301309
v 0.011693 -0.241125 -2.423200
v 0.013931 -0.091422 -2.262521
v 0.014274 -0.176895 -2.356416
v 0.014669 -0.066784 -2.405271
v 0.014451 0.146207 -2.421448
v 0.014611 0.024303 -2.427693
v 0.015763 0.324613 -2.356350
v 0.008599 0.446839 -2.304924
v 0.006929 -0.252948 -2.321507
v 0.014872 0.348261 -2.191447
v -0.000000 0.392908 -2.176957
v 0.014265 0.200915 -2.266632
v 0.011424 -0.188017 -2.214922
v 0.015528 -0.000671 -2.146862
v -0.000000 -0.143917 -2.052867
v 0.015276 0.062886 -2.157122
v 0.015598 -0.058731 -2.118046
v 0.006387 -0.163343 -2.104812
v 0.009414 0.309704 -2.075448
v 0.015957 0.234369 -2.123267
v 0.013603 0.026898 -2.201328
v 0.013313 0.116322 -2.190719
v 0.013708 -0.034576 -2.181192
v 0.013261 -0.110167 -2.137849
v 0.191182 -0.082394 1.707999
v 0.192775 -0.099855 1.717722
v 0.179473 -0.071313 1.720714
v 0.182959 -0.087655 1.730023
v 0.199190 -0.080136 1.687081
v 0.187571 -0.067735 1.698705
v 0.201597 -0.096122 1.695881
v 0.173988 -0.058315 1.710495
v 0.200417 -0.113901 1.704772
v 0.169450 -0.067405 1.730457
v 0.190361 -0.113083 1.725597
v 0.172971 -0.080647 1.738147
v 0.182857 -0.102646 1.735772
v 0.205388 -0.091511 1.678238
v 0.192949 -0.070068 1.680047
v 0.182919 -0.060167 1.689645
v 0.206818 -0.105199 1.685458
v 0.181755 -0.061703 1.677309
v 0.171130 -0.095678 1.743872
v 0.161931 -0.072804 1.738957
v 0.231309 -0.240522 0.754357
v 0.291245 -0.078569 0.732352
v 0.296416 -0.047370 0.711880
v 0.273224 -0.149726 0.740566
v 0.198242 -0.288972 0.746066
v 0.268514 -0.146914 0.703146
v 0.286468 -0.075550 0.696790
v 0.227375 -0.238342 0.718159
v 0.200048 -0.284959 0.768632
v 0.254277 -0.195310 0.762124
v 0.282082 -0.111135 0.751723
v 0.294113 -0.049160 0.735461
v 0.289593 -0.045243 0.688197
v 0.196702 -0.282326 0.718126
v 0.274968 -0.105916 0.680728
v 0.248188 -0.191039 0.689807
v 0.409596 -0.150553 0.150589
v 0.430233 -0.068234 0.151141
v 0.388826 -0.205013 0.180150
v 0.433855 -0.031977 0.180538
v 0.434433 -0.007995 0.187677
v 0.420575 -0.107990 0.169338
v 0.371787 -0.243288 0.187317
v 0.416971 -0.106475 0.167864
v 0.430547 -0.030375 0.179003
v 0.385837 -0.203944 0.178613
v 0.353160 -0.271092 0.237464
v 0.215703 -0.277777 0.740473
v 0.430448 0.009273 0.237753
v 0.262794 -0.193895 0.729841
v 0.390860 -0.165201 0.226852
v 0.288969 -0.108411 0.719967
v 0.416870 -0.056853 0.226251
v 0.390087 -0.049049 0.373414
v 0.354776 -0.058253 0.518686
v 0.326322 -0.011389 0.639694
v 0.369071 0.030255 0.518497
v 0.404045 0.038023 0.373615
v 0.240946 -0.311141 0.655986
v 0.279230 -0.337601 0.525651
v 0.311531 -0.323862 0.380391
v 0.356021 -0.272252 0.239566
v 0.314433 -0.325384 0.384348
v 0.281614 -0.339148 0.529629
v 0.330616 -0.013297 0.645571
v 0.371915 0.027914 0.522434
v 0.407407 0.035720 0.377534
v 0.395723 -0.167323 0.229837
v 0.363336 -0.190568 0.381709
v 0.329936 -0.202107 0.527151
v 0.285842 -0.198411 0.646641
v 0.326210 -0.199258 0.521209
v 0.358811 -0.187765 0.375803
v 0.421970 -0.059668 0.229260
v 0.394859 -0.052767 0.379409
v 0.358750 -0.062033 0.524722
v 0.346605 -0.021345 0.591140
v 0.386102 -0.002139 0.451483
v 0.417487 -0.004744 0.305208
v 0.328100 -0.133526 0.593571
v 0.365556 -0.122197 0.453517
v 0.397916 -0.113064 0.304591
v 0.323753 -0.130327 0.587388
v 0.361384 -0.118774 0.446947
v 0.392885 -0.109975 0.300080
v 0.282921 -0.274412 0.591800
v 0.317091 -0.272977 0.450614
v 0.350894 -0.249102 0.304149
v 0.286894 -0.276651 0.597653
v 0.320896 -0.275372 0.456850
v 0.355404 -0.251263 0.308471
v 0.342145 -0.017991 0.585239
v 0.381810 0.001451 0.445207
v 0.412492 -0.001506 0.300862
v 0.254866 -0.351920 0.597506
v 0.288006 -0.355927 0.456022
v 0.324810 -0.323942 0.309549
v 0.351846 0.025373 0.587367
v 0.390952 0.047860 0.447667
v 0.420667 0.040366 0.304471
v 0.173199 -0.289354 0.556645
v 0.133209 0.290612 0.529821
v 0.263151 -0.093081 0.537648
v 0.181737 0.257345 0.307174
v 0.219220 -0.168292 0.300945
v 0.253913 0.019482 0.302478
v 0.226506 0.147053 0.304763
v 0.000000 -0.331802 0.307319
v 0.100764 -0.315793 0.305382
v 0.040209 0.372051 0.296199
v 0.076209 0.320728 0.515581
v -0.000000 0.513631 0.416594
v 0.017293 0.490341 0.422119
v 0.026352 0.433943 0.283605
v 0.100696 0.314606 0.415492
v 0.032897 0.389001 0.392872
v 0.022266 0.466492 0.360963
v 0.008706 0.525864 0.339156
v 0.055119 0.343570 0.406156
v 0.161107 0.278772 0.420545
v 0.244584 -0.127339 0.421390
v 0.138366 -0.310253 0.433716
v 0.054909 -0.336345 0.414198
v 0.253093 0.069995 0.420104
v 0.261898 -0.040868 0.420517
v 0.199650 -0.231975 0.426120
v 0.214572 0.195490 0.420524
v 0.000000 -0.358389 0.581479
v 0.064716 -0.350933 0.590496
v 0.052776 -0.360445 0.678556
v 0.051843 -0.346209 0.504769
v 0.031158 -0.349401 0.507291
v 0.031565 -0.362055 0.662799
v 0.077775 -0.353146 0.658331
v 0.076259 -0.340546 0.504146
v 0.125356 -0.430686 0.400287
v 0.127552 -0.429598 0.400153
v 0.129220 -0.444444 0.414770
v 0.123688 -0.415840 0.385670
v 0.116451 -0.411192 0.410774
v 0.049082 -0.361508 0.652564
v 0.118690 -0.410029 0.410705
v 0.125778 -0.442894 0.451986
v 0.066561 -0.365056 0.517231
v 0.095082 -0.390725 0.471781
v 0.123100 -0.444195 0.452347
v 0.102883 -0.427027 0.549825
v 0.070889 -0.363779 0.516638
v 0.097901 -0.389336 0.471455
v 0.075196 -0.385976 0.621012
v 0.106194 -0.425548 0.549175
v 0.090835 -0.413666 0.606808
v 0.117848 -0.445739 0.513760
v 0.088837 -0.391492 0.542621
v 0.114121 -0.419210 0.471960
v 0.081892 -0.371220 0.479295
v 0.106541 -0.394600 0.430640
v 0.083890 -0.393394 0.543482
v 0.110268 -0.421128 0.472439
v 0.070367 -0.387237 0.621930
v 0.048537 -0.351061 0.535602
v 0.055761 -0.349616 0.534784
v 0.056824 -0.360155 0.651394
v 0.054359 -0.362822 0.587264
v 0.056905 -0.352269 0.509477
v 0.061969 -0.361235 0.586092
v 0.059423 -0.371788 0.663879
v 0.311808 -0.083511 0.640895
v 0.244779 -0.312402 0.661954
v 0.291743 -0.200733 0.655539
v 0.317957 -0.086591 0.650008
v 0.297592 -0.051762 0.696888
v 0.212122 -0.276764 0.725985
v 0.301663 -0.053276 0.711120
v 0.257231 -0.192057 0.708282
v 0.312389 -0.029968 0.681417
v 0.217026 -0.304092 0.708483
v 0.301365 -0.061474 0.676877
v 0.249994 -0.249405 0.707736
v 0.243532 -0.247779 0.694392
v 0.283423 -0.143093 0.682663
v 0.290368 -0.145417 0.696790
v 0.308314 -0.063911 0.690349
v -0.099740 -0.186693 1.828914
v -0.049520 -0.094559 -1.932045
v -0.048176 0.181742 -2.013781
v -0.107959 -0.079306 1.792501
v -0.162416 -0.275411 1.438511
v -0.191447 -0.293580 0.861925
v -0.161760 -0.272849 0.302669
v -0.121854 -0.236527 -0.245308
v -0.102044 -0.196546 -0.718846
v -0.086067 -0.136751 -1.241515
v -0.089748 0.175352 -1.624520
v -0.102747 0.204743 -1.239032
v -0.120788 0.249742 -0.678581
v -0.164139 0.269908 0.096671
v -0.209665 0.213234 0.695244
v -0.210978 0.096148 1.212982
v -0.226009 0.024973 1.344047
v -0.240028 0.156709 0.748995
v -0.196568 0.217383 0.197825
v -0.154434 0.217916 -0.420338
v -0.134042 0.192971 -0.961152
v -0.116267 0.156543 -1.472265
v -0.180834 0.021217 1.472145
v -0.136658 -0.259765 1.600211
v -0.189730 -0.029965 1.567932
v -0.100652 -0.098714 1.822694
v -0.103679 -0.124630 1.838833
v -0.040362 -0.077513 -2.028766
v -0.043656 0.030661 -2.082566
v -0.043502 0.103847 -2.072756
v -0.214449 -0.250476 1.316563
v -0.271566 -0.127028 1.328176
v -0.263143 -0.055918 1.335672
v -0.224347 -0.249403 0.798841
v -0.290198 -0.071291 0.771161
v -0.279289 0.036864 0.752299
v -0.184308 -0.217375 0.186375
v -0.243706 -0.023581 0.190682
v -0.234901 0.089895 0.193730
v -0.142477 -0.177951 -0.468208
v -0.201535 -0.001754 -0.439249
v -0.192730 0.102307 -0.429126
v -0.122500 -0.134625 -0.972718
v -0.180617 0.013318 -0.965394
v -0.171910 0.099579 -0.963075
v -0.105525 -0.083765 -1.473120
v -0.158967 0.026615 -1.473173
v -0.150857 0.089588 -1.473438
v -0.177188 -0.243330 1.544011
v -0.232440 -0.153616 1.557868
v -0.224374 -0.094284 1.563875
v -0.123129 -0.185993 1.802039
v -0.130482 -0.137641 1.806410
v -0.124381 -0.105639 1.802876
v -0.138402 -0.072283 -1.239811
v -0.171248 0.054682 -1.239203
v -0.144861 0.135150 -1.239132
v -0.157870 -0.113949 -0.706478
v -0.191928 0.049724 -0.689652
v -0.164559 0.157846 -0.682441
v -0.201286 -0.156071 0.082972
v -0.235416 0.032512 0.088687
v -0.208009 0.160444 0.092923
v -0.283124 -0.105997 0.698075
v -0.288293 -0.010167 0.706568
v -0.257750 0.104948 0.698661
v -0.253395 -0.208296 1.192974
v -0.286656 -0.072826 1.201012
v -0.259946 0.018220 1.207264
v -0.220321 -0.216521 1.446463
v -0.252670 -0.114623 1.459920
v -0.227089 -0.040964 1.467788
v -0.118695 -0.046112 -1.629670
v -0.147701 0.057560 -1.632482
v -0.124570 0.121438 -1.630225
v -0.068174 -0.087519 -1.781004
v -0.063160 0.192721 -1.912118
v -0.066303 -0.045380 -1.955514
v -0.076440 0.061955 -1.978296
v -0.069788 0.137643 -1.954909
v -0.102983 0.095198 -1.861588
v -0.108255 0.032027 -1.864402
v -0.076740 -0.068471 -1.848089
v -0.085868 0.157762 -1.841172
v -0.194080 -0.287733 1.187738
v -0.218251 0.158124 0.973409
v -0.260565 -0.197349 0.984475
v -0.294692 -0.037897 0.964068
v -0.267304 0.068798 0.962698
v -0.283935 -0.003334 1.077427
v -0.292668 -0.092977 1.077079
v -0.233733 -0.248388 1.078645
v -0.245246 0.093939 1.081850
v -0.176424 0.240573 0.750883
v -0.150222 -0.331157 0.807842
v -0.159813 0.081178 1.347547
v -0.057475 -0.125092 -1.473249
v -0.078059 -0.195561 1.831306
v -0.040926 0.214738 -1.989504
v -0.078983 -0.087971 1.822732
v -0.077347 -0.175182 1.857759
v -0.028801 0.153555 -2.092293
v -0.068011 0.202558 1.089614
v -0.050651 -0.317294 0.186848
v -0.018064 -0.122945 -1.708200
v -0.030607 -0.260199 -0.557242
v -0.043956 0.040273 1.563470
v -0.015810 -0.118676 -1.843851
v -0.036951 -0.301322 1.529677
v -0.020225 0.233009 -1.828787
v -0.039244 0.352318 -0.420463
v -0.025247 -0.113701 1.872406
v -0.025247 -0.133912 1.884912
v -0.035755 0.318775 -0.963081
v -0.009708 -0.131579 -2.011849
v -0.017810 0.249087 -2.038641
v -0.014033 -0.033712 -2.538156
v -0.051634 -0.323565 1.303861
v -0.062313 -0.329798 1.073171
v -0.029530 0.272081 -1.473928
v -0.010896 0.431551 -1.836363
v -0.006145 -0.272163 -1.549457
v -0.130790 -0.035677 1.706245
v -0.116929 -0.226509 1.739215
v -0.165103 -0.205290 1.697886
v -0.191631 -0.158584 1.701193
v -0.169107 -0.052018 1.697560
v -0.030381 -0.257677 1.719665
v -0.033256 -0.024434 1.723342
v -0.161306 -0.056307 1.721232
v -0.166807 -0.188318 1.719780
v -0.142660 -0.217752 1.718469
v -0.181773 -0.116892 1.734202
v -0.123023 -0.051216 1.743323
v -0.150305 -0.197781 1.740058
v -0.170404 -0.150806 1.741852
v -0.194021 -0.126499 1.713876
v -0.104169 -0.204968 1.796276
v -0.133028 -0.083094 1.773171
v -0.129018 -0.205354 1.765346
v -0.151431 -0.183118 1.757061
v -0.146828 -0.118796 1.775714
v -0.028593 -0.236600 1.768500
v -0.029562 -0.047936 1.769482
v -0.130296 -0.249940 1.656757
v -0.154457 -0.020504 1.620973
v -0.190877 -0.217194 1.605613
v -0.221003 -0.131889 1.614852
v -0.197543 -0.069206 1.616718
v -0.038122 0.009064 1.645169
v -0.032948 -0.285714 1.631898
v -0.206848 -0.101891 1.635231
v -0.197679 -0.196271 1.635458
v -0.162341 -0.235783 1.633930
v -0.175600 -0.048797 1.638863
v -0.139816 -0.027491 1.668761
v -0.178512 -0.212018 1.656461
v -0.208867 -0.148883 1.660968
v -0.198500 -0.081410 1.669019
v -0.123962 -0.238896 1.697832
v -0.203604 -0.121828 1.690614
v -0.153006 -0.227271 1.676955
v -0.183393 -0.193548 1.677512
v -0.206542 -0.104715 1.673652
v -0.031724 -0.272259 1.678872
v -0.035551 -0.007650 1.684706
v -0.149234 -0.042765 1.707670
v -0.197185 -0.143848 1.697923
v -0.144114 -0.057566 1.737215
v -0.181320 -0.139544 1.729254
v -0.151333 -0.085294 1.753733
v -0.165328 -0.116843 1.750644
v -0.203520 -0.098481 1.653173
v -0.184057 -0.067101 1.655658
v -0.162724 -0.046410 1.676269
v -0.206927 -0.128443 1.668909
v -0.153660 -0.040442 1.690531
v -0.138575 -0.044798 1.724956
v -0.188589 -0.146314 1.715922
v -0.203089 -0.149722 1.681020
v -0.135659 -0.066065 1.754883
v -0.171020 -0.131367 1.744829
v -0.148721 -0.098265 1.763618
v -0.208763 -0.117205 1.656364
v -0.192242 -0.076187 1.642521
v -0.162417 -0.040462 1.656173
v -0.156494 -0.049225 1.708137
v -0.196845 -0.134026 1.699409
v -0.152287 -0.061870 1.732712
v -0.183812 -0.130721 1.725387
v -0.158674 -0.085591 1.746502
v -0.170413 -0.111961 1.743635
v -0.202005 -0.096016 1.662660
v -0.186456 -0.070479 1.664686
v -0.168412 -0.052761 1.681904
v -0.204527 -0.120617 1.675608
v -0.157835 -0.046829 1.693001
v -0.145947 -0.049295 1.722818
v -0.188968 -0.138712 1.712537
v -0.201968 -0.136348 1.682915
v -0.147246 -0.071253 1.746102
v -0.173967 -0.126284 1.737468
v -0.158962 -0.101398 1.752889
v -0.204118 -0.111455 1.663842
v -0.194890 -0.082643 1.654134
v -0.172808 -0.056775 1.665451
v -0.155846 -0.043730 1.692046
v -0.148502 -0.052018 1.721618
v -0.189433 -0.142374 1.713174
v -0.200562 -0.133033 1.684434
v -0.149752 -0.072525 1.743262
v -0.173289 -0.129001 1.739965
v -0.160678 -0.100627 1.749578
v -0.205784 -0.113200 1.660713
v -0.194182 -0.083110 1.657739
v -0.173711 -0.059051 1.668268
v -0.204096 -0.125182 1.671321
v -0.163646 -0.049603 1.678313
v -0.183773 -0.069357 1.659112
v -0.201192 -0.097793 1.656869
v -0.166016 -0.115540 1.747153
v -0.152901 -0.086156 1.750341
v -0.180996 -0.136444 1.726819
v -0.145791 -0.059713 1.734972
v -0.195538 -0.140127 1.697856
v -0.150419 -0.045637 1.707569
v -0.147604 -0.035676 1.688296
v -0.143855 -0.046988 1.723961
v -0.184271 -0.151295 1.720550
v -0.203561 -0.141663 1.681859
v -0.143702 -0.069030 1.749677
v -0.164357 -0.134200 1.753228
v -0.155945 -0.100406 1.757051
v -0.211273 -0.124337 1.649862
v -0.194812 -0.080620 1.649380
v -0.170039 -0.051980 1.661714
v -0.209042 -0.135780 1.665389
v -0.157716 -0.040341 1.672845
v -0.179669 -0.060441 1.650333
v -0.204314 -0.100042 1.647161
v -0.160218 -0.116920 1.756461
v -0.145449 -0.082322 1.758239
v -0.177093 -0.143086 1.735162
v -0.139528 -0.055197 1.740057
v -0.195635 -0.149519 1.699717
v -0.146159 -0.040389 1.707120
v -0.200779 -0.286128 0.995112
v -0.214731 0.193397 0.808519
v -0.255919 -0.194820 0.838726
v -0.291478 -0.024373 0.806756
v -0.263540 0.091765 0.800779
v -0.068695 0.251301 0.910249
v -0.062270 -0.336399 0.946074
v -0.282884 0.025086 0.867821
v -0.274683 -0.150855 0.896004
v -0.231011 -0.243687 0.916813
v -0.243943 0.134943 0.873042
v -0.067687 0.290579 0.755351
v -0.058655 -0.360645 0.820722
v -0.057554 0.116446 1.344529
v -0.025869 -0.198876 1.845602
v -0.013430 0.257453 -1.983872
v -0.025977 -0.085320 1.838091
v -0.025117 -0.173618 1.878529
v -0.016076 0.162468 -2.116004
v -0.179390 0.159638 1.087871
v -0.126537 -0.292616 0.185507
v -0.080938 -0.242275 -0.479345
v -0.068853 -0.190184 -0.975707
v -0.129008 0.013125 1.567470
v -0.046577 -0.102573 -1.842168
v -0.110311 -0.281918 1.535919
v -0.059675 0.199956 -1.826506
v -0.073236 0.205563 -1.471111
v -0.087103 0.256317 -0.960574
v -0.077294 -0.113970 1.853285
v -0.106669 0.292876 -0.417400
v -0.077524 -0.136161 1.864985
v -0.147456 0.298827 0.199917
v -0.030159 -0.105509 -2.015639
v -0.027609 -0.051833 -2.094435
v -0.026148 0.062608 -2.132377
v -0.143155 -0.303561 1.310866
v -0.163009 -0.310022 1.077788
v -0.092394 -0.243687 1.718759
v -0.100850 -0.036887 1.724728
v -0.086823 -0.225753 1.765526
v -0.092015 -0.058161 1.766625
v -0.115175 -0.011418 1.647451
v -0.100382 -0.268209 1.632749
v -0.096574 -0.256558 1.677705
v -0.107442 -0.023338 1.686321
v -0.179370 0.208513 0.890337
v -0.160895 -0.312662 0.935594
v -0.119636 -0.321890 1.001457
v -0.129229 0.251707 0.821485
v -0.073969 -0.007354 1.666570
v -0.062621 -0.258391 1.698863
v -0.065214 -0.271496 1.657404
v -0.080447 0.010342 1.619029
v -0.064075 -0.039919 1.743709
v -0.054781 -0.214863 1.804965
v -0.069612 -0.022233 1.704720
v -0.059768 -0.243252 1.739973
v -0.131284 0.210334 0.986957
v -0.108458 -0.350443 0.754350
v -0.081816 -0.299122 0.078760
v -0.051788 -0.231429 -0.724849
v -0.098865 0.059543 1.470437
v -0.036543 -0.119043 -1.627559
v -0.043871 -0.166558 -1.241502
v -0.068124 -0.284144 1.595847
v -0.034214 0.229001 -1.908593
v -0.043065 0.212318 -1.770706
v -0.059063 0.245035 -1.239080
v -0.051192 -0.101503 1.853233
v -0.074033 0.296643 -0.678077
v -0.050990 -0.125034 1.873797
v -0.093521 0.317784 -0.197482
v -0.051132 -0.183318 1.861479
v -0.050958 -0.144245 1.878575
v -0.125668 0.310476 0.306695
v -0.025700 -0.117076 -1.931738
v -0.019857 -0.088502 -2.077825
v -0.122792 0.143797 1.213699
v -0.023918 0.202172 -2.060689
v -0.019803 -0.025499 -2.122856
v -0.055978 -0.069159 1.800965
v -0.019255 0.108172 -2.131562
v -0.085900 -0.304278 1.431505
v -0.111497 -0.319963 1.182630
v -0.113683 -0.337884 0.878631
v -0.151832 -0.156154 1.769185
v -0.104284 -0.147710 1.841888
v -0.129024 -0.161288 1.805974
v -0.077420 -0.152795 1.864720
v -0.025037 -0.149962 1.885453
v -0.043217 -0.020727 -2.064259
v -0.255102 -0.181468 1.322559
v -0.272491 -0.150403 0.781941
v -0.226510 -0.112137 0.188662
v -0.184362 -0.084948 -0.450394
v -0.163635 -0.056649 -0.968052
v -0.143114 -0.026599 -1.472446
v -0.216572 -0.195585 1.551716
v -0.097663 -0.018256 -1.857600
v -0.275636 -0.163139 1.078645
v -0.177150 -0.165523 1.721851
v -0.211914 -0.158712 1.638749
v -0.196578 -0.167264 1.679430
v -0.291912 -0.073553 0.879016
v -0.019277 0.028060 -2.143313
v -0.026542 0.002756 -2.122050
v -0.286125 -0.118370 0.973537
v -0.181688 -0.179188 1.699685
v -0.198320 -0.179522 1.657677
v -0.013969 0.086563 -2.554225
v -0.278263 -0.140710 1.196939
v -0.120067 0.006586 -1.789399
v -0.073488 0.005987 -1.971600
v -0.244511 -0.166582 1.453149
v -0.283436 -0.110088 0.821569
v -0.245307 -0.075354 0.301334
v -0.205427 -0.051708 -0.220329
v -0.183333 -0.033199 -0.696356
v -0.162950 -0.009705 -1.239229
v -0.213309 -0.178002 1.610054
v -0.162518 -0.173822 1.741649
v -0.121763 -0.175992 1.803329
v -0.076184 -0.166245 1.854491
v -0.141026 -0.181763 1.768749
v -0.024469 -0.163950 1.876091
v -0.121663 -0.170694 1.805240
v -0.074348 -0.161096 1.857128
v -0.023664 -0.158244 1.877464
v -0.103768 -0.170561 1.838594
v -0.142030 -0.185207 1.775760
v -0.050848 -0.165861 1.875376
v -0.145088 -0.174555 1.776520
v -0.104182 -0.159981 1.841835
v -0.050240 -0.155312 1.878706
v -0.103715 -0.174220 1.838525
v -0.140109 -0.182185 1.778868
v -0.050694 -0.169466 1.875533
v -0.141190 -0.177051 1.779570
v -0.102755 -0.163478 1.841454
v -0.049627 -0.158688 1.877508
v -0.024332 -0.155941 1.886775
v -0.077044 -0.158799 1.865782
v -0.127785 -0.168540 1.808788
v -0.024795 -0.166296 1.884809
v -0.148489 -0.182053 1.767775
v -0.078047 -0.168601 1.862855
v -0.126669 -0.178472 1.806887
v -0.109011 -0.175542 1.785881
v -0.066478 -0.165823 1.822878
v -0.126318 -0.181679 1.764367
v -0.020214 -0.163531 1.843359
v -0.108712 -0.171057 1.787789
v -0.064485 -0.161513 1.825451
v -0.019344 -0.158664 1.844609
v -0.129311 -0.181099 1.774677
v -0.129920 -0.177726 1.775390
v -0.096236 -0.169221 1.820368
v -0.094655 -0.164731 1.823160
v -0.044842 -0.159969 1.855197
v -0.046429 -0.164574 1.853372
v -0.093653 -0.175542 1.769362
v -0.056670 -0.165823 1.795533
v -0.108402 -0.181679 1.756012
v -0.016806 -0.163531 1.813372
v -0.093353 -0.171057 1.771271
v -0.054676 -0.161513 1.798105
v -0.015935 -0.158664 1.814623
v -0.036905 -0.160021 1.821885
v -0.113692 -0.177752 1.765486
v -0.082039 -0.164782 1.796030
v -0.113101 -0.181054 1.764773
v -0.083644 -0.169166 1.793241
v -0.038507 -0.164522 1.820073
v -0.173396 -0.313964 0.744735
v -0.197901 0.232079 0.532585
v -0.236023 -0.183618 0.542291
v -0.272153 -0.001798 0.537150
v -0.244422 0.122773 0.533859
v -0.039903 -0.355721 0.592829
v -0.112990 -0.335536 0.569445
v -0.127086 0.277688 0.695522
v -0.427151 0.011030 0.235663
v -0.260452 -0.141999 0.632610
v -0.171008 0.257332 0.627256
v -0.145041 -0.327905 0.671449
v -0.056894 -0.361018 0.713859
v -0.062719 0.307106 0.657970
v -0.270047 0.048652 0.633695
v -0.278358 -0.060815 0.630124
v -0.213968 -0.243664 0.646968
v -0.230909 0.171805 0.628792
v -0.082037 0.174970 -1.771852
v -0.102258 -0.043068 -1.785126
v -0.126819 0.060097 -1.791831
v -0.107564 0.125124 -1.785453
v -0.074633 -0.094619 -1.629014
v -0.033737 -0.109974 -1.781979
v -0.050114 0.210985 -1.622204
v -0.140153 0.004559 -1.631237
v -0.121591 -0.018748 -1.725757
v -0.066024 0.193959 -1.713073
v -0.052104 -0.103299 -1.721535
v -0.015108 -0.120370 -1.753931
v -0.020725 0.229362 -1.742240
v -0.101410 0.150840 -1.719421
v -0.091748 -0.068646 -1.722812
v -0.135678 0.031178 -1.728596
v -0.128555 0.091020 -1.727981
v -0.020291 0.446231 0.508387
v -0.041677 0.356258 0.501206
v -0.034111 0.382160 -0.203002
v -0.020964 0.357124 0.608783
v -0.023751 0.297159 -1.643517
v -0.010685 0.295837 -1.777452
v -0.029370 0.324694 -1.243313
v -0.032167 0.366659 -0.683650
v -0.048837 0.334639 0.585364
v -0.021950 0.262959 -1.708748
v -0.031233 0.405779 0.192058
v -0.024062 0.343323 -1.489526
v -0.029647 0.383751 -0.967217
v -0.045868 0.358388 -0.028086
v -0.038137 0.269691 -1.239950
v -0.045773 0.319717 -0.679249
v -0.054589 0.339707 -0.198276
v -0.071696 0.334527 0.302565
v -0.038772 0.325027 0.626273
v -0.031037 0.237626 -1.618230
v -0.014550 0.244976 -1.726083
v -0.041289 0.231926 -1.470032
v -0.051700 0.284933 -0.961021
v -0.063956 0.322214 -0.417535
v -0.092492 0.328987 0.199376
v -0.089478 0.305701 0.603762
v -0.031465 0.225276 -1.696600
v -0.005040 0.525966 -1.509506
v -0.004864 0.567193 -0.977008
v -0.004754 0.581082 -0.446924
v -0.007241 0.553683 0.176189
v -0.010973 0.522166 -1.253077
v -0.010664 0.553372 -0.700931
v -0.010975 0.552973 -0.222689
v -0.015112 0.519993 0.262996
v -0.010305 0.484763 0.483069
v -0.009805 0.481827 -1.710624
v -0.005370 0.474580 -1.848434
v -0.050799 0.356048 0.197031
v -0.016970 0.509066 -0.439842
v -0.019516 0.489706 -0.973341
v -0.016003 0.449741 -1.504501
v -0.016101 0.336041 -1.779214
v -0.028547 0.375892 0.563877
v -0.019996 0.489898 0.182342
v -0.027604 0.412200 0.472684
v -0.024752 0.447768 0.088728
v -0.013957 0.409070 0.573214
v -0.017408 0.383029 -1.692958
v -0.007213 0.383855 -1.873848
v -0.024564 0.409266 -1.248495
v -0.025339 0.446472 -0.691591
v -0.144465 -0.258812 0.079210
v -0.142794 0.268262 -0.198397
v -0.179928 -0.141816 -0.231515
v -0.214033 0.040536 -0.212586
v -0.186627 0.163248 -0.203741
v -0.058372 -0.275120 -0.246305
v -0.112723 0.320324 0.097460
v -0.226809 -0.062923 0.085911
v -0.037745 0.381008 0.094288
v -0.064725 0.341540 0.097161
v -0.013110 0.539484 0.081913
v -0.023017 0.454491 -0.211923
v -0.029421 0.411585 -0.033309
v -0.018175 0.501376 -0.041769
v -0.006070 0.568454 -0.046709
v -0.027937 0.410825 -0.427863
v -0.080047 0.330575 -0.026274
v -0.207025 -0.101869 -0.043328
v -0.129064 0.301420 -0.026449
v -0.100861 -0.276112 -0.054601
v -0.034521 -0.300081 -0.054177
v -0.215393 0.097118 -0.034008
v -0.224198 -0.014363 -0.038896
v -0.165031 -0.204102 -0.050243
v -0.177097 0.221893 -0.028765
v -0.007589 -0.455653 -0.696142
v -0.006135 -0.456913 -1.125810
v -0.004099 -0.385799 -1.624395
v -0.012100 -0.439469 -0.865684
v -0.005387 -0.319196 -1.744365
v -0.008310 -0.385447 -1.371452
v -0.002967 -0.304998 -1.820160
v -0.012134 -0.340731 -1.057274
v -0.003932 -0.234998 -1.770951
v -0.012972 -0.378906 -0.651312
v -0.007278 -0.159973 -1.473838
v -0.015445 -0.227301 -0.987171
v -0.014988 -0.290197 -0.769790
v 0.000000 -0.390859 -0.573017
v -0.003942 -0.175919 -1.646338
v -0.009023 -0.227664 -1.269857
v -0.001887 -0.167845 -1.761899
v -0.006343 -0.244742 -2.480304
v -0.006310 -0.156693 -2.597918
v -0.006307 0.093737 -2.686345
v -0.006659 0.411319 -2.511573
v -0.006314 0.264689 -2.641279
v -0.011141 -0.200656 -2.518038
v -0.011427 0.340467 -2.553008
v -0.011324 -0.097717 -2.600462
v -0.011287 0.172767 -2.634997
v -0.011314 0.019838 -2.640714
v -0.006310 -0.047889 -2.662522
v -0.012959 -0.124215 -2.065902
v -0.014035 -0.136804 -2.491708
v -0.012958 0.414823 -2.432267
v -0.013925 -0.011984 -2.292036
v -0.014155 0.247721 -2.517991
v -0.013747 0.071414 -2.301309
v -0.011694 -0.241125 -2.423200
v -0.013931 -0.091422 -2.262521
v -0.014274 -0.176895 -2.356417
v -0.014669 -0.066784 -2.405271
v -0.014451 0.146207 -2.421448
v -0.014611 0.024303 -2.427693
v -0.015763 0.324613 -2.356350
v -0.008600 0.446839 -2.304924
v -0.006929 -0.252948 -2.321507
v -0.014872 0.348261 -2.191447
v -0.014266 0.200915 -2.266632
v -0.011425 -0.188017 -2.214922
v -0.015528 -0.000671 -2.146862
v -0.015276 0.062886 -2.157122
v -0.015598 -0.058731 -2.118046
v -0.006388 -0.163343 -2.104812
v -0.009414 0.309704 -2.075448
v -0.015958 0.234369 -2.123267
v -0.013603 0.026898 -2.201328
v -0.013313 0.116322 -2.190719
v -0.013708 -0.034576 -2.181192
v -0.013261 -0.110167 -2.137849
v -0.191182 -0.082394 1.707999
v -0.192774 -0.099855 1.717722
v -0.179473 -0.071313 1.720713
v -0.182959 -0.087655 1.730023
v -0.199190 -0.080137 1.687081
v -0.187571 -0.067735 1.698705
v -0.201596 -0.096122 1.695881
v -0.173988 -0.058315 1.710495
v -0.200417 -0.113901 1.704772
v -0.169450 -0.067405 1.730457
v -0.190361 -0.113083 1.725597
v -0.172971 -0.080647 1.738147
v -0.182857 -0.102646 1.735772
v -0.205388 -0.091511 1.678238
v -0.192949 -0.070068 1.680047
v -0.182918 -0.060167 1.689646
v -0.206818 -0.105199 1.685458
v -0.181755 -0.061703 1.677309
v -0.171130 -0.095678 1.743872
v -0.161931 -0.072804 1.738957
v -0.231309 -0.240522 0.754357
v -0.291245 -0.078569 0.732352
v -0.296416 -0.047370 0.711880
v -0.273224 -0.149726 0.740566
v -0.198242 -0.288972 0.746066
v -0.268514 -0.146914 0.703146
v -0.286467 -0.075550 0.696790
v -0.227374 -0.238342 0.718159
v -0.200048 -0.284959 0.768632
v -0.254277 -0.195310 0.762124
v -0.282082 -0.111135 0.751723
v -0.294113 -0.049161 0.735461
v -0.289593 -0.045244 0.688197
v -0.196702 -0.282326 0.718126
v -0.274968 -0.105916 0.680728
v -0.248188 -0.191039 0.689807
v -0.409596 -0.150553 0.150589
v -0.430233 -0.068234 0.151141
v -0.388826 -0.205013 0.180150
v -0.433855 -0.031977 0.180538
v -0.434433 -0.007995 0.187678
v -0.420575 -0.107990 0.169338
v -0.371787 -0.243288 0.187317
v -0.416971 -0.106475 0.167864
v -0.430547 -0.030375 0.179003
v -0.385837 -0.203944 0.178613
v -0.353160 -0.271092 0.237464
v -0.215702 -0.277777 0.740473
v -0.430448 0.009273 0.237753
v -0.262794 -0.193895 0.729841
v -0.390860 -0.165201 0.226852
v -0.288969 -0.108411 0.719967
v -0.416870 -0.056853 0.226251
v -0.390087 -0.049049 0.373414
v -0.354776 -0.058253 0.518686
v -0.326322 -0.011389 0.639694
v -0.369071 0.030255 0.518497
v -0.404045 0.038023 0.373615
v -0.240945 -0.311142 0.655986
v -0.279230 -0.337601 0.525651
v -0.311530 -0.323862 0.380391
v -0.356021 -0.272252 0.239566
v -0.314433 -0.325384 0.384348
v -0.281614 -0.339148 0.529629
v -0.330616 -0.013297 0.645571
v -0.371915 0.027914 0.522434
v -0.407407 0.035720 0.377534
v -0.395723 -0.167323 0.229837
v -0.363336 -0.190568 0.381709
v -0.329936 -0.202107 0.527151
v -0.285842 -0.198411 0.646641
v -0.326210 -0.199258 0.521209
v -0.358811 -0.187765 0.375803
v -0.421970 -0.059668 0.229260
v -0.394859 -0.052767 0.379409
v -0.358750 -0.062033 0.524722
v -0.346605 -0.021345 0.591140
v -0.386102 -0.002139 0.451483
v -0.417487 -0.004745 0.305208
v -0.328100 -0.133526 0.593571
v -0.365556 -0.122197 0.453517
v -0.397916 -0.113064 0.304591
v -0.323753 -0.130327 0.587388
v -0.361384 -0.118774 0.446947
v -0.392885 -0.109976 0.300080
v -0.282921 -0.274412 0.591800
v -0.317091 -0.272977 0.450614
v -0.350894 -0.249102 0.304149
v -0.286894 -0.276651 0.597653
v -0.320896 -0.275372 0.456850
v -0.355404 -0.251263 0.308471
v -0.342145 -0.017991 0.585239
v -0.381810 0.001451 0.445207
v -0.412492 -0.001506 0.300862
v -0.254866 -0.351920 0.597506
v -0.288005 -0.355927 0.456022
v -0.324810 -0.323942 0.309549
v -0.351846 0.025373 0.587367
v -0.390952 0.047860 0.447667
v -0.420667 0.040366 0.304471
v -0.173199 -0.289354 0.556645
v -0.133209 0.290612 0.529820
v -0.263151 -0.093081 0.537648
v -0.181737 0.257345 0.307174
v -0.219220 -0.168292 0.300945
v -0.253913 0.019482 0.302478
v -0.226506 0.147053 0.304763
v -0.100764 -0.315793 0.305382
v -0.040210 0.372051 0.296199
v -0.076209 0.320728 0.515581
v -0.017293 0.490341 0.422119
v -0.026352 0.433943 0.283605
v -0.100696 0.314606 0.415492
v -0.032897 0.389001 0.392872
v -0.022266 0.466492 0.360963
v -0.008706 0.525864 0.339156
v -0.055119 0.343570 0.406156
v -0.161107 0.278772 0.420545
v -0.244584 -0.127339 0.421390
v -0.138366 -0.310253 0.433717
v -0.054909 -0.336345 0.414198
v -0.253093 0.069995 0.420104
v -0.261898 -0.040868 0.420517
v -0.199650 -0.231975 0.426120
v -0.214572 0.195490 0.420524
v -0.064716 -0.350933 0.590496
v -0.052775 -0.360445 0.678556
v -0.051843 -0.346209 0.504769
v -0.031158 -0.349401 0.507291
v -0.031564 -0.362055 0.662799
v -0.077775 -0.353146 0.658331
v -0.076259 -0.340546 0.504146
v -0.125355 -0.430686 0.400287
v -0.127552 -0.429598 0.400153
v -0.129220 -0.444444 0.414770
v -0.123688 -0.415840 0.385670
v -0.116451 -0.411192 0.410774
v -0.049082 -0.361508 0.652564
v -0.118690 -0.410029 0.410705
v -0.125778 -0.442894 0.451986
v -0.066560 -0.365056 0.517231
v -0.095082 -0.390725 0.471781
v -0.123100 -0.444195 0.452347
v -0.102883 -0.427027 0.549825
v -0.070889 -0.363779 0.516638
v -0.097901 -0.389336 0.471455
v -0.075195 -0.385976 0.621012
v -0.106194 -0.425548 0.549175
v -0.090835 -0.413666 0.606808
v -0.117848 -0.445739 0.513760
v -0.088837 -0.391492 0.542621
v -0.114121 -0.419210 0.471960
v -0.081892 -0.371220 0.479295
v -0.106541 -0.394600 0.430640
v -0.083890 -0.393394 0.543482
v -0.110268 -0.421128 0.472439
v -0.070367 -0.387237 0.621930
v -0.048537 -0.351061 0.535602
v -0.055761 -0.349616 0.534784
v -0.056823 -0.360155 0.651394
v -0.054359 -0.362822 0.587264
v -0.056905 -0.352269 0.509477
v -0.061969 -0.361235 0.586092
v -0.059423 -0.371788 0.663879
v -0.311807 -0.083512 0.640895
v -0.244779 -0.312402 0.661954
v -0.291743 -0.200733 0.655539
v -0.317956 -0.086591 0.650008
v -0.297592 -0.051762 0.696888
v -0.212122 -0.276764 0.725985
v -0.301663 -0.053276 0.711120
v -0.257231 -0.192057 0.708282
v -0.312389 -0.029968 0.681417
v -0.217025 -0.304092 0.708484
v -0.301365 -0.061474 0.676877
v -0.249994 -0.249405 0.707736
v -0.243532 -0.247779 0.694392
v -0.283423 -0.143093 0.682663
v -0.290367 -0.145417 0.696790
v -0.308314 -0.063911 0.690349
v -0.023806 -0.274074 -0.409090
v 0.000000 -0.290835 -0.237614
v 0.008021 -0.314832 -0.526571
v 0.023806 -0.274074 -0.409090
v 0.000000 -0.275256 -0.472780
v 0.004383 -0.136886 -1.706621
v 0.015663 -0.273311 -0.577492
v -0.000000 -0.138417 -1.749342
v 0.024296 -0.144153 -1.471395
v 0.032849 -0.211294 -0.979302
v -0.004383 -0.136886 -1.706621
v -0.015663 -0.273311 -0.577492
v -0.024296 -0.144153 -1.471395
v -0.032849 -0.211294 -0.979302
v 0.000000 -0.282841 -0.491881
v 0.012127 -0.274315 -0.498453
v -0.005099 -0.129645 -1.738878
v -0.017352 -0.182574 -1.243149
v -0.011034 -0.134075 -1.621878
v -0.023545 -0.246676 -0.742214
v 0.005099 -0.129645 -1.738878
v 0.017352 -0.182574 -1.243149
v 0.011034 -0.134075 -1.621878
v 0.023545 -0.246676 -0.742214
v -0.012127 -0.274315 -0.498453
v 0.067845 0.169127 -1.932013
v 0.207414 -0.006827 1.470679
v 0.242148 0.147426 0.803396
v 0.205619 0.208069 0.306141
v 0.165857 0.221487 -0.200424
v 0.143818 0.208538 -0.679978
v 0.124909 0.172967 -1.239077
v 0.179238 -0.042313 1.618902
v 0.167268 -0.239484 1.602944
v 0.219891 -0.157233 1.612649
v 0.212525 -0.100760 1.615601
v 0.113708 -0.106929 -1.240758
v 0.170211 0.020752 -1.239211
v 0.161726 0.094107 -1.239177
v 0.132034 -0.158656 -0.713303
v 0.190853 0.005675 -0.692928
v 0.182061 0.102405 -0.685932
v 0.153785 -0.193086 -0.239113
v 0.212958 -0.008674 -0.216437
v 0.204153 0.100033 -0.208105
v 0.192273 -0.224288 0.301574
v 0.252837 -0.031339 0.301809
v 0.244033 0.081202 0.303483
v 0.226825 -0.246881 0.850791
v 0.290743 -0.070331 0.814139
v 0.281163 0.031935 0.802108
v 0.195159 -0.247516 1.442487
v 0.251651 -0.142949 1.456363
v 0.243353 -0.078927 1.463945
v 0.058991 -0.072573 -1.943278
v 0.075989 0.031621 -1.977293
v 0.073418 0.099456 -1.970981
v 0.119350 0.092728 -1.790082
v 0.125971 0.031863 -1.791238
v 0.086426 -0.067339 -1.782830
v 0.095745 0.152430 -1.778280
v 0.277023 -0.028562 1.203950
v 0.285607 -0.109244 1.198766
v 0.227564 -0.250664 1.190327
v 0.238940 0.060931 1.210469
v 0.060337 -0.349075 0.884606
v 0.058260 -0.328555 1.178360
v 0.043620 -0.313108 1.428012
v 0.006778 -0.263502 -2.411545
v 0.027521 -0.066214 1.804482
v 0.007662 0.452043 -2.418971
v 0.014503 0.340125 -2.472876
v 0.063914 0.162475 1.211525
v 0.014014 0.022130 -2.550578
v 0.012972 -0.124543 -1.931160
v 0.066935 0.300729 0.698167
v 0.025221 -0.142893 1.885744
v 0.025309 -0.183615 1.868054
v 0.018431 0.503500 -0.696785
v 0.025247 -0.124327 1.880530
v 0.025338 -0.101093 1.859867
v 0.018336 0.469462 -1.251131
v 0.017102 0.244484 -1.909189
v 0.033851 -0.292500 1.594148
v 0.002311 -0.234374 -1.802778
v 0.016835 -0.117575 -1.785719
v 0.050257 0.073539 1.468368
v 0.008939 -0.306184 -1.320818
v 0.004824 -0.248104 -1.696424
v 0.054430 -0.326628 0.304720
v 0.069165 0.230141 0.992906
v 0.029636 -0.249122 1.740414
v 0.034504 -0.015756 1.703946
v 0.165952 -0.083781 1.743214
v 0.158247 -0.185484 1.740097
v 0.136885 -0.212583 1.739637
v 0.190326 -0.070561 1.671583
v 0.119313 -0.090909 1.796871
v 0.116799 -0.195372 1.798247
v 0.128066 -0.121760 1.806092
v 0.027143 -0.218292 1.807962
v 0.031567 -0.034429 1.743448
v 0.040164 0.020388 1.617346
v 0.032359 -0.279097 1.657767
v 0.164379 -0.052361 1.709578
v 0.204661 -0.163286 1.659089
v 0.157850 -0.231715 1.656503
v 0.187892 -0.123321 1.725006
v 0.204071 -0.093285 1.669765
v 0.147939 -0.222569 1.697648
v 0.187216 -0.167830 1.700714
v 0.206225 -0.114396 1.680873
v 0.031062 -0.265159 1.699416
v 0.036699 0.000354 1.665737
v 0.142845 -0.038912 1.706744
v 0.194190 -0.152961 1.700737
v 0.135420 -0.053820 1.741648
v 0.174135 -0.145405 1.738627
v 0.141172 -0.081061 1.761868
v 0.156179 -0.117117 1.761218
v 0.204724 -0.100961 1.643214
v 0.176926 -0.055029 1.646753
v 0.153204 -0.035177 1.670870
v 0.209718 -0.140529 1.663361
v 0.149813 -0.044151 1.707680
v 0.196470 -0.141805 1.697727
v 0.145034 -0.058660 1.736037
v 0.181394 -0.137953 1.727710
v 0.152330 -0.085923 1.751933
v 0.165895 -0.116306 1.748680
v 0.202309 -0.098052 1.655238
v 0.184162 -0.068551 1.657561
v 0.163377 -0.048185 1.677420
v 0.205387 -0.126430 1.670219
v 0.203721 -0.123770 1.672657
v 0.164905 -0.051016 1.679400
v 0.184264 -0.070021 1.660929
v 0.200978 -0.097399 1.658762
v 0.167110 -0.114489 1.745622
v 0.154506 -0.086210 1.748694
v 0.181500 -0.134608 1.726052
v 0.147660 -0.060767 1.733904
v 0.195485 -0.138151 1.698187
v 0.152147 -0.047213 1.707542
v 0.208115 -0.131730 1.667253
v 0.160667 -0.043917 1.674686
v 0.182365 -0.064456 1.653171
v 0.204124 -0.099192 1.650384
v 0.163251 -0.116996 1.753335
v 0.148859 -0.084006 1.755882
v 0.179697 -0.141274 1.731882
v 0.142158 -0.056402 1.738580
v 0.196773 -0.146500 1.698658
v 0.147938 -0.041542 1.707456
v 0.068109 0.272682 0.828944
v 0.063341 -0.330803 1.001984
v 0.284813 0.014175 0.961877
v 0.293637 -0.080986 0.968292
v 0.234135 -0.244939 0.990030
v 0.245897 0.118097 0.967020
v 0.164072 -0.309704 0.999102
v 0.177892 0.226571 0.814523
v 0.110868 -0.017367 1.667501
v 0.094516 -0.250289 1.698282
v 0.098550 -0.262534 1.657061
v 0.120070 -0.003202 1.620623
v 0.096929 -0.046057 1.743835
v 0.082216 -0.210861 1.799921
v 0.104269 -0.029622 1.705543
v 0.090071 -0.236260 1.739427
v 0.180816 0.187390 0.980227
v 0.133890 -0.300919 0.304131
v 0.089642 -0.261464 -0.247775
v 0.074745 -0.219066 -0.721279
v 0.143713 0.042577 1.471940
v 0.050703 -0.100807 -1.780388
v 0.062710 -0.155342 -1.241532
v 0.102873 -0.273982 1.597864
v 0.050928 0.211769 -1.907169
v 0.069034 0.195514 -1.623344
v 0.079297 0.228683 -1.239022
v 0.077300 -0.101529 1.841253
v 0.096283 0.278555 -0.678061
v 0.077442 -0.125519 1.861100
v 0.138970 0.301839 0.097324
v 0.077111 -0.183435 1.849331
v 0.077509 -0.145633 1.865366
v 0.174274 0.249601 0.694647
v 0.038089 -0.108168 -1.930538
v 0.027664 -0.083315 -2.067158
v 0.172307 0.122521 1.214222
v 0.033747 0.193048 -2.050208
v 0.026183 0.029288 -2.131112
v 0.084908 -0.072960 1.795513
v 0.026596 0.106601 -2.119678
v 0.125668 -0.293168 1.434974
v 0.156096 -0.308875 1.185561
v 0.155542 -0.321865 0.871299
v 0.027205 -0.023114 -2.110693
v 0.130088 -0.151261 1.806203
v 0.276474 -0.155567 0.978965
v 0.175329 -0.191165 1.698633
v 0.190819 -0.195112 1.656813
v 0.013929 0.161599 -2.545077
v 0.268860 -0.172138 1.195125
v 0.112790 -0.018209 -1.787324
v 0.070677 -0.019071 -1.964601
v 0.235367 -0.189927 1.449960
v 0.273360 -0.149808 0.829191
v 0.235591 -0.119131 0.300953
v 0.195785 -0.094780 -0.225185
v 0.173704 -0.072105 -0.700745
v 0.153658 -0.039950 -1.239341
v 0.204900 -0.197106 1.607841
v 0.166434 -0.161397 1.742676
v 0.125914 -0.180769 1.805414
v 0.077729 -0.170747 1.861693
v 0.149198 -0.182179 1.765279
v 0.024881 -0.168530 1.883361
v 0.128396 -0.166333 1.807540
v 0.077279 -0.156793 1.865221
v 0.024635 -0.153943 1.886192
v 0.024292 -0.157327 1.884944
v 0.076443 -0.160183 1.864204
v 0.125684 -0.169881 1.808623
v 0.024956 -0.164872 1.883313
v 0.145884 -0.181925 1.768795
v 0.077937 -0.167171 1.861435
v 0.125333 -0.176978 1.806710
v 0.134325 -0.181689 1.767231
v 0.116063 -0.175598 1.795525
v 0.069942 -0.161461 1.842599
v 0.022597 -0.163583 1.861213
v 0.071917 -0.165876 1.840018
v 0.021735 -0.158612 1.862478
v 0.115789 -0.171012 1.797434
v 0.017449 -0.158664 1.828776
v 0.101134 -0.171057 1.779107
v 0.117544 -0.181679 1.760462
v 0.101433 -0.175542 1.777198
v 0.059398 -0.161513 1.810800
v 0.018319 -0.163531 1.827526
v 0.061392 -0.165823 1.808227
v 0.429908 0.018959 0.237289
v 0.166993 0.267010 0.532019
v 0.146509 -0.333398 0.747464
v 0.057855 -0.363237 0.762086
v 0.006073 0.432988 -1.891962
v 0.275691 0.042720 0.701762
v 0.348574 -0.287083 0.239241
v 0.423272 -0.015737 0.230451
v 0.236449 0.163917 0.696584
v 0.131810 -0.020394 -1.630344
v 0.063999 0.194386 -1.769349
v 0.054132 -0.109225 -1.628530
v 0.007795 -0.388201 -0.583713
v 0.021537 0.228401 -1.774412
v 0.108164 0.150542 -1.627258
v 0.097983 -0.072325 -1.629329
v 0.146758 0.029803 -1.632090
v 0.139149 0.089190 -1.631976
v 0.013829 0.437036 -1.706639
v 0.011934 0.448267 0.535490
v 0.057448 0.307794 -0.678381
v 0.071906 0.328666 -0.197570
v 0.048602 0.358177 0.096076
v 0.051320 0.314892 0.636585
v 0.037939 0.222509 -1.618174
v 0.017609 0.234248 -1.726202
v 0.086957 0.331052 0.097501
v 0.052946 0.350757 0.299724
v 0.037483 0.339354 -0.681006
v 0.028408 0.339150 0.618058
v 0.026827 0.263241 -1.626294
v 0.012409 0.265183 -1.742773
v 0.032758 0.293256 -1.241313
v 0.006676 0.561784 0.080850
v 0.004688 0.578402 -0.702511
v 0.004970 0.548275 -1.253875
v 0.005153 0.503340 -1.717303
v 0.009467 0.508945 0.416016
v 0.017108 0.506898 -0.217914
v 0.021064 0.479438 0.272455
v 0.032051 0.398464 0.291363
v 0.028244 0.413134 -0.206878
v 0.016542 0.379136 0.595864
v 0.020696 0.336288 -1.668752
v 0.008863 0.336454 -1.827384
v 0.027526 0.361600 -1.245783
v 0.029117 0.401009 -0.687137
v 0.030422 0.409575 0.091886
v 0.019118 0.496381 0.084937
v 0.005317 0.576210 -0.224409
v 0.102181 0.306870 0.522746
v 0.042358 0.357525 -0.200101
v 0.217164 -0.106973 0.084611
v 0.117949 0.299400 -0.197603
v 0.114392 -0.285457 0.078587
v 0.042887 -0.309640 0.079203
v 0.225535 0.094491 0.090674
v 0.234340 -0.018601 0.087168
v 0.175264 -0.211404 0.080914
v 0.187234 0.221260 0.095089
v 0.005013 -0.422831 -1.393277
v 0.007129 -0.475075 -0.880987
v -0.017415 -0.271714 -0.483970
v 0.003523 -0.351509 -1.767544
v 0.014074 -0.365425 -0.817329
v 0.017486 -0.255431 -0.748153
v 0.005428 -0.142577 -1.624226
v 0.011230 -0.191670 -1.247134
v 0.002511 -0.137205 -1.741845
v 0.045977 0.256019 -1.239292
v 0.006305 0.178058 -2.674382
v 0.006309 0.017991 -2.680507
v 0.006359 0.345590 -2.585768
v 0.006294 -0.206133 -2.543285
v 0.006310 -0.104709 -2.636479
v 0.014044 -0.084311 -2.519417
v 0.013715 -0.194374 -2.454712
v 0.013535 -0.143252 -2.237235
v 0.013956 -0.048631 -2.280412
v 0.013637 0.129538 -2.291616
v 0.013872 0.025910 -2.299995
v 0.015716 0.280916 -2.226805
v 0.008989 0.383718 -2.177924
v 0.006541 -0.210134 -2.205281
v 0.007348 -0.139883 -2.054526
v 0.010697 0.271840 -2.024755
v 0.018256 0.210992 -2.075292
v 0.015439 0.027419 -2.155879
v 0.015161 0.110134 -2.144260
v 0.015604 -0.027977 -2.135431
v 0.015188 -0.093977 -2.091678
v 0.188166 -0.100697 1.727890
v 0.176815 -0.075887 1.730531
v 0.204529 -0.093099 1.686671
v 0.191512 -0.068650 1.688938
v 0.183173 -0.068525 1.709658
v 0.197409 -0.098467 1.706575
v 0.199394 -0.125997 1.701997
v 0.174848 -0.055355 1.686356
v 0.176396 -0.107224 1.740666
v 0.160475 -0.063424 1.731380
v 0.226608 -0.245018 0.770220
v 0.289806 -0.076068 0.747178
v 0.293637 -0.038175 0.711728
v 0.271819 -0.150423 0.755763
v 0.189146 -0.297792 0.746801
v 0.265062 -0.145681 0.684216
v 0.283115 -0.070725 0.679594
v 0.221380 -0.241202 0.699553
v 0.422157 -0.106732 0.148015
v 0.434434 -0.035938 0.161602
v 0.392277 -0.197486 0.160623
v 0.374575 -0.226940 0.234629
v 0.370228 -0.225165 0.231693
v 0.406550 -0.107504 0.225004
v 0.411615 -0.110035 0.227975
v 0.428083 -0.018395 0.233395
v 0.325904 -0.042833 0.648030
v 0.367042 -0.008332 0.523811
v 0.403183 0.000062 0.378710
v 0.307875 -0.139994 0.652312
v 0.347516 -0.127569 0.525734
v 0.382359 -0.117240 0.380304
v 0.301864 -0.137224 0.643281
v 0.343681 -0.124170 0.519733
v 0.377721 -0.113895 0.374343
v 0.261843 -0.262019 0.651085
v 0.301076 -0.277318 0.523202
v 0.333188 -0.264558 0.377864
v 0.267410 -0.263958 0.659610
v 0.304559 -0.279698 0.528896
v 0.337425 -0.266899 0.383526
v 0.319850 -0.039927 0.639419
v 0.363073 -0.004767 0.518080
v 0.398459 0.003569 0.373012
v 0.234851 -0.329151 0.660289
v 0.272203 -0.359702 0.528219
v 0.304825 -0.345605 0.382981
v 0.330416 -0.002369 0.642262
v 0.372352 0.041325 0.520303
v 0.407351 0.048913 0.375484
v 0.096895 0.322973 0.304976
v 0.032991 0.379997 0.490654
v 0.022943 0.453834 0.445552
v 0.007930 0.541165 0.259794
v 0.055967 0.336827 0.508848
v 0.154638 0.290411 0.307418
v 0.253301 -0.135479 0.539139
v 0.142735 -0.319339 0.561688
v 0.119401 -0.427965 0.431090
v 0.262033 0.058516 0.535253
v 0.270774 -0.050706 0.536887
v 0.206859 -0.239403 0.548525
v 0.223317 0.182687 0.533103
v 0.024054 -0.357228 0.586389
v 0.084801 -0.345239 0.581277
v 0.055012 -0.360019 0.688028
v 0.053722 -0.342818 0.477304
v 0.128241 -0.431028 0.389379
v 0.116389 -0.404531 0.402674
v 0.122777 -0.426274 0.430798
v 0.125789 -0.449708 0.459214
v 0.073542 -0.390767 0.641071
v 0.106048 -0.433086 0.564103
v 0.073901 -0.374640 0.568683
v 0.102622 -0.407173 0.510223
v 0.067964 -0.360257 0.497334
v 0.094983 -0.383232 0.457015
v 0.067605 -0.376384 0.569722
v 0.098408 -0.409145 0.510894
v 0.047407 -0.356547 0.594269
v 0.051999 -0.348371 0.513296
v 0.057695 -0.354623 0.592902
v 0.053103 -0.362799 0.673876
v 0.301578 -0.044999 0.703344
v 0.205864 -0.290342 0.735605
v 0.291153 -0.073249 0.695575
v 0.238381 -0.241365 0.737056
v 0.233162 -0.239816 0.716358
v 0.273230 -0.146226 0.702301
v 0.278927 -0.148402 0.724066
v 0.296903 -0.075539 0.716327
v -0.067845 0.169127 -1.932013
v -0.207414 -0.006827 1.470679
v -0.242148 0.147426 0.803396
v -0.205619 0.208069 0.306141
v -0.165857 0.221487 -0.200424
v -0.143818 0.208538 -0.679978
v -0.124909 0.172967 -1.239077
v -0.179238 -0.042313 1.618902
v -0.167268 -0.239484 1.602944
v -0.219891 -0.157233 1.612649
v -0.212525 -0.100760 1.615601
v -0.113708 -0.106929 -1.240758
v -0.170211 0.020752 -1.239211
v -0.161726 0.094106 -1.239177
v -0.132034 -0.158656 -0.713303
v -0.190853 0.005674 -0.692928
v -0.182061 0.102405 -0.685932
v -0.153785 -0.193086 -0.239113
v -0.212958 -0.008674 -0.216437
v -0.204153 0.100033 -0.208105
v -0.192272 -0.224288 0.301574
v -0.252837 -0.031339 0.301809
v -0.244032 0.081202 0.303483
v -0.226825 -0.246881 0.850790
v -0.290743 -0.070332 0.814139
v -0.281163 0.031935 0.802108
v -0.195159 -0.247516 1.442487
v -0.251651 -0.142949 1.456362
v -0.243353 -0.078927 1.463945
v -0.058991 -0.072573 -1.943278
v -0.075989 0.031621 -1.977293
v -0.073419 0.099456 -1.970981
v -0.119350 0.092728 -1.790082
v -0.125972 0.031863 -1.791238
v -0.086426 -0.067339 -1.782830
v -0.095745 0.152430 -1.778280
v -0.277023 -0.028562 1.203950
v -0.285607 -0.109244 1.198766
v -0.227564 -0.250664 1.190327
v -0.238940 0.060931 1.210469
v -0.060337 -0.349075 0.884606
v -0.058260 -0.328555 1.178360
v -0.043620 -0.313108 1.428012
v -0.006778 -0.263502 -2.411545
v -0.027520 -0.066214 1.804481
v -0.007662 0.452043 -2.418971
v -0.014504 0.340125 -2.472877
v -0.063914 0.162475 1.211525
v -0.014014 0.022130 -2.550578
v -0.012972 -0.124543 -1.931160
v -0.066935 0.300729 0.698167
v -0.025221 -0.142893 1.885744
v -0.025308 -0.183615 1.868054
v -0.018431 0.503500 -0.696785
v -0.025247 -0.124327 1.880531
v -0.025338 -0.101093 1.859867
v -0.018336 0.469462 -1.251131
v -0.017102 0.244484 -1.909189
v -0.033850 -0.292500 1.594148
v -0.002311 -0.234374 -1.802778
v -0.016835 -0.117575 -1.785719
v -0.050257 0.073539 1.468368
v -0.008939 -0.306184 -1.320818
v -0.004824 -0.248104 -1.696424
v -0.054430 -0.326628 0.304720
v -0.069165 0.230141 0.992906
v -0.029636 -0.249122 1.740414
v -0.034504 -0.015756 1.703946
v -0.165952 -0.083781 1.743214
v -0.158247 -0.185484 1.740098
v -0.136885 -0.212583 1.739637
v -0.190326 -0.070561 1.671583
v -0.119312 -0.090909 1.796871
v -0.116799 -0.195372 1.798247
v -0.128066 -0.121760 1.806092
v -0.027143 -0.218292 1.807962
v -0.031567 -0.034429 1.743448
v -0.040164 0.020388 1.617346
v -0.032359 -0.279097 1.657768
v -0.164379 -0.052361 1.709578
v -0.204661 -0.163286 1.659089
v -0.157849 -0.231715 1.656503
v -0.187892 -0.123321 1.725006
v -0.204071 -0.093285 1.669765
v -0.147939 -0.222569 1.697648
v -0.187216 -0.167830 1.700714
v -0.206225 -0.114396 1.680873
v -0.031062 -0.265159 1.699416
v -0.036699 0.000354 1.665737
v -0.142845 -0.038912 1.706744
v -0.194190 -0.152961 1.700737
v -0.135419 -0.053821 1.741648
v -0.174135 -0.145405 1.738627
v -0.141171 -0.081061 1.761868
v -0.156179 -0.117117 1.761218
v -0.204724 -0.100961 1.643214
v -0.176926 -0.055029 1.646753
v -0.153204 -0.035177 1.670870
v -0.209718 -0.140529 1.663361
v -0.149813 -0.044151 1.707680
v -0.196470 -0.141805 1.697727
v -0.145034 -0.058660 1.736037
v -0.181394 -0.137953 1.727711
v -0.152330 -0.085923 1.751933
v -0.165895 -0.116306 1.748681
v -0.202309 -0.098052 1.655238
v -0.184162 -0.068551 1.657561
v -0.163377 -0.048186 1.677420
v -0.205387 -0.126430 1.670219
v -0.203721 -0.123770 1.672657
v -0.164905 -0.051016 1.679400
v -0.184264 -0.070021 1.660929
v -0.200978 -0.097399 1.658762
v -0.167110 -0.114489 1.745622
v -0.154506 -0.086210 1.748694
v -0.181500 -0.134608 1.726052
v -0.147660 -0.060767 1.733904
v -0.195485 -0.138151 1.698187
v -0.152147 -0.047213 1.707542
v -0.208115 -0.131730 1.667253
v -0.160667 -0.043917 1.674686
v -0.182365 -0.064456 1.653171
v -0.204124 -0.099192 1.650384
v -0.163251 -0.116996 1.753335
v -0.148859 -0.084006 1.755882
v -0.179697 -0.141274 1.731882
v -0.142158 -0.056402 1.738580
v -0.196773 -0.146500 1.698658
v -0.147937 -0.041542 1.707456
v -0.068109 0.272682 0.828944
v -0.063341 -0.330803 1.001984
v -0.284813 0.014175 0.961877
v -0.293637 -0.080986 0.968292
v -0.234134 -0.244939 0.990030
v -0.245897 0.118097 0.967020
v -0.164072 -0.309704 0.999102
v -0.177892 0.226571 0.814523
v -0.110868 -0.017367 1.667501
v -0.094516 -0.250289 1.698282
v -0.098550 -0.262534 1.657061
v -0.120070 -0.003202 1.620623
v -0.096929 -0.046057 1.743835
v -0.082216 -0.210861 1.799921
v -0.104269 -0.029622 1.705543
v -0.090071 -0.236260 1.739427
v -0.180816 0.187390 0.980227
v -0.133890 -0.300919 0.304131
v -0.089642 -0.261464 -0.247775
v -0.074745 -0.219066 -0.721279
v -0.143713 0.042577 1.471940
v -0.050703 -0.100807 -1.780388
v -0.062711 -0.155342 -1.241532
v -0.102873 -0.273982 1.597864
v -0.050928 0.211769 -1.907169
v -0.069035 0.195514 -1.623343
v -0.079298 0.228683 -1.239022
v -0.077300 -0.101529 1.841253
v -0.096284 0.278555 -0.678061
v -0.077442 -0.125519 1.861100
v -0.138970 0.301839 0.097324
v -0.077111 -0.183435 1.849331
v -0.077509 -0.145633 1.865366
v -0.174274 0.249601 0.694647
v -0.038089 -0.108168 -1.930538
v -0.027665 -0.083315 -2.067158
v -0.172307 0.122521 1.214222
v -0.033747 0.193048 -2.050207
v -0.026184 0.029288 -2.131112
v -0.084908 -0.072960 1.795513
v -0.026596 0.106601 -2.119678
v -0.125667 -0.293168 1.434974
v -0.156096 -0.308875 1.185560
v -0.155542 -0.321865 0.871299
v -0.027205 -0.023114 -2.110693
v -0.130088 -0.151261 1.806203
v -0.276474 -0.155567 0.978965
v -0.175329 -0.191165 1.698633
v -0.190819 -0.195112 1.656813
v -0.013930 0.161599 -2.545077
v -0.268859 -0.172139 1.195125
v -0.112790 -0.018209 -1.787324
v -0.070677 -0.019071 -1.964601
v -0.235367 -0.189927 1.449960
v -0.273360 -0.149809 0.829191
v -0.235591 -0.119131 0.300953
v -0.195785 -0.094780 -0.225185
v -0.173704 -0.072105 -0.700745
v -0.153658 -0.039950 -1.239341
v -0.204900 -0.197106 1.607841
v -0.166434 -0.161397 1.742676
v -0.125914 -0.180769 1.805414
v -0.077729 -0.170747 1.861693
v -0.149198 -0.182179 1.765279
v -0.024881 -0.168530 1.883361
v -0.128396 -0.166333 1.807540
v -0.077279 -0.156793 1.865221
v -0.024634 -0.153943 1.886192
v -0.024292 -0.157327 1.884944
v -0.076443 -0.160183 1.864204
v -0.125683 -0.169881 1.808623
v -0.024955 -0.164872 1.883313
v -0.145884 -0.181925 1.768796
v -0.077937 -0.167171 1.861435
v -0.125333 -0.176978 1.806710
v -0.134325 -0.181689 1.767232
v -0.116063 -0.175598 1.795525
v -0.069942 -0.161461 1.842599
v -0.022597 -0.163583 1.861213
v -0.071916 -0.165876 1.840018
v -0.021735 -0.158612 1.862479
v -0.115788 -0.171012 1.797434
v -0.017448 -0.158664 1.828776
v -0.101134 -0.171057 1.779107
v -0.117544 -0.181679 1.760462
v -0.101433 -0.175542 1.777198
v -0.059398 -0.161513 1.810800
v -0.018319 -0.163531 1.827526
v -0.061392 -0.165823 1.808227
v -0.429908 0.018959 0.237289
v -0.166993 0.267010 0.532019
v -0.146509 -0.333398 0.747464
v -0.057855 -0.363237 0.762086
v -0.006073 0.432988 -1.891962
v -0.275691 0.042720 0.701762
v -0.348574 -0.287083 0.239241
v -0.423272 -0.015737 0.230451
v -0.236449 0.163917 0.696584
v -0.131810 -0.020394 -1.630344
v -0.063999 0.194386 -1.769349
v -0.054132 -0.109225 -1.628530
v -0.021537 0.228401 -1.774412
v -0.108164 0.150542 -1.627258
v -0.097983 -0.072325 -1.629329
v -0.146758 0.029803 -1.632090
v -0.139149 0.089190 -1.631976
v -0.013829 0.437036 -1.706639
v -0.011934 0.448267 0.535490
v -0.057448 0.307794 -0.678381
v -0.071906 0.328666 -0.197570
v -0.048602 0.358177 0.096076
v -0.051320 0.314892 0.636585
v -0.037939 0.222509 -1.618174
v -0.017609 0.234248 -1.726202
v -0.086957 0.331052 0.097501
v -0.052946 0.350757 0.299724
v -0.037483 0.339354 -0.681006
v -0.028408 0.339150 0.618058
v -0.026827 0.263241 -1.626294
v -0.012409 0.265183 -1.742773
v -0.032758 0.293256 -1.241313
v -0.006676 0.561784 0.080850
v -0.004688 0.578402 -0.702511
v -0.004970 0.548275 -1.253875
v -0.005153 0.503340 -1.717303
v -0.009467 0.508945 0.416016
v -0.017108 0.506898 -0.217914
v -0.021064 0.479438 0.272455
v -0.032051 0.398464 0.291363
v -0.028244 0.413134 -0.206878
v -0.016542 0.379136 0.595864
v -0.020697 0.336288 -1.668752
v -0.008863 0.336454 -1.827384
v -0.027526 0.361600 -1.245783
v -0.029117 0.401009 -0.687137
v -0.030422 0.409575 0.091886
v -0.019118 0.496381 0.084937
v -0.005317 0.576210 -0.224409
v -0.102181 0.306870 0.522746
v -0.042358 0.357525 -0.200101
v -0.217164 -0.106973 0.084611
v -0.117949 0.299400 -0.197603
v -0.114392 -0.285457 0.078587
v -0.042887 -0.309640 0.079203
v -0.225535 0.094491 0.090674
v -0.234340 -0.018601 0.087168
v -0.175264 -0.211404 0.080914
v -0.187234 0.221260 0.095089
v -0.005014 -0.422831 -1.393277
v -0.007129 -0.475075 -0.880987
v -0.003523 -0.351509 -1.767544
v -0.014074 -0.365425 -0.817329
v -0.017486 -0.255431 -0.748153
v -0.028748 -0.286069 -0.239426
v -0.005429 -0.142577 -1.624226
v -0.011230 -0.191670 -1.247134
v -0.002511 -0.137205 -1.741845
v -0.045977 0.256019 -1.239292
v -0.006305 0.178058 -2.674382
v -0.006309 0.017991 -2.680507
v -0.006359 0.345590 -2.585768
v -0.006295 -0.206133 -2.543285
v -0.006310 -0.104709 -2.636479
v -0.014044 -0.084311 -2.519417
v -0.013715 -0.194374 -2.454712
v -0.013535 -0.143252 -2.237235
v -0.013957 -0.048631 -2.280412
v -0.013637 0.129538 -2.291616
v -0.013872 0.025910 -2.299995
v -0.015716 0.280916 -2.226805
v -0.008989 0.383718 -2.177924
v -0.006541 -0.210134 -2.205281
v -0.007348 -0.139883 -2.054526
v -0.010698 0.271840 -2.024755
v -0.018256 0.210992 -2.075292
v -0.015439 0.027419 -2.155879
v -0.015161 0.110134 -2.144260
v -0.015604 -0.027977 -2.135431
v -0.015189 -0.093977 -2.091678
v -0.188166 -0.100697 1.727890
v -0.176815 -0.075887 1.730531
v -0.204529 -0.093099 1.686671
v -0.191512 -0.068650 1.688938
v -0.183172 -0.068525 1.709658
v -0.197409 -0.098467 1.706575
v -0.199394 -0.125997 1.701997
v -0.174848 -0.055355 1.686356
v -0.176396 -0.107224 1.740666
v -0.160475 -0.063424 1.731380
v -0.226608 -0.245018 0.770220
v -0.289806 -0.076068 0.747178
v -0.293637 -0.038175 0.711728
v -0.271819 -0.150423 0.755763
v -0.189146 -0.297792 0.746801
v -0.265062 -0.145681 0.684216
v -0.283115 -0.070725 0.679594
v -0.221380 -0.241202 0.699553
v -0.422157 -0.106732 0.148015
v -0.434434 -0.035938 0.161602
v -0.392277 -0.197486 0.160623
v -0.374575 -0.226940 0.234629
v -0.370228 -0.225165 0.231693
v -0.406550 -0.107504 0.225004
v -0.411615 -0.110036 0.227975
v -0.428083 -0.018395 0.233395
v -0.325903 -0.042833 0.648030
v -0.367042 -0.008332 0.523811
v -0.403183 0.000062 0.378710
v -0.307875 -0.139995 0.652312
v -0.347516 -0.127569 0.525734
v -0.382359 -0.117240 0.380304
v -0.301864 -0.137224 0.643281
v -0.343680 -0.124170 0.519733
v -0.377721 -0.113895 0.374343
v -0.261843 -0.262019 0.651085
v -0.301076 -0.277319 0.523202
v -0.333188 -0.264558 0.377864
v -0.267410 -0.263959 0.659610
v -0.304559 -0.279698 0.528896
v -0.337425 -0.266899 0.383526
v -0.319850 -0.039927 0.639419
v -0.363073 -0.004767 0.518080
v -0.398459 0.003569 0.373012
v -0.234851 -0.329151 0.660289
v -0.272203 -0.359702 0.528219
v -0.304825 -0.345605 0.382981
v -0.330416 -0.002369 0.642263
v -0.372352 0.041325 0.520303
v -0.407351 0.048913 0.375484
v -0.096895 0.322973 0.304976
v -0.032991 0.379997 0.490654
v -0.022943 0.453834 0.445551
v -0.007930 0.541165 0.259794
v -0.055967 0.336827 0.508848
v -0.154638 0.290411 0.307418
v -0.253301 -0.135479 0.539139
v -0.142735 -0.319339 0.561688
v -0.119400 -0.427965 0.431090
v -0.262033 0.058516 0.535253
v -0.270774 -0.050706 0.536887
v -0.206859 -0.239403 0.548525
v -0.223317 0.182687 0.533103
v -0.024054 -0.357228 0.586389
v -0.084801 -0.345239 0.581277
v -0.055012 -0.360019 0.688028
v -0.053722 -0.342818 0.477304
v -0.128241 -0.431028 0.389379
v -0.116388 -0.404531 0.402674
v -0.122777 -0.426274 0.430798
v -0.125789 -0.449708 0.459214
v -0.073542 -0.390767 0.641071
v -0.106048 -0.433086 0.564103
v -0.073901 -0.374640 0.568683
v -0.102622 -0.407173 0.510223
v -0.067964 -0.360257 0.497334
v -0.094983 -0.383232 0.457015
v -0.067605 -0.376384 0.569722
v -0.098408 -0.409145 0.510894
v -0.047407 -0.356547 0.594270
v -0.051999 -0.348371 0.513296
v -0.057695 -0.354623 0.592902
v -0.053103 -0.362799 0.673876
v -0.301578 -0.044999 0.703344
v -0.205864 -0.290342 0.735605
v -0.291153 -0.073249 0.695575
v -0.238381 -0.241365 0.737056
v -0.233162 -0.239816 0.716358
v -0.273230 -0.146227 0.702301
v -0.278927 -0.148402 0.724066
v -0.296903 -0.075539 0.716327
v 0.028748 -0.286069 -0.239426
v -0.007795 -0.388201 -0.583713
v 0.017415 -0.271714 -0.483970
v 0.009173 -0.281216 -0.504376
v -0.010035 -0.125066 -1.741206
v -0.028490 -0.175574 -1.242156
v -0.021754 -0.127477 -1.624088
v -0.034740 -0.240039 -0.735770
v 0.010035 -0.125066 -1.741206
v 0.028490 -0.175574 -1.242156
v 0.021754 -0.127477 -1.624088
v 0.034740 -0.240039 -0.735770
v -0.009173 -0.281216 -0.504376
vn 0.3912 -0.7823 0.4848
vn 0.8557 -0.4959 -0.1478
vn 0.3816 0.7433 0.5495
vn 0.9047 0.3961 -0.1572
vn 0.5802 -0.8072 0.1088
vn 0.7653 -0.6025 0.2263
vn 0.7717 -0.6279 -0.1015
vn 0.7155 -0.6932 -0.0868
vn 0.7031 -0.7039 -0.1006
vn 0.6495 -0.7539 -0.0986
vn 0.7527 0.6542 -0.0732
vn 0.7953 0.6017 -0.0734
vn 0.8320 0.5517 -0.0587
vn 0.8452 0.5330 -0.0385
vn 0.7908 0.6078 0.0715
vn 0.6342 0.7201 0.2816
vn 0.5616 0.7655 0.3141
vn 0.4857 -0.8599 0.1572
vn 0.6101 0.4636 0.6425
vn 0.7270 0.1001 0.6793
vn 0.2098 0.9778 0.0010
vn 0.9381 -0.2249 -0.2635
vn 0.9476 0.0407 -0.3169
vn 0.9431 0.1760 -0.2822
vn 0.8562 -0.5076 0.0968
vn 0.9858 0.0849 0.1447
vn 0.8968 0.3932 0.2027
vn 0.9009 -0.3761 0.2166
vn 0.9701 0.0465 0.2384
vn 0.9497 0.3130 -0.0114
vn 0.9256 -0.3658 -0.0966
vn 0.9941 0.0710 -0.0818
vn 0.9544 0.2913 -0.0651
vn 0.9155 -0.3967 -0.0665
vn 0.9958 0.0792 -0.0456
vn 0.9460 0.3207 -0.0478
vn 0.8862 -0.4581 -0.0689
vn 0.9951 0.0915 -0.0378
vn 0.9241 0.3790 -0.0485
vn 0.8448 -0.5291 -0.0791
vn 0.9919 0.1111 -0.0619
vn 0.8917 0.4483 -0.0624
vn 0.7687 -0.6225 0.1466
vn 0.9726 0.0872 0.2154
vn 0.8581 0.4433 0.2591
vn 0.7435 -0.6653 -0.0669
vn 0.8433 0.5350 -0.0519
vn 0.9022 -0.3922 -0.1794
vn 0.9650 0.0775 -0.2504
vn 0.9365 0.2990 -0.1834
vn 0.6461 -0.7632 0.0126
vn 0.7032 0.6834 0.1961
vn 0.8992 -0.4375 0.0061
vn 0.9952 0.0862 0.0465
vn 0.9254 0.3649 0.1022
vn -0.0000 0.9547 0.2974
vn -0.0000 0.9787 0.2053
vn -0.0000 -0.9970 -0.0780
vn -0.0000 -0.9935 0.1142
vn -0.0000 0.9381 0.3465
vn -0.0000 0.9427 0.3336
vn -0.0000 -0.9992 0.0404
vn -0.0000 -0.9918 0.1280
vn -0.0000 -0.8561 0.5168
vn -0.0000 0.9942 0.1075
vn -0.0000 0.9703 0.2421
vn 0.9958 0.0917 -0.0074
vn -0.0000 0.6580 0.7530
vn -0.0000 0.8377 0.5461
vn 0.9939 0.1100 0.0017
vn -0.0000 0.2650 0.9642
vn -0.0000 0.9970 0.0778
vn -0.0000 -0.9917 0.1284
vn -0.0000 -0.9980 0.0633
vn -0.0000 -0.9999 0.0140
vn 0.7609 0.5216 0.3860
vn 0.4393 -0.8360 0.3289
vn 0.7204 -0.5934 0.3592
vn 0.8958 0.1203 0.4278
vn -0.0000 0.9024 0.4309
vn -0.0000 -0.9293 0.3692
vn 0.3079 0.5386 0.7843
vn 0.1461 0.9881 -0.0474
vn 0.6341 -0.2583 0.7288
vn 0.8143 0.2995 0.4972
vn -0.0000 -0.9079 0.4193
vn 0.4148 -0.8178 0.3990
vn -0.0000 0.8847 0.4662
vn 0.4512 -0.8674 0.2098
vn -0.0000 0.9200 0.3919
vn 0.5535 0.7972 -0.2411
vn 0.7263 -0.6432 0.2424
vn 0.9749 -0.0172 -0.2218
vn 0.8448 0.4934 0.2070
vn -0.0000 -0.9769 0.2137
vn 0.7601 0.5962 0.2584
vn 0.7092 -0.6249 0.3265
vn 0.8932 0.1903 0.4075
vn -0.0000 -0.9465 0.3226
vn 0.4450 -0.8441 0.2991
vn -0.0000 0.9194 0.3932
vn 0.2947 0.9162 0.2715
vn 0.2019 0.8861 0.4173
vn 0.8925 -0.3301 0.3073
vn 0.8109 -0.3317 0.4820
vn 0.3733 0.7359 0.5648
vn 0.8380 -0.0118 0.5455
vn 0.7627 0.3440 0.5477
vn 0.8342 0.4756 0.2791
vn 0.9736 0.0440 0.2240
vn 0.5369 0.8013 0.2641
vn 0.4066 0.9115 0.0618
vn 0.3045 0.8256 0.4750
vn 0.9389 -0.3222 0.1212
vn 0.8073 -0.3822 0.4497
vn 0.7690 0.4619 0.4420
vn 0.8680 0.1585 0.4706
vn 0.4494 0.1009 0.8876
vn 0.7839 0.4991 -0.3692
vn 0.8983 0.2889 0.3311
vn 0.7782 0.5897 0.2159
vn 0.7968 0.5303 0.2896
vn 0.7883 0.4826 0.3816
vn 0.8829 0.2200 0.4149
vn 0.8879 0.2153 0.4066
vn 0.7893 0.4538 0.4136
vn 0.8799 0.2241 0.4190
vn 0.8330 0.3264 0.4466
vn 0.8973 0.2771 0.3435
vn 0.8319 0.4917 0.2571
vn 0.7900 0.5586 0.2527
vn 0.5841 0.7836 0.2114
vn 0.4450 0.7818 0.4368
vn 0.8394 -0.2449 0.4853
vn 0.9366 -0.0945 0.3373
vn 0.5871 0.5467 0.5970
vn 0.7763 -0.0230 0.6300
vn 0.6910 0.2686 0.6711
vn 0.9719 0.1950 0.1316
vn 0.8525 0.5216 0.0356
vn 0.7567 0.6201 0.2069
vn 0.6937 -0.7202 -0.0035
vn 0.7569 0.6422 0.1209
vn 0.9041 -0.4259 -0.0355
vn 0.9967 0.0808 -0.0124
vn 0.9422 0.3341 0.0263
vn -0.0000 -0.9881 0.1539
vn -0.0000 0.9676 0.2524
vn 0.4222 0.8902 0.1714
vn 0.3174 -0.9449 0.0807
vn 0.3047 0.8965 0.3216
vn 0.4913 -0.8636 -0.1130
vn 0.1933 -0.8418 0.5040
vn 0.8722 0.4798 -0.0953
vn 0.1977 0.8178 0.5404
vn 0.0722 0.9952 0.0663
vn 0.8993 0.2310 -0.3714
vn 0.3536 0.8950 0.2721
vn 0.3192 -0.9430 -0.0941
vn 0.4238 -0.9022 -0.0799
vn 0.5051 -0.8554 -0.1149
vn 0.2719 0.9025 0.3341
vn 0.4773 -0.8787 0.0120
vn 0.2382 -0.9606 0.1434
vn 0.6478 0.7603 0.0471
vn 0.6398 0.7644 -0.0795
vn 0.6188 0.7806 -0.0873
vn 0.2738 0.6202 0.7351
vn 0.5576 0.8281 -0.0572
vn 0.3478 0.2120 0.9133
vn 0.4797 0.8774 0.0103
vn 0.8379 -0.5348 -0.1092
vn 0.8992 -0.2469 -0.3612
vn 0.9200 0.0467 -0.3892
vn 0.2099 -0.9743 0.0821
vn 0.2013 -0.9794 0.0165
vn 0.2105 -0.9128 0.3499
vn 0.1589 0.8913 0.4246
vn 0.1883 -0.8945 0.4054
vn 0.1632 0.8668 0.4713
vn 0.2295 0.9030 0.3631
vn 0.2423 -0.9470 0.2107
vn 0.2286 -0.9239 0.3068
vn 0.1906 0.9096 0.3691
vn 0.3915 0.8940 0.2179
vn 0.2532 -0.9615 0.1072
vn -0.0231 -0.9964 0.0818
vn -0.0588 -0.9526 0.2984
vn 0.7455 0.0019 0.6665
vn -0.0000 -0.9970 0.0776
vn 0.9448 -0.1264 -0.3022
vn 0.9501 -0.2970 0.0956
vn 0.9571 -0.2155 0.1939
vn 0.9775 -0.1882 -0.0948
vn 0.9789 -0.1971 -0.0535
vn 0.9710 -0.2344 -0.0468
vn 0.9577 -0.2795 -0.0680
vn 0.9179 -0.3617 0.1631
vn 0.9459 -0.2224 -0.2363
vn 0.9711 -0.2383 0.0089
vn 0.8139 -0.3970 0.4242
vn 0.8894 -0.3724 0.2653
vn 0.8383 -0.4319 0.3328
vn 0.9743 -0.2232 -0.0293
vn 0.9138 -0.1367 -0.3824
vn 0.7034 -0.6007 0.3800
vn 0.5361 -0.6225 0.5702
vn 0.2528 -0.6773 0.6909
vn 0.8813 -0.1659 0.4425
vn -0.0000 -0.7048 0.7094
vn -0.0534 -0.9905 0.1269
vn 0.3679 0.0188 0.9297
vn -0.0000 0.0731 0.9973
vn 0.7456 0.0775 0.6618
vn 0.8429 0.1544 0.5155
vn 0.3640 0.1084 0.9251
vn 0.7321 -0.4236 0.5335
vn -0.0000 0.1171 0.9931
vn 0.6617 -0.3382 0.6691
vn 0.3168 -0.3347 0.8875
vn -0.0000 -0.2984 0.9544
vn 0.1577 0.9842 -0.0806
vn -0.0000 1.0000 0.0001
vn 0.1098 0.9849 -0.1341
vn 0.0452 0.9989 -0.0090
vn -0.0569 -0.9983 0.0146
vn -0.2032 -0.9267 0.3161
vn -0.0000 -1.0000 0.0038
vn -0.1464 -0.9861 0.0787
vn 0.1707 0.9787 -0.1139
vn -0.0000 1.0000 -0.0015
vn 0.1458 0.9697 -0.1959
vn 0.0498 0.9987 -0.0119
vn -0.0638 -0.9979 0.0148
vn -0.2472 -0.8915 0.3796
vn -0.0000 -1.0000 0.0022
vn -0.1599 -0.9814 0.1061
vn 0.1680 -0.6450 -0.7455
vn 0.8146 0.5800 0.0102
vn 0.9038 -0.4167 -0.0970
vn 0.4126 0.4122 -0.8123
vn 0.9523 0.3017 -0.0451
vn -0.0000 0.9797 0.2005
vn -0.0000 -0.9990 -0.0442
vn 0.4258 -0.9045 -0.0220
vn 0.5190 0.8358 0.1788
vn 0.5321 -0.2063 -0.8211
vn 0.7695 0.6371 -0.0432
vn 0.8548 -0.5090 -0.1013
vn 0.9858 0.1063 -0.1297
vn 0.9022 0.4217 -0.0906
vn 0.6513 -0.7560 -0.0646
vn 0.9546 0.2977 -0.0113
vn -0.0000 -0.9863 -0.1649
vn 0.4776 -0.8762 -0.0644
vn 0.9590 0.2323 -0.1625
vn 0.9528 -0.2753 -0.1278
vn -0.0000 0.5165 0.8563
vn 0.8341 0.5088 0.2129
vn 0.9895 -0.0569 -0.1331
vn 0.9280 0.3725 0.0042
vn 0.4572 0.8839 0.0981
vn 0.9971 0.0734 -0.0202
vn 0.6456 0.7627 -0.0392
vn -0.0000 0.9936 -0.1127
vn 0.8902 0.4526 -0.0521
vn 0.9471 0.3180 -0.0440
vn 0.7669 0.6405 -0.0395
vn 0.5553 0.8315 0.0117
vn -0.0000 -0.7694 -0.6387
vn -0.0000 0.6852 0.7284
vn 0.9947 0.1022 -0.0130
vn -0.0000 -0.4135 -0.9105
vn 0.9867 0.1613 -0.0179
vn -0.0000 0.9952 -0.0983
vn 0.9812 0.1928 -0.0106
vn -0.0000 0.9985 -0.0540
vn 0.9826 0.1859 0.0002
vn -0.0000 1.0000 0.0055
vn 0.9746 0.2236 0.0152
vn -0.0000 0.9935 0.1136
vn -0.0000 0.8876 0.4606
vn -0.0000 0.8446 -0.5353
vn 0.9340 0.3296 0.1381
vn 0.9887 0.1431 -0.0454
vn -0.0000 -0.4760 -0.8795
vn 0.9972 0.0716 -0.0192
vn 0.9968 -0.0055 -0.0799
vn 0.9517 0.2521 0.1753
vn -0.0000 0.6576 0.7533
vn 0.9910 0.1341 0.0008
vn 0.7336 -0.6724 -0.0989
vn 0.8446 0.5316 -0.0644
vn 0.9255 -0.3697 -0.0820
vn 0.9948 0.0729 -0.0705
vn 0.9524 0.2973 -0.0671
vn -0.0000 -0.9971 -0.0767
vn 0.3385 -0.9364 -0.0925
vn 0.5029 0.8635 -0.0393
vn 0.9791 -0.1881 -0.0767
vn 0.9810 0.1937 -0.0100
vn 0.6357 0.7715 -0.0254
vn -0.0000 0.9990 0.0458
vn 0.9804 0.1972 0.0026
vn 0.9922 0.1247 -0.0036
vn 0.9951 -0.0967 0.0205
vn -0.0000 -0.9346 0.3557
vn 0.9981 -0.0610 -0.0132
vn -0.0000 -0.9945 -0.1049
vn -0.0000 -0.9790 -0.2037
vn -0.0000 -0.4081 -0.9129
vn 0.9996 -0.0268 -0.0122
vn 0.9992 0.0037 -0.0403
vn 0.9996 0.0065 -0.0277
vn 0.9975 -0.0604 0.0377
vn 0.9998 -0.0131 -0.0144
vn 0.9995 -0.0287 -0.0153
vn -0.0000 0.5255 -0.8508
vn 0.9800 -0.1803 -0.0838
vn -0.0000 -0.9203 -0.3912
vn 0.9935 -0.0755 -0.0856
vn -0.0000 -0.6645 -0.7473
vn 0.9968 0.0027 -0.0794
vn -0.0000 0.0316 -0.9995
vn -0.0000 0.4578 -0.8891
vn -0.0000 -0.3358 -0.9419
vn -0.0000 0.8450 -0.5347
vn 0.9893 0.1176 -0.0862
vn 0.9958 0.0414 -0.0821
vn 0.9964 -0.0285 -0.0800
vn 0.9964 0.0831 0.0140
vn 1.0000 0.0006 -0.0000
vn -0.0000 0.9709 0.2394
vn -0.0000 -0.9721 0.2344
vn 1.0000 -0.0062 -0.0029
vn 1.0000 0.0013 0.0006
vn 0.9925 -0.1194 0.0281
vn 1.0000 -0.0032 0.0007
vn 0.9940 0.1000 0.0444
vn -0.0000 0.8067 0.5910
vn 0.9997 -0.0077 -0.0222
vn 0.9893 -0.1392 0.0445
vn 0.9998 -0.0044 -0.0181
vn -0.0000 -0.9065 0.4223
vn 0.9999 0.0048 -0.0164
vn 0.9998 -0.0143 -0.0154
vn 0.8468 0.3911 0.3606
vn 0.8436 0.3567 0.4014
vn 0.8967 -0.0498 0.4399
vn 0.5555 0.6991 0.4502
vn 0.6599 0.2214 0.7180
vn 0.8624 0.5005 -0.0760
vn 0.6136 0.7658 0.1924
vn 0.9541 -0.0144 0.2992
vn 0.4490 0.5342 0.7163
vn 0.7446 -0.1036 0.6594
vn 0.9948 0.0999 -0.0179
vn 0.6308 0.7648 -0.1306
vn 0.7166 -0.6973 0.0163
vn 0.9018 -0.4318 -0.0158
vn 0.9751 -0.2215 -0.0117
vn 0.9945 0.1046 0.0055
vn 0.9920 0.0688 -0.1058
vn 0.7395 -0.6666 -0.0939
vn 0.4452 -0.3326 -0.8314
vn 0.9702 -0.2184 -0.1048
vn -0.9399 0.2773 -0.1992
vn 0.9501 -0.3006 0.0837
vn 0.9784 -0.1807 0.1005
vn -0.9536 0.2017 -0.2233
vn 0.9103 -0.4117 0.0419
vn 0.9966 -0.0152 0.0812
vn -0.9214 0.2932 -0.2550
vn -0.9391 0.2823 -0.1959
vn -0.9672 0.1745 -0.1848
vn -0.9620 0.1592 -0.2217
vn -0.9415 0.1514 -0.3009
vn -0.9327 0.2808 -0.2261
vn -0.9465 0.2398 -0.2160
vn -0.9435 0.2559 -0.2104
vn -0.9045 0.2825 -0.3194
vn -0.9364 0.3012 -0.1803
vn -0.9408 0.2953 -0.1666
vn 0.9081 -0.4039 0.1108
vn 0.9047 -0.3917 0.1675
vn 0.8557 -0.4036 0.3239
vn 0.9465 -0.0237 0.3218
vn 0.9708 -0.0436 0.2359
vn 0.9857 -0.0279 0.1660
vn 0.9452 -0.2852 0.1587
vn 0.9428 -0.2695 0.1964
vn 0.9231 -0.2617 0.2819
vn -0.9184 0.2544 -0.3030
vn -0.9447 0.2657 -0.1921
vn -0.9463 0.2795 -0.1624
vn 0.9679 -0.1735 0.1819
vn 0.9609 -0.1593 0.2266
vn 0.9481 -0.1529 0.2787
vn 0.7699 -0.6334 -0.0775
vn 0.5006 0.8637 0.0578
vn 0.9765 -0.1967 -0.0884
vn 0.8340 0.5518 0.0026
vn 0.9165 -0.3904 -0.0875
vn 0.9951 0.0694 -0.0703
vn 0.9547 0.2943 -0.0433
vn -0.0000 -0.9947 -0.1030
vn 0.3337 -0.9358 -0.1137
vn 0.8938 0.4476 0.0270
vn 0.5342 0.8441 0.0467
vn -0.0000 0.9797 0.2003
vn 0.9635 0.2649 0.0384
vn 0.9898 0.1418 0.0093
vn 0.0145 -0.9929 -0.1180
vn 0.3300 -0.9398 -0.0891
vn -0.0865 -0.9961 -0.0177
vn 0.3362 -0.9397 -0.0628
vn -0.9259 -0.3071 -0.2199
vn -0.8701 -0.4695 -0.1499
vn 0.9229 0.3804 0.0585
vn 0.9806 0.1770 0.0839
vn -0.8113 -0.5559 -0.1812
vn -0.9054 -0.3839 -0.1813
vn -0.8646 -0.4928 -0.0982
vn -0.8197 -0.5693 -0.0629
vn 0.7725 0.6280 0.0938
vn 0.8590 0.4989 0.1150
vn 0.8875 0.4369 0.1464
vn 0.9461 0.2950 0.1340
vn -0.7597 -0.6502 -0.0018
vn -0.7097 -0.6899 -0.1431
vn 0.7199 0.6939 0.0177
vn 0.8738 0.4703 0.1234
vn -0.9040 0.1695 -0.3924
vn 0.7263 -0.4885 0.4836
vn 0.8786 -0.2941 0.3762
vn 0.9261 -0.1749 0.3342
vn -0.9032 0.3867 -0.1863
vn -0.8552 0.2353 -0.4618
vn 0.8589 0.1567 0.4875
vn -0.8576 0.2713 -0.4369
vn -0.3912 -0.7823 0.4848
vn -0.8557 -0.4959 -0.1478
vn -0.3816 0.7433 0.5495
vn -0.9047 0.3961 -0.1572
vn -0.5802 -0.8072 0.1088
vn -0.7653 -0.6025 0.2263
vn -0.7717 -0.6279 -0.1015
vn -0.7155 -0.6932 -0.0868
vn -0.7031 -0.7039 -0.1006
vn -0.6495 -0.7539 -0.0986
vn -0.7527 0.6542 -0.0732
vn -0.7953 0.6017 -0.0734
vn -0.8320 0.5517 -0.0587
vn -0.8452 0.5330 -0.0385
vn -0.7908 0.6078 0.0715
vn -0.6342 0.7201 0.2816
vn -0.5616 0.7655 0.3141
vn -0.4857 -0.8599 0.1572
vn -0.6101 0.4636 0.6425
vn -0.7270 0.1001 0.6793
vn -0.2098 0.9778 0.0010
vn -0.9381 -0.2249 -0.2635
vn -0.9476 0.0407 -0.3169
vn -0.9431 0.1760 -0.2822
vn -0.8562 -0.5076 0.0968
vn -0.9858 0.0849 0.1447
vn -0.8968 0.3932 0.2027
vn -0.9009 -0.3761 0.2166
vn -0.9701 0.0465 0.2384
vn -0.9497 0.3130 -0.0114
vn -0.9256 -0.3659 -0.0966
vn -0.9941 0.0710 -0.0818
vn -0.9544 0.2913 -0.0651
vn -0.9155 -0.3967 -0.0665
vn -0.9958 0.0792 -0.0456
vn -0.9460 0.3207 -0.0478
vn -0.8862 -0.4581 -0.0689
vn -0.9951 0.0915 -0.0378
vn -0.9241 0.3790 -0.0485
vn -0.8448 -0.5291 -0.0791
vn -0.9919 0.1111 -0.0619
vn -0.8917 0.4483 -0.0624
vn -0.7687 -0.6226 0.1466
vn -0.9726 0.0872 0.2154
vn -0.8581 0.4433 0.2591
vn -0.7435 -0.6653 -0.0669
vn -0.8433 0.5350 -0.0519
vn -0.9022 -0.3922 -0.1794
vn -0.9650 0.0775 -0.2504
vn -0.9365 0.2990 -0.1834
vn -0.6461 -0.7632 0.0126
vn -0.7032 0.6834 0.1961
vn -0.8992 -0.4375 0.0061
vn -0.9952 0.0862 0.0465
vn -0.9254 0.3649 0.1022
vn -0.9958 0.0917 -0.0074
vn -0.9939 0.1100 0.0017
vn -0.7609 0.5216 0.3860
vn -0.4393 -0.8360 0.3289
vn -0.7204 -0.5934 0.3592
vn -0.8958 0.1203 0.4278
vn -0.3079 0.5386 0.7843
vn -0.1461 0.9881 -0.0474
vn -0.6341 -0.2583 0.7288
vn -0.8143 0.2994 0.4973
vn -0.4148 -0.8178 0.3990
vn -0.4512 -0.8674 0.2098
vn -0.5535 0.7972 -0.2411
vn -0.7263 -0.6432 0.2424
vn -0.9749 -0.0172 -0.2218
vn -0.8448 0.4934 0.2070
vn -0.7601 0.5962 0.2584
vn -0.7092 -0.6249 0.3265
vn -0.8932 0.1903 0.4075
vn -0.4450 -0.8441 0.2991
vn -0.2947 0.9162 0.2715
vn -0.2019 0.8861 0.4173
vn -0.8925 -0.3301 0.3073
vn -0.8109 -0.3317 0.4820
vn -0.3733 0.7359 0.5648
vn -0.8380 -0.0118 0.5455
vn -0.7627 0.3440 0.5477
vn -0.8342 0.4756 0.2791
vn -0.9736 0.0440 0.2240
vn -0.5369 0.8013 0.2641
vn -0.4067 0.9115 0.0618
vn -0.3045 0.8256 0.4750
vn -0.9389 -0.3222 0.1212
vn -0.8073 -0.3822 0.4497
vn -0.7690 0.4619 0.4420
vn -0.8680 0.1585 0.4706
vn -0.4494 0.1009 0.8876
vn -0.7839 0.4991 -0.3692
vn -0.8983 0.2889 0.3311
vn -0.7782 0.5897 0.2159
vn -0.7968 0.5303 0.2896
vn -0.7883 0.4826 0.3816
vn -0.8829 0.2200 0.4149
vn -0.8879 0.2153 0.4066
vn -0.7893 0.4538 0.4136
vn -0.8799 0.2242 0.4190
vn -0.8330 0.3264 0.4466
vn -0.8973 0.2771 0.3435
vn -0.8319 0.4917 0.2571
vn -0.7900 0.5586 0.2527
vn -0.5841 0.7836 0.2114
vn -0.4450 0.7818 0.4368
vn -0.8394 -0.2448 0.4853
vn -0.9366 -0.0944 0.3373
vn -0.5871 0.5467 0.5970
vn -0.7763 -0.0230 0.6300
vn -0.6910 0.2686 0.6711
vn -0.9719 0.1950 0.1316
vn -0.8525 0.5216 0.0356
vn -0.7567 0.6202 0.2069
vn -0.6937 -0.7202 -0.0035
vn -0.7569 0.6422 0.1209
vn -0.9041 -0.4259 -0.0355
vn -0.9967 0.0808 -0.0124
vn -0.9422 0.3341 0.0263
vn -0.4222 0.8902 0.1714
vn -0.3174 -0.9449 0.0807
vn -0.3047 0.8965 0.3216
vn -0.4913 -0.8636 -0.1130
vn -0.1933 -0.8418 0.5040
vn -0.8722 0.4798 -0.0953
vn -0.1977 0.8178 0.5404
vn -0.0722 0.9952 0.0663
vn -0.8993 0.2310 -0.3714
vn -0.3536 0.8950 0.2721
vn -0.3192 -0.9430 -0.0941
vn -0.4238 -0.9022 -0.0799
vn -0.5051 -0.8554 -0.1149
vn -0.2719 0.9025 0.3341
vn -0.4773 -0.8787 0.0120
vn -0.2382 -0.9606 0.1434
vn -0.6479 0.7603 0.0471
vn -0.6398 0.7644 -0.0795
vn -0.6188 0.7806 -0.0873
vn -0.2739 0.6202 0.7351
vn -0.5576 0.8281 -0.0572
vn -0.3478 0.2120 0.9133
vn -0.4797 0.8774 0.0103
vn -0.8379 -0.5348 -0.1092
vn -0.8992 -0.2469 -0.3612
vn -0.9200 0.0467 -0.3892
vn -0.2099 -0.9743 0.0821
vn -0.2013 -0.9794 0.0165
vn -0.2105 -0.9128 0.3500
vn -0.1589 0.8913 0.4246
vn -0.1883 -0.8945 0.4054
vn -0.1632 0.8668 0.4713
vn -0.2295 0.9030 0.3631
vn -0.2423 -0.9470 0.2107
vn -0.2286 -0.9239 0.3068
vn -0.1906 0.9096 0.3691
vn -0.3915 0.8940 0.2179
vn -0.2532 -0.9615 0.1072
vn 0.0231 -0.9964 0.0818
vn 0.0588 -0.9526 0.2984
vn -0.7455 0.0019 0.6665
vn -0.9448 -0.1264 -0.3022
vn -0.9501 -0.2970 0.0956
vn -0.9571 -0.2155 0.1939
vn -0.9775 -0.1882 -0.0948
vn -0.9789 -0.1971 -0.0535
vn -0.9710 -0.2344 -0.0468
vn -0.9577 -0.2795 -0.0680
vn -0.9179 -0.3617 0.1631
vn -0.9459 -0.2224 -0.2363
vn -0.9711 -0.2383 0.0089
vn -0.8139 -0.3970 0.4242
vn -0.8894 -0.3724 0.2653
vn -0.8383 -0.4319 0.3328
vn -0.9743 -0.2232 -0.0293
vn -0.9138 -0.1367 -0.3824
vn -0.7034 -0.6007 0.3800
vn -0.5361 -0.6225 0.5702
vn -0.2528 -0.6773 0.6909
vn -0.8813 -0.1659 0.4425
vn 0.0534 -0.9905 0.1269
vn -0.3679 0.0188 0.9297
vn -0.7456 0.0775 0.6618
vn -0.8429 0.1544 0.5155
vn -0.3640 0.1084 0.9251
vn -0.7321 -0.4236 0.5335
vn -0.6617 -0.3382 0.6691
vn -0.3168 -0.3347 0.8875
vn -0.1577 0.9842 -0.0806
vn -0.1098 0.9849 -0.1341
vn -0.0451 0.9989 -0.0090
vn 0.0569 -0.9983 0.0146
vn 0.2032 -0.9267 0.3161
vn 0.1464 -0.9861 0.0787
vn -0.1707 0.9787 -0.1139
vn -0.1458 0.9697 -0.1959
vn -0.0498 0.9987 -0.0119
vn 0.0638 -0.9979 0.0148
vn 0.2472 -0.8915 0.3796
vn 0.1599 -0.9814 0.1061
vn -0.1680 -0.6450 -0.7455
vn -0.8146 0.5800 0.0102
vn -0.9038 -0.4167 -0.0970
vn -0.4126 0.4122 -0.8123
vn -0.9523 0.3017 -0.0451
vn -0.4258 -0.9045 -0.0220
vn -0.5190 0.8358 0.1788
vn -0.5321 -0.2063 -0.8211
vn -0.7695 0.6371 -0.0432
vn -0.8548 -0.5090 -0.1013
vn -0.9858 0.1063 -0.1297
vn -0.9022 0.4217 -0.0906
vn -0.6513 -0.7560 -0.0646
vn -0.9546 0.2977 -0.0113
vn -0.4776 -0.8762 -0.0644
vn -0.9590 0.2323 -0.1625
vn -0.9528 -0.2753 -0.1278
vn -0.8341 0.5088 0.2129
vn -0.9895 -0.0569 -0.1331
vn -0.9280 0.3725 0.0042
vn -0.4572 0.8839 0.0981
vn -0.9971 0.0734 -0.0202
vn -0.6456 0.7627 -0.0392
vn -0.8902 0.4526 -0.0521
vn -0.9471 0.3180 -0.0440
vn -0.7669 0.6405 -0.0395
vn -0.5553 0.8315 0.0117
vn -0.9947 0.1022 -0.0130
vn -0.9867 0.1613 -0.0179
vn -0.9812 0.1928 -0.0106
vn -0.9826 0.1859 0.0002
vn -0.9746 0.2236 0.0152
vn -0.9340 0.3296 0.1381
vn -0.9887 0.1431 -0.0454
vn -0.9972 0.0716 -0.0192
vn -0.9968 -0.0055 -0.0799
vn -0.9517 0.2521 0.1753
vn -0.9910 0.1341 0.0008
vn -0.7336 -0.6724 -0.0989
vn -0.8446 0.5316 -0.0644
vn -0.9255 -0.3697 -0.0820
vn -0.9948 0.0729 -0.0705
vn -0.9524 0.2973 -0.0671
vn -0.3385 -0.9364 -0.0925
vn -0.5029 0.8635 -0.0393
vn -0.9791 -0.1881 -0.0767
vn -0.9810 0.1937 -0.0100
vn -0.6357 0.7715 -0.0254
vn -0.9804 0.1972 0.0026
vn -0.9922 0.1247 -0.0036
vn -0.9951 -0.0967 0.0205
vn -0.9981 -0.0610 -0.0132
vn -0.9996 -0.0268 -0.0122
vn -0.9992 0.0037 -0.0403
vn -0.9996 0.0065 -0.0277
vn -0.9975 -0.0604 0.0377
vn -0.9998 -0.0131 -0.0144
vn -0.9995 -0.0287 -0.0153
vn -0.9800 -0.1803 -0.0838
vn -0.9935 -0.0755 -0.0856
vn -0.9968 0.0027 -0.0794
vn -0.9893 0.1176 -0.0862
vn -0.9958 0.0414 -0.0821
vn -0.9964 -0.0285 -0.0800
vn -0.9964 0.0831 0.0140
vn -1.0000 0.0006 -0.0000
vn -1.0000 -0.0062 -0.0029
vn -1.0000 0.0013 0.0006
vn -0.9925 -0.1194 0.0281
vn -1.0000 -0.0032 0.0007
vn -0.9940 0.1000 0.0444
vn -0.9997 -0.0077 -0.0222
vn -0.9893 -0.1392 0.0445
vn -0.9998 -0.0044 -0.0181
vn -0.9999 0.0048 -0.0164
vn -0.9998 -0.0143 -0.0154
vn -0.8468 0.3911 0.3606
vn -0.8436 0.3567 0.4014
vn -0.8967 -0.0498 0.4399
vn -0.5555 0.6991 0.4502
vn -0.6599 0.2214 0.7180
vn -0.8624 0.5005 -0.0760
vn -0.6136 0.7658 0.1924
vn -0.9541 -0.0144 0.2992
vn -0.4490 0.5341 0.7163
vn -0.7446 -0.1036 0.6594
vn -0.9948 0.0999 -0.0179
vn -0.6308 0.7648 -0.1306
vn -0.7166 -0.6973 0.0163
vn -0.9018 -0.4318 -0.0158
vn -0.9751 -0.2215 -0.0117
vn -0.9945 0.1046 0.0055
vn -0.9920 0.0688 -0.1058
vn -0.7395 -0.6666 -0.0939
vn -0.4452 -0.3326 -0.8314
vn -0.9702 -0.2184 -0.1048
vn 0.9399 0.2773 -0.1992
vn -0.9501 -0.3006 0.0837
vn -0.9784 -0.1807 0.1005
vn 0.9536 0.2017 -0.2233
vn -0.9103 -0.4117 0.0419
vn -0.9966 -0.0152 0.0812
vn 0.9214 0.2932 -0.2550
vn 0.9391 0.2823 -0.1959
vn 0.9672 0.1745 -0.1848
vn 0.9620 0.1592 -0.2217
vn 0.9415 0.1514 -0.3009
vn 0.9327 0.2808 -0.2261
vn 0.9465 0.2398 -0.2160
vn 0.9435 0.2559 -0.2104
vn 0.9045 0.2825 -0.3194
vn 0.9364 0.3012 -0.1803
vn 0.9408 0.2953 -0.1666
vn -0.9081 -0.4039 0.1108
vn -0.9047 -0.3917 0.1675
vn -0.8557 -0.4036 0.3239
vn -0.9465 -0.0237 0.3218
vn -0.9708 -0.0436 0.2359
vn -0.9857 -0.0279 0.1660
vn -0.9452 -0.2852 0.1587
vn -0.9428 -0.2695 0.1964
vn -0.9231 -0.2617 0.2819
vn 0.9184 0.2544 -0.3030
vn 0.9447 0.2657 -0.1921
vn 0.9463 0.2795 -0.1624
vn -0.9679 -0.1735 0.1819
vn -0.9609 -0.1593 0.2266
vn -0.9481 -0.1529 0.2787
vn -0.7699 -0.6334 -0.0775
vn -0.5006 0.8637 0.0578
vn -0.9765 -0.1967 -0.0884
vn -0.8340 0.5518 0.0026
vn -0.9165 -0.3904 -0.0875
vn -0.9951 0.0694 -0.0703
vn -0.9547 0.2943 -0.0433
vn -0.3337 -0.9358 -0.1137
vn -0.8938 0.4476 0.0270
vn -0.5342 0.8441 0.0467
vn -0.9635 0.2649 0.0384
vn -0.9898 0.1418 0.0093
vn -0.0145 -0.9929 -0.1180
vn -0.3300 -0.9398 -0.0891
vn 0.0865 -0.9961 -0.0177
vn -0.3362 -0.9397 -0.0628
vn 0.9259 -0.3071 -0.2199
vn 0.8701 -0.4695 -0.1499
vn -0.9229 0.3804 0.0585
vn -0.9806 0.1770 0.0839
vn 0.8113 -0.5559 -0.1812
vn 0.9054 -0.3839 -0.1813
vn 0.8646 -0.4928 -0.0982
vn 0.8197 -0.5693 -0.0629
vn -0.7725 0.6280 0.0938
vn -0.8590 0.4989 0.1150
vn -0.8875 0.4369 0.1464
vn -0.9461 0.2950 0.1340
vn 0.7598 -0.6502 -0.0018
vn 0.7097 -0.6899 -0.1431
vn -0.7199 0.6939 0.0177
vn -0.8738 0.4703 0.1234
vn 0.9040 0.1695 -0.3924
vn -0.7263 -0.4885 0.4836
vn -0.8786 -0.2941 0.3762
vn -0.9261 -0.1749 0.3342
vn 0.9032 0.3867 -0.1863
vn 0.8552 0.2353 -0.4618
vn -0.8589 0.1567 0.4875
vn 0.8576 0.2713 -0.4369
vn -0.0000 -0.5866 0.8099
vn -0.0000 -0.9979 -0.0643
vn 0.7301 -0.6802 -0.0652
vn 0.7146 -0.6987 -0.0354
vn -0.0000 -0.4150 -0.9098
vn 0.6989 -0.7081 -0.1007
vn 0.7095 -0.6979 -0.0972
vn -0.7301 -0.6802 -0.0652
vn -0.7146 -0.6987 -0.0354
vn -0.6989 -0.7081 -0.1007
vn -0.7095 -0.6979 -0.0972
vn -0.0000 -0.9658 0.2592
vn 0.4956 -0.6790 0.5416
vn 0.8126 -0.5742 -0.0994
vn 0.9329 0.2665 -0.2422
vn 0.3948 0.7483 0.5331
vn 0.5311 -0.8348 0.1449
vn 0.7149 -0.6989 0.0218
vn 0.7762 -0.6249 -0.0841
vn 0.7203 -0.6881 -0.0878
vn 0.7138 -0.6943 -0.0920
vn 0.6771 -0.7282 -0.1060
vn 0.7536 0.6550 -0.0559
vn 0.7701 0.6330 -0.0796
vn 0.8172 0.5728 -0.0644
vn 0.8458 0.5298 -0.0627
vn 0.8038 0.5942 0.0293
vn 0.6690 0.7009 0.2473
vn 0.8124 0.5324 0.2378
vn 0.9069 0.4210 0.0180
vn 0.9236 0.3791 -0.0565
vn 0.9103 0.4105 -0.0531
vn 0.8780 0.4749 -0.0600
vn 0.8377 0.5421 -0.0668
vn 0.5964 0.7436 0.3022
vn 0.4596 -0.8721 0.1680
vn 0.7505 0.5948 0.2880
vn 0.5032 0.6189 0.6031
vn 0.6861 0.2921 0.6663
vn 0.9117 -0.3446 -0.2237
vn 0.9469 -0.0667 -0.3145
vn 0.9444 0.1262 -0.3036
vn 0.7578 -0.6440 0.1050
vn 0.9817 -0.1553 0.1104
vn 0.9436 0.2799 0.1770
vn 0.8401 -0.5425 -0.0015
vn 0.9938 -0.1100 0.0148
vn 0.9708 0.2391 -0.0181
vn 0.8732 -0.4775 -0.0971
vn 0.9916 -0.0916 -0.0909
vn 0.9753 0.2090 -0.0719
vn 0.8424 -0.5334 -0.0769
vn 0.9941 -0.0966 -0.0497
vn 0.9720 0.2307 -0.0447
vn 0.8063 -0.5854 -0.0850
vn 0.9923 -0.1167 -0.0413
vn 0.9612 0.2730 -0.0403
vn 0.7484 -0.6573 -0.0881
vn 0.9879 -0.1411 -0.0651
vn 0.9418 0.3307 -0.0604
vn 0.6432 -0.7505 0.1514
vn 0.9637 -0.1924 0.1850
vn 0.9201 0.3115 0.2375
vn 0.6211 -0.6276 0.4695
vn 0.8272 0.0490 0.5598
vn 0.7279 0.3837 0.5682
vn 0.8633 -0.4993 -0.0734
vn 0.9938 0.1022 -0.0434
vn 0.9061 0.4195 -0.0548
vn 0.9040 -0.4223 -0.0663
vn 0.9957 0.0839 -0.0392
vn 0.9377 0.3444 -0.0455
vn 0.9264 -0.3642 -0.0953
vn 0.9940 0.0717 -0.0828
vn 0.9532 0.2929 -0.0744
vn -0.6172 0.0803 -0.7827
vn 0.9837 0.1687 -0.0624
vn 0.9511 0.3067 -0.0374
vn 0.8845 -0.4634 0.0532
vn 0.9915 0.0863 0.0976
vn 0.9122 0.3777 0.1590
vn 0.8134 -0.5675 0.1276
vn 0.9795 0.0854 0.1825
vn 0.8783 0.4170 0.2337
vn 0.8426 -0.5315 -0.0868
vn 0.9893 0.1121 -0.0930
vn 0.8912 0.4478 -0.0726
vn 0.6832 -0.7278 -0.0596
vn 0.8851 0.4559 -0.0931
vn 0.9332 -0.2893 -0.2131
vn 0.9583 0.0537 -0.2807
vn 0.9527 0.2048 -0.2246
vn 0.9465 0.2321 -0.2243
vn 0.9610 -0.1153 -0.2513
vn 0.8447 -0.5200 -0.1270
vn 0.9181 0.3756 -0.1263
vn 0.6184 -0.7836 0.0600
vn 0.7334 0.6641 0.1453
vn 0.9038 -0.4269 -0.0306
vn 0.9966 0.0828 0.0046
vn 0.9355 0.3498 0.0506
vn 0.9632 0.2578 0.0760
vn 0.9928 -0.1181 0.0195
vn 0.8168 -0.5769 0.0081
vn 0.8565 0.4967 0.1402
vn 0.5983 0.7905 0.1312
vn 0.5131 -0.8569 0.0491
vn 0.4306 0.8479 0.3094
vn 0.5435 -0.8324 -0.1082
vn 0.2848 -0.8165 0.5022
vn 0.8417 0.5127 -0.1692
vn 0.2830 0.7875 0.5475
vn 0.3949 -0.6471 0.6521
vn 0.8800 0.2542 -0.4013
vn 0.2128 0.9333 0.2893
vn 0.1690 -0.9821 -0.0833
vn 0.5169 -0.8532 -0.0698
vn 0.5003 -0.8631 -0.0694
vn 0.1657 0.9249 0.3422
vn 0.3297 -0.9436 0.0302
vn 0.1535 -0.9791 0.1331
vn 0.4847 0.8709 0.0808
vn 0.9309 0.3646 -0.0230
vn 0.1348 0.6487 0.7490
vn 0.1743 0.2492 0.9526
vn 0.9745 0.2228 -0.0269
vn 0.5870 -0.8074 0.0591
vn 0.9770 0.2111 -0.0303
vn 0.9998 -0.0056 -0.0184
vn 0.1240 -0.9899 0.0693
vn 0.1082 -0.9940 0.0153
vn -0.0000 -0.9982 0.0595
vn -0.0000 -0.9996 0.0266
vn -0.0000 -0.9948 0.1021
vn -0.0000 0.9287 0.3708
vn -0.0000 0.8787 0.4773
vn -0.0000 0.9457 0.3250
vn -0.0000 -0.9984 -0.0574
vn -0.0000 -0.9973 0.0737
vn -0.0000 0.0326 0.9995
vn -0.0000 -0.7739 0.6333
vn -0.0000 -0.7235 -0.6903
vn -0.0000 0.5191 0.8547
vn 0.9906 0.1343 -0.0264
vn -0.0000 0.7567 0.6538
vn 0.9961 0.0563 -0.0674
vn -0.0000 0.9995 0.0326
vn -0.0000 0.9888 0.1491
vn -0.0000 -0.8955 0.4450
vn 0.9999 0.0103 -0.0087
vn -0.0000 0.9418 0.3361
vn -0.0000 -0.9972 -0.0750
vn -0.0000 -1.0000 0.0024
vn -0.0000 0.9693 0.2461
vn 0.2287 0.9184 0.3229
vn 0.4281 -0.8283 0.3614
vn 0.7112 -0.6132 0.3438
vn 0.8386 -0.3704 0.3994
vn 0.4408 0.8931 0.0898
vn -0.0000 0.8895 0.4570
vn -0.0000 -0.9396 0.3423
vn 0.1411 -0.9211 0.3627
vn 0.1088 0.8965 0.4294
vn 0.3420 0.8136 0.4702
vn 0.7871 -0.4768 0.3914
vn 0.6100 -0.7179 0.3355
vn 0.6512 -0.2373 0.7208
vn 0.2359 0.8212 0.5197
vn 0.7267 -0.5758 0.3747
vn 0.8196 -0.2002 0.5368
vn 0.8419 -0.2976 0.4502
vn -0.0000 -0.9168 0.3993
vn 0.4061 -0.8018 0.4385
vn -0.0000 0.8756 0.4831
vn 0.6252 0.5320 0.5711
vn 0.5952 -0.6948 0.4037
vn 0.8306 -0.3957 0.3918
vn 0.8186 0.1902 0.5419
vn 0.1225 -0.9020 0.4139
vn 0.1051 0.8787 0.4657
vn 0.4472 -0.8537 0.2670
vn -0.0000 0.9186 0.3953
vn 0.5418 0.7786 0.3165
vn 0.7398 -0.6476 0.1825
vn 0.9637 0.0870 0.2525
vn 0.8402 0.4600 0.2871
vn -0.0000 -0.9875 0.1576
vn 0.1359 0.9130 0.3847
vn 0.1643 -0.9632 0.2126
vn 0.9124 0.3399 0.2279
vn 0.8304 -0.4929 0.2599
vn 0.6006 -0.7680 0.2224
vn 0.7379 0.6148 0.2786
vn 0.3959 0.8859 0.2417
vn 0.7160 -0.6323 0.2958
vn 0.9532 -0.1939 0.2319
vn 0.8036 0.5027 -0.3187
vn -0.0000 -0.9596 0.2813
vn 0.4440 -0.8404 0.3109
vn -0.0000 0.9153 0.4029
vn 0.9538 -0.2427 0.1769
vn 0.5994 -0.7382 0.3095
vn 0.7913 -0.5101 0.3371
vn 0.9839 0.0051 -0.1786
vn 0.1554 -0.9357 0.3167
vn 0.1210 0.9136 0.3881
vn 0.7517 0.5672 0.3366
vn 0.9006 0.1484 0.4085
vn 0.7662 0.4892 0.4167
vn 0.8816 0.1317 0.4533
vn 0.7843 0.4044 0.4705
vn 0.8469 0.2046 0.4908
vn 0.8902 0.3840 0.2452
vn 0.7894 0.5720 0.2228
vn 0.7782 0.5934 0.2056
vn 0.8891 0.2309 0.3953
vn 0.6412 0.7395 0.2049
vn 0.3002 0.8519 0.4291
vn 0.8712 -0.1516 0.4669
vn 0.9240 -0.2081 0.3208
vn 0.4828 0.6285 0.6098
vn 0.7979 0.0004 0.6028
vn 0.7362 0.3112 0.6010
vn 0.9589 0.2217 0.1772
vn 0.8443 0.5027 0.1855
vn 0.6983 0.6828 0.2149
vn 0.3439 0.8979 0.2748
vn 0.8818 -0.3750 0.2860
vn 0.2906 0.7040 0.6481
vn 0.7212 -0.3444 0.6010
vn 0.3621 0.3335 0.8704
vn 0.5449 -0.1112 0.8311
vn 0.9089 0.2411 -0.3403
vn 0.6495 0.6882 -0.3233
vn 0.4797 0.8691 -0.1206
vn 0.9761 -0.2110 -0.0512
vn 0.5667 0.8108 0.1464
vn 0.8812 0.3438 0.3245
vn 0.8662 -0.1968 0.4593
vn 0.8119 0.3550 0.4635
vn 0.8657 0.4032 0.2965
vn 0.7516 -0.0975 0.6524
vn 0.8842 0.3582 0.2999
vn 0.9958 0.0861 -0.0311
vn 0.7920 0.4539 0.4083
vn 0.8035 0.4761 0.3573
vn 0.8572 0.3988 0.3258
vn 0.5018 0.7316 0.4614
vn 0.8462 0.3740 0.3796
vn 0.9622 -0.1551 0.2238
vn 0.5126 0.5312 0.6746
vn 0.8887 0.3351 0.3130
vn 0.6135 0.1887 0.7668
vn 0.8102 0.3428 0.4754
vn 0.8374 0.5217 -0.1633
vn 0.6641 0.7446 -0.0667
vn 0.8931 0.2258 0.3891
vn 0.8035 0.5410 0.2485
vn 0.7872 0.5605 0.2571
vn 0.8814 0.3747 0.2876
vn 0.8668 0.2487 0.4322
vn 0.8002 0.4117 0.4360
vn 0.8802 0.2225 0.4192
vn 0.7891 0.4681 0.3979
vn 0.8864 0.2172 0.4088
vn 0.7877 0.5083 0.3481
vn 0.4481 0.8637 0.2307
vn 0.5747 0.6961 0.4304
vn 0.8207 -0.2878 0.4936
vn 0.9371 0.0011 0.3490
vn 0.6521 0.5109 0.5602
vn 0.8039 -0.0018 0.5947
vn 0.7052 0.2528 0.6624
vn 0.9759 0.1587 0.1499
vn 0.8542 0.5198 0.0138
vn 0.7505 0.6439 0.1487
vn 0.9631 0.0425 0.2659
vn 0.7057 0.6851 0.1807
vn 0.7854 0.5942 0.1735
vn 0.9316 0.3635 0.0008
vn 0.7328 0.1120 0.6711
vn 0.6488 0.4215 0.6336
vn 0.8070 -0.1573 0.5693
vn 0.5122 0.6676 0.5403
vn 0.8913 -0.2166 0.3983
vn 0.4588 0.8336 0.3076
vn 0.6691 -0.7430 -0.0163
vn 0.7753 0.6224 0.1070
vn 0.9032 -0.4287 -0.0216
vn 0.9965 0.0835 -0.0095
vn 0.9468 0.3215 0.0138
vn -0.0000 -0.9812 0.1929
vn -0.0000 0.9645 0.2641
vn 0.2349 0.9416 0.2413
vn 0.1295 -0.9814 0.1414
vn 0.9712 0.2383 0.0053
vn 0.9511 -0.3073 -0.0318
vn 0.8316 -0.5544 -0.0318
vn 0.8895 0.4527 0.0617
vn 0.2499 0.9484 0.1951
vn 0.1625 -0.9811 0.1049
vn 0.1879 0.9253 0.3294
vn 0.1048 -0.8526 0.5120
vn 0.6859 0.7191 0.1120
vn 0.1063 0.8329 0.5431
vn 0.1244 -0.6975 0.7057
vn 0.9850 0.0745 -0.1558
vn 0.5025 0.8293 0.2446
vn 0.5524 -0.8272 -0.1030
vn 0.5315 -0.8421 -0.0909
vn 0.5716 -0.8129 -0.1119
vn 0.3793 0.8658 0.3264
vn 0.5950 -0.8036 -0.0166
vn 0.3287 -0.9320 0.1528
vn 0.7291 0.6843 0.0111
vn 0.6612 0.7460 -0.0789
vn 0.6862 0.7225 -0.0841
vn 0.4348 0.5588 0.7062
vn 0.6965 0.7150 -0.0607
vn 0.5419 0.1609 0.8249
vn 0.6818 0.7315 -0.0119
vn 0.7972 -0.5800 -0.1672
vn 0.8850 -0.2675 -0.3810
vn 0.9020 0.0523 -0.4287
vn 0.3521 -0.9309 0.0977
vn 0.3853 -0.9226 0.0158
vn 0.2827 -0.8983 0.3364
vn 0.1750 0.8915 0.4178
vn 0.2572 -0.8798 0.3997
vn 0.2122 0.8410 0.4977
vn 0.3285 0.8898 0.3166
vn 0.3132 -0.9267 0.2078
vn 0.2993 -0.9060 0.2993
vn 0.2308 0.9159 0.3285
vn 0.5562 0.8111 0.1808
vn 0.4580 -0.8874 0.0529
vn 0.2176 -0.9753 0.0366
vn 0.4069 0.8889 0.2105
vn 0.2088 0.9057 0.3690
vn 0.2208 -0.9200 0.3238
vn 0.2357 -0.9333 0.2710
vn 0.2520 0.9028 0.3484
vn 0.1552 0.8730 0.4623
vn 0.1831 -0.8826 0.4331
vn 0.1733 0.9074 0.3829
vn 0.1986 -0.9026 0.3818
vn 0.3751 0.8973 0.2326
vn 0.3250 -0.9455 -0.0179
vn 0.3234 -0.9411 -0.0985
vn 0.4862 -0.8684 -0.0972
vn 0.2878 0.9001 0.3271
vn 0.4826 -0.8719 -0.0831
vn 0.5035 -0.8550 -0.1245
vn 0.2446 -0.9557 0.1640
vn 0.7248 0.6887 0.0200
vn 0.6276 0.7784 0.0112
vn 0.6318 0.7694 -0.0940
vn 0.2337 0.7332 0.6386
vn 0.5915 0.8030 -0.0725
vn 0.3153 0.4621 0.8289
vn 0.5274 0.8484 -0.0449
vn 0.2253 -0.7549 0.6160
vn 0.3570 -0.0050 0.9341
vn 0.4868 0.8724 0.0444
vn 0.6022 -0.7983 -0.0075
vn 0.9063 -0.3213 -0.2747
vn 0.3274 0.8937 0.3068
vn 0.9082 0.3041 -0.2876
vn 0.9065 -0.1814 -0.3812
vn 0.1758 0.8577 0.4832
vn 0.9085 0.1488 -0.3906
vn 0.2243 -0.9669 0.1215
vn 0.2007 -0.9788 0.0407
vn 0.2937 -0.9450 0.1439
vn 0.8452 -0.1529 0.5122
vn 0.7349 -0.0402 0.6770
vn 0.8472 -0.0344 0.5302
vn 0.5627 0.0053 0.8267
vn 0.1908 0.0534 0.9802
vn 0.9445 -0.1587 -0.2875
vn 0.9175 -0.3863 0.0946
vn 0.9505 -0.3101 -0.0177
vn 0.9610 -0.2595 -0.0961
vn 0.9603 -0.2730 -0.0582
vn 0.9448 -0.3229 -0.0551
vn 0.9220 -0.3803 -0.0721
vn 0.8653 -0.4775 0.1526
vn 0.9340 -0.2853 -0.2151
vn 0.9475 -0.3196 0.0074
vn 0.8126 -0.3635 0.4556
vn 0.9403 -0.2292 0.2517
vn 0.8625 -0.3942 0.3173
vn 0.9938 -0.1079 -0.0250
vn 0.9216 -0.0648 -0.3827
vn 0.9026 -0.1455 -0.4051
vn 0.9732 -0.2285 -0.0239
vn 0.8149 -0.4349 0.3831
vn 0.8689 -0.3997 0.2920
vn 0.9998 0.0012 -0.0175
vn 0.9638 -0.2614 0.0529
vn 0.9489 -0.2581 -0.1813
vn 0.9494 -0.1669 -0.2660
vn 0.9329 -0.3358 0.1303
vn 0.9757 -0.2185 -0.0182
vn 0.9773 -0.1915 -0.0902
vn 0.9797 -0.1902 -0.0627
vn 0.9761 -0.2119 -0.0480
vn 0.9642 -0.2602 -0.0519
vn 0.9042 -0.3677 0.2171
vn 0.8343 -0.3191 0.4495
vn 0.2340 0.9703 -0.0617
vn 0.1243 0.9911 0.0485
vn 0.0465 0.1897 0.9807
vn 0.0453 0.9962 0.0742
vn -0.0646 -0.9805 0.1857
vn -0.0273 -0.9953 0.0924
vn -0.0262 -0.9965 0.0794
vn 0.4766 0.8343 0.2771
vn 0.6823 -0.6225 0.3833
vn 0.2198 0.8759 0.4294
vn 0.9083 -0.0005 0.4184
vn -0.0000 0.8955 0.4451
vn 0.7515 0.1085 0.6508
vn 0.3702 0.1527 0.9163
vn -0.0000 0.2300 0.9732
vn 0.5709 -0.5618 0.5987
vn 0.3656 0.9236 0.1155
vn 0.2850 -0.5780 0.7647
vn 0.2020 -0.8893 0.4102
vn -0.0000 -0.6167 0.7872
vn 0.2276 -0.9059 0.3572
vn 0.1045 -0.9175 0.3838
vn -0.0000 -0.9207 0.3902
vn 0.1615 -0.3145 0.9354
vn 0.4923 -0.3286 0.8060
vn 0.7360 -0.3914 0.5524
vn 0.1914 0.1121 0.9751
vn 0.8451 -0.3124 0.4338
vn 0.5486 0.1022 0.8298
vn 0.8578 0.1038 0.5034
vn 0.1899 0.9693 -0.1562
vn 0.0795 0.9965 -0.0268
vn -0.4257 0.2832 0.8594
vn 0.0332 0.9994 -0.0031
vn -0.1911 -0.9673 0.1670
vn -0.0799 -0.9964 0.0300
vn -0.0472 -0.9989 0.0081
vn 0.1076 0.9891 -0.1007
vn -0.1561 -0.9464 0.2828
vn 0.1615 0.9853 -0.0560
vn -0.1262 -0.9889 0.0779
vn -0.0487 -0.9985 0.0254
vn -0.0000 0.9999 0.0131
vn 0.0478 0.9989 0.0036
vn -0.0000 -0.9999 0.0165
vn 0.2123 0.9542 -0.2108
vn 0.0880 0.9954 -0.0375
vn -0.3996 0.5537 0.7306
vn 0.0386 0.9992 -0.0050
vn -0.2136 -0.9526 0.2168
vn -0.0896 -0.9953 0.0375
vn -0.0559 -0.9984 0.0071
vn -0.0618 -0.9980 0.0140
vn -0.2351 -0.9005 0.3657
vn -0.1543 -0.9835 0.0950
vn 0.1231 0.9786 -0.1646
vn 0.1639 0.9813 -0.1013
vn 0.0478 0.9988 -0.0111
vn 0.6778 -0.7334 -0.0517
vn 0.8247 0.5656 0.0067
vn 0.9098 -0.4053 -0.0890
vn 0.9948 0.0680 -0.0763
vn 0.9537 0.2977 -0.0432
vn -0.0000 0.9876 0.1568
vn 0.0010 -0.9966 -0.0822
vn 0.3653 -0.9275 -0.0795
vn 0.4366 0.8920 0.1176
vn -0.9300 0.2848 -0.2325
vn 0.9502 -0.2953 -0.0999
vn 0.6363 0.7694 0.0559
vn 0.5446 -0.8350 -0.0789
vn 0.1706 -0.9844 -0.0441
vn 0.2722 0.9492 0.1580
vn 0.9721 0.2259 -0.0634
vn 0.9843 -0.1314 -0.1175
vn 0.8460 -0.5248 -0.0939
vn 0.9151 0.4024 -0.0261
vn 0.7990 0.6000 -0.0405
vn 0.8740 -0.4664 -0.1364
vn 0.9771 0.0958 -0.1898
vn 0.9169 0.3766 -0.1322
vn 0.6402 -0.7641 -0.0793
vn -0.0000 -0.9996 -0.0291
vn 0.4533 -0.8910 -0.0259
vn 0.6543 0.7547 -0.0481
vn 0.9542 -0.2835 -0.0951
vn 0.9229 -0.3663 -0.1185
vn 0.6786 0.7339 -0.0290
vn 0.5353 -0.8426 -0.0590
vn 0.3630 -0.9252 -0.1109
vn 0.4906 0.8683 -0.0737
vn 0.8552 0.5141 -0.0658
vn 0.7593 -0.6458 -0.0800
vn 0.9811 -0.1404 -0.1333
vn 0.9422 0.3156 -0.1128
vn 0.9485 0.2701 0.1654
vn -0.0000 0.7615 0.6482
vn 0.8750 0.4805 0.0594
vn 0.9686 0.2483 -0.0116
vn 0.5637 0.5350 0.6293
vn 0.9976 0.0584 -0.0358
vn 0.7697 -0.4692 -0.4329
vn 0.9965 0.0811 -0.0176
vn 0.9899 0.1416 -0.0094
vn 0.6852 0.6965 0.2130
vn -0.0000 0.5331 0.8460
vn 0.9855 -0.0112 -0.1694
vn 0.9773 0.2118 0.0027
vn -0.0000 -0.7223 -0.6916
vn 0.9980 0.0603 -0.0195
vn 0.9979 0.0643 -0.0075
vn 0.8588 0.5119 -0.0195
vn 0.9277 0.3696 -0.0522
vn 0.8339 0.5500 -0.0465
vn 0.6983 0.7151 -0.0317
vn 0.5394 0.8413 0.0353
vn 0.3598 0.7884 0.4989
vn 0.9562 0.2889 -0.0479
vn 0.7463 -0.0709 -0.6618
vn 0.7881 0.6117 -0.0684
vn 0.7113 0.6985 -0.0777
vn 0.5623 0.8254 -0.0507
vn 0.3981 0.9172 0.0172
vn 0.4268 0.8948 0.1313
vn -0.0000 0.8959 0.4442
vn 0.7990 0.5928 -0.1013
vn -0.0000 0.6185 -0.7858
vn 0.8873 0.4589 -0.0454
vn 0.8950 0.4454 -0.0241
vn 0.8880 0.4598 0.0019
vn 0.8111 0.5815 0.0628
vn -0.0000 0.9861 0.1661
vn -0.0000 0.9995 0.0312
vn -0.0000 0.9997 -0.0249
vn -0.0000 0.9970 -0.0777
vn -0.0000 0.9854 -0.1700
vn 0.9836 0.1797 -0.0161
vn 0.9814 0.1919 -0.0037
vn 0.9822 0.1876 0.0015
vn 0.9700 0.2415 0.0267
vn 0.6707 0.6633 0.3321
vn 0.9882 0.1508 -0.0250
vn 0.8862 0.4264 -0.1812
vn 0.7937 0.6083 0.0057
vn 0.9918 0.1280 0.0014
vn 0.9910 0.1337 -0.0084
vn -0.0000 0.2124 -0.9772
vn 0.9952 0.0961 -0.0167
vn 0.9937 -0.0434 -0.1029
vn 0.9209 0.3374 0.1952
vn -0.0000 0.5736 0.8191
vn 0.9916 0.1291 0.0020
vn 0.9864 0.1597 0.0392
vn 0.9915 0.1301 -0.0025
vn 0.6902 0.4974 0.5256
vn 0.9981 0.0547 -0.0269
vn 0.8938 -0.2503 -0.3722
vn 0.9965 0.0815 -0.0161
vn 0.9948 0.1014 0.0009
vn 0.7539 -0.6477 -0.1101
vn 0.8405 0.5386 -0.0584
vn 0.9223 -0.3801 -0.0706
vn 0.9955 0.0757 -0.0561
vn 0.9505 0.3059 -0.0552
vn 0.3675 -0.9260 -0.0859
vn 0.4853 0.8740 -0.0254
vn 0.9780 -0.1874 -0.0913
vn 0.9413 0.3376 -0.0068
vn 0.5869 0.8095 -0.0135
vn -0.0000 0.9978 0.0662
vn 0.9778 0.2094 0.0061
vn 0.9930 0.1178 -0.0017
vn 0.9842 0.1772 -0.0059
vn 0.9923 0.1240 -0.0022
vn 0.8531 0.5213 0.0212
vn 0.9927 0.1210 -0.0018
vn 0.4460 0.8946 -0.0288
vn 0.9627 -0.2590 -0.0784
vn 0.6905 0.7213 -0.0544
vn 0.5122 -0.8529 -0.1008
vn 0.2129 -0.9736 -0.0821
vn 0.9746 0.2137 -0.0673
vn 0.9930 -0.0919 -0.0745
vn 0.8626 -0.4981 -0.0890
vn 0.9209 0.3839 -0.0673
vn 0.8709 -0.4710 0.1404
vn 0.9178 -0.3948 -0.0421
vn -0.0000 -0.9891 -0.1471
vn -0.0000 -0.8832 -0.4690
vn -0.0000 -0.9999 0.0108
vn 0.9531 -0.2965 -0.0614
vn 0.9963 -0.0854 -0.0019
vn 0.9997 -0.0179 -0.0179
vn 0.9990 -0.0416 -0.0138
vn 0.9602 -0.0617 -0.2723
vn -0.9258 -0.2360 0.2955
vn 0.9999 -0.0072 -0.0107
vn -0.0000 -0.8927 -0.4507
vn 0.9992 0.0252 -0.0310
vn 0.9975 -0.0584 0.0391
vn 0.9529 -0.2987 -0.0518
vn 0.9514 -0.3039 -0.0506
vn -0.0000 0.3191 -0.9477
vn 0.9993 -0.0374 -0.0042
vn 0.9999 -0.0092 -0.0109
vn 0.9997 -0.0196 -0.0177
vn 0.9772 0.1110 -0.1811
vn 0.7806 -0.5721 -0.2518
vn 0.8673 -0.3398 -0.3637
vn 0.9068 0.0142 -0.4214
vn -0.0000 0.2462 -0.9692
vn -0.0000 -0.5004 -0.8658
vn -0.0000 0.6561 -0.7547
vn -0.0000 -0.7967 -0.6044
vn 0.8706 0.4086 -0.2740
vn 0.8968 0.2069 -0.3911
vn 0.9869 -0.1291 -0.0965
vn 0.9927 0.0789 -0.0914
vn 0.9956 -0.0472 -0.0813
vn 0.9967 0.0200 -0.0792
vn -0.0000 -0.1675 -0.9859
vn 0.9967 -0.0136 -0.0798
vn 0.9050 -0.1463 -0.3995
vn 0.9678 -0.2502 -0.0289
vn 0.9997 -0.0160 -0.0194
vn 0.9935 0.1069 -0.0381
vn 1.0000 0.0022 0.0040
vn -0.0000 0.9857 -0.1685
vn -0.0000 -0.9227 0.3855
vn 0.9998 0.0057 -0.0202
vn 1.0000 0.0019 0.0047
vn 0.9871 -0.1581 -0.0246
vn 1.0000 -0.0019 0.0048
vn 0.9997 -0.0231 0.0054
vn 1.0000 -0.0001 -0.0000
vn 1.0000 -0.0020 -0.0001
vn 1.0000 0.0011 0.0002
vn 1.0000 0.0060 -0.0040
vn 0.8932 0.4339 0.1178
vn 0.8418 -0.5250 0.1258
vn 0.9960 0.0786 0.0423
vn -0.0000 0.8616 0.5076
vn 0.9999 -0.0127 -0.0008
vn 0.9922 -0.1149 0.0488
vn 0.9852 -0.0555 -0.1621
vn -0.0000 -0.9551 0.2964
vn 0.9876 0.0204 -0.1556
vn 0.9831 -0.1027 -0.1513
vn 0.8250 -0.5157 0.2311
vn 0.8403 0.4429 0.3125
vn 0.9998 0.0055 -0.0198
vn 0.9999 0.0003 -0.0171
vn 0.9998 0.0013 -0.0175
vn 0.9998 -0.0075 -0.0175
vn 0.9992 -0.0385 -0.0050
vn 0.8449 0.3687 0.3875
vn 0.8890 0.2004 0.4117
vn 0.7525 0.5114 0.4150
vn 0.8046 0.3191 0.5008
vn 0.8673 0.4471 0.2188
vn 0.7702 0.5637 0.2983
vn 0.8998 0.2255 0.3735
vn 0.5901 0.7365 0.3307
vn 0.9275 -0.0285 0.3727
vn 0.5093 0.6348 0.5810
vn 0.8401 -0.0800 0.5365
vn 0.5644 0.3894 0.7279
vn 0.7200 0.0516 0.6920
vn 0.9537 0.2983 -0.0394
vn 0.7433 0.6601 -0.1085
vn 0.6264 0.7790 0.0284
vn 0.9849 0.0239 0.1712
vn 0.5535 0.7979 -0.2390
vn 0.4811 0.1197 0.8685
vn 0.3026 0.5391 0.7860
vn 0.8481 -0.4728 0.2391
vn 0.9620 -0.1625 0.2196
vn 0.8569 0.5045 0.1057
vn 0.9412 -0.2743 0.1971
vn 0.6477 -0.7617 -0.0174
vn 0.5070 -0.2589 -0.8221
vn 0.4986 -0.1190 -0.8586
vn 0.3459 -0.4110 -0.8434
vn 0.7813 -0.6233 0.0336
vn 0.9059 -0.4214 0.0425
vn 0.9729 -0.2277 0.0397
vn 0.9958 0.0365 0.0842
vn 0.9809 -0.0090 -0.1945
vn 0.7789 -0.6109 -0.1420
vn 0.9574 -0.2377 -0.1638
vn 0.8929 -0.4253 -0.1476
vn 0.1176 -0.1573 -0.9805
vn 0.2001 0.1308 -0.9710
vn 0.9299 -0.3637 0.0548
vn 0.9909 -0.1048 0.0841
vn 0.2320 0.7155 -0.6590
vn 0.9664 -0.2380 0.0974
vn -0.1068 -0.5681 -0.8160
vn -0.9492 0.2323 -0.2123
vn -0.9432 0.2215 -0.2478
vn -0.9339 0.2978 -0.1977
vn -0.9423 0.2830 -0.1790
vn 0.7076 -0.5516 0.4416
vn 0.9931 -0.0146 0.1166
vn 0.8761 -0.3238 0.3572
vn -0.9464 0.2823 -0.1572
vn 0.9280 -0.1911 0.3200
vn -0.9666 0.1849 -0.1774
vn -0.9648 0.1664 -0.2037
vn -0.9562 0.1531 -0.2493
vn -0.9195 0.3363 -0.2036
vn -0.9422 0.2476 -0.2257
vn -0.9470 0.2439 -0.2092
vn -0.8734 0.2583 -0.4128
vn -0.9281 0.2974 -0.2238
vn -0.9387 0.2996 -0.1703
vn 0.9076 -0.4141 0.0698
vn 0.9065 -0.3976 0.1421
vn 0.8941 -0.3906 0.2192
vn 0.9103 0.0480 0.4112
vn 0.9628 -0.0467 0.2660
vn 0.9778 -0.0348 0.2068
vn 0.9469 -0.2911 0.1365
vn 0.9439 -0.2781 0.1782
vn 0.9381 -0.2621 0.2265
vn -0.8859 0.2593 -0.3846
vn -0.9390 0.2579 -0.2273
vn -0.9454 0.2738 -0.1769
vn 0.9709 -0.1809 0.1569
vn 0.9644 -0.1663 0.2057
vn 0.9563 -0.1534 0.2489
vn 0.9506 -0.1347 0.2796
vn 0.9642 -0.1298 0.2314
vn 0.9745 -0.1304 0.1825
vn 0.9418 -0.1880 0.2788
vn 0.9557 -0.2020 0.2143
vn 0.9593 -0.2224 0.1739
vn -0.9358 0.1825 -0.3015
vn -0.9573 0.1992 -0.2097
vn -0.9596 0.2190 -0.1764
vn -0.8977 0.3085 -0.3146
vn -0.9317 0.3161 -0.1791
vn -0.9348 0.3215 -0.1509
vn 0.8954 -0.3310 0.2979
vn 0.9260 -0.3314 0.1809
vn 0.9295 -0.3411 0.1403
vn -0.9432 0.1688 -0.2862
vn -0.9619 0.1561 -0.2246
vn -0.9682 0.1624 -0.1902
vn -0.3492 -0.9354 0.0552
vn -0.3208 -0.9346 -0.1538
vn -0.2682 -0.8757 -0.4016
vn 0.0751 0.9414 0.3288
vn 0.1350 0.9874 0.0825
vn 0.1845 0.9684 -0.1678
vn 0.7593 -0.6459 -0.0795
vn 0.5033 0.8614 0.0689
vn 0.9745 -0.2048 -0.0913
vn 0.8413 0.5405 -0.0103
vn 0.9224 -0.3757 -0.0901
vn 0.9948 0.0701 -0.0734
vn 0.9551 0.2919 -0.0499
vn -0.0000 -0.9961 -0.0877
vn 0.3206 -0.9433 -0.0865
vn 0.9123 0.4091 0.0164
vn 0.5353 0.8420 0.0673
vn -0.0000 0.9615 0.2747
vn 0.9495 0.3049 0.0747
vn 0.9905 0.1376 0.0044
vn 0.4304 0.9008 0.0571
vn 0.9689 0.2467 0.0170
vn 0.9905 0.1371 0.0104
vn 0.7548 0.6440 0.1246
vn 0.7349 0.6772 0.0361
vn 0.6717 0.7398 0.0382
vn 0.9573 -0.2751 -0.0891
vn 0.5688 -0.8185 -0.0809
vn 0.1663 -0.9815 -0.0951
vn 0.9760 0.2107 -0.0551
vn 0.9917 -0.0975 -0.0836
vn 0.8616 -0.5009 -0.0817
vn 0.9211 0.3884 -0.0275
vn -0.0000 -0.9966 -0.0826
vn 0.3509 -0.9329 -0.0814
vn 0.1695 -0.9855 -0.0096
vn 0.1810 -0.9771 -0.1114
vn 0.1011 -0.9898 -0.1002
vn 0.0878 -0.9948 -0.0513
vn 0.2580 -0.9641 -0.0628
vn 0.2498 -0.9639 -0.0920
vn -0.8967 -0.3966 -0.1966
vn 0.9656 0.2527 0.0611
vn 0.3329 -0.8798 -0.3394
vn 0.0347 0.3231 -0.9457
vn -0.9292 -0.3191 -0.1863
vn -0.5189 -0.8547 0.0154
vn 0.8874 0.4490 0.1047
vn 0.9708 0.2128 0.1107
vn -0.7554 -0.6344 -0.1641
vn -0.8665 -0.4642 -0.1835
vn -0.8669 -0.4834 -0.1216
vn -0.8469 -0.5253 -0.0828
vn 0.7184 0.6928 0.0631
vn 0.8236 0.5565 0.1095
vn 0.8625 0.4870 0.1374
vn 0.9176 0.3699 0.1454
vn 0.3667 -0.7280 0.5793
vn 0.3663 -0.8937 0.2591
vn 0.8364 0.5360 0.1148
vn 0.9017 0.4134 0.1266
vn -0.3625 0.6767 -0.6409
vn -0.3324 0.8405 -0.4278
vn -0.8241 -0.5528 -0.1239
vn -0.8973 -0.4198 -0.1364
vn -0.7917 -0.6100 -0.0332
vn -0.4038 -0.9065 -0.1232
vn 0.9720 -0.2189 -0.0852
vn 0.9624 -0.2537 0.0967
vn -0.7389 -0.6694 -0.0771
vn -0.2971 0.3815 -0.8753
vn 0.8199 0.5692 0.0618
vn 0.3782 -0.6631 0.6459
vn -0.9212 0.1578 -0.3557
vn 0.7888 -0.4370 0.4322
vn 0.8994 -0.2731 0.3412
vn 0.9370 -0.1611 0.3098
vn -0.8106 0.4799 -0.3355
vn -0.7485 0.0765 -0.6587
vn 0.8757 0.1994 0.4398
vn -0.6003 0.1336 -0.7885
vn -0.0819 0.8546 0.5129
vn -0.4867 -0.8580 0.1644
vn -0.9149 0.2175 -0.3400
vn 0.8271 -0.3725 0.4208
vn -0.8243 0.3153 -0.4703
vn -0.8897 0.1960 -0.4123
vn 0.9124 -0.2125 0.3499
vn 0.9311 -0.1441 0.3350
vn -0.4956 -0.6790 0.5416
vn -0.8126 -0.5742 -0.0994
vn -0.9329 0.2665 -0.2422
vn -0.3948 0.7483 0.5331
vn -0.5311 -0.8348 0.1449
vn -0.7149 -0.6989 0.0218
vn -0.7762 -0.6249 -0.0841
vn -0.7203 -0.6881 -0.0878
vn -0.7138 -0.6943 -0.0920
vn -0.6771 -0.7282 -0.1060
vn -0.7536 0.6550 -0.0559
vn -0.7701 0.6330 -0.0796
vn -0.8172 0.5728 -0.0644
vn -0.8458 0.5298 -0.0627
vn -0.8038 0.5942 0.0293
vn -0.6690 0.7009 0.2473
vn -0.8124 0.5324 0.2378
vn -0.9069 0.4210 0.0180
vn -0.9236 0.3791 -0.0565
vn -0.9103 0.4105 -0.0531
vn -0.8780 0.4749 -0.0600
vn -0.8377 0.5421 -0.0668
vn -0.5964 0.7436 0.3022
vn -0.4596 -0.8721 0.1680
vn -0.7505 0.5948 0.2880
vn -0.5032 0.6189 0.6031
vn -0.6861 0.2921 0.6663
vn -0.9117 -0.3446 -0.2237
vn -0.9469 -0.0667 -0.3145
vn -0.9444 0.1262 -0.3036
vn -0.7578 -0.6440 0.1050
vn -0.9817 -0.1553 0.1104
vn -0.9436 0.2799 0.1770
vn -0.8401 -0.5425 -0.0015
vn -0.9938 -0.1100 0.0148
vn -0.9708 0.2391 -0.0181
vn -0.8732 -0.4775 -0.0971
vn -0.9916 -0.0916 -0.0909
vn -0.9753 0.2090 -0.0719
vn -0.8424 -0.5334 -0.0769
vn -0.9941 -0.0966 -0.0497
vn -0.9720 0.2307 -0.0447
vn -0.8063 -0.5854 -0.0850
vn -0.9923 -0.1167 -0.0413
vn -0.9612 0.2730 -0.0403
vn -0.7484 -0.6573 -0.0881
vn -0.9879 -0.1411 -0.0651
vn -0.9418 0.3307 -0.0604
vn -0.6432 -0.7505 0.1514
vn -0.9637 -0.1924 0.1850
vn -0.9201 0.3115 0.2375
vn -0.6211 -0.6276 0.4695
vn -0.8272 0.0490 0.5598
vn -0.7279 0.3837 0.5682
vn -0.8633 -0.4993 -0.0734
vn -0.9938 0.1022 -0.0434
vn -0.9061 0.4195 -0.0548
vn -0.9040 -0.4223 -0.0663
vn -0.9957 0.0839 -0.0392
vn -0.9377 0.3444 -0.0455
vn -0.9264 -0.3642 -0.0953
vn -0.9940 0.0717 -0.0828
vn -0.9532 0.2929 -0.0744
vn 0.6172 0.0803 -0.7827
vn -0.9837 0.1687 -0.0624
vn -0.9511 0.3067 -0.0374
vn -0.8845 -0.4634 0.0532
vn -0.9915 0.0863 0.0976
vn -0.9122 0.3777 0.1590
vn -0.8134 -0.5675 0.1276
vn -0.9795 0.0854 0.1825
vn -0.8783 0.4170 0.2337
vn -0.8426 -0.5315 -0.0868
vn -0.9893 0.1121 -0.0930
vn -0.8912 0.4478 -0.0726
vn -0.6832 -0.7278 -0.0596
vn -0.8851 0.4559 -0.0931
vn -0.9332 -0.2893 -0.2131
vn -0.9583 0.0537 -0.2807
vn -0.9527 0.2048 -0.2246
vn -0.9465 0.2321 -0.2243
vn -0.9610 -0.1153 -0.2513
vn -0.8447 -0.5200 -0.1270
vn -0.9181 0.3756 -0.1263
vn -0.6184 -0.7836 0.0600
vn -0.7334 0.6641 0.1453
vn -0.9038 -0.4269 -0.0306
vn -0.9966 0.0828 0.0046
vn -0.9355 0.3498 0.0506
vn -0.9632 0.2578 0.0760
vn -0.9928 -0.1181 0.0195
vn -0.8168 -0.5769 0.0081
vn -0.8565 0.4967 0.1402
vn -0.5983 0.7905 0.1312
vn -0.5131 -0.8569 0.0491
vn -0.4306 0.8479 0.3094
vn -0.5435 -0.8324 -0.1082
vn -0.2848 -0.8165 0.5022
vn -0.8417 0.5127 -0.1692
vn -0.2830 0.7875 0.5474
vn -0.3949 -0.6471 0.6521
vn -0.8800 0.2542 -0.4013
vn -0.2128 0.9333 0.2893
vn -0.1690 -0.9821 -0.0833
vn -0.5169 -0.8532 -0.0698
vn -0.5003 -0.8631 -0.0694
vn -0.1657 0.9249 0.3422
vn -0.3297 -0.9436 0.0302
vn -0.1535 -0.9791 0.1331
vn -0.4847 0.8709 0.0808
vn -0.9309 0.3646 -0.0230
vn -0.1348 0.6487 0.7490
vn -0.1743 0.2492 0.9526
vn -0.9745 0.2228 -0.0269
vn -0.5870 -0.8074 0.0591
vn -0.9770 0.2111 -0.0303
vn -0.9998 -0.0056 -0.0184
vn -0.1240 -0.9899 0.0693
vn -0.1082 -0.9940 0.0153
vn -0.9906 0.1343 -0.0264
vn -0.9961 0.0563 -0.0674
vn -0.9999 0.0103 -0.0087
vn -0.2287 0.9184 0.3229
vn -0.4281 -0.8283 0.3614
vn -0.7112 -0.6132 0.3438
vn -0.8386 -0.3704 0.3994
vn -0.4409 0.8931 0.0898
vn -0.1411 -0.9211 0.3627
vn -0.1088 0.8965 0.4294
vn -0.3420 0.8136 0.4702
vn -0.7871 -0.4768 0.3914
vn -0.6100 -0.7179 0.3355
vn -0.6512 -0.2373 0.7208
vn -0.2359 0.8212 0.5197
vn -0.7267 -0.5758 0.3747
vn -0.8196 -0.2002 0.5368
vn -0.8419 -0.2976 0.4502
vn -0.4061 -0.8018 0.4385
vn -0.6252 0.5320 0.5711
vn -0.5952 -0.6948 0.4037
vn -0.8306 -0.3957 0.3918
vn -0.8186 0.1902 0.5419
vn -0.1225 -0.9020 0.4139
vn -0.1051 0.8787 0.4657
vn -0.4472 -0.8537 0.2670
vn -0.5418 0.7786 0.3165
vn -0.7398 -0.6476 0.1825
vn -0.9637 0.0870 0.2525
vn -0.8402 0.4600 0.2871
vn -0.1359 0.9130 0.3847
vn -0.1643 -0.9632 0.2126
vn -0.9124 0.3399 0.2279
vn -0.8304 -0.4929 0.2599
vn -0.6006 -0.7680 0.2224
vn -0.7379 0.6148 0.2786
vn -0.3959 0.8859 0.2417
vn -0.7160 -0.6323 0.2958
vn -0.9532 -0.1939 0.2319
vn -0.8036 0.5027 -0.3187
vn -0.4440 -0.8404 0.3109
vn -0.9538 -0.2427 0.1769
vn -0.5994 -0.7382 0.3095
vn -0.7913 -0.5101 0.3371
vn -0.9839 0.0051 -0.1786
vn -0.1554 -0.9357 0.3167
vn -0.1210 0.9136 0.3881
vn -0.7517 0.5672 0.3366
vn -0.9006 0.1484 0.4085
vn -0.7662 0.4892 0.4167
vn -0.8816 0.1316 0.4533
vn -0.7843 0.4044 0.4705
vn -0.8469 0.2046 0.4908
vn -0.8902 0.3839 0.2452
vn -0.7894 0.5720 0.2228
vn -0.7782 0.5934 0.2056
vn -0.8891 0.2309 0.3953
vn -0.6412 0.7395 0.2049
vn -0.3002 0.8519 0.4291
vn -0.8712 -0.1516 0.4669
vn -0.9240 -0.2081 0.3208
vn -0.4828 0.6285 0.6098
vn -0.7979 0.0004 0.6028
vn -0.7362 0.3112 0.6010
vn -0.9589 0.2217 0.1772
vn -0.8443 0.5027 0.1855
vn -0.6983 0.6828 0.2149
vn -0.3439 0.8979 0.2748
vn -0.8818 -0.3750 0.2860
vn -0.2906 0.7040 0.6481
vn -0.7212 -0.3444 0.6010
vn -0.3621 0.3335 0.8704
vn -0.5449 -0.1112 0.8311
vn -0.9089 0.2411 -0.3403
vn -0.6495 0.6882 -0.3233
vn -0.4797 0.8691 -0.1206
vn -0.9761 -0.2110 -0.0511
vn -0.5667 0.8108 0.1464
vn -0.8812 0.3438 0.3245
vn -0.8662 -0.1969 0.4593
vn -0.8119 0.3550 0.4635
vn -0.8657 0.4032 0.2966
vn -0.7516 -0.0975 0.6524
vn -0.8842 0.3582 0.3000
vn -0.9958 0.0861 -0.0311
vn -0.7920 0.4539 0.4083
vn -0.8035 0.4762 0.3573
vn -0.8572 0.3988 0.3258
vn -0.5018 0.7316 0.4614
vn -0.8462 0.3741 0.3796
vn -0.9622 -0.1551 0.2238
vn -0.5126 0.5312 0.6746
vn -0.8887 0.3351 0.3130
vn -0.6135 0.1887 0.7668
vn -0.8102 0.3428 0.4754
vn -0.8374 0.5217 -0.1633
vn -0.6642 0.7446 -0.0667
vn -0.8931 0.2258 0.3891
vn -0.8035 0.5410 0.2485
vn -0.7872 0.5605 0.2571
vn -0.8814 0.3747 0.2876
vn -0.8668 0.2487 0.4322
vn -0.8003 0.4117 0.4360
vn -0.8802 0.2225 0.4192
vn -0.7891 0.4681 0.3979
vn -0.8864 0.2172 0.4088
vn -0.7877 0.5083 0.3481
vn -0.4481 0.8637 0.2307
vn -0.5747 0.6961 0.4304
vn -0.8207 -0.2878 0.4936
vn -0.9371 0.0011 0.3490
vn -0.6521 0.5109 0.5602
vn -0.8039 -0.0019 0.5947
vn -0.7053 0.2528 0.6624
vn -0.9759 0.1587 0.1499
vn -0.8542 0.5198 0.0138
vn -0.7505 0.6439 0.1487
vn -0.9631 0.0425 0.2659
vn -0.7057 0.6851 0.1807
vn -0.7854 0.5942 0.1735
vn -0.9316 0.3635 0.0008
vn -0.7328 0.1120 0.6711
vn -0.6488 0.4215 0.6336
vn -0.8070 -0.1573 0.5693
vn -0.5122 0.6676 0.5403
vn -0.8913 -0.2166 0.3983
vn -0.4588 0.8336 0.3076
vn -0.6691 -0.7430 -0.0163
vn -0.7753 0.6224 0.1070
vn -0.9032 -0.4287 -0.0216
vn -0.9965 0.0835 -0.0095
vn -0.9468 0.3215 0.0138
vn -0.2349 0.9416 0.2413
vn -0.1295 -0.9814 0.1414
vn -0.9712 0.2383 0.0053
vn -0.9511 -0.3073 -0.0318
vn -0.8316 -0.5544 -0.0318
vn -0.8895 0.4527 0.0617
vn -0.2499 0.9484 0.1951
vn -0.1625 -0.9811 0.1049
vn -0.1879 0.9253 0.3294
vn -0.1048 -0.8526 0.5120
vn -0.6859 0.7191 0.1120
vn -0.1063 0.8329 0.5431
vn -0.1244 -0.6975 0.7057
vn -0.9850 0.0745 -0.1558
vn -0.5025 0.8293 0.2446
vn -0.5524 -0.8272 -0.1030
vn -0.5315 -0.8421 -0.0909
vn -0.5716 -0.8129 -0.1119
vn -0.3793 0.8658 0.3264
vn -0.5950 -0.8036 -0.0166
vn -0.3287 -0.9320 0.1528
vn -0.7291 0.6843 0.0111
vn -0.6612 0.7460 -0.0789
vn -0.6862 0.7225 -0.0841
vn -0.4348 0.5588 0.7062
vn -0.6965 0.7150 -0.0607
vn -0.5419 0.1609 0.8249
vn -0.6818 0.7315 -0.0119
vn -0.7972 -0.5800 -0.1672
vn -0.8850 -0.2675 -0.3810
vn -0.9020 0.0523 -0.4287
vn -0.3521 -0.9309 0.0977
vn -0.3853 -0.9226 0.0158
vn -0.2827 -0.8983 0.3364
vn -0.1750 0.8915 0.4178
vn -0.2572 -0.8798 0.3997
vn -0.2122 0.8410 0.4977
vn -0.3285 0.8898 0.3166
vn -0.3132 -0.9267 0.2078
vn -0.2993 -0.9060 0.2993
vn -0.2308 0.9159 0.3285
vn -0.5562 0.8111 0.1808
vn -0.4580 -0.8874 0.0529
vn -0.2176 -0.9753 0.0366
vn -0.4069 0.8889 0.2105
vn -0.2088 0.9057 0.3690
vn -0.2208 -0.9200 0.3238
vn -0.2357 -0.9333 0.2710
vn -0.2520 0.9028 0.3484
vn -0.1552 0.8730 0.4623
vn -0.1831 -0.8826 0.4331
vn -0.1733 0.9074 0.3829
vn -0.1986 -0.9026 0.3818
vn -0.3751 0.8973 0.2326
vn -0.3250 -0.9455 -0.0179
vn -0.3234 -0.9411 -0.0985
vn -0.4862 -0.8684 -0.0972
vn -0.2878 0.9001 0.3271
vn -0.4826 -0.8719 -0.0831
vn -0.5035 -0.8550 -0.1245
vn -0.2446 -0.9557 0.1640
vn -0.7248 0.6887 0.0200
vn -0.6276 0.7784 0.0112
vn -0.6318 0.7694 -0.0940
vn -0.2337 0.7332 0.6386
vn -0.5915 0.8030 -0.0725
vn -0.3153 0.4621 0.8289
vn -0.5274 0.8484 -0.0449
vn -0.2253 -0.7549 0.6160
vn -0.3570 -0.0050 0.9341
vn -0.4868 0.8724 0.0444
vn -0.6022 -0.7983 -0.0075
vn -0.9063 -0.3213 -0.2747
vn -0.3274 0.8937 0.3068
vn -0.9082 0.3041 -0.2876
vn -0.9065 -0.1814 -0.3812
vn -0.1758 0.8577 0.4832
vn -0.9085 0.1488 -0.3906
vn -0.2243 -0.9669 0.1215
vn -0.2007 -0.9788 0.0407
vn -0.2937 -0.9450 0.1439
vn -0.8452 -0.1529 0.5122
vn -0.7349 -0.0402 0.6770
vn -0.8472 -0.0344 0.5302
vn -0.5627 0.0053 0.8267
vn -0.1908 0.0535 0.9802
vn -0.9445 -0.1587 -0.2875
vn -0.9175 -0.3863 0.0946
vn -0.9505 -0.3101 -0.0177
vn -0.9610 -0.2595 -0.0961
vn -0.9603 -0.2730 -0.0582
vn -0.9448 -0.3229 -0.0551
vn -0.9220 -0.3803 -0.0721
vn -0.8653 -0.4775 0.1526
vn -0.9340 -0.2853 -0.2151
vn -0.9475 -0.3196 0.0074
vn -0.8126 -0.3635 0.4556
vn -0.9403 -0.2292 0.2517
vn -0.8625 -0.3942 0.3173
vn -0.9938 -0.1079 -0.0250
vn -0.9216 -0.0648 -0.3827
vn -0.9026 -0.1455 -0.4051
vn -0.9732 -0.2285 -0.0239
vn -0.8150 -0.4349 0.3831
vn -0.8689 -0.3997 0.2920
vn -0.9998 0.0012 -0.0175
vn -0.9638 -0.2614 0.0529
vn -0.9489 -0.2581 -0.1813
vn -0.9494 -0.1669 -0.2660
vn -0.9329 -0.3358 0.1303
vn -0.9757 -0.2185 -0.0182
vn -0.9773 -0.1915 -0.0902
vn -0.9797 -0.1902 -0.0627
vn -0.9761 -0.2119 -0.0480
vn -0.9642 -0.2602 -0.0519
vn -0.9042 -0.3677 0.2171
vn -0.8343 -0.3191 0.4495
vn -0.2340 0.9703 -0.0617
vn -0.1243 0.9911 0.0485
vn -0.0465 0.1897 0.9807
vn -0.0453 0.9962 0.0742
vn 0.0646 -0.9805 0.1857
vn 0.0273 -0.9953 0.0924
vn 0.0262 -0.9965 0.0794
vn -0.4766 0.8343 0.2771
vn -0.6823 -0.6225 0.3833
vn -0.2198 0.8759 0.4294
vn -0.9083 -0.0005 0.4184
vn -0.7515 0.1085 0.6508
vn -0.3702 0.1527 0.9163
vn -0.5709 -0.5618 0.5987
vn -0.3656 0.9236 0.1155
vn -0.2850 -0.5779 0.7647
vn -0.2020 -0.8893 0.4102
vn -0.2276 -0.9059 0.3572
vn -0.1045 -0.9175 0.3838
vn -0.1615 -0.3146 0.9354
vn -0.4923 -0.3286 0.8060
vn -0.7360 -0.3914 0.5524
vn -0.1914 0.1121 0.9751
vn -0.8451 -0.3124 0.4338
vn -0.5486 0.1023 0.8298
vn -0.8578 0.1038 0.5034
vn -0.1899 0.9693 -0.1562
vn -0.0795 0.9965 -0.0268
vn 0.4257 0.2832 0.8594
vn -0.0332 0.9994 -0.0031
vn 0.1911 -0.9673 0.1670
vn 0.0799 -0.9964 0.0300
vn 0.0472 -0.9989 0.0081
vn -0.1076 0.9891 -0.1007
vn 0.1561 -0.9464 0.2828
vn -0.1615 0.9853 -0.0560
vn 0.1262 -0.9889 0.0779
vn 0.0487 -0.9985 0.0254
vn -0.0478 0.9989 0.0036
vn -0.2123 0.9542 -0.2108
vn -0.0880 0.9954 -0.0375
vn 0.3996 0.5537 0.7306
vn -0.0386 0.9992 -0.0050
vn 0.2136 -0.9526 0.2168
vn 0.0896 -0.9953 0.0375
vn 0.0559 -0.9984 0.0071
vn 0.0618 -0.9980 0.0140
vn 0.2351 -0.9005 0.3657
vn 0.1543 -0.9835 0.0950
vn -0.1231 0.9786 -0.1646
vn -0.1639 0.9813 -0.1013
vn -0.0478 0.9988 -0.0111
vn -0.6778 -0.7334 -0.0517
vn -0.8247 0.5656 0.0067
vn -0.9098 -0.4053 -0.0890
vn -0.9948 0.0680 -0.0763
vn -0.9537 0.2977 -0.0432
vn -0.0010 -0.9966 -0.0822
vn -0.3653 -0.9275 -0.0795
vn -0.4366 0.8920 0.1176
vn 0.9300 0.2848 -0.2325
vn -0.9502 -0.2953 -0.0999
vn -0.6363 0.7694 0.0559
vn -0.5446 -0.8350 -0.0789
vn -0.1706 -0.9844 -0.0441
vn -0.2722 0.9492 0.1580
vn -0.9721 0.2259 -0.0634
vn -0.9843 -0.1314 -0.1175
vn -0.8460 -0.5248 -0.0939
vn -0.9151 0.4024 -0.0261
vn -0.7990 0.6000 -0.0405
vn -0.8740 -0.4664 -0.1364
vn -0.9771 0.0958 -0.1898
vn -0.9169 0.3766 -0.1322
vn -0.6402 -0.7641 -0.0793
vn -0.4533 -0.8910 -0.0259
vn -0.6543 0.7547 -0.0481
vn -0.9542 -0.2835 -0.0951
vn -0.9229 -0.3663 -0.1185
vn -0.6786 0.7339 -0.0290
vn -0.5353 -0.8426 -0.0590
vn -0.3630 -0.9252 -0.1109
vn -0.4906 0.8683 -0.0737
vn -0.8552 0.5141 -0.0658
vn -0.7593 -0.6458 -0.0800
vn -0.9811 -0.1404 -0.1333
vn -0.9422 0.3156 -0.1128
vn -0.9485 0.2701 0.1654
vn -0.8750 0.4805 0.0594
vn -0.9686 0.2483 -0.0116
vn -0.5637 0.5350 0.6293
vn -0.9977 0.0584 -0.0358
vn -0.7697 -0.4692 -0.4329
vn -0.9965 0.0811 -0.0176
vn -0.9899 0.1416 -0.0094
vn -0.6852 0.6965 0.2130
vn -0.9855 -0.0112 -0.1694
vn -0.9773 0.2118 0.0027
vn -0.9980 0.0603 -0.0195
vn -0.9979 0.0643 -0.0075
vn -0.8588 0.5119 -0.0195
vn -0.9277 0.3696 -0.0522
vn -0.8339 0.5500 -0.0465
vn -0.6983 0.7151 -0.0317
vn -0.5394 0.8413 0.0353
vn -0.3598 0.7884 0.4989
vn -0.9562 0.2889 -0.0479
vn -0.7463 -0.0709 -0.6618
vn -0.7881 0.6117 -0.0684
vn -0.7113 0.6985 -0.0777
vn -0.5623 0.8254 -0.0507
vn -0.3981 0.9172 0.0172
vn -0.4268 0.8948 0.1313
vn -0.7990 0.5928 -0.1013
vn -0.8873 0.4589 -0.0454
vn -0.8950 0.4454 -0.0241
vn -0.8880 0.4598 0.0019
vn -0.8111 0.5815 0.0628
vn -0.9836 0.1797 -0.0161
vn -0.9814 0.1919 -0.0037
vn -0.9822 0.1876 0.0015
vn -0.9700 0.2415 0.0267
vn -0.6707 0.6633 0.3321
vn -0.9882 0.1508 -0.0250
vn -0.8862 0.4264 -0.1812
vn -0.7937 0.6083 0.0057
vn -0.9918 0.1280 0.0014
vn -0.9910 0.1337 -0.0084
vn -0.9952 0.0961 -0.0167
vn -0.9938 -0.0434 -0.1029
vn -0.9209 0.3374 0.1952
vn -0.9916 0.1291 0.0020
vn -0.9864 0.1597 0.0392
vn -0.9915 0.1301 -0.0025
vn -0.6902 0.4974 0.5256
vn -0.9981 0.0547 -0.0269
vn -0.8938 -0.2503 -0.3722
vn -0.9965 0.0815 -0.0161
vn -0.9948 0.1014 0.0009
vn -0.7539 -0.6477 -0.1101
vn -0.8405 0.5386 -0.0584
vn -0.9223 -0.3801 -0.0706
vn -0.9955 0.0757 -0.0561
vn -0.9505 0.3059 -0.0552
vn -0.3675 -0.9260 -0.0859
vn -0.4853 0.8740 -0.0254
vn -0.9780 -0.1874 -0.0913
vn -0.9413 0.3376 -0.0068
vn -0.5869 0.8095 -0.0135
vn -0.9778 0.2094 0.0061
vn -0.9930 0.1178 -0.0017
vn -0.9842 0.1772 -0.0059
vn -0.9923 0.1240 -0.0022
vn -0.8531 0.5213 0.0212
vn -0.9927 0.1210 -0.0018
vn -0.4460 0.8946 -0.0288
vn -0.9627 -0.2590 -0.0784
vn -0.6905 0.7213 -0.0544
vn -0.5122 -0.8529 -0.1008
vn -0.2129 -0.9736 -0.0821
vn -0.9746 0.2137 -0.0673
vn -0.9930 -0.0919 -0.0745
vn -0.8626 -0.4981 -0.0890
vn -0.9209 0.3839 -0.0673
vn -0.8709 -0.4710 0.1404
vn -0.9178 -0.3948 -0.0421
vn -0.9531 -0.2965 -0.0614
vn -0.9963 -0.0854 -0.0019
vn -0.9997 -0.0179 -0.0179
vn -0.9990 -0.0416 -0.0138
vn -0.9602 -0.0617 -0.2723
vn -0.9999 -0.0072 -0.0107
vn -0.9992 0.0252 -0.0310
vn -0.9975 -0.0584 0.0391
vn -0.9529 -0.2987 -0.0518
vn -0.9514 -0.3039 -0.0506
vn -0.9993 -0.0374 -0.0042
vn -0.0000 -0.7177 0.6964
vn -0.9999 -0.0092 -0.0109
vn -0.9997 -0.0196 -0.0177
vn -0.9772 0.1110 -0.1811
vn -0.7806 -0.5721 -0.2518
vn -0.8673 -0.3398 -0.3637
vn -0.9068 0.0142 -0.4214
vn -0.8706 0.4086 -0.2740
vn -0.8968 0.2069 -0.3911
vn -0.9869 -0.1291 -0.0965
vn -0.9927 0.0789 -0.0914
vn -0.9956 -0.0472 -0.0813
vn -0.9967 0.0200 -0.0792
vn -0.9967 -0.0136 -0.0798
vn -0.9050 -0.1463 -0.3995
vn -0.9678 -0.2502 -0.0289
vn -0.9997 -0.0160 -0.0194
vn -0.9935 0.1069 -0.0381
vn -1.0000 0.0022 0.0040
vn -0.9998 0.0057 -0.0202
vn -1.0000 0.0019 0.0047
vn -0.9871 -0.1581 -0.0246
vn -1.0000 -0.0019 0.0048
vn -0.9997 -0.0231 0.0054
vn -1.0000 -0.0001 -0.0000
vn -1.0000 -0.0020 -0.0001
vn -1.0000 0.0011 0.0002
vn -1.0000 0.0060 -0.0040
vn -0.8932 0.4339 0.1178
vn -0.8418 -0.5249 0.1258
vn -0.9960 0.0786 0.0423
vn -0.9999 -0.0127 -0.0008
vn -0.9922 -0.1149 0.0488
vn -0.9852 -0.0555 -0.1621
vn -0.9876 0.0204 -0.1556
vn -0.9831 -0.1027 -0.1513
vn -0.8250 -0.5157 0.2311
vn -0.8403 0.4429 0.3125
vn -0.9998 0.0055 -0.0198
vn -0.9999 0.0003 -0.0171
vn -0.9998 0.0013 -0.0175
vn -0.9998 -0.0075 -0.0175
vn -0.9992 -0.0385 -0.0050
vn -0.8449 0.3687 0.3875
vn -0.8890 0.2005 0.4117
vn -0.7525 0.5114 0.4150
vn -0.8046 0.3191 0.5008
vn -0.8673 0.4471 0.2188
vn -0.7702 0.5637 0.2984
vn -0.8998 0.2255 0.3735
vn -0.5901 0.7365 0.3307
vn -0.9275 -0.0285 0.3727
vn -0.5093 0.6348 0.5810
vn -0.8401 -0.0800 0.5365
vn -0.5644 0.3894 0.7279
vn -0.7200 0.0516 0.6920
vn -0.9537 0.2983 -0.0394
vn -0.7433 0.6601 -0.1085
vn -0.6264 0.7790 0.0284
vn -0.9849 0.0239 0.1712
vn -0.5535 0.7979 -0.2390
vn -0.4811 0.1197 0.8685
vn -0.3026 0.5391 0.7860
vn -0.8481 -0.4728 0.2391
vn -0.9620 -0.1625 0.2196
vn -0.8569 0.5045 0.1057
vn -0.9412 -0.2743 0.1971
vn -0.6477 -0.7617 -0.0174
vn -0.5070 -0.2589 -0.8221
vn -0.4986 -0.1190 -0.8586
vn -0.3459 -0.4110 -0.8434
vn -0.7813 -0.6233 0.0336
vn -0.9059 -0.4214 0.0425
vn -0.9729 -0.2277 0.0397
vn -0.9958 0.0365 0.0842
vn -0.9809 -0.0090 -0.1945
vn -0.7789 -0.6109 -0.1420
vn -0.9574 -0.2377 -0.1638
vn -0.8929 -0.4253 -0.1476
vn -0.1176 -0.1573 -0.9805
vn -0.2001 0.1309 -0.9710
vn -0.9299 -0.3637 0.0548
vn -0.9909 -0.1048 0.0841
vn -0.2320 0.7155 -0.6590
vn -0.9664 -0.2380 0.0974
vn 0.1068 -0.5681 -0.8160
vn 0.9492 0.2323 -0.2123
vn 0.9432 0.2215 -0.2478
vn 0.9339 0.2978 -0.1977
vn 0.9423 0.2830 -0.1790
vn -0.7076 -0.5516 0.4416
vn -0.9931 -0.0146 0.1166
vn -0.8761 -0.3238 0.3572
vn 0.9464 0.2823 -0.1572
vn -0.9280 -0.1911 0.3200
vn 0.9666 0.1849 -0.1774
vn 0.9648 0.1664 -0.2037
vn 0.9562 0.1531 -0.2493
vn 0.9195 0.3363 -0.2036
vn 0.9422 0.2476 -0.2257
vn 0.9470 0.2439 -0.2092
vn 0.8734 0.2583 -0.4128
vn 0.9281 0.2974 -0.2238
vn 0.9387 0.2996 -0.1703
vn -0.9076 -0.4141 0.0698
vn -0.9065 -0.3976 0.1421
vn -0.8941 -0.3906 0.2192
vn -0.9103 0.0480 0.4112
vn -0.9628 -0.0467 0.2660
vn -0.9778 -0.0348 0.2068
vn -0.9469 -0.2911 0.1365
vn -0.9439 -0.2781 0.1782
vn -0.9381 -0.2621 0.2265
vn 0.8859 0.2593 -0.3846
vn 0.9390 0.2579 -0.2273
vn 0.9454 0.2738 -0.1769
vn -0.9709 -0.1809 0.1569
vn -0.9644 -0.1663 0.2057
vn -0.9563 -0.1534 0.2489
vn -0.9506 -0.1347 0.2796
vn -0.9642 -0.1298 0.2314
vn -0.9745 -0.1304 0.1825
vn -0.9418 -0.1880 0.2788
vn -0.9557 -0.2020 0.2143
vn -0.9593 -0.2224 0.1739
vn 0.9358 0.1825 -0.3015
vn 0.9573 0.1992 -0.2097
vn 0.9596 0.2190 -0.1764
vn 0.8977 0.3085 -0.3146
vn 0.9317 0.3161 -0.1791
vn 0.9348 0.3215 -0.1509
vn -0.8954 -0.3310 0.2979
vn -0.9260 -0.3314 0.1809
vn -0.9295 -0.3411 0.1403
vn 0.9432 0.1688 -0.2862
vn 0.9619 0.1561 -0.2246
vn 0.9682 0.1624 -0.1902
vn 0.3492 -0.9354 0.0552
vn 0.3208 -0.9346 -0.1538
vn 0.2682 -0.8757 -0.4016
vn -0.0751 0.9414 0.3288
vn -0.1350 0.9874 0.0825
vn -0.1845 0.9684 -0.1678
vn -0.7593 -0.6459 -0.0795
vn -0.5033 0.8614 0.0689
vn -0.9745 -0.2048 -0.0913
vn -0.8413 0.5405 -0.0103
vn -0.9224 -0.3757 -0.0901
vn -0.9948 0.0701 -0.0734
vn -0.9551 0.2919 -0.0499
vn -0.3206 -0.9433 -0.0865
vn -0.9123 0.4091 0.0164
vn -0.5353 0.8420 0.0673
vn -0.9495 0.3049 0.0747
vn -0.9905 0.1376 0.0044
vn -0.4304 0.9008 0.0571
vn -0.9689 0.2467 0.0170
vn -0.9905 0.1371 0.0104
vn -0.7548 0.6440 0.1246
vn -0.7349 0.6772 0.0361
vn -0.6717 0.7398 0.0382
vn -0.9573 -0.2751 -0.0891
vn -0.5688 -0.8185 -0.0809
vn -0.1663 -0.9815 -0.0951
vn -0.9760 0.2107 -0.0551
vn -0.9917 -0.0975 -0.0836
vn -0.8616 -0.5009 -0.0817
vn -0.9211 0.3884 -0.0275
vn -0.3509 -0.9329 -0.0814
vn -0.1695 -0.9855 -0.0096
vn -0.1810 -0.9771 -0.1115
vn -0.1011 -0.9898 -0.1002
vn -0.0878 -0.9948 -0.0513
vn -0.2580 -0.9641 -0.0628
vn -0.2498 -0.9639 -0.0920
vn 0.8967 -0.3966 -0.1966
vn -0.9656 0.2527 0.0611
vn -0.3329 -0.8798 -0.3394
vn -0.0347 0.3231 -0.9457
vn 0.9292 -0.3191 -0.1863
vn 0.5189 -0.8547 0.0154
vn -0.8874 0.4490 0.1047
vn -0.9708 0.2128 0.1107
vn 0.7554 -0.6344 -0.1641
vn 0.8665 -0.4642 -0.1835
vn 0.8669 -0.4834 -0.1216
vn 0.8469 -0.5253 -0.0828
vn -0.7184 0.6928 0.0631
vn -0.8236 0.5565 0.1095
vn -0.8625 0.4870 0.1374
vn -0.9176 0.3699 0.1454
vn -0.3667 -0.7280 0.5793
vn -0.3663 -0.8937 0.2591
vn -0.8364 0.5360 0.1148
vn -0.9017 0.4134 0.1266
vn 0.3625 0.6767 -0.6409
vn 0.3324 0.8405 -0.4278
vn 0.8241 -0.5528 -0.1239
vn 0.8973 -0.4198 -0.1364
vn 0.7917 -0.6100 -0.0332
vn 0.4038 -0.9065 -0.1232
vn -0.9720 -0.2189 -0.0852
vn -0.9624 -0.2537 0.0967
vn 0.7389 -0.6694 -0.0771
vn 0.2971 0.3815 -0.8753
vn -0.8199 0.5692 0.0618
vn -0.3782 -0.6631 0.6459
vn 0.9212 0.1578 -0.3557
vn -0.7888 -0.4370 0.4322
vn -0.8994 -0.2731 0.3412
vn -0.9370 -0.1611 0.3098
vn 0.8106 0.4799 -0.3355
vn 0.7485 0.0765 -0.6587
vn -0.8757 0.1994 0.4398
vn 0.6003 0.1336 -0.7885
vn 0.0819 0.8546 0.5129
vn 0.4867 -0.8580 0.1644
vn 0.9149 0.2175 -0.3400
vn -0.8271 -0.3725 0.4208
vn 0.8243 0.3153 -0.4703
vn 0.8897 0.1960 -0.4123
vn -0.9124 -0.2125 0.3499
vn -0.9311 -0.1441 0.3350
vn -0.2696 -0.9605 -0.0689
vn -0.0000 -0.9971 -0.0762
vn 0.9258 -0.2360 0.2955
vn 0.2696 -0.9605 -0.0689
vn -0.0000 -1.0000 -0.0041
vn 0.9679 -0.2473 -0.0441
vn 0.9499 -0.3121 0.0150
vn -0.0000 0.3839 -0.9234
vn 0.5057 -0.8551 -0.1139
vn 0.5260 -0.8429 -0.1133
vn -0.9679 -0.2473 -0.0441
vn -0.9499 -0.3121 0.0150
vn -0.5057 -0.8551 -0.1139
vn -0.5260 -0.8429 -0.1133
vn -0.0000 -0.7039 0.7103
vn 0.6000 -0.7881 0.1374
vn -0.7912 -0.5425 -0.2823
vn -0.7059 -0.7000 -0.1082
vn -0.6991 -0.7108 -0.0770
vn -0.7111 -0.6989 -0.0764
vn 0.7912 -0.5426 -0.2823
vn 0.7059 -0.7000 -0.1082
vn 0.6991 -0.7108 -0.0770
vn 0.7111 -0.6989 -0.0764
vn -0.6000 -0.7881 0.1374
vn 0.9476 0.2684 -0.1735
vn 0.7823 0.5630 0.2666
vn 0.8996 0.4342 0.0481
vn 0.9233 0.3823 -0.0364
vn 0.9175 0.3935 -0.0576
vn 0.8975 0.4377 -0.0541
vn 0.8546 0.5151 -0.0663
vn 0.7327 0.6086 0.3046
vn 0.6096 -0.7739 0.1718
vn 0.9511 -0.1999 0.2354
vn 0.9076 0.3250 0.2656
vn 0.7755 -0.6250 -0.0896
vn 0.9903 -0.1305 -0.0466
vn 0.9511 0.3055 -0.0463
vn 0.8282 -0.5548 -0.0797
vn 0.9936 -0.1047 -0.0431
vn 0.9681 0.2474 -0.0399
vn 0.8533 -0.5154 -0.0787
vn 0.9939 -0.0929 -0.0601
vn 0.9740 0.2202 -0.0540
vn 0.8702 -0.4852 -0.0859
vn 0.9919 -0.0938 -0.0855
vn 0.9761 0.2091 -0.0600
vn 0.8361 -0.5485 -0.0140
vn 0.9945 -0.1036 -0.0148
vn 0.9721 0.2346 -0.0026
vn 0.7010 -0.6997 0.1380
vn 0.9727 -0.1781 0.1484
vn 0.9319 0.2954 0.2104
vn 0.9012 -0.4013 -0.1636
vn 0.9558 -0.0877 -0.2805
vn 0.9520 0.1627 -0.2591
vn 0.9439 0.2853 -0.1666
vn 0.9724 -0.1323 -0.1921
vn 0.7922 -0.6025 -0.0972
vn 0.8818 0.4634 -0.0879
vn 0.9544 0.2680 0.1313
vn 0.9890 -0.1327 0.0654
vn 0.7958 -0.6027 0.0578
vn 0.8356 0.5131 0.1963
vn 0.1501 -0.9722 0.1798
vn 0.1130 -0.9931 0.0312
vn 0.1388 -0.9844 0.1084
vn 0.8089 -0.5852 -0.0561
vn 0.1038 0.8704 0.4813
vn 0.8890 0.4468 -0.0997
vn 0.9995 0.0207 -0.0234
vn 0.1990 0.9266 0.3191
vn 0.9998 -0.0023 -0.0180
vn 0.4278 -0.9029 0.0431
vn 0.2575 0.9555 0.1439
vn 0.1806 0.0199 0.9834
vn 0.1127 -0.7699 0.6282
vn 0.9908 0.1350 -0.0005
vn 0.1559 0.5036 0.8497
vn 0.1181 0.7515 0.6491
vn 0.9929 0.1183 -0.0154
vn 0.5629 0.8215 0.0909
vn 0.1626 -0.9736 0.1599
vn 0.9687 0.1072 -0.2239
vn 0.3194 -0.9473 -0.0262
vn 0.1780 0.9261 0.3327
vn 0.9999 0.0027 -0.0115
vn 0.9999 0.0140 -0.0077
vn 0.1636 -0.9827 -0.0869
vn 0.2253 0.9407 0.2537
vn 0.1324 -0.9098 0.3933
vn 0.1149 0.9100 0.3983
vn 0.3792 0.3308 0.8641
vn 0.8053 -0.4327 0.4052
vn 0.6074 -0.7067 0.3629
vn 0.6649 0.6822 -0.3043
vn 0.6017 0.5685 0.5610
vn 0.5746 -0.6780 0.4584
vn 0.7960 0.2194 0.5641
vn 0.1111 -0.8910 0.4401
vn 0.1056 0.8829 0.4575
vn 0.1501 0.9192 0.3641
vn 0.1608 -0.9472 0.2775
vn 0.3893 0.8752 0.2873
vn 0.9116 -0.3189 0.2595
vn 0.5984 -0.7510 0.2792
vn 0.7550 -0.2960 0.5851
vn 0.9201 0.2617 -0.2915
vn 0.6048 -0.7288 0.3211
vn 0.8242 -0.4083 0.3924
vn 0.9861 -0.1656 0.0104
vn 0.1489 -0.9301 0.3357
vn 0.1268 0.9121 0.3898
vn 0.3278 0.8935 0.3068
vn 0.8657 -0.2959 0.4038
vn 0.3637 0.7529 0.5486
vn 0.8081 -0.1678 0.5647
vn 0.6330 0.4739 0.6122
vn 0.7822 0.1590 0.6024
vn 0.9274 0.3595 0.1032
vn 0.7725 0.5844 0.2485
vn 0.5868 0.7842 0.2018
vn 0.9690 -0.0510 0.2416
vn 0.8700 0.3576 0.3395
vn 0.8280 0.3723 0.4192
vn 0.8774 0.3705 0.3050
vn 0.8665 0.3613 0.3444
vn 0.8663 0.4023 0.2961
vn 0.8976 0.3236 0.2995
vn 0.8113 0.3876 0.4377
vn 0.7762 0.4938 0.3920
vn 0.8412 0.4367 0.3190
vn 0.8050 0.3362 0.4888
vn 0.9926 -0.0690 0.1001
vn 0.6189 0.7854 0.0098
vn 0.7276 0.6746 -0.1246
vn 0.9444 0.3002 -0.1340
vn 0.6881 0.0127 0.7255
vn 0.5485 0.3808 0.7444
vn 0.8077 -0.1628 0.5666
vn 0.4985 0.6439 0.5805
vn 0.9199 -0.1950 0.3402
vn 0.5230 0.7924 0.3139
vn 0.9480 0.1086 0.2992
vn 0.7190 0.6792 0.1475
vn 0.7797 0.6169 0.1070
vn 0.9302 0.3652 0.0367
vn 0.7495 0.1052 0.6536
vn 0.6767 0.4045 0.6152
vn 0.8343 -0.0935 0.5433
vn 0.6185 0.5989 0.5087
vn 0.9135 -0.1086 0.3921
vn 0.5705 0.7575 0.3174
vn 0.2429 0.9412 0.2350
vn 0.1130 -0.9922 0.0534
vn 0.9685 0.2473 0.0278
vn 0.9935 -0.1125 -0.0156
vn 0.8262 -0.5626 -0.0296
vn 0.8753 0.4757 0.0871
vn 0.4146 -0.9099 0.0104
vn 0.5776 0.7985 0.1697
vn 0.2793 0.9072 0.3145
vn 0.2929 -0.9033 0.3136
vn 0.3056 -0.9143 0.2656
vn 0.3576 0.8737 0.3299
vn 0.1809 0.8570 0.4826
vn 0.2534 -0.8665 0.4302
vn 0.1968 0.9140 0.3547
vn 0.2688 -0.8895 0.3695
vn 0.5328 0.8222 0.2001
vn 0.5639 -0.8214 -0.0861
vn 0.5135 -0.8533 -0.0908
vn 0.5572 -0.8245 -0.0989
vn 0.4023 0.8577 0.3203
vn 0.5505 -0.8341 -0.0350
vn 0.5622 -0.8184 -0.1191
vn 0.3205 -0.9326 0.1661
vn 0.7776 0.6283 -0.0239
vn 0.6661 0.7441 -0.0514
vn 0.6712 0.7357 -0.0905
vn 0.3573 0.6895 0.6300
vn 0.6950 0.7155 -0.0717
vn 0.5003 0.3896 0.7733
vn 0.6857 0.7264 -0.0455
vn 0.3542 -0.7193 0.5976
vn 0.5524 -0.0236 0.8332
vn 0.6173 0.7826 0.0805
vn 0.6789 -0.7328 -0.0459
vn 0.8661 -0.3926 -0.3095
vn 0.4653 0.8375 0.2865
vn 0.8741 0.3591 -0.3271
vn 0.9050 -0.0734 -0.4191
vn 0.2413 0.8334 0.4973
vn 0.8911 0.1635 -0.4233
vn 0.3392 -0.9308 0.1361
vn 0.3665 -0.9290 0.0522
vn 0.4994 -0.8621 0.0856
vn 0.8969 -0.1889 -0.3998
vn 0.8298 -0.0810 0.5522
vn 0.9506 -0.3093 -0.0269
vn 0.7812 -0.5049 0.3673
vn 0.8116 -0.4993 0.3034
vn 0.9998 0.0032 -0.0178
vn 0.9371 -0.3452 0.0524
vn 0.9267 -0.3375 -0.1651
vn 0.9464 -0.2098 -0.2457
vn 0.8908 -0.4364 0.1266
vn 0.9513 -0.3076 -0.0198
vn 0.9597 -0.2658 -0.0912
vn 0.9626 -0.2629 -0.0654
vn 0.9545 -0.2931 -0.0548
vn 0.9323 -0.3566 -0.0599
vn 0.8463 -0.4937 0.2000
vn 0.8275 -0.2624 0.4964
vn 0.6395 -0.5951 0.4868
vn 0.4343 -0.5572 0.7077
vn 0.8712 -0.3471 0.3471
vn 0.1429 -0.6047 0.7835
vn 0.8565 0.0567 0.5130
vn 0.5632 0.1295 0.8161
vn 0.1958 0.2016 0.9597
vn 0.0413 -0.9203 0.3889
vn 0.1779 -0.9094 0.3758
vn 0.2375 -0.9060 0.3503
vn 0.1209 0.8884 0.4428
vn 0.5509 0.1139 0.8268
vn 0.3460 0.8556 0.3850
vn 0.5023 0.8522 0.1467
vn -0.3116 0.2375 0.9201
vn 0.1888 0.9749 -0.1178
vn -0.0692 -0.9969 0.0381
vn 0.0334 0.9994 0.0098
vn 0.0847 0.9963 -0.0120
vn -0.0408 -0.9990 0.0201
vn -0.1595 -0.9757 0.1505
vn -0.0522 -0.9986 0.0067
vn -0.2064 -0.9575 0.2014
vn -0.4472 0.3269 0.8326
vn 0.2033 0.9597 -0.1942
vn -0.0848 -0.9958 0.0333
vn 0.0359 0.9993 -0.0046
vn 0.0823 0.9961 -0.0329
vn 0.2104 0.9177 -0.3369
vn 0.6575 0.7519 0.0474
vn 0.5150 -0.8565 -0.0352
vn 0.1666 -0.9860 -0.0024
vn 0.9243 0.1071 -0.3664
vn 0.9696 0.2392 -0.0508
vn -0.2251 -0.7962 -0.5616
vn -0.9677 0.1725 -0.1841
vn 0.9117 0.4105 -0.0144
vn 0.9195 -0.3822 -0.0922
vn 0.6970 0.7170 -0.0061
vn 0.5340 -0.8416 -0.0815
vn 0.9015 -0.3393 0.2687
vn 0.4696 0.8825 0.0238
vn 0.8387 0.5410 -0.0629
vn 0.7430 -0.6644 -0.0809
vn 0.9849 -0.1439 -0.0965
vn 0.9393 0.3329 -0.0831
vn 0.9970 0.0739 -0.0213
vn 0.6902 0.5615 0.4564
vn 0.6391 0.7663 -0.0652
vn 0.4970 0.8670 -0.0372
vn 0.8242 0.5662 -0.0118
vn 0.2979 0.9131 0.2784
vn 0.8034 0.5931 -0.0522
vn 0.6822 0.6449 -0.3445
vn 0.4111 0.9115 -0.0142
vn 0.7639 0.6449 0.0239
vn 0.9567 0.2901 -0.0240
vn 0.4607 0.6317 0.6235
vn 0.9933 0.1083 -0.0412
vn 0.7082 -0.4599 -0.5357
vn 0.9853 0.1685 -0.0283
vn 0.8332 0.5520 0.0335
vn 0.8949 0.4461 -0.0110
vn 0.8928 0.4491 -0.0353
vn 0.8743 0.4794 -0.0761
vn 0.7093 0.6801 0.1853
vn 0.9923 0.1235 -0.0008
vn 0.9912 0.1323 0.0055
vn 0.9735 0.2283 0.0096
vn 0.9883 0.1523 -0.0049
vn 0.6448 0.4913 0.5856
vn 0.9983 0.0497 -0.0320
vn 0.8347 -0.3977 -0.3810
vn 0.9982 0.0576 -0.0152
vn 0.9961 0.0878 -0.0015
vn 0.9806 0.1960 -0.0035
vn 0.9920 0.1265 -0.0012
vn 0.8725 0.4884 0.0134
vn 0.4486 0.8910 0.0700
vn 0.8968 0.4419 -0.0219
vn 0.9618 -0.2577 -0.0929
vn 0.6944 0.7175 -0.0541
vn 0.5293 -0.8411 -0.1114
vn 0.1862 -0.9790 -0.0830
vn 0.9746 0.2103 -0.0772
vn 0.9919 -0.0913 -0.0886
vn 0.8698 -0.4831 -0.1005
vn 0.9225 0.3794 -0.0713
vn 0.9398 -0.3379 -0.0518
vn 0.8849 -0.4658 0.0082
vn -0.3426 -0.9393 -0.0183
vn 0.9574 -0.2573 -0.1313
vn 0.9999 -0.0164 -0.0022
vn 0.9505 -0.3090 -0.0336
vn 0.9552 -0.2933 -0.0392
vn 0.9526 -0.2990 -0.0570
vn 0.9703 -0.0308 -0.2399
vn 0.7608 0.6439 -0.0817
vn 0.9040 0.1081 -0.4136
vn 0.9074 -0.0722 -0.4141
vn 0.8817 0.3116 -0.3542
vn 0.8207 -0.4598 -0.3391
vn 0.8936 -0.2323 -0.3842
vn 0.9998 -0.0094 -0.0188
vn 0.9991 -0.0375 -0.0182
vn 0.9997 -0.0222 0.0118
vn 1.0000 0.0017 0.0040
vn 1.0000 -0.0041 0.0036
vn 1.0000 0.0025 0.0044
vn 1.0000 -0.0019 -0.0006
vn 0.8716 0.4169 0.2581
vn 0.8442 -0.4939 0.2083
vn 0.7653 -0.6265 0.1478
vn 0.8066 0.5496 0.2174
vn 0.9862 0.1051 -0.1280
vn 0.9875 -0.0225 -0.1559
vn 0.9860 0.0538 -0.1577
vn 0.9842 -0.0750 -0.1606
vn 0.9838 -0.1385 -0.1139
vn 0.8518 0.1637 0.4976
vn 0.7125 0.4698 0.5212
vn 0.9298 0.2657 0.2547
vn 0.7771 0.6107 0.1522
vn 0.7646 0.5304 0.3662
vn 0.8931 0.2139 0.3958
vn 0.9065 -0.2796 0.3163
vn 0.4900 0.8662 -0.0983
vn 0.5650 -0.0827 0.8209
vn 0.3036 0.7072 0.6385
vn 0.8503 -0.5233 0.0558
vn 0.9861 -0.1426 0.0851
vn 0.9865 0.1482 -0.0700
vn 0.9519 -0.3048 0.0326
vn 0.7449 -0.6645 -0.0594
vn 0.9399 -0.3061 -0.1514
vn 0.9640 -0.1785 -0.1969
vn 0.8369 -0.5273 -0.1469
vn 0.1666 -0.0335 -0.9855
vn 0.2272 0.3916 -0.8916
vn 0.0312 -0.3064 -0.9514
vn 0.9315 -0.3443 0.1172
vn -0.9360 0.3202 -0.1460
vn -0.9590 0.2270 -0.1699
vn 0.9612 -0.2309 0.1509
vn 0.9788 -0.1342 0.1549
vn 0.9408 -0.1390 0.3091
vn 0.9586 -0.1317 0.2526
vn 0.9693 -0.1290 0.2093
vn 0.9265 -0.1960 0.3211
vn 0.9518 -0.1917 0.2393
vn 0.9574 -0.2129 0.1950
vn -0.9111 0.1858 -0.3680
vn -0.9522 0.1885 -0.2402
vn -0.9585 0.2098 -0.1931
vn -0.8572 0.3090 -0.4121
vn -0.9239 0.3119 -0.2214
vn -0.9331 0.3199 -0.1642
vn 0.8583 -0.3459 0.3791
vn 0.9188 -0.3278 0.2201
vn 0.9277 -0.3366 0.1616
vn -0.9279 0.1905 -0.3206
vn -0.9557 0.1586 -0.2478
vn -0.9655 0.1573 -0.2077
vn -0.4295 -0.8891 0.1583
vn -0.3183 -0.9454 -0.0699
vn -0.3028 -0.9178 -0.2567
vn 0.0037 0.8820 0.4712
vn 0.1171 0.9772 0.1770
vn 0.1565 0.9875 -0.0192
vn 0.4077 0.9120 0.0459
vn 0.9612 0.2716 0.0489
vn 0.9875 0.1530 0.0368
vn 0.7858 0.6108 0.0973
vn 0.7133 0.6978 0.0650
vn 0.6775 0.7352 0.0230
vn 0.9541 -0.2853 -0.0909
vn 0.5686 -0.8188 -0.0795
vn -0.9165 -0.3735 -0.1429
vn 0.9749 0.2154 -0.0569
vn 0.9901 -0.1078 -0.0900
vn 0.8524 -0.5162 -0.0835
vn 0.9181 0.3955 -0.0261
vn 0.0884 -0.9928 -0.0805
vn 0.2623 -0.9616 -0.0809
vn 0.1771 -0.9835 -0.0380
vn 0.1726 -0.9794 -0.1047
vn 0.2796 -0.4962 -0.8219
vn -0.2538 0.8252 -0.5047
vn 0.9264 0.3570 0.1193
vn 0.3488 -0.9348 0.0677
vn 0.3586 -0.6493 0.6707
vn 0.3709 -0.8207 0.4347
vn 0.8026 0.5893 0.0929
vn 0.8722 0.4729 0.1252
vn -0.3842 0.5624 -0.7322
vn -0.3522 0.7745 -0.5254
vn -0.7825 -0.6143 -0.1016
vn -0.8664 -0.4812 -0.1332
vn -0.4510 -0.8894 -0.0746
vn 0.1338 -0.9581 -0.2533
vn 0.9636 -0.2666 -0.0174
vn 0.1660 -0.9731 0.1599
vn -0.0489 0.9348 0.3517
vn -0.2352 -0.9653 -0.1137
vn -0.7242 0.2066 -0.6579
vn 0.8215 -0.4105 0.3958
vn -0.6264 0.1641 -0.7620
vn -0.6033 0.0864 -0.7928
vn 0.9132 -0.2354 0.3326
vn 0.9323 -0.1495 0.3293
vn -0.9476 0.2684 -0.1735
vn -0.7823 0.5630 0.2666
vn -0.8996 0.4342 0.0481
vn -0.9233 0.3823 -0.0364
vn -0.9175 0.3935 -0.0576
vn -0.8975 0.4377 -0.0541
vn -0.8546 0.5151 -0.0663
vn -0.7327 0.6086 0.3046
vn -0.6096 -0.7739 0.1718
vn -0.9511 -0.1999 0.2354
vn -0.9076 0.3250 0.2656
vn -0.7755 -0.6250 -0.0896
vn -0.9903 -0.1305 -0.0466
vn -0.9511 0.3055 -0.0463
vn -0.8282 -0.5548 -0.0797
vn -0.9936 -0.1047 -0.0431
vn -0.9681 0.2474 -0.0399
vn -0.8533 -0.5154 -0.0787
vn -0.9939 -0.0929 -0.0601
vn -0.9740 0.2202 -0.0540
vn -0.8702 -0.4852 -0.0859
vn -0.9919 -0.0938 -0.0855
vn -0.9761 0.2091 -0.0600
vn -0.8361 -0.5484 -0.0140
vn -0.9945 -0.1036 -0.0148
vn -0.9721 0.2346 -0.0026
vn -0.7010 -0.6997 0.1380
vn -0.9727 -0.1781 0.1484
vn -0.9319 0.2954 0.2104
vn -0.9012 -0.4013 -0.1636
vn -0.9558 -0.0877 -0.2805
vn -0.9520 0.1627 -0.2591
vn -0.9439 0.2853 -0.1666
vn -0.9724 -0.1323 -0.1921
vn -0.7922 -0.6025 -0.0972
vn -0.8818 0.4634 -0.0879
vn -0.9544 0.2679 0.1313
vn -0.9890 -0.1327 0.0654
vn -0.7958 -0.6027 0.0578
vn -0.8356 0.5131 0.1963
vn -0.1501 -0.9722 0.1798
vn -0.1130 -0.9931 0.0312
vn -0.1388 -0.9844 0.1084
vn -0.8089 -0.5852 -0.0561
vn -0.1038 0.8704 0.4813
vn -0.8890 0.4468 -0.0997
vn -0.9995 0.0207 -0.0234
vn -0.1990 0.9266 0.3191
vn -0.9998 -0.0023 -0.0180
vn -0.4278 -0.9029 0.0431
vn -0.2575 0.9555 0.1439
vn -0.1806 0.0199 0.9834
vn -0.1127 -0.7699 0.6282
vn -0.9908 0.1350 -0.0005
vn -0.1559 0.5036 0.8497
vn -0.1181 0.7515 0.6491
vn -0.9929 0.1183 -0.0154
vn -0.5629 0.8215 0.0909
vn -0.1626 -0.9736 0.1599
vn -0.9687 0.1072 -0.2239
vn -0.3194 -0.9473 -0.0262
vn -0.1780 0.9261 0.3327
vn -0.9999 0.0027 -0.0115
vn -0.9999 0.0140 -0.0077
vn -0.1636 -0.9827 -0.0869
vn -0.2253 0.9407 0.2537
vn -0.1324 -0.9098 0.3933
vn -0.1149 0.9100 0.3983
vn -0.3792 0.3308 0.8641
vn -0.8053 -0.4327 0.4052
vn -0.6074 -0.7067 0.3629
vn -0.6649 0.6822 -0.3043
vn -0.6017 0.5685 0.5610
vn -0.5746 -0.6780 0.4584
vn -0.7960 0.2194 0.5641
vn -0.1111 -0.8910 0.4401
vn -0.1056 0.8829 0.4575
vn -0.1501 0.9192 0.3641
vn -0.1608 -0.9472 0.2775
vn -0.3893 0.8752 0.2873
vn -0.9116 -0.3189 0.2595
vn -0.5984 -0.7510 0.2792
vn -0.7550 -0.2960 0.5851
vn -0.9201 0.2617 -0.2915
vn -0.6048 -0.7288 0.3211
vn -0.8242 -0.4083 0.3924
vn -0.9861 -0.1656 0.0104
vn -0.1489 -0.9301 0.3357
vn -0.1268 0.9121 0.3898
vn -0.3278 0.8935 0.3068
vn -0.8657 -0.2959 0.4038
vn -0.3637 0.7529 0.5486
vn -0.8081 -0.1678 0.5647
vn -0.6330 0.4739 0.6122
vn -0.7822 0.1590 0.6024
vn -0.9274 0.3595 0.1032
vn -0.7725 0.5844 0.2485
vn -0.5868 0.7842 0.2018
vn -0.9690 -0.0510 0.2416
vn -0.8700 0.3576 0.3395
vn -0.8280 0.3723 0.4192
vn -0.8774 0.3705 0.3050
vn -0.8665 0.3613 0.3444
vn -0.8663 0.4023 0.2961
vn -0.8976 0.3236 0.2995
vn -0.8113 0.3876 0.4377
vn -0.7762 0.4938 0.3920
vn -0.8412 0.4367 0.3190
vn -0.8050 0.3362 0.4888
vn -0.9926 -0.0690 0.1001
vn -0.6189 0.7854 0.0098
vn -0.7276 0.6746 -0.1246
vn -0.9444 0.3002 -0.1340
vn -0.6881 0.0127 0.7255
vn -0.5485 0.3808 0.7444
vn -0.8077 -0.1628 0.5666
vn -0.4985 0.6439 0.5805
vn -0.9199 -0.1950 0.3402
vn -0.5230 0.7925 0.3139
vn -0.9480 0.1086 0.2992
vn -0.7190 0.6792 0.1475
vn -0.7797 0.6169 0.1070
vn -0.9302 0.3652 0.0367
vn -0.7495 0.1052 0.6536
vn -0.6767 0.4045 0.6152
vn -0.8343 -0.0934 0.5433
vn -0.6185 0.5989 0.5087
vn -0.9135 -0.1086 0.3921
vn -0.5705 0.7575 0.3174
vn -0.2429 0.9412 0.2350
vn -0.1130 -0.9922 0.0534
vn -0.9685 0.2473 0.0278
vn -0.9935 -0.1125 -0.0156
vn -0.8262 -0.5626 -0.0296
vn -0.8753 0.4757 0.0871
vn -0.4146 -0.9099 0.0104
vn -0.5776 0.7985 0.1697
vn -0.2793 0.9072 0.3145
vn -0.2929 -0.9033 0.3136
vn -0.3056 -0.9143 0.2656
vn -0.3576 0.8737 0.3299
vn -0.1809 0.8570 0.4826
vn -0.2534 -0.8665 0.4302
vn -0.1968 0.9140 0.3547
vn -0.2688 -0.8895 0.3695
vn -0.5328 0.8222 0.2001
vn -0.5639 -0.8214 -0.0861
vn -0.5135 -0.8533 -0.0908
vn -0.5572 -0.8245 -0.0989
vn -0.4023 0.8577 0.3203
vn -0.5505 -0.8341 -0.0350
vn -0.5622 -0.8184 -0.1191
vn -0.3205 -0.9326 0.1661
vn -0.7776 0.6283 -0.0239
vn -0.6661 0.7441 -0.0514
vn -0.6712 0.7357 -0.0905
vn -0.3573 0.6895 0.6300
vn -0.6950 0.7155 -0.0717
vn -0.5003 0.3896 0.7733
vn -0.6857 0.7264 -0.0455
vn -0.3542 -0.7193 0.5976
vn -0.5524 -0.0236 0.8332
vn -0.6173 0.7826 0.0805
vn -0.6789 -0.7328 -0.0459
vn -0.8661 -0.3926 -0.3095
vn -0.4653 0.8375 0.2865
vn -0.8741 0.3591 -0.3271
vn -0.9050 -0.0734 -0.4191
vn -0.2413 0.8334 0.4973
vn -0.8911 0.1635 -0.4233
vn -0.3391 -0.9308 0.1361
vn -0.3665 -0.9290 0.0522
vn -0.4994 -0.8621 0.0856
vn -0.8969 -0.1889 -0.3998
vn -0.8298 -0.0810 0.5522
vn -0.9506 -0.3093 -0.0269
vn -0.7812 -0.5049 0.3673
vn -0.8116 -0.4993 0.3034
vn -0.9998 0.0032 -0.0178
vn -0.9371 -0.3452 0.0524
vn -0.9267 -0.3375 -0.1651
vn -0.9464 -0.2098 -0.2457
vn -0.8908 -0.4364 0.1266
vn -0.9513 -0.3076 -0.0198
vn -0.9597 -0.2658 -0.0912
vn -0.9626 -0.2629 -0.0654
vn -0.9545 -0.2931 -0.0548
vn -0.9323 -0.3566 -0.0599
vn -0.8463 -0.4937 0.2000
vn -0.8275 -0.2624 0.4964
vn -0.6395 -0.5951 0.4868
vn -0.4343 -0.5572 0.7078
vn -0.8712 -0.3471 0.3471
vn -0.1429 -0.6047 0.7835
vn -0.8565 0.0567 0.5130
vn -0.5632 0.1295 0.8161
vn -0.1958 0.2016 0.9597
vn -0.0413 -0.9203 0.3889
vn -0.1779 -0.9094 0.3758
vn -0.2375 -0.9060 0.3503
vn -0.1209 0.8884 0.4428
vn -0.5509 0.1140 0.8268
vn -0.3460 0.8556 0.3850
vn -0.5023 0.8522 0.1467
vn 0.3115 0.2376 0.9201
vn -0.1888 0.9749 -0.1178
vn 0.0692 -0.9969 0.0381
vn -0.0334 0.9994 0.0098
vn -0.0847 0.9963 -0.0120
vn 0.0408 -0.9990 0.0201
vn 0.1595 -0.9757 0.1505
vn 0.0522 -0.9986 0.0067
vn 0.2064 -0.9575 0.2014
vn 0.4472 0.3269 0.8326
vn -0.2033 0.9597 -0.1942
vn 0.0848 -0.9958 0.0333
vn -0.0359 0.9993 -0.0046
vn -0.0823 0.9961 -0.0329
vn -0.2105 0.9177 -0.3369
vn -0.6575 0.7519 0.0474
vn -0.5150 -0.8565 -0.0352
vn -0.1666 -0.9860 -0.0024
vn -0.9243 0.1071 -0.3664
vn -0.9696 0.2392 -0.0508
vn 0.2251 -0.7962 -0.5616
vn 0.9677 0.1725 -0.1841
vn -0.9117 0.4105 -0.0144
vn -0.9195 -0.3822 -0.0922
vn -0.6970 0.7170 -0.0061
vn -0.5340 -0.8416 -0.0815
vn -0.4696 0.8825 0.0238
vn -0.8387 0.5410 -0.0629
vn -0.7430 -0.6644 -0.0809
vn -0.9849 -0.1439 -0.0965
vn -0.9393 0.3329 -0.0831
vn -0.9970 0.0739 -0.0213
vn -0.6902 0.5615 0.4564
vn -0.6391 0.7663 -0.0652
vn -0.4970 0.8670 -0.0372
vn -0.8242 0.5662 -0.0118
vn -0.2979 0.9131 0.2784
vn -0.8034 0.5931 -0.0522
vn -0.6822 0.6449 -0.3445
vn -0.4111 0.9115 -0.0142
vn -0.7639 0.6449 0.0239
vn -0.9567 0.2901 -0.0240
vn -0.4607 0.6317 0.6235
vn -0.9933 0.1083 -0.0412
vn -0.7082 -0.4599 -0.5357
vn -0.9853 0.1685 -0.0283
vn -0.8332 0.5520 0.0335
vn -0.8949 0.4461 -0.0110
vn -0.8928 0.4491 -0.0353
vn -0.8743 0.4794 -0.0761
vn -0.7093 0.6801 0.1853
vn -0.9923 0.1235 -0.0008
vn -0.9912 0.1323 0.0055
vn -0.9735 0.2283 0.0096
vn -0.9883 0.1523 -0.0049
vn -0.6448 0.4913 0.5856
vn -0.9983 0.0497 -0.0320
vn -0.8347 -0.3977 -0.3810
vn -0.9982 0.0576 -0.0152
vn -0.9961 0.0878 -0.0014
vn -0.9806 0.1960 -0.0035
vn -0.9920 0.1265 -0.0012
vn -0.8725 0.4884 0.0134
vn -0.4486 0.8910 0.0700
vn -0.8968 0.4419 -0.0219
vn -0.9618 -0.2577 -0.0929
vn -0.6944 0.7175 -0.0541
vn -0.5293 -0.8411 -0.1114
vn -0.1862 -0.9790 -0.0830
vn -0.9746 0.2103 -0.0772
vn -0.9919 -0.0913 -0.0886
vn -0.8698 -0.4831 -0.1005
vn -0.9225 0.3794 -0.0713
vn -0.9398 -0.3379 -0.0518
vn -0.8849 -0.4658 0.0082
vn -0.9574 -0.2573 -0.1313
vn -0.9999 -0.0164 -0.0022
vn -0.9505 -0.3090 -0.0336
vn -0.2428 -0.9668 -0.0794
vn -0.9552 -0.2933 -0.0392
vn -0.9526 -0.2990 -0.0570
vn -0.9703 -0.0308 -0.2399
vn -0.7608 0.6439 -0.0817
vn -0.9040 0.1081 -0.4135
vn -0.9074 -0.0722 -0.4141
vn -0.8817 0.3116 -0.3542
vn -0.8207 -0.4598 -0.3391
vn -0.8936 -0.2323 -0.3842
vn -0.9998 -0.0094 -0.0188
vn -0.9991 -0.0375 -0.0182
vn -0.9997 -0.0222 0.0118
vn -1.0000 0.0017 0.0040
vn -1.0000 -0.0041 0.0036
vn -1.0000 0.0025 0.0044
vn -1.0000 -0.0019 -0.0006
vn -0.8716 0.4169 0.2581
vn -0.8442 -0.4939 0.2083
vn -0.7653 -0.6265 0.1478
vn -0.8066 0.5496 0.2174
vn -0.9862 0.1051 -0.1280
vn -0.9875 -0.0225 -0.1559
vn -0.9860 0.0538 -0.1577
vn -0.9842 -0.0750 -0.1606
vn -0.9838 -0.1385 -0.1139
vn -0.8518 0.1637 0.4976
vn -0.7125 0.4698 0.5212
vn -0.9298 0.2657 0.2547
vn -0.7771 0.6107 0.1522
vn -0.7646 0.5304 0.3662
vn -0.8931 0.2139 0.3958
vn -0.9065 -0.2796 0.3163
vn -0.4900 0.8662 -0.0983
vn -0.5650 -0.0827 0.8209
vn -0.3036 0.7072 0.6385
vn -0.8503 -0.5233 0.0558
vn -0.9861 -0.1426 0.0851
vn -0.9865 0.1482 -0.0700
vn -0.9519 -0.3048 0.0326
vn -0.7449 -0.6645 -0.0594
vn -0.9399 -0.3061 -0.1514
vn -0.9640 -0.1785 -0.1969
vn -0.8369 -0.5273 -0.1469
vn -0.1666 -0.0335 -0.9855
vn -0.2272 0.3916 -0.8916
vn -0.0312 -0.3064 -0.9514
vn -0.9315 -0.3443 0.1172
vn 0.9360 0.3202 -0.1460
vn 0.9590 0.2270 -0.1699
vn -0.9612 -0.2309 0.1509
vn -0.9788 -0.1342 0.1549
vn -0.9408 -0.1390 0.3091
vn -0.9586 -0.1317 0.2526
vn -0.9693 -0.1290 0.2093
vn -0.9265 -0.1960 0.3211
vn -0.9518 -0.1917 0.2393
vn -0.9574 -0.2129 0.1950
vn 0.9111 0.1858 -0.3680
vn 0.9522 0.1885 -0.2402
vn 0.9585 0.2098 -0.1931
vn 0.8572 0.3090 -0.4121
vn 0.9239 0.3119 -0.2214
vn 0.9331 0.3199 -0.1642
vn -0.8583 -0.3459 0.3791
vn -0.9188 -0.3278 0.2201
vn -0.9277 -0.3366 0.1616
vn 0.9279 0.1905 -0.3206
vn 0.9557 0.1586 -0.2478
vn 0.9655 0.1573 -0.2077
vn 0.4295 -0.8891 0.1583
vn 0.3183 -0.9454 -0.0699
vn 0.3028 -0.9178 -0.2567
vn -0.0037 0.8820 0.4712
vn -0.1171 0.9772 0.1770
vn -0.1565 0.9875 -0.0192
vn -0.4077 0.9120 0.0459
vn -0.9612 0.2716 0.0489
vn -0.9875 0.1530 0.0368
vn -0.7858 0.6108 0.0973
vn -0.7133 0.6978 0.0650
vn -0.6775 0.7352 0.0230
vn -0.9541 -0.2853 -0.0909
vn -0.5686 -0.8188 -0.0795
vn 0.9165 -0.3735 -0.1429
vn -0.9749 0.2154 -0.0569
vn -0.9901 -0.1078 -0.0900
vn -0.8524 -0.5162 -0.0835
vn -0.9181 0.3955 -0.0261
vn -0.0884 -0.9928 -0.0805
vn -0.2623 -0.9616 -0.0809
vn -0.1771 -0.9835 -0.0380
vn -0.1726 -0.9794 -0.1047
vn -0.2796 -0.4962 -0.8219
vn 0.2538 0.8252 -0.5047
vn -0.9264 0.3570 0.1193
vn -0.3488 -0.9348 0.0677
vn -0.3586 -0.6493 0.6707
vn -0.3709 -0.8207 0.4347
vn -0.8026 0.5893 0.0929
vn -0.8722 0.4729 0.1252
vn 0.3842 0.5624 -0.7322
vn 0.3522 0.7745 -0.5254
vn 0.7825 -0.6143 -0.1016
vn 0.8664 -0.4812 -0.1332
vn 0.4510 -0.8894 -0.0746
vn -0.1338 -0.9581 -0.2533
vn -0.9636 -0.2666 -0.0174
vn -0.1660 -0.9731 0.1599
vn 0.0489 0.9348 0.3517
vn 0.2352 -0.9653 -0.1137
vn 0.7242 0.2066 -0.6579
vn -0.8215 -0.4105 0.3958
vn 0.6264 0.1641 -0.7620
vn 0.6033 0.0864 -0.7928
vn -0.9132 -0.2354 0.3326
vn -0.9323 -0.1495 0.3293
vn 0.2428 -0.9668 -0.0794
vn -0.9015 -0.3393 0.2687
vn 0.3426 -0.9393 -0.0183
vn 0.8628 -0.4174 0.2851
vn -0.4960 -0.8450 -0.2001
vn -0.5189 -0.8457 -0.1245
vn -0.4994 -0.8622 -0.0849
vn -0.5226 -0.8474 -0.0943
vn 0.4960 -0.8450 -0.2001
vn 0.5189 -0.8457 -0.1245
vn 0.4994 -0.8622 -0.0849
vn 0.5226 -0.8474 -0.0943
vn -0.8628 -0.4174 0.2851
vt 0.364436 0.106671
vt 0.364093 0.083013
vt 0.371975 0.087142
vt 0.371522 0.108388
vt 0.363889 0.061134
vt 0.372858 0.068013
vt 0.378099 0.075507
vt 0.378085 0.090740
vt 0.377572 0.109822
vt 0.409426 0.880935
vt 0.410953 0.858189
vt 0.419873 0.858589
vt 0.417377 0.881292
vt 0.413223 0.828820
vt 0.423163 0.829145
vt 0.432755 0.829680
vt 0.428603 0.859200
vt 0.425276 0.881944
vt 0.420762 0.721505
vt 0.420993 0.706333
vt 0.434414 0.705266
vt 0.433651 0.721163
vt 0.421156 0.694767
vt 0.434930 0.692835
vt 0.447342 0.691466
vt 0.446537 0.705050
vt 0.445311 0.721830
vt 0.420110 0.619835
vt 0.419150 0.593486
vt 0.433725 0.591595
vt 0.434626 0.617809
vt 0.417699 0.568628
vt 0.432288 0.566849
vt 0.444515 0.565200
vt 0.446069 0.589857
vt 0.447112 0.615995
vt 0.411992 0.517207
vt 0.406938 0.478307
vt 0.420964 0.476988
vt 0.426343 0.515569
vt 0.400342 0.428796
vt 0.413767 0.427785
vt 0.425138 0.426610
vt 0.432752 0.475594
vt 0.438362 0.513996
vt 0.392630 0.370854
vt 0.405041 0.369884
vt 0.384470 0.308185
vt 0.395566 0.307150
vt 0.405324 0.306119
vt 0.415710 0.368812
vt 0.376512 0.245892
vt 0.386175 0.244914
vt 0.370305 0.193156
vt 0.378725 0.192423
vt 0.386526 0.191703
vt 0.394925 0.243969
vt 0.408090 0.896962
vt 0.408547 0.892655
vt 0.415877 0.893254
vt 0.414828 0.897964
vt 0.423282 0.894370
vt 0.421789 0.900670
vt 0.360446 0.904971
vt 0.357988 0.897611
vt 0.366004 0.896009
vt 0.367891 0.903039
vt 0.354479 0.883990
vt 0.363243 0.882670
vt 0.371145 0.881734
vt 0.373094 0.894793
vt 0.374403 0.901478
vt 0.383540 0.899903
vt 0.383052 0.893602
vt 0.387881 0.893265
vt 0.388112 0.899442
vt 0.382202 0.880921
vt 0.387263 0.880699
vt 0.393150 0.880606
vt 0.393508 0.892973
vt 0.393726 0.899094
vt 0.400701 0.892615
vt 0.400921 0.897156
vt 0.400870 0.880700
vt 0.306254 0.311554
vt 0.308321 0.249934
vt 0.317560 0.249822
vt 0.316490 0.311541
vt 0.310693 0.196517
vt 0.318906 0.196510
vt 0.327389 0.196427
vt 0.327226 0.249618
vt 0.327354 0.311476
vt 0.344825 0.310957
vt 0.342516 0.248809
vt 0.349614 0.248315
vt 0.352960 0.310539
vt 0.340853 0.195718
vt 0.347112 0.195257
vt 0.353772 0.194701
vt 0.357304 0.247701
vt 0.361925 0.309967
vt 0.366480 0.246866
vt 0.372742 0.309163
vt 0.361650 0.193964
vt 0.307260 0.426875
vt 0.305885 0.370794
vt 0.316931 0.371360
vt 0.319001 0.427769
vt 0.328756 0.372022
vt 0.331595 0.428869
vt 0.352417 0.430042
vt 0.348168 0.372574
vt 0.357200 0.372477
vt 0.362085 0.430121
vt 0.367234 0.372169
vt 0.372879 0.429946
vt 0.379427 0.371631
vt 0.386054 0.429520
vt 0.312826 0.523813
vt 0.309987 0.479893
vt 0.322332 0.480277
vt 0.325594 0.523428
vt 0.335541 0.480759
vt 0.339268 0.522962
vt 0.361071 0.521814
vt 0.357050 0.481004
vt 0.367037 0.480756
vt 0.371201 0.521101
vt 0.378269 0.480250
vt 0.382673 0.520146
vt 0.392015 0.479425
vt 0.396727 0.518801
vt 0.320444 0.633784
vt 0.319014 0.604889
vt 0.331990 0.603494
vt 0.333688 0.631736
vt 0.317355 0.578288
vt 0.330172 0.577330
vt 0.344152 0.576225
vt 0.346056 0.601980
vt 0.347845 0.629626
vt 0.369552 0.626736
vt 0.367953 0.599637
vt 0.378076 0.598552
vt 0.379532 0.625481
vt 0.366149 0.574255
vt 0.376357 0.573288
vt 0.387966 0.572084
vt 0.389591 0.597218
vt 0.390884 0.623961
vt 0.403736 0.595453
vt 0.404848 0.621989
vt 0.402211 0.570460
vt 0.332905 0.746106
vt 0.329468 0.731524
vt 0.342482 0.727500
vt 0.345133 0.742148
vt 0.325979 0.716957
vt 0.340597 0.715947
vt 0.354091 0.712245
vt 0.355655 0.723193
vt 0.357644 0.738037
vt 0.376593 0.731459
vt 0.375318 0.716884
vt 0.384217 0.714095
vt 0.385257 0.728493
vt 0.374096 0.707022
vt 0.382848 0.704638
vt 0.392734 0.699675
vt 0.394352 0.711130
vt 0.395109 0.725665
vt 0.407065 0.708421
vt 0.407327 0.723154
vt 0.406816 0.697218
vt 0.350010 0.861025
vt 0.359645 0.859684
vt 0.345343 0.832759
vt 0.355851 0.831327
vt 0.365977 0.830175
vt 0.368617 0.858692
vt 0.381202 0.857869
vt 0.386802 0.857654
vt 0.380314 0.829079
vt 0.386668 0.828732
vt 0.393870 0.828533
vt 0.393235 0.857606
vt 0.401600 0.857821
vt 0.403000 0.828587
vt 0.311587 0.111674
vt 0.309623 0.091379
vt 0.315106 0.088927
vt 0.317447 0.110877
vt 0.308577 0.075651
vt 0.312613 0.069143
vt 0.319146 0.064156
vt 0.321520 0.086154
vt 0.323839 0.109785
vt 0.335689 0.107751
vt 0.333278 0.082194
vt 0.339118 0.080671
vt 0.341571 0.106850
vt 0.330937 0.058204
vt 0.336711 0.056054
vt 0.343910 0.055266
vt 0.346042 0.079943
vt 0.348164 0.106191
vt 0.354839 0.080587
vt 0.356163 0.105980
vt 0.353482 0.056869
vt 0.350272 0.137097
vt 0.349370 0.122974
vt 0.356957 0.122432
vt 0.357761 0.136500
vt 0.364868 0.122354
vt 0.365685 0.136189
vt 0.338061 0.138239
vt 0.337110 0.124213
vt 0.342984 0.123586
vt 0.343946 0.137680
vt 0.312197 0.139687
vt 0.312349 0.126100
vt 0.318545 0.125842
vt 0.318874 0.139520
vt 0.325134 0.125401
vt 0.325872 0.139216
vt 0.371810 0.122961
vt 0.372882 0.136390
vt 0.377977 0.123460
vt 0.379419 0.136530
vt 0.394914 0.799136
vt 0.405086 0.798681
vt 0.395700 0.771302
vt 0.406866 0.770120
vt 0.418987 0.769193
vt 0.416284 0.798375
vt 0.379523 0.800343
vt 0.386750 0.799707
vt 0.378707 0.773806
vt 0.386677 0.772544
vt 0.341167 0.804476
vt 0.352317 0.803109
vt 0.337916 0.779887
vt 0.349447 0.778209
vt 0.361167 0.776546
vt 0.363401 0.801899
vt 0.427001 0.798243
vt 0.430365 0.768702
vt 0.440877 0.768691
vt 0.437133 0.798392
vt 0.312780 0.752065
vt 0.300222 0.754997
vt 0.297232 0.740593
vt 0.309365 0.737639
vt 0.286281 0.757686
vt 0.283716 0.743173
vt 0.281310 0.727837
vt 0.294490 0.725666
vt 0.306257 0.723066
vt 0.325940 0.836179
vt 0.314924 0.838175
vt 0.309105 0.809087
vt 0.321217 0.807431
vt 0.303459 0.840832
vt 0.296063 0.811452
vt 0.291191 0.786758
vt 0.305188 0.784571
vt 0.317887 0.782961
vt 0.337555 0.887590
vt 0.329188 0.889695
vt 0.322128 0.866677
vt 0.331736 0.864574
vt 0.321141 0.892282
vt 0.312532 0.869367
vt 0.769761 0.564243
vt 0.768034 0.557998
vt 0.788631 0.556333
vt 0.790896 0.561849
vt 0.767701 0.555891
vt 0.788491 0.554301
vt 0.804886 0.559365
vt 0.804218 0.561006
vt 0.803178 0.563608
vt 0.430609 0.933407
vt 0.437179 0.935978
vt 0.433598 0.944209
vt 0.427780 0.941185
vt 0.443358 0.938648
vt 0.439258 0.946911
vt 0.435273 0.954966
vt 0.430051 0.952169
vt 0.424916 0.948703
vt 0.775669 0.731622
vt 0.775410 0.728436
vt 0.801246 0.725186
vt 0.801824 0.728007
vt 0.776326 0.717941
vt 0.802445 0.715980
vt 0.818029 0.709395
vt 0.820563 0.712808
vt 0.821877 0.714672
vt 0.780477 0.697370
vt 0.808392 0.697399
vt 0.786023 0.673506
vt 0.815654 0.675018
vt 0.836459 0.675784
vt 0.827210 0.695503
vt 0.463847 0.770082
vt 0.478428 0.771101
vt 0.473760 0.800928
vt 0.459803 0.799880
vt 0.493880 0.772903
vt 0.488256 0.803022
vt 0.480326 0.835927
vt 0.467367 0.833462
vt 0.454574 0.831943
vt 0.790203 0.637508
vt 0.789163 0.624646
vt 0.819307 0.622729
vt 0.820862 0.637445
vt 0.786933 0.613680
vt 0.816075 0.610026
vt 0.836885 0.607068
vt 0.841134 0.621172
vt 0.843159 0.637448
vt 0.303017 0.111578
vt 0.299127 0.111094
vt 0.298765 0.091007
vt 0.302119 0.091034
vt 0.295463 0.110777
vt 0.295729 0.090917
vt 0.295724 0.072598
vt 0.298090 0.072209
vt 0.302083 0.068732
vt 0.472238 0.661649
vt 0.487133 0.667395
vt 0.486150 0.676948
vt 0.471587 0.676886
vt 0.501589 0.668596
vt 0.501469 0.677369
vt 0.501261 0.691095
vt 0.485793 0.690516
vt 0.471203 0.690353
vt 0.417731 0.961978
vt 0.422626 0.965635
vt 0.421381 0.967248
vt 0.416348 0.963524
vt 0.427418 0.968802
vt 0.426208 0.970482
vt 0.425238 0.971778
vt 0.420406 0.968521
vt 0.415260 0.964710
vt 0.363555 0.965657
vt 0.358036 0.968545
vt 0.357307 0.965374
vt 0.362855 0.962717
vt 0.352556 0.970336
vt 0.351752 0.967034
vt 0.350353 0.961019
vt 0.356074 0.959479
vt 0.361794 0.957118
vt 0.718259 0.319385
vt 0.716476 0.265646
vt 0.728433 0.264689
vt 0.729715 0.317901
vt 0.714452 0.207627
vt 0.726839 0.207419
vt 0.737737 0.207274
vt 0.738939 0.263936
vt 0.739780 0.316713
vt 0.420724 0.957404
vt 0.425492 0.961098
vt 0.423942 0.963668
vt 0.419141 0.959997
vt 0.430370 0.964142
vt 0.428761 0.966789
vt 0.427419 0.957605
vt 0.422599 0.953941
vt 0.432397 0.960534
vt 0.713179 0.149498
vt 0.725773 0.149929
vt 0.714620 0.097350
vt 0.726937 0.097666
vt 0.737640 0.098320
vt 0.736844 0.150351
vt 0.386937 0.067929
vt 0.393380 0.070334
vt 0.393812 0.088279
vt 0.388681 0.089389
vt 0.396859 0.070074
vt 0.397938 0.087552
vt 0.399517 0.106195
vt 0.394727 0.107133
vt 0.389108 0.108575
vt 0.345351 0.909559
vt 0.337986 0.912077
vt 0.334449 0.903954
vt 0.342122 0.901667
vt 0.331008 0.914911
vt 0.327180 0.906618
vt 0.802989 0.268634
vt 0.802383 0.267288
vt 0.816703 0.271434
vt 0.817303 0.272634
vt 0.800545 0.260911
vt 0.815025 0.265578
vt 0.826711 0.267141
vt 0.830450 0.270803
vt 0.831496 0.271755
vt 0.301681 0.138205
vt 0.297841 0.131760
vt 0.298829 0.124442
vt 0.302986 0.125514
vt 0.294426 0.130529
vt 0.294950 0.123882
vt 0.460397 0.863544
vt 0.449027 0.861793
vt 0.471622 0.866112
vt 0.464102 0.889035
vt 0.454361 0.886497
vt 0.444267 0.884664
vt 0.795256 0.216189
vt 0.794550 0.171842
vt 0.810475 0.179505
vt 0.811388 0.223193
vt 0.796455 0.121282
vt 0.811755 0.129367
vt 0.827289 0.137091
vt 0.826599 0.186763
vt 0.827704 0.229699
vt 0.797859 0.245397
vt 0.813443 0.251333
vt 0.828802 0.256556
vt 0.301924 0.637802
vt 0.291002 0.631552
vt 0.291018 0.606475
vt 0.301827 0.606430
vt 0.278393 0.639995
vt 0.278596 0.607122
vt 0.278823 0.579664
vt 0.290384 0.579558
vt 0.300568 0.579238
vt 0.468666 0.725241
vt 0.483305 0.727780
vt 0.481287 0.747677
vt 0.466621 0.745732
vt 0.498944 0.729850
vt 0.496945 0.749655
vt 0.357861 0.939474
vt 0.351382 0.941489
vt 0.348981 0.935270
vt 0.355654 0.933203
vt 0.345238 0.943464
vt 0.342627 0.937634
vt 0.340520 0.933393
vt 0.346959 0.930792
vt 0.353779 0.928549
vt 0.437146 0.913421
vt 0.445185 0.915723
vt 0.443457 0.920286
vt 0.435713 0.917983
vt 0.452815 0.918471
vt 0.450822 0.923039
vt 0.448725 0.927639
vt 0.441664 0.924901
vt 0.434218 0.922592
vt 0.845714 0.959443
vt 0.843701 0.956292
vt 0.845441 0.955448
vt 0.847048 0.958076
vt 0.842680 0.952631
vt 0.844635 0.952361
vt 0.846933 0.952149
vt 0.847541 0.954897
vt 0.848185 0.956902
vt 0.380991 0.935034
vt 0.379987 0.927955
vt 0.383546 0.927275
vt 0.384507 0.932170
vt 0.378802 0.922317
vt 0.382504 0.921692
vt 0.385480 0.921257
vt 0.386650 0.927020
vt 0.388987 0.934241
vt 0.370711 0.935743
vt 0.369132 0.929497
vt 0.375028 0.928575
vt 0.376037 0.935236
vt 0.367544 0.924546
vt 0.373684 0.923249
vt 0.865929 0.948483
vt 0.865941 0.952540
vt 0.864097 0.952208
vt 0.864057 0.948793
vt 0.864730 0.956432
vt 0.863141 0.955452
vt 0.861777 0.954570
vt 0.861992 0.952250
vt 0.861936 0.949258
vt 0.412086 0.946394
vt 0.409259 0.938458
vt 0.412713 0.936564
vt 0.414454 0.943615
vt 0.407721 0.931595
vt 0.412087 0.930357
vt 0.417102 0.928446
vt 0.416670 0.935824
vt 0.416710 0.941403
vt 0.370847 0.950551
vt 0.371376 0.943913
vt 0.375131 0.944227
vt 0.372588 0.952815
vt 0.377579 0.945497
vt 0.373936 0.954839
vt 0.407575 0.950621
vt 0.402030 0.941451
vt 0.405648 0.940142
vt 0.409789 0.948780
vt 0.396786 0.931369
vt 0.402841 0.932300
vt 0.354072 0.950470
vt 0.360156 0.948357
vt 0.348085 0.952119
vt 0.439760 0.929746
vt 0.432671 0.927396
vt 0.446428 0.932446
vt 0.450587 0.899479
vt 0.441332 0.897480
vt 0.459403 0.902076
vt 0.456762 0.908902
vt 0.448473 0.906213
vt 0.439740 0.904028
vt 0.349824 0.919555
vt 0.342782 0.922105
vt 0.340590 0.917593
vt 0.347772 0.914994
vt 0.336128 0.924991
vt 0.333790 0.920505
vt 0.859214 0.961682
vt 0.855659 0.962814
vt 0.855467 0.960784
vt 0.858487 0.959804
vt 0.852008 0.962829
vt 0.852352 0.960828
vt 0.852539 0.958263
vt 0.855285 0.958127
vt 0.857917 0.957258
vt 0.383901 0.910190
vt 0.383692 0.905010
vt 0.387495 0.904484
vt 0.387028 0.909643
vt 0.390793 0.904197
vt 0.389582 0.909195
vt 0.364080 0.914945
vt 0.362358 0.910246
vt 0.369389 0.908269
vt 0.370783 0.913131
vt 0.375459 0.906664
vt 0.376487 0.911688
vt 0.843808 0.945163
vt 0.846023 0.942043
vt 0.847349 0.943552
vt 0.845473 0.946096
vt 0.849061 0.939768
vt 0.849949 0.941646
vt 0.850826 0.944361
vt 0.848503 0.945751
vt 0.846901 0.946993
vt 0.862693 0.941728
vt 0.864802 0.944790
vt 0.863171 0.945691
vt 0.861501 0.943142
vt 0.861276 0.946445
vt 0.860515 0.944419
vt 0.365830 0.919717
vt 0.372236 0.918129
vt 0.377619 0.916910
vt 0.384514 0.915663
vt 0.387319 0.915131
vt 0.388301 0.920715
vt 0.389562 0.914555
vt 0.390542 0.919954
vt 0.856268 0.938449
vt 0.859753 0.939553
vt 0.859079 0.941404
vt 0.856131 0.940505
vt 0.858761 0.943790
vt 0.856277 0.943295
vt 0.344909 0.926478
vt 0.351837 0.924058
vt 0.338374 0.929256
vt 0.446808 0.911182
vt 0.438455 0.908904
vt 0.454730 0.913916
vt 0.418793 0.909736
vt 0.419878 0.909630
vt 0.419566 0.913841
vt 0.418771 0.913771
vt 0.422900 0.910011
vt 0.422234 0.914413
vt 0.421268 0.918837
vt 0.418748 0.918065
vt 0.418019 0.917796
vt 0.392325 0.918322
vt 0.391743 0.919140
vt 0.390870 0.914047
vt 0.391627 0.913593
vt 0.391118 0.908983
vt 0.392065 0.908915
vt 0.417329 0.922068
vt 0.416493 0.921537
vt 0.419856 0.923247
vt 0.414973 0.925419
vt 0.414040 0.924562
vt 0.397249 0.925656
vt 0.397152 0.927164
vt 0.393681 0.923746
vt 0.394120 0.922576
vt 0.392480 0.925140
vt 0.411330 0.927383
vt 0.410497 0.926408
vt 0.406861 0.928295
vt 0.406170 0.927196
vt 0.401905 0.928469
vt 0.401524 0.927091
vt 0.396859 0.901580
vt 0.395923 0.900852
vt 0.401283 0.898948
vt 0.401498 0.899814
vt 0.407523 0.898686
vt 0.406870 0.899527
vt 0.413339 0.899788
vt 0.411909 0.900585
vt 0.417752 0.902148
vt 0.415819 0.902788
vt 0.419608 0.905634
vt 0.417988 0.905958
vt 0.423165 0.905696
vt 0.392676 0.904415
vt 0.393750 0.904744
vt 0.416805 0.910319
vt 0.417159 0.910209
vt 0.417580 0.913815
vt 0.417230 0.913818
vt 0.417540 0.910068
vt 0.417908 0.913791
vt 0.417222 0.917470
vt 0.416911 0.917372
vt 0.416579 0.917271
vt 0.394061 0.916656
vt 0.393644 0.916744
vt 0.393325 0.912857
vt 0.393748 0.912913
vt 0.393221 0.916980
vt 0.392842 0.912899
vt 0.393600 0.908913
vt 0.394125 0.909065
vt 0.394526 0.909253
vt 0.415142 0.920582
vt 0.414846 0.920381
vt 0.415464 0.920811
vt 0.412719 0.923505
vt 0.412394 0.923165
vt 0.412161 0.922874
vt 0.397981 0.922807
vt 0.397700 0.923144
vt 0.395129 0.920323
vt 0.395506 0.920092
vt 0.397460 0.923650
vt 0.394766 0.920730
vt 0.408873 0.924831
vt 0.408739 0.924480
vt 0.409139 0.925228
vt 0.405112 0.925866
vt 0.404974 0.925432
vt 0.404968 0.925052
vt 0.401119 0.924877
vt 0.401260 0.924493
vt 0.401071 0.925371
vt 0.398929 0.903505
vt 0.398665 0.903139
vt 0.402057 0.901622
vt 0.402202 0.902027
vt 0.398247 0.902695
vt 0.401871 0.901131
vt 0.405946 0.900811
vt 0.405849 0.901298
vt 0.405853 0.901709
vt 0.409692 0.902202
vt 0.409556 0.902593
vt 0.410012 0.901744
vt 0.413559 0.903743
vt 0.413113 0.904122
vt 0.412854 0.904446
vt 0.415648 0.906880
vt 0.415315 0.907101
vt 0.416097 0.906618
vt 0.395960 0.905716
vt 0.396307 0.906009
vt 0.395440 0.905391
vt 0.856354 0.937384
vt 0.860155 0.938582
vt 0.856411 0.936908
vt 0.860358 0.938152
vt 0.863701 0.940612
vt 0.863376 0.940954
vt 0.865619 0.957054
vt 0.863031 0.960429
vt 0.862357 0.959543
vt 0.866023 0.957354
vt 0.863326 0.960864
vt 0.859764 0.963269
vt 0.859604 0.962748
vt 0.866949 0.948370
vt 0.866950 0.952819
vt 0.867414 0.948315
vt 0.867414 0.952945
vt 0.865701 0.944310
vt 0.866115 0.944094
vt 0.841591 0.952858
vt 0.841604 0.948688
vt 0.842699 0.948822
vt 0.841074 0.952996
vt 0.841087 0.948662
vt 0.842342 0.944514
vt 0.842811 0.944698
vt 0.844924 0.960291
vt 0.842719 0.956862
vt 0.844541 0.960711
vt 0.842249 0.957155
vt 0.845219 0.941301
vt 0.844845 0.940980
vt 0.848276 0.938404
vt 0.848522 0.938823
vt 0.851762 0.963974
vt 0.848049 0.962727
vt 0.848586 0.961689
vt 0.851631 0.964531
vt 0.847783 0.963237
vt 0.852354 0.937491
vt 0.852589 0.938546
vt 0.852257 0.937020
vt 0.855730 0.963966
vt 0.855744 0.964528
vt 0.392896 0.908880
vt 0.394674 0.905070
vt 0.397619 0.902169
vt 0.414464 0.903292
vt 0.416879 0.906305
vt 0.418086 0.909909
vt 0.406304 0.900214
vt 0.410764 0.901197
vt 0.401683 0.900521
vt 0.405544 0.926471
vt 0.401229 0.926137
vt 0.397323 0.924527
vt 0.413294 0.923986
vt 0.409715 0.925769
vt 0.394444 0.921523
vt 0.392793 0.917543
vt 0.417588 0.917615
vt 0.415925 0.921139
vt 0.392276 0.913174
vt 0.418301 0.913777
vt 0.484878 0.708181
vt 0.470230 0.706583
vt 0.500465 0.709601
vt 0.302657 0.767991
vt 0.315434 0.765728
vt 0.288424 0.770410
vt 0.395661 0.746163
vt 0.407466 0.744207
vt 0.420332 0.742888
vt 0.377729 0.750614
vt 0.386128 0.748341
vt 0.335494 0.761253
vt 0.347295 0.758449
vt 0.359383 0.755538
vt 0.432485 0.742541
vt 0.443547 0.743000
vt 0.328239 0.781425
vt 0.325761 0.763569
vt 0.322978 0.749230
vt 0.458753 0.690653
vt 0.457791 0.705482
vt 0.456333 0.723188
vt 0.430756 0.902125
vt 0.430018 0.906912
vt 0.429128 0.911371
vt 0.360803 0.926387
vt 0.358944 0.921747
vt 0.357027 0.917125
vt 0.355101 0.912516
vt 0.352900 0.907165
vt 0.434306 0.883106
vt 0.431928 0.895749
vt 0.426849 0.920458
vt 0.425485 0.925137
vt 0.423743 0.930762
vt 0.367268 0.953810
vt 0.366212 0.945777
vt 0.364511 0.937330
vt 0.428058 0.915895
vt 0.362576 0.931154
vt 0.454316 0.744100
vt 0.451522 0.769215
vt 0.311096 0.635345
vt 0.310064 0.605842
vt 0.308547 0.578870
vt 0.303389 0.524103
vt 0.300704 0.479893
vt 0.295365 0.524379
vt 0.292970 0.480541
vt 0.290415 0.426615
vt 0.298435 0.426624
vt 0.297827 0.370584
vt 0.291882 0.369899
vt 0.293554 0.311377
vt 0.298865 0.311567
vt 0.442973 0.830644
vt 0.438244 0.860301
vt 0.306833 0.139565
vt 0.307350 0.126066
vt 0.306993 0.111853
vt 0.301539 0.250023
vt 0.296557 0.250013
vt 0.299734 0.196743
vt 0.304474 0.196597
vt 0.350003 0.899525
vt 0.345960 0.885662
vt 0.381653 0.071800
vt 0.383365 0.090836
vt 0.383316 0.109739
vt 0.385764 0.135900
vt 0.388292 0.156424
vt 0.381740 0.157046
vt 0.392500 0.133918
vt 0.393838 0.155926
vt 0.399107 0.190304
vt 0.393518 0.190926
vt 0.402485 0.243058
vt 0.408347 0.242285
vt 0.419595 0.304235
vt 0.413430 0.305114
vt 0.419996 0.944654
vt 0.417989 0.949354
vt 0.416082 0.952703
vt 0.424231 0.367712
vt 0.430666 0.366703
vt 0.440592 0.424237
vt 0.433932 0.425388
vt 0.414363 0.955299
vt 0.412748 0.957260
vt 0.447412 0.512530
vt 0.451253 0.540427
vt 0.442131 0.541908
vt 0.454403 0.511184
vt 0.458418 0.539064
vt 0.461215 0.562313
vt 0.453781 0.563700
vt 0.369083 0.961368
vt 0.368266 0.958754
vt 0.411143 0.958674
vt 0.405529 0.951949
vt 0.409861 0.959674
vt 0.403976 0.952866
vt 0.447955 0.663530
vt 0.459181 0.662136
vt 0.459172 0.677653
vt 0.447771 0.679016
vt 0.305570 0.091524
vt 0.305677 0.071836
vt 0.310616 0.060053
vt 0.308961 0.057257
vt 0.316588 0.050712
vt 0.317660 0.053718
vt 0.447666 0.798990
vt 0.364211 0.050732
vt 0.374493 0.059025
vt 0.365009 0.047611
vt 0.376541 0.055793
vt 0.329680 0.046837
vt 0.335507 0.044441
vt 0.328988 0.043685
vt 0.334986 0.041282
vt 0.342671 0.040454
vt 0.342932 0.043626
vt 0.421863 0.937897
vt 0.353010 0.045649
vt 0.353170 0.042484
vt 0.340910 0.862670
vt 0.335820 0.834367
vt 0.331482 0.805896
vt 0.319318 0.734764
vt 0.315848 0.720512
vt 0.324001 0.049743
vt 0.325307 0.060788
vt 0.323157 0.046582
vt 0.392913 0.933371
vt 0.399156 0.942799
vt 0.397091 0.943914
vt 0.369265 0.752961
vt 0.370653 0.775107
vt 0.367856 0.734538
vt 0.381485 0.916133
vt 0.380613 0.910766
vt 0.379939 0.905638
vt 0.379297 0.900493
vt 0.789394 0.653432
vt 0.819908 0.654760
vt 0.841817 0.655908
vt 0.372189 0.801023
vt 0.373844 0.829491
vt 0.331259 0.124842
vt 0.332166 0.138774
vt 0.329881 0.108736
vt 0.327568 0.083974
vt 0.375520 0.858153
vt 0.377165 0.881211
vt 0.366292 0.719730
vt 0.364946 0.709270
vt 0.357791 0.600721
vt 0.359519 0.628015
vt 0.355910 0.575208
vt 0.346935 0.481017
vt 0.350877 0.522428
vt 0.342582 0.429648
vt 0.339003 0.372437
vt 0.336607 0.311276
vt 0.335342 0.249260
vt 0.334516 0.196138
vt 0.378455 0.894045
vt 0.389893 0.926304
vt 0.375105 0.956394
vt 0.374717 0.955947
vt 0.378709 0.946618
vt 0.379123 0.947152
vt 0.381984 0.937880
vt 0.382176 0.938663
vt 0.364075 0.967665
vt 0.363896 0.967106
vt 0.369572 0.962659
vt 0.369853 0.963151
vt 0.384988 0.934448
vt 0.385055 0.935106
vt 0.389461 0.937084
vt 0.389538 0.937897
vt 0.353114 0.972532
vt 0.352956 0.971937
vt 0.358368 0.970101
vt 0.358510 0.970691
vt 0.396301 0.944840
vt 0.396052 0.945404
vt 0.403198 0.953484
vt 0.402887 0.953888
vt 0.409237 0.960344
vt 0.408972 0.960745
vt 0.414774 0.965493
vt 0.414573 0.965933
vt 0.419945 0.969320
vt 0.419737 0.969752
vt 0.424703 0.972531
vt 0.424435 0.972923
vt 0.934261 0.767744
vt 0.932477 0.767613
vt 0.932132 0.762260
vt 0.933939 0.762347
vt 0.931950 0.767560
vt 0.931589 0.762212
vt 0.931498 0.757302
vt 0.932051 0.757322
vt 0.933875 0.757388
vt 0.936365 0.781229
vt 0.934803 0.781205
vt 0.933087 0.773818
vt 0.934821 0.773967
vt 0.934306 0.781346
vt 0.932572 0.773813
vt 0.945939 0.795938
vt 0.945570 0.797020
vt 0.938698 0.790157
vt 0.939843 0.789617
vt 0.945563 0.797761
vt 0.938312 0.790621
vt 0.967433 0.758601
vt 0.969191 0.758665
vt 0.968760 0.763674
vt 0.967017 0.763666
vt 0.969685 0.758683
vt 0.969251 0.763648
vt 0.968549 0.769030
vt 0.968070 0.769087
vt 0.966347 0.769154
vt 0.953407 0.796153
vt 0.953593 0.797224
vt 0.949720 0.798483
vt 0.949814 0.797279
vt 0.953401 0.797864
vt 0.949624 0.799105
vt 0.967090 0.775322
vt 0.965409 0.775433
vt 0.967564 0.775305
vt 0.965500 0.782710
vt 0.965064 0.782573
vt 0.963551 0.782563
vt 0.960863 0.791095
vt 0.959809 0.790523
vt 0.961109 0.791518
vt 0.946748 0.794536
vt 0.949911 0.795642
vt 0.947727 0.792892
vt 0.949996 0.793807
vt 0.951946 0.793007
vt 0.952763 0.794704
vt 0.957712 0.789810
vt 0.955294 0.788870
vt 0.956827 0.782499
vt 0.960481 0.782630
vt 0.937932 0.767811
vt 0.938375 0.774187
vt 0.942375 0.767872
vt 0.942623 0.774382
vt 0.943138 0.781408
vt 0.939461 0.781395
vt 0.962710 0.769049
vt 0.963382 0.763489
vt 0.958289 0.768900
vt 0.958915 0.763263
vt 0.959295 0.758307
vt 0.963782 0.758469
vt 0.961884 0.775523
vt 0.957651 0.775553
vt 0.937556 0.757521
vt 0.937611 0.762386
vt 0.942045 0.757683
vt 0.942093 0.762426
vt 0.941996 0.789005
vt 0.944484 0.788184
vt 0.946144 0.757832
vt 0.946159 0.762590
vt 0.949954 0.757971
vt 0.949857 0.762979
vt 0.949792 0.768624
vt 0.946311 0.768103
vt 0.946435 0.781236
vt 0.946933 0.787148
vt 0.949489 0.781159
vt 0.949496 0.786357
vt 0.949721 0.789425
vt 0.948499 0.791054
vt 0.950064 0.791975
vt 0.950125 0.790405
vt 0.950305 0.789603
vt 0.951362 0.791140
vt 0.952922 0.787717
vt 0.950428 0.786900
vt 0.950484 0.782045
vt 0.953548 0.782198
vt 0.946339 0.774594
vt 0.949623 0.774962
vt 0.954368 0.768963
vt 0.954853 0.763202
vt 0.950892 0.769355
vt 0.951150 0.763429
vt 0.951359 0.758017
vt 0.955189 0.758158
vt 0.953939 0.775625
vt 0.950638 0.775877
vt 0.875880 0.332837
vt 0.878144 0.331604
vt 0.882596 0.348469
vt 0.881279 0.350055
vt 0.881067 0.331493
vt 0.884930 0.348440
vt 0.889325 0.359051
vt 0.889023 0.360994
vt 0.887436 0.360387
vt 0.457159 0.614391
vt 0.458387 0.640173
vt 0.447792 0.641725
vt 0.465571 0.612763
vt 0.467695 0.638524
vt 0.313727 0.706912
vt 0.321092 0.705629
vt 0.304498 0.709274
vt 0.303065 0.692604
vt 0.312941 0.689588
vt 0.323226 0.689414
vt 0.292918 0.712064
vt 0.279762 0.713520
vt 0.278835 0.696688
vt 0.292035 0.700837
vt 0.724510 0.031362
vt 0.727499 0.020122
vt 0.738357 0.018830
vt 0.735269 0.029941
vt 0.728050 0.017431
vt 0.739440 0.016525
vt 0.746087 0.028104
vt 0.744618 0.029476
vt 0.741487 0.034948
vt 0.394799 0.688525
vt 0.406778 0.685772
vt 0.391741 0.675075
vt 0.406241 0.670402
vt 0.421091 0.667665
vt 0.421197 0.683150
vt 0.963620 0.331158
vt 0.968578 0.331261
vt 0.958571 0.348038
vt 0.954639 0.348070
vt 0.971268 0.335556
vt 0.959318 0.351992
vt 0.948895 0.361509
vt 0.947331 0.360854
vt 0.946854 0.358902
vt 0.907396 0.428574
vt 0.895593 0.428107
vt 0.899644 0.411034
vt 0.909682 0.410648
vt 0.887848 0.428046
vt 0.893081 0.411880
vt 0.898081 0.401961
vt 0.903665 0.398656
vt 0.912104 0.397141
vt 0.435207 0.680874
vt 0.435315 0.665415
vt 0.326809 0.160662
vt 0.333371 0.160328
vt 0.339345 0.159871
vt 0.384036 0.123034
vt 0.390156 0.121660
vt 0.306145 0.160925
vt 0.311868 0.160879
vt 0.301561 0.161059
vt 0.832982 0.060253
vt 0.831295 0.061404
vt 0.819319 0.040433
vt 0.820387 0.038151
vt 0.827438 0.065856
vt 0.816991 0.052900
vt 0.803844 0.042599
vt 0.806406 0.029014
vt 0.807281 0.026404
vt 0.395973 0.119706
vt 0.400990 0.118428
vt 0.402211 0.124927
vt 0.397663 0.127088
vt 0.367056 0.157614
vt 0.374687 0.157339
vt 0.319210 0.160816
vt 0.345268 0.159377
vt 0.351569 0.158823
vt 0.359005 0.158171
vt 0.719266 0.057141
vt 0.730849 0.056324
vt 0.740187 0.057159
vt 0.724046 0.531646
vt 0.721779 0.529401
vt 0.728975 0.520678
vt 0.731045 0.522507
vt 0.720098 0.522843
vt 0.727578 0.514955
vt 0.733156 0.507486
vt 0.735436 0.509078
vt 0.737570 0.510079
vt 0.427173 0.303001
vt 0.438863 0.365155
vt 0.435139 0.365906
vt 0.423662 0.303585
vt 0.449661 0.422339
vt 0.445546 0.423272
vt 0.465194 0.508828
vt 0.460198 0.509981
vt 0.453927 0.471848
vt 0.458475 0.470782
vt 0.448539 0.472951
vt 0.697312 0.452577
vt 0.696654 0.431272
vt 0.701448 0.430721
vt 0.702273 0.451913
vt 0.695615 0.405207
vt 0.700236 0.404661
vt 0.705515 0.403928
vt 0.706673 0.430017
vt 0.707446 0.451097
vt 0.486092 0.651760
vt 0.493346 0.659424
vt 0.489949 0.662228
vt 0.480310 0.654755
vt 0.502352 0.661089
vt 0.501877 0.663965
vt 0.400279 0.138088
vt 0.401489 0.155974
vt 0.397734 0.156366
vt 0.396829 0.138114
vt 0.406583 0.189528
vt 0.402889 0.189993
vt 0.404976 0.128910
vt 0.402323 0.131176
vt 0.399730 0.130621
vt 0.403267 0.127919
vt 0.470087 0.536591
vt 0.464633 0.537805
vt 0.473689 0.559671
vt 0.467835 0.560986
vt 0.697744 0.497104
vt 0.697600 0.474428
vt 0.702702 0.473460
vt 0.702970 0.495737
vt 0.707790 0.472323
vt 0.707957 0.494177
vt 0.692393 0.322867
vt 0.689578 0.268003
vt 0.694012 0.267647
vt 0.696797 0.322351
vt 0.686374 0.208317
vt 0.691011 0.208191
vt 0.697147 0.208034
vt 0.699802 0.267140
vt 0.702347 0.321608
vt 0.710336 0.546660
vt 0.704194 0.541773
vt 0.707919 0.540337
vt 0.712470 0.544285
vt 0.699655 0.534505
vt 0.704623 0.532965
vt 0.709282 0.530991
vt 0.711885 0.538158
vt 0.715265 0.541272
vt 0.684010 0.099509
vt 0.686726 0.067758
vt 0.692325 0.066881
vt 0.689436 0.099423
vt 0.689996 0.051427
vt 0.695396 0.049451
vt 0.703296 0.044697
vt 0.699893 0.064387
vt 0.696508 0.098892
vt 0.692413 0.044859
vt 0.697202 0.042109
vt 0.692290 0.041557
vt 0.696817 0.039138
vt 0.704605 0.033341
vt 0.704997 0.036153
vt 0.683953 0.149053
vt 0.688984 0.149124
vt 0.695564 0.149201
vt 0.739782 0.399181
vt 0.744653 0.398695
vt 0.744663 0.424961
vt 0.739857 0.425456
vt 0.746349 0.398629
vt 0.746458 0.424886
vt 0.746151 0.444576
vt 0.744270 0.444634
vt 0.739547 0.445274
vt 0.743288 0.207246
vt 0.744294 0.263659
vt 0.744895 0.207258
vt 0.745846 0.263637
vt 0.746418 0.316223
vt 0.744902 0.316262
vt 0.742965 0.098637
vt 0.742414 0.150575
vt 0.744521 0.098704
vt 0.744014 0.150635
vt 0.744932 0.056624
vt 0.746458 0.056374
vt 0.736812 0.480068
vt 0.741237 0.478594
vt 0.739151 0.494754
vt 0.735055 0.496309
vt 0.743333 0.478621
vt 0.741345 0.494995
vt 0.720048 0.401801
vt 0.719332 0.365444
vt 0.730258 0.363866
vt 0.730511 0.400360
vt 0.739892 0.362590
vt 0.720154 0.488823
vt 0.720758 0.468651
vt 0.730070 0.465603
vt 0.728916 0.484109
vt 0.721054 0.448657
vt 0.730825 0.446824
vt 0.738415 0.462997
vt 0.713439 0.470856
vt 0.713295 0.492110
vt 0.713354 0.450073
vt 0.704171 0.367782
vt 0.710699 0.366765
vt 0.711790 0.403000
vt 0.709188 0.320638
vt 0.716203 0.534895
vt 0.718871 0.537464
vt 0.714074 0.528003
vt 0.708807 0.060473
vt 0.704572 0.097957
vt 0.713291 0.037585
vt 0.715582 0.027524
vt 0.715600 0.024737
vt 0.703253 0.149282
vt 0.704631 0.207841
vt 0.706980 0.266480
vt 0.712766 0.429141
vt 0.720744 0.428000
vt 0.730858 0.426610
vt 0.744854 0.362089
vt 0.746434 0.362037
vt 0.479183 0.608820
vt 0.481813 0.633349
vt 0.475413 0.635921
vt 0.472869 0.610875
vt 0.694314 0.369131
vt 0.698791 0.368570
vt 0.342031 0.552425
vt 0.353757 0.551533
vt 0.363997 0.550656
vt 0.441709 0.474222
vt 0.306148 0.554517
vt 0.315280 0.554085
vt 0.298119 0.554779
vt 0.288955 0.555021
vt 0.279149 0.555100
vt 0.279403 0.524808
vt 0.287328 0.524661
vt 0.385802 0.548603
vt 0.400021 0.547045
vt 0.415461 0.545264
vt 0.374204 0.549746
vt 0.328131 0.553330
vt 0.429988 0.543526
vt 0.834718 0.140316
vt 0.834198 0.189724
vt 0.836523 0.140738
vt 0.835866 0.190070
vt 0.836812 0.232569
vt 0.835280 0.232292
vt 0.835372 0.095232
vt 0.828498 0.092635
vt 0.837259 0.095411
vt 0.272524 0.405895
vt 0.274699 0.422871
vt 0.273249 0.426171
vt 0.269910 0.409018
vt 0.277395 0.425790
vt 0.277206 0.428913
vt 0.276881 0.445568
vt 0.271415 0.443392
vt 0.265301 0.426615
vt 0.835865 0.259025
vt 0.837259 0.259403
vt 0.799887 0.075158
vt 0.814235 0.084001
vt 0.787361 0.116634
vt 0.791281 0.069853
vt 0.793275 0.071033
vt 0.789456 0.117514
vt 0.795898 0.036721
vt 0.797634 0.038064
vt 0.791962 0.258680
vt 0.788780 0.242644
vt 0.790753 0.242693
vt 0.793746 0.258658
vt 0.785823 0.212704
vt 0.787917 0.213002
vt 0.785147 0.167747
vt 0.787275 0.168330
vt 0.794925 0.266463
vt 0.794130 0.265065
vt 0.795735 0.265213
vt 0.796388 0.266616
vt 0.415746 0.241262
vt 0.412194 0.241752
vt 0.852955 0.637408
vt 0.851415 0.656589
vt 0.855272 0.637347
vt 0.853698 0.656873
vt 0.847766 0.677219
vt 0.845571 0.676599
vt 0.846110 0.605529
vt 0.850764 0.620319
vt 0.848358 0.604944
vt 0.853066 0.619962
vt 0.835150 0.695971
vt 0.837124 0.696993
vt 0.818408 0.569968
vt 0.812342 0.571425
vt 0.819936 0.568796
vt 0.832800 0.580174
vt 0.830843 0.581137
vt 0.823045 0.583029
vt 0.839833 0.592785
vt 0.831151 0.594744
vt 0.841988 0.591998
vt 0.783848 0.603261
vt 0.811639 0.598496
vt 0.779487 0.591315
vt 0.805383 0.586446
vt 0.774050 0.576829
vt 0.797385 0.573019
vt 0.724801 0.597816
vt 0.720258 0.585650
vt 0.745215 0.582927
vt 0.749553 0.596357
vt 0.717009 0.575413
vt 0.742025 0.571269
vt 0.730892 0.617027
vt 0.728350 0.608116
vt 0.753011 0.607323
vt 0.755462 0.616611
vt 0.727254 0.670509
vt 0.731786 0.652646
vt 0.756887 0.652351
vt 0.753324 0.671035
vt 0.733446 0.637549
vt 0.758123 0.637557
vt 0.732991 0.626206
vt 0.757367 0.626134
vt 0.716642 0.703707
vt 0.720968 0.689004
vt 0.748022 0.692577
vt 0.744354 0.710784
vt 0.716332 0.714366
vt 0.716032 0.711319
vt 0.743907 0.720087
vt 0.744170 0.723224
vt 0.716077 0.570302
vt 0.740956 0.565449
vt 0.716032 0.568390
vt 0.740782 0.563442
vt 0.296545 0.062060
vt 0.300513 0.059705
vt 0.294652 0.062525
vt 0.290349 0.050429
vt 0.292090 0.050026
vt 0.296389 0.048160
vt 0.394710 0.059813
vt 0.397730 0.059519
vt 0.388400 0.058302
vt 0.392155 0.045192
vt 0.398743 0.045462
vt 0.401558 0.044956
vt 0.377899 0.052015
vt 0.365629 0.044499
vt 0.367023 0.033431
vt 0.380684 0.040190
vt 0.334650 0.038300
vt 0.342563 0.037464
vt 0.328457 0.040703
vt 0.327158 0.030302
vt 0.333950 0.027956
vt 0.342473 0.027077
vt 0.353329 0.039442
vt 0.353788 0.028808
vt 0.322443 0.043602
vt 0.315635 0.047817
vt 0.313092 0.037433
vt 0.320587 0.033209
vt 0.307644 0.053956
vt 0.304242 0.043291
vt 0.848996 0.948703
vt 0.846791 0.949242
vt 0.851478 0.947875
vt 0.851994 0.951718
vt 0.849326 0.951997
vt 0.849805 0.955048
vt 0.852389 0.955248
vt 0.850009 0.957653
vt 0.859278 0.946616
vt 0.856922 0.946700
vt 0.859900 0.949807
vt 0.857584 0.950447
vt 0.860014 0.953040
vt 0.857790 0.954090
vt 0.860180 0.955863
vt 0.854854 0.951147
vt 0.855161 0.954908
vt 0.853519 0.943474
vt 0.854218 0.947131
vt 0.852979 0.940593
vt 0.861148 0.958003
vt 0.844610 0.949149
vt 0.849441 0.959888
vt 0.332626 0.707083
vt 0.342153 0.705662
vt 0.341098 0.709399
vt 0.330349 0.710171
vt 0.353815 0.702631
vt 0.353636 0.706150
vt 0.372903 0.698033
vt 0.380210 0.696239
vt 0.381117 0.699476
vt 0.373223 0.701459
vt 0.385060 0.693945
vt 0.386878 0.696128
vt 0.386591 0.690931
vt 0.388666 0.690557
vt 0.384812 0.688485
vt 0.386387 0.685473
vt 0.364130 0.700041
vt 0.364258 0.703459
vt 0.332025 0.701344
vt 0.328965 0.705192
vt 0.326162 0.705619
vt 0.329331 0.698702
vt 0.372347 0.689570
vt 0.363482 0.691594
vt 0.363047 0.687294
vt 0.372164 0.685390
vt 0.353060 0.694192
vt 0.352290 0.689797
vt 0.351086 0.677972
vt 0.362331 0.675668
vt 0.371884 0.673965
vt 0.379740 0.688215
vt 0.380260 0.684182
vt 0.381115 0.672890
vt 0.341343 0.697479
vt 0.339704 0.693358
vt 0.337289 0.681646
vt 0.924671 0.364502
vt 0.923540 0.369673
vt 0.912623 0.370186
vt 0.913020 0.365078
vt 0.926247 0.374035
vt 0.912715 0.375275
vt 0.900623 0.373457
vt 0.903300 0.369292
vt 0.903003 0.364280
vt 0.896001 0.366589
vt 0.894801 0.362259
vt 0.891608 0.367304
vt 0.935210 0.366762
vt 0.937213 0.362246
vt 0.939728 0.368598
vt 0.932033 0.332147
vt 0.949783 0.331606
vt 0.943085 0.349382
vt 0.927995 0.350488
vt 0.970527 0.435336
vt 0.956659 0.433354
vt 0.951409 0.415303
vt 0.962985 0.417802
vt 0.938837 0.431178
vt 0.936360 0.412776
vt 0.934196 0.398778
vt 0.946664 0.401947
vt 0.955895 0.406583
vt 0.921998 0.429561
vt 0.922088 0.411205
vt 0.922395 0.397255
vt 0.900776 0.332170
vt 0.915295 0.332317
vt 0.913856 0.350890
vt 0.901589 0.350507
vt 0.888975 0.331800
vt 0.891566 0.349569
vt 0.905353 0.236588
vt 0.911605 0.235932
vt 0.905224 0.246508
vt 0.897961 0.246867
vt 0.920866 0.235597
vt 0.916008 0.246449
vt 0.910806 0.260907
vt 0.898547 0.260699
vt 0.890281 0.260734
vt 0.893719 0.277447
vt 0.884930 0.277369
vt 0.906734 0.277742
vt 0.903743 0.295664
vt 0.890606 0.295440
vt 0.881740 0.295429
vt 0.888805 0.313545
vt 0.880194 0.313545
vt 0.901605 0.313712
vt 0.932175 0.235270
vt 0.929191 0.246556
vt 0.945341 0.234566
vt 0.944414 0.246452
vt 0.943018 0.261644
vt 0.925782 0.261310
vt 0.922622 0.278147
vt 0.940894 0.278473
vt 0.938276 0.296047
vt 0.919801 0.295923
vt 0.917326 0.313858
vt 0.935423 0.313831
vt 0.943195 0.527748
vt 0.930160 0.525712
vt 0.928182 0.515274
vt 0.943376 0.516874
vt 0.918942 0.524311
vt 0.915038 0.514132
vt 0.911005 0.499859
vt 0.926056 0.500817
vt 0.943380 0.502144
vt 0.924434 0.483809
vt 0.942824 0.485198
vt 0.908450 0.482809
vt 0.907154 0.464622
vt 0.923279 0.465750
vt 0.941853 0.467308
vt 0.922429 0.447817
vt 0.940627 0.449445
vt 0.906644 0.446652
vt 0.968161 0.533223
vt 0.957229 0.530591
vt 0.959634 0.519086
vt 0.972357 0.521146
vt 0.961831 0.503946
vt 0.976322 0.505625
vt 0.962364 0.487030
vt 0.977651 0.488739
vt 0.961563 0.469309
vt 0.976949 0.471172
vt 0.959920 0.451516
vt 0.974955 0.453413
vt 0.959701 0.233371
vt 0.960800 0.246016
vt 0.971129 0.232606
vt 0.973670 0.245890
vt 0.975752 0.262010
vt 0.961390 0.261763
vt 0.960355 0.278613
vt 0.975546 0.278788
vt 0.973363 0.296014
vt 0.957957 0.295977
vt 0.954663 0.313590
vt 0.969688 0.313491
vt 0.909895 0.523203
vt 0.904371 0.513215
vt 0.903892 0.522788
vt 0.897316 0.512798
vt 0.890708 0.498735
vt 0.898772 0.499101
vt 0.895478 0.482059
vt 0.886943 0.481723
vt 0.885514 0.463462
vt 0.894095 0.463809
vt 0.893888 0.445852
vt 0.885514 0.445513
vt 0.975399 0.233085
vt 0.978365 0.246297
vt 0.979628 0.232677
vt 0.982890 0.245317
vt 0.986177 0.262060
vt 0.980843 0.262398
vt 0.980959 0.279120
vt 0.986405 0.280352
vt 0.983972 0.298846
vt 0.978868 0.296377
vt 0.975051 0.313807
vt 0.979342 0.317280
vt 0.901483 0.235629
vt 0.902889 0.237443
vt 0.895230 0.247373
vt 0.893825 0.245371
vt 0.887218 0.261018
vt 0.885138 0.259361
vt 0.881670 0.277622
vt 0.878974 0.276751
vt 0.878448 0.295761
vt 0.875617 0.295557
vt 0.877002 0.313855
vt 0.874256 0.314272
vt 0.476639 0.583657
vt 0.470514 0.585260
vt 0.463539 0.586807
vt 0.708254 0.515218
vt 0.713297 0.512600
vt 0.719696 0.508244
vt 0.727833 0.501817
vt 0.743003 0.461999
vt 0.744985 0.461980
vt 0.698066 0.518730
vt 0.703364 0.517107
vt 0.455666 0.588296
vt 0.349552 0.656596
vt 0.361104 0.654613
vt 0.370961 0.653125
vt 0.312196 0.664524
vt 0.321834 0.662585
vt 0.304576 0.666758
vt 0.917218 0.924432
vt 0.910545 0.919517
vt 0.910578 0.909338
vt 0.915382 0.913456
vt 0.904320 0.913474
vt 0.906037 0.904888
vt 0.907861 0.900225
vt 0.910993 0.901896
vt 0.914056 0.905883
vt 0.391860 0.650449
vt 0.405681 0.648119
vt 0.420763 0.645718
vt 0.380733 0.651805
vt 0.335372 0.659447
vt 0.435176 0.643574
vt 0.288176 0.658104
vt 0.287476 0.672836
vt 0.283823 0.671424
vt 0.285444 0.653090
vt 0.288521 0.687499
vt 0.285840 0.689245
vt 0.278321 0.670351
vt 0.292738 0.686828
vt 0.293216 0.672115
vt 0.297900 0.669799
vt 0.296479 0.687648
vt 0.292275 0.657661
vt 0.295877 0.652108
vt 0.290789 0.692679
vt 0.291386 0.694854
vt 0.290190 0.652421
vt 0.290653 0.646070
vt 0.966624 0.956926
vt 0.967440 0.957726
vt 0.964266 0.962797
vt 0.963905 0.960557
vt 0.968443 0.957212
vt 0.966720 0.963311
vt 0.961090 0.965671
vt 0.961293 0.963836
vt 0.961208 0.962362
vt 0.950509 0.953287
vt 0.953811 0.953815
vt 0.957383 0.960970
vt 0.954929 0.961429
vt 0.955606 0.951028
vt 0.958591 0.958713
vt 0.960766 0.944197
vt 0.962537 0.953946
vt 0.966268 0.937889
vt 0.966716 0.949323
vt 0.968464 0.935531
vt 0.968386 0.947760
vt 0.970691 0.937592
vt 0.969824 0.949343
vt 0.957387 0.900229
vt 0.960071 0.895667
vt 0.962711 0.902973
vt 0.959960 0.907035
vt 0.965036 0.896958
vt 0.967285 0.904381
vt 0.969551 0.914638
vt 0.965617 0.912859
vt 0.962854 0.916322
vt 0.967605 0.923764
vt 0.965029 0.926669
vt 0.970691 0.925861
vt 0.944193 0.925109
vt 0.950533 0.912436
vt 0.952921 0.917988
vt 0.946355 0.929504
vt 0.955840 0.925726
vt 0.949499 0.935747
vt 0.958570 0.934536
vt 0.952609 0.943021
vt 0.936515 0.931348
vt 0.941194 0.929512
vt 0.944177 0.933783
vt 0.939649 0.933731
vt 0.947282 0.939621
vt 0.942861 0.939081
vt 0.950499 0.946367
vt 0.946534 0.945758
vt 0.919557 0.962673
vt 0.909476 0.953500
vt 0.910122 0.947309
vt 0.920199 0.955286
vt 0.899690 0.943531
vt 0.900420 0.938320
vt 0.901488 0.930910
vt 0.910568 0.938872
vt 0.920199 0.945472
vt 0.910629 0.929546
vt 0.919078 0.935132
vt 0.902800 0.922470
vt 0.918620 0.967580
vt 0.907402 0.957298
vt 0.908923 0.956275
vt 0.919084 0.966058
vt 0.897106 0.945500
vt 0.899107 0.945677
vt 0.935501 0.928672
vt 0.938806 0.926798
vt 0.939650 0.927912
vt 0.934869 0.930549
vt 0.941189 0.924103
vt 0.943274 0.923456
vt 0.947447 0.909938
vt 0.949409 0.910177
vt 0.955094 0.896101
vt 0.956179 0.897217
vt 0.958470 0.891156
vt 0.958895 0.892214
vt 0.963831 0.892182
vt 0.963971 0.893714
vt 0.905186 0.229091
vt 0.908177 0.229374
vt 0.907141 0.231696
vt 0.904918 0.230473
vt 0.910942 0.226933
vt 0.909705 0.230386
vt 0.970510 0.220397
vt 0.974293 0.222146
vt 0.974187 0.225233
vt 0.969961 0.224594
vt 0.978094 0.224450
vt 0.978484 0.226181
vt 0.921744 0.530537
vt 0.913621 0.529372
vt 0.912897 0.528298
vt 0.921131 0.529436
vt 0.908172 0.529321
vt 0.907452 0.528010
vt 0.946826 0.222961
vt 0.960098 0.221151
vt 0.959373 0.225594
vt 0.946093 0.227234
vt 0.966302 0.541838
vt 0.956076 0.538129
vt 0.956035 0.536620
vt 0.966123 0.539805
vt 0.943251 0.534554
vt 0.943161 0.533316
vt 0.931635 0.532125
vt 0.931294 0.531001
vt 0.924935 0.224804
vt 0.934954 0.224164
vt 0.934024 0.228297
vt 0.923760 0.228889
vt 0.916654 0.225478
vt 0.915391 0.229464
vt 0.191280 0.106671
vt 0.184194 0.108388
vt 0.183741 0.087142
vt 0.191623 0.083013
vt 0.178144 0.109822
vt 0.177631 0.090740
vt 0.177617 0.075506
vt 0.182859 0.068013
vt 0.191828 0.061134
vt 0.146290 0.880935
vt 0.138340 0.881292
vt 0.135843 0.858588
vt 0.144763 0.858188
vt 0.130440 0.881944
vt 0.127113 0.859200
vt 0.122961 0.829679
vt 0.132553 0.829145
vt 0.142493 0.828819
vt 0.134954 0.721504
vt 0.122065 0.721163
vt 0.121303 0.705266
vt 0.134723 0.706332
vt 0.110405 0.721830
vt 0.109179 0.705050
vt 0.108374 0.691466
vt 0.120786 0.692835
vt 0.134560 0.694766
vt 0.135606 0.619835
vt 0.121090 0.617808
vt 0.121991 0.591595
vt 0.136566 0.593486
vt 0.108604 0.615995
vt 0.109647 0.589857
vt 0.111201 0.565199
vt 0.123428 0.566849
vt 0.138017 0.568627
vt 0.143725 0.517207
vt 0.129373 0.515569
vt 0.134752 0.476987
vt 0.148778 0.478306
vt 0.117354 0.513995
vt 0.122964 0.475594
vt 0.130578 0.426610
vt 0.141949 0.427784
vt 0.155374 0.428795
vt 0.150675 0.369884
vt 0.163086 0.370854
vt 0.140006 0.368812
vt 0.150392 0.306118
vt 0.160150 0.307150
vt 0.171246 0.308185
vt 0.169541 0.244914
vt 0.179204 0.245892
vt 0.160791 0.243969
vt 0.169190 0.191703
vt 0.176991 0.192423
vt 0.185411 0.193156
vt 0.147626 0.896962
vt 0.140888 0.897964
vt 0.139839 0.893254
vt 0.147169 0.892655
vt 0.133927 0.900670
vt 0.132435 0.894370
vt 0.195270 0.904970
vt 0.187825 0.903038
vt 0.189712 0.896009
vt 0.197729 0.897610
vt 0.181313 0.901478
vt 0.182622 0.894792
vt 0.184571 0.881733
vt 0.192474 0.882670
vt 0.201237 0.883990
vt 0.172176 0.899903
vt 0.167605 0.899441
vt 0.167835 0.893265
vt 0.172664 0.893601
vt 0.161990 0.899094
vt 0.162208 0.892973
vt 0.162566 0.880606
vt 0.168453 0.880699
vt 0.173514 0.880921
vt 0.154795 0.897155
vt 0.155015 0.892615
vt 0.154846 0.880700
vt 0.249462 0.311553
vt 0.239226 0.311540
vt 0.238156 0.249821
vt 0.247395 0.249934
vt 0.228362 0.311476
vt 0.228490 0.249617
vt 0.228327 0.196427
vt 0.236810 0.196510
vt 0.245023 0.196517
vt 0.210891 0.310957
vt 0.202757 0.310539
vt 0.206102 0.248314
vt 0.213200 0.248809
vt 0.193791 0.309967
vt 0.198412 0.247701
vt 0.201944 0.194701
vt 0.208605 0.195257
vt 0.214863 0.195718
vt 0.182975 0.309162
vt 0.189236 0.246866
vt 0.194067 0.193964
vt 0.248456 0.426874
vt 0.236715 0.427769
vt 0.238785 0.371360
vt 0.249831 0.370794
vt 0.224121 0.428869
vt 0.226960 0.372022
vt 0.203299 0.430042
vt 0.193631 0.430121
vt 0.198516 0.372476
vt 0.207548 0.372574
vt 0.182838 0.429946
vt 0.188482 0.372169
vt 0.169663 0.429520
vt 0.176290 0.371631
vt 0.242890 0.523813
vt 0.230122 0.523428
vt 0.233385 0.480277
vt 0.245729 0.479893
vt 0.216449 0.522962
vt 0.220175 0.480759
vt 0.194645 0.521814
vt 0.184515 0.521101
vt 0.188680 0.480755
vt 0.198666 0.481004
vt 0.173043 0.520146
vt 0.177447 0.480250
vt 0.158989 0.518801
vt 0.163702 0.479425
vt 0.235272 0.633784
vt 0.222028 0.631736
vt 0.223726 0.603494
vt 0.236702 0.604889
vt 0.207871 0.629625
vt 0.209660 0.601980
vt 0.211564 0.576225
vt 0.225544 0.577330
vt 0.238361 0.578288
vt 0.186164 0.626736
vt 0.176184 0.625481
vt 0.177641 0.598552
vt 0.187763 0.599637
vt 0.164832 0.623960
vt 0.166126 0.597218
vt 0.167750 0.572084
vt 0.179359 0.573287
vt 0.189567 0.574255
vt 0.150868 0.621989
vt 0.151980 0.595452
vt 0.153505 0.570460
vt 0.222811 0.746105
vt 0.210583 0.742147
vt 0.213234 0.727500
vt 0.226248 0.731524
vt 0.198072 0.738036
vt 0.200061 0.723193
vt 0.201625 0.712244
vt 0.215120 0.715946
vt 0.229737 0.716957
vt 0.179123 0.731459
vt 0.170459 0.728493
vt 0.171499 0.714094
vt 0.180398 0.716884
vt 0.160607 0.725665
vt 0.161364 0.711129
vt 0.162983 0.699675
vt 0.172868 0.704638
vt 0.181620 0.707021
vt 0.148390 0.723153
vt 0.148651 0.708421
vt 0.148900 0.697218
vt 0.196072 0.859684
vt 0.205706 0.861025
vt 0.187099 0.858691
vt 0.189739 0.830175
vt 0.199865 0.831327
vt 0.210373 0.832758
vt 0.168914 0.857654
vt 0.174514 0.857869
vt 0.162481 0.857605
vt 0.161846 0.828533
vt 0.169048 0.828732
vt 0.175402 0.829078
vt 0.154116 0.857821
vt 0.152717 0.828586
vt 0.244129 0.111674
vt 0.238269 0.110877
vt 0.240610 0.088927
vt 0.246093 0.091379
vt 0.231878 0.109785
vt 0.234196 0.086154
vt 0.236570 0.064156
vt 0.243104 0.069143
vt 0.247139 0.075651
vt 0.220028 0.107751
vt 0.214145 0.106850
vt 0.216598 0.080671
vt 0.222438 0.082194
vt 0.207552 0.106191
vt 0.209674 0.079943
vt 0.211806 0.055266
vt 0.219005 0.056054
vt 0.224780 0.058204
vt 0.199553 0.105979
vt 0.200877 0.080587
vt 0.202235 0.056869
vt 0.205444 0.137097
vt 0.197955 0.136500
vt 0.198759 0.122432
vt 0.206346 0.122974
vt 0.190031 0.136189
vt 0.190848 0.122354
vt 0.217655 0.138239
vt 0.211770 0.137680
vt 0.212733 0.123585
vt 0.218606 0.124213
vt 0.243520 0.139686
vt 0.236842 0.139520
vt 0.237171 0.125842
vt 0.243367 0.126100
vt 0.229845 0.139216
vt 0.230582 0.125401
vt 0.182834 0.136389
vt 0.183906 0.122961
vt 0.176297 0.136530
vt 0.177739 0.123460
vt 0.150630 0.798681
vt 0.160802 0.799135
vt 0.139432 0.798375
vt 0.136729 0.769192
vt 0.148850 0.770119
vt 0.160016 0.771302
vt 0.168966 0.799707
vt 0.176193 0.800343
vt 0.169039 0.772543
vt 0.177010 0.773806
vt 0.203399 0.803109
vt 0.214550 0.804475
vt 0.192315 0.801899
vt 0.194549 0.776546
vt 0.206269 0.778208
vt 0.217800 0.779886
vt 0.128715 0.798242
vt 0.118584 0.798392
vt 0.114839 0.768691
vt 0.125351 0.768702
vt 0.242936 0.752064
vt 0.246351 0.737639
vt 0.258484 0.740593
vt 0.255494 0.754997
vt 0.249459 0.723066
vt 0.261227 0.725665
vt 0.274406 0.727836
vt 0.272000 0.743172
vt 0.269435 0.757686
vt 0.229776 0.836178
vt 0.234499 0.807430
vt 0.246611 0.809087
vt 0.240792 0.838174
vt 0.237829 0.782960
vt 0.250528 0.784571
vt 0.264525 0.786757
vt 0.259653 0.811451
vt 0.252257 0.840831
vt 0.218161 0.887589
vt 0.223980 0.864573
vt 0.233589 0.866676
vt 0.226528 0.889694
vt 0.243184 0.869366
vt 0.234575 0.892282
vt 0.769422 0.901530
vt 0.790558 0.903924
vt 0.788292 0.909440
vt 0.767696 0.907775
vt 0.802839 0.902165
vt 0.803880 0.904767
vt 0.804547 0.906409
vt 0.788152 0.911472
vt 0.767362 0.909882
vt 0.125107 0.933407
vt 0.127936 0.941184
vt 0.122118 0.944209
vt 0.118537 0.935977
vt 0.130800 0.948703
vt 0.125666 0.952168
vt 0.120443 0.954966
vt 0.116459 0.946911
vt 0.112358 0.938648
vt 0.775331 0.734151
vt 0.801486 0.737766
vt 0.800907 0.740587
vt 0.775072 0.737337
vt 0.821539 0.751101
vt 0.820225 0.752966
vt 0.817690 0.756378
vt 0.802107 0.749793
vt 0.775988 0.747833
vt 0.808053 0.768374
vt 0.780138 0.768404
vt 0.826871 0.770271
vt 0.836120 0.789989
vt 0.815315 0.790755
vt 0.785685 0.792267
vt 0.091869 0.770082
vt 0.095913 0.799879
vt 0.081956 0.800927
vt 0.077288 0.771101
vt 0.101142 0.831942
vt 0.088350 0.833462
vt 0.075391 0.835927
vt 0.067460 0.803021
vt 0.061836 0.772903
vt 0.789865 0.828265
vt 0.820524 0.828328
vt 0.818968 0.843045
vt 0.788824 0.841127
vt 0.842820 0.828325
vt 0.840795 0.844601
vt 0.836546 0.858705
vt 0.815737 0.855747
vt 0.786594 0.852093
vt 0.252699 0.111578
vt 0.253597 0.091034
vt 0.256951 0.091007
vt 0.256590 0.111094
vt 0.253633 0.068732
vt 0.257626 0.072209
vt 0.259993 0.072598
vt 0.259988 0.090917
vt 0.260253 0.110777
vt 0.083478 0.661649
vt 0.084129 0.676886
vt 0.069566 0.676948
vt 0.068583 0.667394
vt 0.084513 0.690353
vt 0.069923 0.690516
vt 0.054456 0.691095
vt 0.054248 0.677368
vt 0.054127 0.668596
vt 0.137985 0.961977
vt 0.139368 0.963523
vt 0.134336 0.967247
vt 0.133090 0.965635
vt 0.140456 0.964709
vt 0.135311 0.968520
vt 0.130479 0.971777
vt 0.129508 0.970482
vt 0.128298 0.968801
vt 0.192161 0.965657
vt 0.192861 0.962716
vt 0.198409 0.965373
vt 0.197681 0.968544
vt 0.193922 0.957117
vt 0.199642 0.959478
vt 0.205363 0.961019
vt 0.203964 0.967033
vt 0.203161 0.970335
vt 0.634789 0.319385
vt 0.623334 0.317901
vt 0.624615 0.264690
vt 0.636572 0.265646
vt 0.613268 0.316713
vt 0.614109 0.263936
vt 0.615312 0.207274
vt 0.626209 0.207419
vt 0.638596 0.207627
vt 0.134992 0.957403
vt 0.136575 0.959997
vt 0.131774 0.963668
vt 0.130224 0.961098
vt 0.126955 0.966788
vt 0.125346 0.964141
vt 0.133117 0.953941
vt 0.128297 0.957604
vt 0.123320 0.960533
vt 0.627276 0.149929
vt 0.639870 0.149498
vt 0.616205 0.150351
vt 0.615408 0.098320
vt 0.626112 0.097666
vt 0.638428 0.097350
vt 0.168780 0.067929
vt 0.167035 0.089389
vt 0.161904 0.088279
vt 0.162336 0.070334
vt 0.166609 0.108575
vt 0.160989 0.107133
vt 0.156199 0.106195
vt 0.157778 0.087552
vt 0.158857 0.070074
vt 0.210365 0.909559
vt 0.213594 0.901667
vt 0.221267 0.903954
vt 0.217730 0.912076
vt 0.228536 0.906617
vt 0.224708 0.914911
vt 0.802989 0.284397
vt 0.817303 0.280396
vt 0.816703 0.281597
vt 0.802383 0.285742
vt 0.831496 0.281276
vt 0.830450 0.282227
vt 0.826711 0.285890
vt 0.815025 0.287452
vt 0.800545 0.292120
vt 0.254035 0.138205
vt 0.252730 0.125514
vt 0.256887 0.124442
vt 0.257875 0.131760
vt 0.260766 0.123882
vt 0.261290 0.130529
vt 0.106689 0.861792
vt 0.095319 0.863543
vt 0.111449 0.884664
vt 0.101355 0.886497
vt 0.091615 0.889035
vt 0.084094 0.866112
vt 0.795256 0.336841
vt 0.811388 0.329837
vt 0.810475 0.373526
vt 0.794550 0.381188
vt 0.827704 0.323332
vt 0.826599 0.366267
vt 0.827289 0.415939
vt 0.811755 0.423664
vt 0.796455 0.431748
vt 0.813443 0.301698
vt 0.797859 0.307634
vt 0.828802 0.296475
vt 0.253792 0.637802
vt 0.253889 0.606429
vt 0.264698 0.606475
vt 0.264714 0.631552
vt 0.255148 0.579238
vt 0.265332 0.579558
vt 0.276893 0.579663
vt 0.277121 0.607122
vt 0.277323 0.639994
vt 0.087050 0.725241
vt 0.089095 0.745732
vt 0.074429 0.747676
vt 0.072411 0.727780
vt 0.058771 0.749654
vt 0.056773 0.729849
vt 0.197855 0.939473
vt 0.200063 0.933203
vt 0.206736 0.935269
vt 0.204334 0.941488
vt 0.201937 0.928548
vt 0.208757 0.930792
vt 0.215196 0.933392
vt 0.213089 0.937634
vt 0.210478 0.943464
vt 0.118570 0.913421
vt 0.120003 0.917983
vt 0.112259 0.920286
vt 0.110532 0.915723
vt 0.121498 0.922592
vt 0.114053 0.924900
vt 0.106991 0.927639
vt 0.104894 0.923038
vt 0.102901 0.918470
vt 0.818818 0.941997
vt 0.820151 0.943364
vt 0.818544 0.945992
vt 0.816804 0.945148
vt 0.821288 0.944537
vt 0.820644 0.946542
vt 0.820036 0.949291
vt 0.817738 0.949079
vt 0.815784 0.948809
vt 0.174725 0.935034
vt 0.171209 0.932169
vt 0.172171 0.927275
vt 0.175729 0.927954
vt 0.166729 0.934240
vt 0.169067 0.927020
vt 0.170236 0.921256
vt 0.173212 0.921691
vt 0.176914 0.922317
vt 0.185005 0.935743
vt 0.179679 0.935236
vt 0.180688 0.928575
vt 0.186585 0.929496
vt 0.182032 0.923249
vt 0.188172 0.924545
vt 0.839032 0.952957
vt 0.837161 0.952646
vt 0.837201 0.949232
vt 0.839044 0.948900
vt 0.835039 0.952182
vt 0.835095 0.949190
vt 0.834881 0.946870
vt 0.836245 0.945987
vt 0.837833 0.945008
vt 0.143630 0.946393
vt 0.141262 0.943615
vt 0.143003 0.936563
vt 0.146457 0.938457
vt 0.139006 0.941402
vt 0.139046 0.935823
vt 0.138614 0.928445
vt 0.143630 0.930357
vt 0.147996 0.931595
vt 0.184869 0.950551
vt 0.183128 0.952815
vt 0.180585 0.944227
vt 0.184340 0.943912
vt 0.181780 0.954838
vt 0.178138 0.945497
vt 0.148141 0.950620
vt 0.145927 0.948780
vt 0.150068 0.940141
vt 0.153686 0.941451
vt 0.152875 0.932299
vt 0.158930 0.931369
vt 0.195560 0.948357
vt 0.201644 0.950469
vt 0.207631 0.952119
vt 0.123046 0.927395
vt 0.115956 0.929746
vt 0.109288 0.932445
vt 0.114384 0.897480
vt 0.105129 0.899478
vt 0.115977 0.904028
vt 0.107243 0.906213
vt 0.098954 0.908902
vt 0.096313 0.902075
vt 0.205892 0.919554
vt 0.207945 0.914994
vt 0.215126 0.917592
vt 0.212934 0.922104
vt 0.221926 0.920504
vt 0.219588 0.924991
vt 0.832318 0.939758
vt 0.831590 0.941635
vt 0.828570 0.940656
vt 0.828763 0.938626
vt 0.831021 0.944182
vt 0.828388 0.943312
vt 0.825643 0.943177
vt 0.825455 0.940611
vt 0.825111 0.938610
vt 0.171815 0.910190
vt 0.168688 0.909642
vt 0.168221 0.904483
vt 0.172024 0.905010
vt 0.166134 0.909195
vt 0.164923 0.904197
vt 0.191636 0.914944
vt 0.184933 0.913131
vt 0.186327 0.908269
vt 0.193358 0.910246
vt 0.179229 0.911688
vt 0.180257 0.906663
vt 0.816911 0.956277
vt 0.818577 0.955343
vt 0.820452 0.957888
vt 0.819126 0.959396
vt 0.820004 0.954447
vt 0.821606 0.955689
vt 0.823929 0.957079
vt 0.823052 0.959794
vt 0.822165 0.961672
vt 0.835796 0.959712
vt 0.834604 0.958298
vt 0.836274 0.955749
vt 0.837905 0.956650
vt 0.833618 0.957021
vt 0.834379 0.954995
vt 0.183480 0.918129
vt 0.189886 0.919717
vt 0.178098 0.916910
vt 0.167415 0.920715
vt 0.168397 0.915130
vt 0.171203 0.915662
vt 0.165175 0.919953
vt 0.166154 0.914554
vt 0.829371 0.962991
vt 0.829234 0.960935
vt 0.832182 0.960036
vt 0.832856 0.961887
vt 0.829381 0.958144
vt 0.831864 0.957650
vt 0.203879 0.924058
vt 0.210807 0.926478
vt 0.217343 0.929255
vt 0.117261 0.908904
vt 0.108908 0.911181
vt 0.100986 0.913916
vt 0.136923 0.909736
vt 0.136945 0.913771
vt 0.136150 0.913841
vt 0.135838 0.909629
vt 0.137697 0.917796
vt 0.136968 0.918064
vt 0.134448 0.918837
vt 0.133482 0.914412
vt 0.132816 0.910011
vt 0.163391 0.918321
vt 0.164090 0.913593
vt 0.164846 0.914046
vt 0.163973 0.919140
vt 0.163651 0.908914
vt 0.164598 0.908982
vt 0.139223 0.921536
vt 0.138387 0.922068
vt 0.141677 0.924561
vt 0.140743 0.925418
vt 0.135860 0.923247
vt 0.158467 0.925656
vt 0.161596 0.922576
vt 0.162035 0.923746
vt 0.158564 0.927163
vt 0.163236 0.925139
vt 0.145219 0.926408
vt 0.144387 0.927383
vt 0.149546 0.927196
vt 0.148855 0.928294
vt 0.154192 0.927090
vt 0.153811 0.928469
vt 0.158857 0.901580
vt 0.154218 0.899814
vt 0.154433 0.898947
vt 0.159793 0.900851
vt 0.148846 0.899526
vt 0.148193 0.898686
vt 0.143807 0.900584
vt 0.142377 0.899788
vt 0.139898 0.902787
vt 0.137965 0.902148
vt 0.137728 0.905958
vt 0.136109 0.905634
vt 0.132551 0.905696
vt 0.161966 0.904743
vt 0.163040 0.904414
vt 0.138911 0.910318
vt 0.138486 0.913817
vt 0.138136 0.913815
vt 0.138557 0.910209
vt 0.139137 0.917271
vt 0.138805 0.917371
vt 0.138494 0.917469
vt 0.137808 0.913791
vt 0.138176 0.910067
vt 0.161656 0.916655
vt 0.161968 0.912912
vt 0.162391 0.912856
vt 0.162072 0.916743
vt 0.161190 0.909252
vt 0.161591 0.909065
vt 0.162116 0.908912
vt 0.162874 0.912899
vt 0.162495 0.916979
vt 0.140870 0.920380
vt 0.140574 0.920581
vt 0.143556 0.922873
vt 0.143322 0.923164
vt 0.142997 0.923504
vt 0.140252 0.920810
vt 0.157735 0.922806
vt 0.160210 0.920092
vt 0.160587 0.920322
vt 0.158016 0.923144
vt 0.160950 0.920730
vt 0.158256 0.923649
vt 0.146977 0.924480
vt 0.146843 0.924831
vt 0.150748 0.925051
vt 0.150742 0.925431
vt 0.150604 0.925865
vt 0.146578 0.925227
vt 0.154456 0.924492
vt 0.154597 0.924877
vt 0.154645 0.925370
vt 0.156787 0.903504
vt 0.153514 0.902026
vt 0.153659 0.901622
vt 0.157051 0.903138
vt 0.149863 0.901708
vt 0.149867 0.901297
vt 0.149770 0.900810
vt 0.153845 0.901131
vt 0.157470 0.902694
vt 0.146160 0.902593
vt 0.146024 0.902201
vt 0.142862 0.904445
vt 0.142604 0.904121
vt 0.142157 0.903743
vt 0.145704 0.901743
vt 0.140401 0.907101
vt 0.140068 0.906880
vt 0.139619 0.906617
vt 0.159409 0.906008
vt 0.159756 0.905715
vt 0.160276 0.905391
vt 0.833259 0.962858
vt 0.829458 0.964056
vt 0.836480 0.960486
vt 0.836805 0.960827
vt 0.833461 0.963288
vt 0.829514 0.964531
vt 0.835460 0.941897
vt 0.836134 0.941010
vt 0.838723 0.944385
vt 0.832708 0.938692
vt 0.832867 0.938171
vt 0.836429 0.940576
vt 0.839127 0.944086
vt 0.840054 0.948621
vt 0.840052 0.953069
vt 0.840517 0.948494
vt 0.840517 0.953125
vt 0.838804 0.957130
vt 0.839219 0.957346
vt 0.815803 0.952618
vt 0.814707 0.952752
vt 0.814694 0.948582
vt 0.815915 0.956741
vt 0.815445 0.956926
vt 0.814190 0.952778
vt 0.814178 0.948444
vt 0.815822 0.944577
vt 0.818027 0.941149
vt 0.815353 0.944285
vt 0.817644 0.940729
vt 0.818323 0.960139
vt 0.821625 0.962617
vt 0.821379 0.963036
vt 0.817948 0.960460
vt 0.821689 0.939751
vt 0.821152 0.938713
vt 0.824865 0.937466
vt 0.820886 0.938203
vt 0.824734 0.936908
vt 0.825692 0.962893
vt 0.825458 0.963949
vt 0.825360 0.964420
vt 0.828834 0.937474
vt 0.828847 0.936912
vt 0.161042 0.905070
vt 0.162820 0.908879
vt 0.158097 0.902168
vt 0.138837 0.906304
vt 0.141252 0.903291
vt 0.137630 0.909909
vt 0.144952 0.901196
vt 0.149413 0.900213
vt 0.154033 0.900520
vt 0.154487 0.926137
vt 0.150172 0.926470
vt 0.158394 0.924527
vt 0.146001 0.925768
vt 0.142422 0.923986
vt 0.161272 0.921522
vt 0.162923 0.917542
vt 0.139791 0.921139
vt 0.138128 0.917615
vt 0.163440 0.913173
vt 0.137416 0.913777
vt 0.085487 0.706582
vt 0.070839 0.708180
vt 0.055251 0.709601
vt 0.240282 0.765727
vt 0.253059 0.767990
vt 0.267292 0.770409
vt 0.148251 0.744207
vt 0.160056 0.746163
vt 0.135384 0.742887
vt 0.169589 0.748341
vt 0.177987 0.750613
vt 0.208421 0.758449
vt 0.220222 0.761253
vt 0.196333 0.755537
vt 0.123231 0.742541
vt 0.112169 0.743000
vt 0.229955 0.763568
vt 0.227477 0.781425
vt 0.232738 0.749229
vt 0.097925 0.705481
vt 0.096963 0.690653
vt 0.099383 0.723187
vt 0.125698 0.906912
vt 0.124960 0.902125
vt 0.126588 0.911370
vt 0.196772 0.921747
vt 0.194913 0.926386
vt 0.198689 0.917125
vt 0.200616 0.912515
vt 0.202816 0.907164
vt 0.123789 0.895748
vt 0.121410 0.883106
vt 0.130231 0.925137
vt 0.128867 0.920457
vt 0.131974 0.930762
vt 0.189504 0.945777
vt 0.188448 0.953809
vt 0.191205 0.937329
vt 0.127658 0.915894
vt 0.193140 0.931154
vt 0.101400 0.744099
vt 0.104194 0.769215
vt 0.245652 0.605842
vt 0.244620 0.635345
vt 0.247169 0.578870
vt 0.255012 0.479893
vt 0.252327 0.524102
vt 0.257281 0.426624
vt 0.262746 0.480541
vt 0.260351 0.524378
vt 0.257889 0.370584
vt 0.256852 0.311567
vt 0.262162 0.311376
vt 0.263834 0.369899
vt 0.117472 0.860301
vt 0.112743 0.830644
vt 0.248366 0.126066
vt 0.248883 0.139565
vt 0.248723 0.111853
vt 0.254177 0.250023
vt 0.251242 0.196597
vt 0.255982 0.196743
vt 0.259159 0.250013
vt 0.205713 0.899525
vt 0.209756 0.885662
vt 0.172351 0.090836
vt 0.174063 0.071800
vt 0.172400 0.109739
vt 0.173976 0.157046
vt 0.167424 0.156423
vt 0.169952 0.135899
vt 0.162199 0.190926
vt 0.156610 0.190304
vt 0.161878 0.155925
vt 0.163216 0.133918
vt 0.153231 0.243058
vt 0.142286 0.305114
vt 0.136121 0.304235
vt 0.147369 0.242285
vt 0.137727 0.949354
vt 0.135721 0.944653
vt 0.139634 0.952702
vt 0.131485 0.367712
vt 0.121784 0.425388
vt 0.115124 0.424236
vt 0.125050 0.366703
vt 0.141353 0.955299
vt 0.142969 0.957260
vt 0.113585 0.541907
vt 0.104463 0.540427
vt 0.108304 0.512530
vt 0.101936 0.563700
vt 0.094502 0.562313
vt 0.097298 0.539063
vt 0.101313 0.511184
vt 0.187450 0.958753
vt 0.186633 0.961368
vt 0.150187 0.951948
vt 0.144574 0.958673
vt 0.151740 0.952865
vt 0.145855 0.959674
vt 0.107761 0.663529
vt 0.107945 0.679016
vt 0.096544 0.677652
vt 0.096535 0.662135
vt 0.250146 0.091524
vt 0.250039 0.071836
vt 0.245100 0.060053
vt 0.238056 0.053718
vt 0.239128 0.050711
vt 0.246755 0.057257
vt 0.108050 0.798989
vt 0.181223 0.059025
vt 0.191505 0.050732
vt 0.179175 0.055793
vt 0.190707 0.047611
vt 0.220209 0.044441
vt 0.226036 0.046837
vt 0.212784 0.043626
vt 0.213045 0.040454
vt 0.220730 0.041282
vt 0.226728 0.043685
vt 0.133853 0.937896
vt 0.202706 0.045649
vt 0.202546 0.042483
vt 0.214806 0.862670
vt 0.219897 0.834366
vt 0.224234 0.805895
vt 0.236399 0.734764
vt 0.239868 0.720511
vt 0.230409 0.060788
vt 0.231715 0.049743
vt 0.232559 0.046582
vt 0.158625 0.943914
vt 0.156560 0.942799
vt 0.162803 0.933370
vt 0.185063 0.775107
vt 0.186451 0.752961
vt 0.187860 0.734538
vt 0.174232 0.916132
vt 0.175103 0.910766
vt 0.175777 0.905638
vt 0.176419 0.900493
vt 0.819570 0.811013
vt 0.789056 0.812341
vt 0.841478 0.809865
vt 0.181872 0.829491
vt 0.183527 0.801023
vt 0.223550 0.138774
vt 0.224457 0.124842
vt 0.225835 0.108736
vt 0.228148 0.083974
vt 0.178551 0.881211
vt 0.180196 0.858153
vt 0.189424 0.719730
vt 0.190770 0.709270
vt 0.196198 0.628015
vt 0.197925 0.600721
vt 0.199806 0.575207
vt 0.204839 0.522427
vt 0.208781 0.481016
vt 0.213134 0.429648
vt 0.216713 0.372437
vt 0.219109 0.311275
vt 0.220375 0.249260
vt 0.221201 0.196138
vt 0.177262 0.894044
vt 0.165823 0.926303
vt 0.180612 0.956393
vt 0.176593 0.947152
vt 0.177007 0.946617
vt 0.181000 0.955946
vt 0.173540 0.938663
vt 0.173732 0.937879
vt 0.191641 0.967664
vt 0.185863 0.963151
vt 0.186145 0.962658
vt 0.191820 0.967106
vt 0.170661 0.935106
vt 0.170729 0.934447
vt 0.166178 0.937897
vt 0.166255 0.937084
vt 0.202602 0.972531
vt 0.197206 0.970690
vt 0.197348 0.970101
vt 0.202760 0.971936
vt 0.159664 0.945403
vt 0.159415 0.944839
vt 0.152829 0.953888
vt 0.152518 0.953483
vt 0.146744 0.960744
vt 0.146479 0.960344
vt 0.141143 0.965933
vt 0.140942 0.965492
vt 0.135979 0.969751
vt 0.135771 0.969320
vt 0.131281 0.972922
vt 0.131013 0.972530
vt 0.935006 0.747086
vt 0.934296 0.752446
vt 0.932488 0.752403
vt 0.933218 0.747088
vt 0.931943 0.752411
vt 0.932689 0.747103
vt 0.938081 0.733788
vt 0.936015 0.740919
vt 0.934274 0.740943
vt 0.936521 0.733698
vt 0.933760 0.740911
vt 0.936035 0.733522
vt 0.948693 0.719809
vt 0.942156 0.725673
vt 0.941053 0.725051
vt 0.948404 0.718703
vt 0.940701 0.724560
vt 0.948451 0.717964
vt 0.967385 0.753520
vt 0.969124 0.753637
vt 0.967112 0.747998
vt 0.968826 0.748190
vt 0.969300 0.748281
vt 0.969611 0.753700
vt 0.956157 0.720135
vt 0.952655 0.718752
vt 0.952649 0.717544
vt 0.956420 0.719080
vt 0.952597 0.716917
vt 0.956275 0.718427
vt 0.966630 0.741668
vt 0.968298 0.741899
vt 0.965292 0.734422
vt 0.966802 0.734521
vt 0.967247 0.734417
vt 0.968770 0.741950
vt 0.962135 0.726213
vt 0.963228 0.725719
vt 0.963503 0.725314
vt 0.952633 0.720391
vt 0.949399 0.721266
vt 0.955411 0.721533
vt 0.954472 0.723167
vt 0.952585 0.722228
vt 0.950256 0.722977
vt 0.959992 0.726772
vt 0.962235 0.734133
vt 0.958581 0.734000
vt 0.957513 0.727536
vt 0.939576 0.740957
vt 0.938673 0.747284
vt 0.941180 0.733845
vt 0.944848 0.734098
vt 0.943827 0.741069
vt 0.943109 0.747544
vt 0.963746 0.753434
vt 0.963478 0.747839
vt 0.959275 0.753336
vt 0.959057 0.747669
vt 0.963121 0.741323
vt 0.958901 0.740988
vt 0.937961 0.752672
vt 0.942434 0.752955
vt 0.944259 0.726439
vt 0.946681 0.727437
vt 0.946501 0.753085
vt 0.947051 0.747597
vt 0.950561 0.747331
vt 0.950214 0.752961
vt 0.949049 0.728648
vt 0.948125 0.734509
vt 0.950893 0.724865
vt 0.951994 0.726579
vt 0.951548 0.729623
vt 0.951165 0.734807
vt 0.952521 0.724060
vt 0.953755 0.724987
vt 0.952590 0.726443
vt 0.952468 0.725630
vt 0.955064 0.728513
vt 0.955289 0.734064
vt 0.952222 0.733994
vt 0.952517 0.729149
vt 0.947549 0.741126
vt 0.950852 0.740997
vt 0.955219 0.753103
vt 0.955151 0.747323
vt 0.951543 0.752612
vt 0.951712 0.746681
vt 0.955204 0.740647
vt 0.951930 0.740158
vt 0.867253 0.112168
vt 0.871131 0.094545
vt 0.872581 0.096011
vt 0.869617 0.113199
vt 0.876364 0.083716
vt 0.877892 0.082973
vt 0.878363 0.084882
vt 0.874909 0.095836
vt 0.872537 0.113055
vt 0.107924 0.641725
vt 0.097329 0.640173
vt 0.098558 0.614390
vt 0.088021 0.638524
vt 0.090145 0.612763
vt 0.234624 0.705628
vt 0.241989 0.706911
vt 0.232490 0.689413
vt 0.242775 0.689588
vt 0.252651 0.692604
vt 0.251218 0.709273
vt 0.262798 0.712063
vt 0.263681 0.700837
vt 0.276881 0.696687
vt 0.275954 0.713520
vt 0.628538 0.031362
vt 0.617779 0.029941
vt 0.614691 0.018830
vt 0.625549 0.020122
vt 0.611561 0.034948
vt 0.608431 0.029476
vt 0.606961 0.028104
vt 0.613609 0.016525
vt 0.624998 0.017431
vt 0.148938 0.685771
vt 0.160918 0.688524
vt 0.134519 0.683150
vt 0.134625 0.667664
vt 0.149475 0.670402
vt 0.163975 0.675075
vt 0.954806 0.106194
vt 0.944385 0.090129
vt 0.948305 0.089818
vt 0.959736 0.105659
vt 0.935686 0.080017
vt 0.935990 0.078031
vt 0.937491 0.077242
vt 0.948704 0.085815
vt 0.962041 0.101146
vt 0.907088 0.658857
vt 0.909374 0.676783
vt 0.899336 0.676397
vt 0.895285 0.659324
vt 0.911796 0.690290
vt 0.903358 0.688776
vt 0.897773 0.685471
vt 0.892773 0.675551
vt 0.887540 0.659385
vt 0.120509 0.680874
vt 0.120402 0.665415
vt 0.222345 0.160328
vt 0.228907 0.160662
vt 0.216371 0.159871
vt 0.171680 0.123033
vt 0.165560 0.121660
vt 0.243849 0.160879
vt 0.249571 0.160925
vt 0.254155 0.161059
vt 0.159743 0.119706
vt 0.158053 0.127087
vt 0.153505 0.124927
vt 0.154726 0.118428
vt 0.181030 0.157339
vt 0.188660 0.157614
vt 0.236507 0.160816
vt 0.210448 0.159377
vt 0.204147 0.158823
vt 0.196711 0.158171
vt 0.622199 0.056324
vt 0.633783 0.057141
vt 0.612862 0.057159
vt 0.629002 0.531646
vt 0.622003 0.522507
vt 0.624074 0.520678
vt 0.631270 0.529402
vt 0.615478 0.510079
vt 0.617613 0.509078
vt 0.619893 0.507486
vt 0.625470 0.514955
vt 0.632950 0.522843
vt 0.128543 0.303001
vt 0.132054 0.303584
vt 0.120577 0.365905
vt 0.116853 0.365155
vt 0.110170 0.423272
vt 0.106055 0.422339
vt 0.090522 0.508828
vt 0.097241 0.470782
vt 0.101789 0.471848
vt 0.095518 0.509981
vt 0.107178 0.472950
vt 0.655736 0.452577
vt 0.650775 0.451913
vt 0.651601 0.430721
vt 0.656394 0.431272
vt 0.645602 0.451097
vt 0.646375 0.430017
vt 0.647534 0.403928
vt 0.652812 0.404661
vt 0.657433 0.405207
vt 0.069624 0.651760
vt 0.075407 0.654754
vt 0.065767 0.662228
vt 0.062370 0.659423
vt 0.053839 0.663965
vt 0.053364 0.661089
vt 0.155437 0.138088
vt 0.158887 0.138114
vt 0.157982 0.156366
vt 0.154227 0.155974
vt 0.152827 0.189993
vt 0.149133 0.189528
vt 0.150741 0.128910
vt 0.152449 0.127919
vt 0.155986 0.130621
vt 0.153393 0.131176
vt 0.091083 0.537805
vt 0.085629 0.536591
vt 0.087881 0.560986
vt 0.082027 0.559671
vt 0.655305 0.497104
vt 0.650078 0.495737
vt 0.650346 0.473460
vt 0.655449 0.474428
vt 0.645092 0.494177
vt 0.645259 0.472323
vt 0.660656 0.322867
vt 0.656251 0.322351
vt 0.659036 0.267647
vt 0.663470 0.268003
vt 0.650702 0.321608
vt 0.653247 0.267140
vt 0.655902 0.208034
vt 0.662038 0.208191
vt 0.666675 0.208317
vt 0.642713 0.546660
vt 0.640578 0.544285
vt 0.645129 0.540337
vt 0.648854 0.541773
vt 0.637784 0.541272
vt 0.641163 0.538159
vt 0.643767 0.530991
vt 0.648425 0.532965
vt 0.653393 0.534505
vt 0.669038 0.099509
vt 0.663612 0.099423
vt 0.660723 0.066881
vt 0.666322 0.067758
vt 0.656540 0.098892
vt 0.653155 0.064387
vt 0.649752 0.044697
vt 0.657652 0.049451
vt 0.663053 0.051427
vt 0.655846 0.042109
vt 0.660636 0.044859
vt 0.648052 0.036153
vt 0.648443 0.033341
vt 0.656231 0.039138
vt 0.660758 0.041557
vt 0.664065 0.149124
vt 0.669095 0.149053
vt 0.657484 0.149201
vt 0.613266 0.399181
vt 0.613192 0.425456
vt 0.608385 0.424961
vt 0.608396 0.398695
vt 0.613502 0.445274
vt 0.608779 0.444634
vt 0.606897 0.444576
vt 0.606591 0.424886
vt 0.606699 0.398629
vt 0.608754 0.263659
vt 0.609760 0.207246
vt 0.608146 0.316262
vt 0.606630 0.316223
vt 0.607203 0.263638
vt 0.608154 0.207258
vt 0.610634 0.150575
vt 0.610084 0.098637
vt 0.609035 0.150635
vt 0.608527 0.098704
vt 0.608116 0.056624
vt 0.606591 0.056374
vt 0.616237 0.480068
vt 0.617994 0.496309
vt 0.613898 0.494754
vt 0.611811 0.478594
vt 0.611704 0.494995
vt 0.609715 0.478621
vt 0.633000 0.401801
vt 0.622538 0.400360
vt 0.622790 0.363866
vt 0.633716 0.365444
vt 0.613157 0.362590
vt 0.632894 0.488824
vt 0.624132 0.484109
vt 0.622978 0.465603
vt 0.632290 0.468651
vt 0.614634 0.462997
vt 0.622224 0.446824
vt 0.631995 0.448657
vt 0.639754 0.492110
vt 0.639610 0.470856
vt 0.639694 0.450073
vt 0.641258 0.403001
vt 0.642350 0.366765
vt 0.648878 0.367782
vt 0.643861 0.320638
vt 0.634178 0.537464
vt 0.636845 0.534895
vt 0.638975 0.528003
vt 0.648476 0.097957
vt 0.644241 0.060473
vt 0.639757 0.037585
vt 0.637466 0.027524
vt 0.637449 0.024737
vt 0.648418 0.207841
vt 0.649795 0.149282
vt 0.646068 0.266480
vt 0.640282 0.429141
vt 0.632304 0.428000
vt 0.622190 0.426610
vt 0.608195 0.362089
vt 0.606615 0.362037
vt 0.076533 0.608820
vt 0.082848 0.610874
vt 0.080303 0.635921
vt 0.073903 0.633348
vt 0.654258 0.368570
vt 0.658734 0.369131
vt 0.201959 0.551533
vt 0.213685 0.552425
vt 0.191719 0.550655
vt 0.114008 0.474222
vt 0.240436 0.554084
vt 0.249568 0.554516
vt 0.257597 0.554779
vt 0.266761 0.555020
vt 0.268388 0.524661
vt 0.276313 0.524808
vt 0.276567 0.555099
vt 0.155695 0.547044
vt 0.169914 0.548603
vt 0.140256 0.545263
vt 0.181512 0.549746
vt 0.227585 0.553330
vt 0.125728 0.543525
vt 0.834198 0.363307
vt 0.834718 0.412715
vt 0.835280 0.320738
vt 0.836812 0.320461
vt 0.835866 0.362961
vt 0.836523 0.412292
vt 0.827438 0.487174
vt 0.828497 0.460395
vt 0.835371 0.457799
vt 0.831295 0.491626
vt 0.837259 0.457619
vt 0.832982 0.492778
vt 0.835865 0.294005
vt 0.837259 0.293628
vt 0.814234 0.469030
vt 0.799887 0.477872
vt 0.816991 0.500131
vt 0.803844 0.510432
vt 0.787361 0.436397
vt 0.789456 0.435517
vt 0.793275 0.481998
vt 0.791281 0.483177
vt 0.797634 0.514967
vt 0.795898 0.516310
vt 0.269864 0.482375
vt 0.276477 0.482953
vt 0.791962 0.294351
vt 0.793746 0.294372
vt 0.790753 0.310338
vt 0.788780 0.310386
vt 0.787917 0.340028
vt 0.785823 0.340326
vt 0.787275 0.384701
vt 0.785147 0.385284
vt 0.794925 0.286568
vt 0.796388 0.286415
vt 0.795735 0.287817
vt 0.794130 0.287965
vt 0.143523 0.241751
vt 0.139971 0.241262
vt 0.851076 0.809185
vt 0.852616 0.828365
vt 0.845232 0.789174
vt 0.847427 0.788555
vt 0.853359 0.808900
vt 0.854934 0.828426
vt 0.850425 0.845454
vt 0.845772 0.860244
vt 0.852728 0.845811
vt 0.848019 0.860829
vt 0.834811 0.769802
vt 0.836785 0.768780
vt 0.812003 0.894348
vt 0.818070 0.895805
vt 0.822706 0.882744
vt 0.830504 0.884636
vt 0.832461 0.885599
vt 0.819597 0.896977
vt 0.830812 0.871029
vt 0.839494 0.872988
vt 0.841649 0.873776
vt 0.811301 0.867278
vt 0.783509 0.862512
vt 0.805044 0.879327
vt 0.779148 0.874458
vt 0.797047 0.892754
vt 0.773712 0.888944
vt 0.724462 0.867957
vt 0.749214 0.869416
vt 0.744876 0.882846
vt 0.719920 0.880123
vt 0.741687 0.894504
vt 0.716671 0.890360
vt 0.730553 0.848746
vt 0.755123 0.849162
vt 0.752673 0.858450
vt 0.728012 0.857657
vt 0.726916 0.795264
vt 0.752985 0.794738
vt 0.756548 0.813422
vt 0.731447 0.813127
vt 0.757785 0.828216
vt 0.733108 0.828224
vt 0.757029 0.839639
vt 0.732653 0.839568
vt 0.716303 0.762066
vt 0.744015 0.754990
vt 0.747684 0.773196
vt 0.720629 0.776770
vt 0.715993 0.751407
vt 0.743831 0.742549
vt 0.743569 0.745686
vt 0.715693 0.754454
vt 0.740617 0.900324
vt 0.715738 0.895471
vt 0.740443 0.902331
vt 0.715693 0.897383
vt 0.255203 0.059704
vt 0.259171 0.062060
vt 0.259328 0.048160
vt 0.263626 0.050026
vt 0.265367 0.050428
vt 0.261065 0.062525
vt 0.157987 0.059519
vt 0.161006 0.059813
vt 0.154158 0.044956
vt 0.156973 0.045462
vt 0.163561 0.045192
vt 0.167317 0.058302
vt 0.177818 0.052014
vt 0.175032 0.040190
vt 0.188693 0.033431
vt 0.190087 0.044499
vt 0.213153 0.037464
vt 0.221066 0.038300
vt 0.213243 0.027077
vt 0.221767 0.027956
vt 0.228558 0.030302
vt 0.227259 0.040703
vt 0.202387 0.039442
vt 0.201928 0.028808
vt 0.233274 0.043602
vt 0.235129 0.033209
vt 0.242624 0.037432
vt 0.240081 0.047817
vt 0.248072 0.053955
vt 0.251474 0.043291
vt 0.819894 0.952197
vt 0.822100 0.952737
vt 0.822430 0.949442
vt 0.825097 0.949722
vt 0.824581 0.953565
vt 0.822908 0.946392
vt 0.823113 0.943787
vt 0.825493 0.946192
vt 0.830026 0.954740
vt 0.832381 0.954824
vt 0.830688 0.950993
vt 0.833003 0.951632
vt 0.830893 0.947350
vt 0.833118 0.948400
vt 0.833283 0.945577
vt 0.828264 0.946532
vt 0.827958 0.950293
vt 0.827321 0.954309
vt 0.826623 0.957966
vt 0.826082 0.960847
vt 0.834252 0.943437
vt 0.817714 0.952291
vt 0.822545 0.941552
vt 0.223090 0.707083
vt 0.225367 0.710171
vt 0.214618 0.709399
vt 0.213563 0.705661
vt 0.202080 0.706150
vt 0.201902 0.702631
vt 0.182813 0.698033
vt 0.182493 0.701459
vt 0.174599 0.699475
vt 0.175506 0.696239
vt 0.168838 0.696127
vt 0.170656 0.693945
vt 0.167050 0.690556
vt 0.169126 0.690931
vt 0.169329 0.685472
vt 0.170904 0.688484
vt 0.191458 0.703459
vt 0.191586 0.700041
vt 0.223691 0.701343
vt 0.226385 0.698701
vt 0.229554 0.705618
vt 0.226751 0.705191
vt 0.183369 0.689570
vt 0.183553 0.685390
vt 0.192670 0.687294
vt 0.192234 0.691594
vt 0.183832 0.673965
vt 0.193385 0.675668
vt 0.204630 0.677972
vt 0.203427 0.689797
vt 0.202656 0.694192
vt 0.175456 0.684182
vt 0.175976 0.688215
vt 0.174601 0.672890
vt 0.216013 0.693358
vt 0.214373 0.697479
vt 0.218427 0.681646
vt 0.913099 0.076371
vt 0.901443 0.076813
vt 0.900602 0.071759
vt 0.911522 0.071318
vt 0.891532 0.078481
vt 0.891392 0.073462
vt 0.888362 0.069547
vt 0.900249 0.066681
vt 0.913838 0.066738
vt 0.883539 0.081210
vt 0.884356 0.076792
vt 0.879917 0.076461
vt 0.925790 0.077526
vt 0.923400 0.073202
vt 0.927742 0.070979
vt 0.923253 0.107962
vt 0.917632 0.090042
vt 0.932761 0.089829
vt 0.940982 0.106954
vt 0.970220 0.652096
vt 0.962678 0.669630
vt 0.951101 0.672129
vt 0.956352 0.654078
vt 0.955587 0.680848
vt 0.946356 0.685484
vt 0.933888 0.688653
vt 0.936052 0.674655
vt 0.938530 0.656253
vt 0.921780 0.676226
vt 0.921690 0.657871
vt 0.922088 0.690176
vt 0.892113 0.110663
vt 0.891324 0.092324
vt 0.903511 0.090874
vt 0.906564 0.109251
vt 0.881422 0.094133
vt 0.880389 0.112060
vt 0.905003 0.205483
vt 0.896743 0.195887
vt 0.904010 0.195611
vt 0.911288 0.205591
vt 0.887884 0.182742
vt 0.896121 0.182056
vt 0.908316 0.180781
vt 0.914758 0.194730
vt 0.920543 0.205118
vt 0.881103 0.166636
vt 0.889852 0.165793
vt 0.876352 0.148923
vt 0.885182 0.148139
vt 0.898250 0.146772
vt 0.902792 0.164365
vt 0.873232 0.131011
vt 0.881811 0.130260
vt 0.894547 0.128979
vt 0.927882 0.193475
vt 0.931838 0.204458
vt 0.923200 0.179074
vt 0.940341 0.177239
vt 0.943056 0.192251
vt 0.945015 0.204011
vt 0.918584 0.162576
vt 0.914224 0.145114
vt 0.932618 0.143380
vt 0.936758 0.160659
vt 0.910195 0.127463
vt 0.928226 0.125912
vt 0.942888 0.559684
vt 0.943068 0.570557
vt 0.927875 0.572157
vt 0.929852 0.561719
vt 0.943072 0.585287
vt 0.925748 0.586615
vt 0.910698 0.587572
vt 0.914731 0.573299
vt 0.918635 0.563120
vt 0.942516 0.602233
vt 0.924126 0.603622
vt 0.941545 0.620124
vt 0.922971 0.621682
vt 0.906846 0.622810
vt 0.908143 0.604622
vt 0.940320 0.637986
vt 0.922122 0.639615
vt 0.906336 0.640779
vt 0.967854 0.554208
vt 0.972049 0.566285
vt 0.959326 0.568345
vt 0.956921 0.556840
vt 0.976014 0.581806
vt 0.961524 0.583485
vt 0.977343 0.598693
vt 0.962057 0.600401
vt 0.976641 0.616260
vt 0.961256 0.618122
vt 0.974647 0.634018
vt 0.959612 0.635916
vt 0.959417 0.191257
vt 0.959424 0.203951
vt 0.958632 0.175520
vt 0.972918 0.174022
vt 0.972249 0.190261
vt 0.970875 0.203717
vt 0.956133 0.158824
vt 0.952231 0.141735
vt 0.967575 0.140356
vt 0.971250 0.157325
vt 0.947414 0.124476
vt 0.962390 0.123265
vt 0.904063 0.574216
vt 0.909587 0.564228
vt 0.898464 0.588330
vt 0.890401 0.588696
vt 0.897009 0.574633
vt 0.903584 0.564644
vt 0.895170 0.605372
vt 0.893787 0.623622
vt 0.885207 0.623969
vt 0.886636 0.605708
vt 0.893580 0.641579
vt 0.885207 0.641918
vt 0.976891 0.189447
vt 0.975087 0.202867
vt 0.977956 0.173192
vt 0.983299 0.173063
vt 0.981484 0.190028
vt 0.979336 0.202905
vt 0.976615 0.156523
vt 0.973027 0.139514
vt 0.977897 0.136610
vt 0.981933 0.154820
vt 0.967705 0.122482
vt 0.971678 0.118649
vt 0.901231 0.206775
vt 0.892753 0.197737
vt 0.893978 0.195621
vt 0.902474 0.204846
vt 0.882880 0.184558
vt 0.884807 0.182726
vt 0.875224 0.167772
vt 0.877833 0.166668
vt 0.870241 0.149329
vt 0.873043 0.148880
vt 0.867253 0.130804
vt 0.870026 0.130980
vt 0.085203 0.585260
vt 0.079077 0.583656
vt 0.092177 0.586806
vt 0.639751 0.512600
vt 0.644794 0.515218
vt 0.633352 0.508244
vt 0.625216 0.501817
vt 0.610046 0.461999
vt 0.608064 0.461980
vt 0.649685 0.517107
vt 0.654982 0.518730
vt 0.100050 0.588296
vt 0.194612 0.654613
vt 0.206164 0.656596
vt 0.184755 0.653125
vt 0.233882 0.662585
vt 0.243520 0.664524
vt 0.251140 0.666757
vt 0.917218 0.875461
vt 0.915383 0.886437
vt 0.910578 0.890555
vt 0.910545 0.880376
vt 0.914056 0.894009
vt 0.910993 0.897997
vt 0.907862 0.899668
vt 0.906037 0.895005
vt 0.904320 0.886419
vt 0.150035 0.648118
vt 0.163856 0.650449
vt 0.134953 0.645718
vt 0.174984 0.651805
vt 0.220344 0.659446
vt 0.120541 0.643574
vt 0.267540 0.658103
vt 0.270272 0.653090
vt 0.271893 0.671423
vt 0.268240 0.672836
vt 0.277395 0.670351
vt 0.269876 0.689244
vt 0.267195 0.687499
vt 0.262979 0.686827
vt 0.259237 0.687647
vt 0.257816 0.669798
vt 0.262500 0.672115
vt 0.259839 0.652108
vt 0.263441 0.657661
vt 0.264330 0.694854
vt 0.264927 0.692678
vt 0.265063 0.646070
vt 0.265526 0.652421
vt 0.966782 0.824424
vt 0.964063 0.820793
vt 0.964424 0.818553
vt 0.967597 0.823623
vt 0.961366 0.818988
vt 0.961451 0.817514
vt 0.961248 0.815678
vt 0.966877 0.818038
vt 0.968601 0.824138
vt 0.950667 0.828063
vt 0.955087 0.819921
vt 0.957541 0.820380
vt 0.953969 0.827535
vt 0.958748 0.822637
vt 0.955764 0.830322
vt 0.962695 0.827403
vt 0.960923 0.837152
vt 0.966874 0.832027
vt 0.966426 0.843461
vt 0.968544 0.833590
vt 0.968622 0.845819
vt 0.969981 0.832007
vt 0.970848 0.843757
vt 0.957544 0.881121
vt 0.960118 0.874314
vt 0.962869 0.878377
vt 0.960229 0.885683
vt 0.963012 0.865027
vt 0.965775 0.868491
vt 0.969709 0.866712
vt 0.967443 0.876969
vt 0.965194 0.884392
vt 0.965186 0.854681
vt 0.967763 0.857586
vt 0.970848 0.855489
vt 0.944350 0.856241
vt 0.946512 0.851846
vt 0.953079 0.863362
vt 0.950691 0.868914
vt 0.949656 0.845603
vt 0.955997 0.855623
vt 0.952767 0.838329
vt 0.958728 0.846813
vt 0.936673 0.850001
vt 0.939807 0.847619
vt 0.944335 0.847567
vt 0.941351 0.851838
vt 0.943019 0.842269
vt 0.947440 0.841729
vt 0.946692 0.835592
vt 0.950657 0.834983
vt 0.919557 0.837219
vt 0.920199 0.844606
vt 0.910122 0.852584
vt 0.909476 0.846393
vt 0.920199 0.854421
vt 0.910568 0.861021
vt 0.901488 0.868983
vt 0.900420 0.861573
vt 0.899690 0.856362
vt 0.919078 0.864761
vt 0.910629 0.870347
vt 0.902800 0.877423
vt 0.918620 0.832313
vt 0.919084 0.833835
vt 0.908923 0.843618
vt 0.907402 0.842595
vt 0.899107 0.854216
vt 0.897106 0.854393
vt 0.935659 0.852678
vt 0.935026 0.850801
vt 0.939808 0.853438
vt 0.938964 0.854551
vt 0.943432 0.857894
vt 0.941347 0.857247
vt 0.949567 0.871172
vt 0.947605 0.871412
vt 0.956336 0.884133
vt 0.955251 0.885249
vt 0.959052 0.889136
vt 0.958628 0.890193
vt 0.964129 0.887636
vt 0.963989 0.889168
vt 0.905490 0.212965
vt 0.905103 0.211612
vt 0.907210 0.210200
vt 0.908445 0.212423
vt 0.909878 0.211282
vt 0.911412 0.214614
vt 0.971323 0.215933
vt 0.970410 0.211799
vt 0.974564 0.210795
vt 0.974939 0.213861
vt 0.978763 0.209476
vt 0.978525 0.211234
vt 0.921437 0.556894
vt 0.920823 0.557995
vt 0.912589 0.559133
vt 0.913314 0.558060
vt 0.907144 0.559421
vt 0.907865 0.558110
vt 0.947506 0.215443
vt 0.946403 0.211250
vt 0.959776 0.211727
vt 0.960885 0.216089
vt 0.965994 0.545594
vt 0.965815 0.547626
vt 0.955727 0.550812
vt 0.955769 0.549303
vt 0.942854 0.554115
vt 0.942944 0.552877
vt 0.930987 0.556430
vt 0.931328 0.555307
vt 0.925537 0.215515
vt 0.924011 0.211548
vt 0.934287 0.211243
vt 0.935574 0.215280
vt 0.915624 0.211704
vt 0.917229 0.215565
vt 0.285852 0.482375
vt 0.284301 0.443392
vt 0.279240 0.482954
vt 0.278835 0.445568
vt 0.807281 0.526626
vt 0.806406 0.524017
vt 0.819319 0.512598
vt 0.820387 0.514879
vt 0.278321 0.425790
vt 0.281017 0.422871
vt 0.282467 0.426171
vt 0.278511 0.428913
vt 0.283192 0.405895
vt 0.285806 0.409019
vt 0.800564 0.024149
vt 0.801779 0.021447
vt 0.799226 0.022908
vt 0.800866 0.020179
vt 0.261715 0.133064
vt 0.259543 0.134672
vt 0.262366 0.133710
vt 0.261081 0.135222
vt 0.260378 0.143232
vt 0.257892 0.142390
vt 0.259941 0.196913
vt 0.263209 0.249844
vt 0.262900 0.197042
vt 0.266199 0.249613
vt 0.269356 0.310185
vt 0.266342 0.310825
vt 0.258036 0.161793
vt 0.260904 0.162270
vt 0.268228 0.367462
vt 0.271226 0.366048
vt 0.296173 0.134673
vt 0.294001 0.133065
vt 0.297824 0.142390
vt 0.295338 0.143233
vt 0.294635 0.135222
vt 0.293350 0.133710
vt 0.292507 0.249844
vt 0.295775 0.196914
vt 0.289374 0.310825
vt 0.286360 0.310185
vt 0.289517 0.249613
vt 0.292816 0.197042
vt 0.297680 0.161793
vt 0.294812 0.162270
vt 0.287488 0.367462
vt 0.284490 0.366049
vt 0.800564 0.528881
vt 0.801779 0.531583
vt 0.800866 0.532851
vt 0.799226 0.530122
s 1
usemtl Material
f 50/1/50 900/2/900 2452/3/2450 904/4/904
f 900/2/900 24/5/24 823/6/823 2452/3/2450
f 2452/3/2450 823/6/823 4/7/4 897/8/897
f 904/4/904 2452/3/2450 897/8/897 47/9/47
f 45/10/45 892/11/892 2453/12/2451 845/13/845
f 892/11/892 27/14/27 837/15/837 2453/12/2451
f 2453/12/2451 837/15/837 16/16/16 843/17/843
f 845/13/845 2453/12/2451 843/17/843 17/18/17
f 146/19/146 1099/20/1099 2454/21/2452 1107/22/1107
f 1099/20/1099 30/23/30 838/24/838 2454/21/2452
f 2454/21/2452 838/24/838 15/25/15 1096/26/1096
f 1107/22/1107 2454/21/2452 1096/26/1096 143/27/143
f 405/28/405 1582/29/1580 2455/30/2453 1602/31/1600
f 1582/29/1580 33/32/33 839/33/839 2455/30/2453
f 2455/30/2453 839/33/839 14/34/14 1579/35/1577
f 1602/31/1600 2455/30/2453 1579/35/1577 402/36/402
f 296/37/296 1384/38/1382 2456/39/2454 1405/40/1403
f 1384/38/1382 36/41/36 840/42/840 2456/39/2454
f 2456/39/2454 840/42/840 13/43/13 1381/44/1379
f 1405/40/1403 2456/39/2454 1381/44/1379 293/45/293
f 36/41/36 880/46/880 2457/47/2455 840/42/840
f 880/46/880 39/48/39 841/49/841 2457/47/2455
f 2457/47/2455 841/49/841 12/50/12 833/51/833
f 840/42/840 2457/47/2455 833/51/833 13/43/13
f 39/48/39 877/52/877 2458/53/2456 841/49/841
f 877/52/877 42/54/42 842/55/842 2458/53/2456
f 2458/53/2456 842/55/842 11/56/11 832/57/832
f 841/49/841 2458/53/2456 832/57/832 12/50/12
f 109/58/109 994/59/994 2459/60/2457 1001/61/1001
f 994/59/994 45/10/45 845/13/845 2459/60/2457
f 2459/60/2457 845/13/845 17/18/17 991/62/991
f 1001/61/1001 2459/60/2457 991/62/991 111/63/111
f 89/64/89 844/65/844 2460/66/2458 1000/67/1000
f 844/65/844 18/68/18 869/69/869 2460/66/2458
f 2460/66/2458 869/69/869 43/70/43 992/71/992
f 1000/67/1000 2460/66/2458 992/71/992 92/72/92
f 202/73/202 1217/74/1217 2461/75/2459 1199/76/1199
f 1217/74/1217 198/77/198 870/78/870 2461/75/2459
f 2461/75/2459 870/78/870 44/79/44 993/80/993
f 1199/76/1199 2461/75/2459 993/80/993 110/81/110
f 110/81/110 993/80/993 2462/82/2460 998/83/998
f 993/80/993 44/79/44 871/84/871 2462/82/2460
f 2462/82/2460 871/84/871 45/10/45 994/59/994
f 998/83/998 2462/82/2460 994/59/994 109/58/109
f 9/85/9 830/86/830 2463/87/2461 863/88/863
f 830/86/830 10/89/10 866/90/866 2463/87/2461
f 2463/87/2461 866/90/866 40/91/40 875/92/875
f 863/88/863 2463/87/2461 875/92/875 37/93/37
f 196/94/196 1216/95/1216 2464/96/2462 864/97/864
f 1216/95/1216 197/98/197 867/99/867 2464/96/2462
f 2464/96/2462 867/99/867 41/100/41 876/101/876
f 864/97/864 2464/96/2462 876/101/876 38/102/38
f 38/102/38 876/101/876 2465/103/2463 865/104/865
f 876/101/876 41/100/41 868/105/868 2465/103/2463
f 2465/103/2463 868/105/868 42/54/42 877/52/877
f 865/104/865 2465/103/2463 877/52/877 39/48/39
f 8/106/8 829/107/829 2466/108/2464 860/109/860
f 829/107/829 9/85/9 863/88/863 2466/108/2464
f 2466/108/2464 863/88/863 37/93/37 878/110/878
f 860/109/860 2466/108/2464 878/110/878 34/111/34
f 195/112/195 1215/113/1215 2467/114/2465 861/115/861
f 1215/113/1215 196/94/196 864/97/864 2467/114/2465
f 2467/114/2465 864/97/864 38/102/38 879/116/879
f 861/115/861 2467/114/2465 879/116/879 35/117/35
f 35/117/35 879/116/879 2468/118/2466 862/119/862
f 879/116/879 38/102/38 865/104/865 2468/118/2466
f 2468/118/2466 865/104/865 39/48/39 880/46/880
f 862/119/862 2468/118/2466 880/46/880 36/41/36
f 292/120/292 828/121/828 2469/122/2467 1404/123/1402
f 828/121/828 8/106/8 860/109/860 2469/122/2467
f 2469/122/2467 860/109/860 34/111/34 1382/124/1380
f 1404/123/1402 2469/122/2467 1382/124/1380 294/125/294
f 300/126/300 1214/127/1214 2470/128/2468 1403/129/1401
f 1214/127/1214 195/112/195 861/115/861 2470/128/2468
f 2470/128/2468 861/115/861 35/117/35 1383/130/1381
f 1403/129/1401 2470/128/2468 1383/130/1381 295/131/295
f 295/131/295 1383/130/1381 2471/132/2469 1402/133/1400
f 1383/130/1381 35/117/35 862/119/862 2471/132/2469
f 2471/132/2469 862/119/862 36/41/36 1384/38/1382
f 1402/133/1400 2471/132/2469 1384/38/1382 296/37/296
f 399/134/399 827/135/827 2472/136/2470 1601/137/1599
f 827/135/827 7/138/7 857/139/857 2472/136/2470
f 2472/136/2470 857/139/857 31/140/31 1580/141/1578
f 1601/137/1599 2472/136/2470 1580/141/1578 403/142/403
f 401/143/401 1213/144/1213 2473/145/2471 1600/146/1598
f 1213/144/1213 194/147/194 858/148/858 2473/145/2471
f 2473/145/2471 858/148/858 32/149/32 1581/150/1579
f 1600/146/1598 2473/145/2471 1581/150/1579 404/151/404
f 404/151/404 1581/150/1579 2474/152/2472 1599/153/1597
f 1581/150/1579 32/149/32 859/154/859 2474/152/2472
f 2474/152/2472 859/154/859 33/32/33 1582/29/1580
f 1599/153/1597 2474/152/2472 1582/29/1580 405/28/405
f 142/155/142 826/156/826 2475/157/2473 1106/158/1106
f 826/156/826 359/159/359 854/160/854 2475/157/2473
f 2475/157/2473 854/160/854 360/161/360 1097/162/1097
f 1106/158/1106 2475/157/2473 1097/162/1097 144/163/144
f 204/164/204 1212/165/1212 2476/166/2474 1201/167/1201
f 1212/165/1212 361/168/361 855/169/855 2476/166/2474
f 2476/166/2474 855/169/855 362/170/362 1098/171/1098
f 1201/167/1201 2476/166/2474 1098/171/1098 145/172/145
f 145/172/145 1098/171/1098 2477/173/2475 1104/174/1104
f 1098/171/1098 362/170/362 856/175/856 2477/173/2475
f 2477/173/2475 856/175/856 30/23/30 1099/20/1099
f 1104/174/1104 2477/173/2475 1099/20/1099 146/19/146
f 18/68/18 825/176/825 2478/177/2476 869/69/869
f 825/176/825 5/178/5 851/179/851 2478/177/2476
f 2478/177/2476 851/179/851 25/180/25 890/181/890
f 869/69/869 2478/177/2476 890/181/890 43/70/43
f 198/77/198 1211/182/1211 2479/183/2477 870/78/870
f 1211/182/1211 192/184/192 852/185/852 2479/183/2477
f 2479/183/2477 852/185/852 26/186/26 891/187/891
f 870/78/870 2479/183/2477 891/187/891 44/79/44
f 44/79/44 891/187/891 2480/188/2478 871/84/871
f 891/187/891 26/186/26 853/189/853 2480/188/2478
f 2480/188/2478 853/189/853 27/14/27 892/11/892
f 871/84/871 2480/188/2478 892/11/892 45/10/45
f 46/190/46 822/191/822 2481/192/2479 903/193/903
f 822/191/822 2/194/2 848/195/848 2481/192/2479
f 2481/192/2479 848/195/848 22/196/22 898/197/898
f 903/193/903 2481/192/2479 898/197/898 48/198/48
f 199/199/199 1210/200/1210 2482/201/2480 902/202/902
f 1210/200/1210 191/203/191 849/204/849 2482/201/2480
f 2482/201/2480 849/204/849 23/205/23 899/206/899
f 902/202/902 2482/201/2480 899/206/899 49/207/49
f 49/207/49 899/206/899 2483/208/2481 901/209/901
f 899/206/899 23/205/23 850/210/850 2483/208/2481
f 2483/208/2481 850/210/850 24/5/24 900/2/900
f 901/209/901 2483/208/2481 900/2/900 50/1/50
f 250/211/250 1300/212/1298 2484/213/2482 1315/214/1313
f 1300/212/1298 49/207/49 901/209/901 2484/213/2482
f 2484/213/2482 901/209/901 50/1/50 1301/215/1299
f 1315/214/1313 2484/213/2482 1301/215/1299 251/216/251
f 257/217/257 1209/218/1209 2485/219/2483 1314/220/1312
f 1209/218/1209 199/199/199 902/202/902 2485/219/2483
f 2485/219/2483 902/202/902 49/207/49 1300/212/1298
f 1314/220/1312 2485/219/2483 1300/212/1298 250/211/250
f 252/221/252 896/222/896 2486/223/2484 1313/224/1311
f 896/222/896 46/190/46 903/193/903 2486/223/2484
f 2486/223/2484 903/193/903 48/198/48 1299/225/1297
f 1313/224/1311 2486/223/2484 1299/225/1297 249/226/249
f 251/216/251 1301/215/1299 2487/227/2485 1312/228/1310
f 1301/215/1299 50/1/50 904/4/904 2487/227/2485
f 2487/227/2485 904/4/904 47/9/47 1298/229/1296
f 1312/228/1310 2487/227/2485 1298/229/1296 248/230/248
f 26/186/26 888/231/888 2488/232/2486 853/189/853
f 888/231/888 54/233/54 910/234/910 2488/232/2486
f 2488/232/2486 910/234/910 55/235/55 889/236/889
f 853/189/853 2488/232/2486 889/236/889 27/14/27
f 192/184/192 1208/237/1208 2489/238/2487 852/185/852
f 1208/237/1208 200/239/200 911/240/911 2489/238/2487
f 2489/238/2487 911/240/911 54/233/54 888/231/888
f 852/185/852 2489/238/2487 888/231/888 26/186/26
f 5/178/5 905/241/905 2490/242/2488 851/179/851
f 905/241/905 51/243/51 912/244/912 2490/242/2488
f 2490/242/2488 912/244/912 53/245/53 887/246/887
f 851/179/851 2490/242/2488 887/246/887 25/180/25
f 27/14/27 889/236/889 2491/247/2489 837/15/837
f 889/236/889 55/235/55 913/248/913 2491/247/2489
f 2491/247/2489 913/248/913 52/249/52 836/250/836
f 837/15/837 2491/247/2489 836/250/836 16/16/16
f 186/251/186 1103/252/1103 2492/253/2490 1182/254/1182
f 1103/252/1103 147/255/147 1100/256/1100 2492/253/2490
f 2492/253/2490 1100/256/1100 59/257/59 1109/258/1109
f 1182/254/1182 2492/253/2490 1109/258/1109 150/259/150
f 175/260/175 938/261/938 2493/262/2491 1181/263/1181
f 938/261/938 74/264/74 941/265/941 2493/262/2491
f 2493/262/2491 941/265/941 75/266/75 939/267/939
f 1181/263/1181 2493/262/2491 939/267/939 176/268/176
f 164/269/164 929/270/929 2494/271/2492 1180/272/1180
f 929/270/929 63/273/63 942/274/942 2494/271/2492
f 2494/271/2492 942/274/942 74/264/74 938/261/938
f 1180/272/1180 2494/271/2492 938/261/938 175/260/175
f 337/275/337 1460/276/1458 2495/277/2493 1452/278/1450
f 1460/276/1458 334/279/334 946/280/946 2495/277/2493
f 2495/277/2493 946/280/946 320/281/320 1428/282/1426
f 1452/278/1450 2495/277/2493 1428/282/1426 319/283/319
f 180/284/180 988/285/988 2496/286/2494 1178/287/1178
f 988/285/988 88/288/88 982/289/982 2496/286/2494
f 2496/286/2494 982/289/982 69/290/69 1113/291/1113
f 1178/287/1178 2496/286/2494 1113/291/1113 155/292/155
f 333/293/333 1459/294/1457 2497/295/2495 1448/296/1446
f 1459/294/1457 331/297/331 1446/298/1444 2497/295/2495
f 2497/295/2495 1446/298/1444 328/299/328 1435/300/1433
f 1448/296/1446 2497/295/2495 1435/300/1433 327/301/327
f 331/297/331 1458/302/1456 2498/303/2496 1446/298/1444
f 1458/302/1456 335/304/335 1450/305/1448 2498/303/2496
f 2498/303/2496 1450/305/1448 329/306/329 1438/307/1436
f 1446/298/1444 2498/303/2496 1438/307/1436 328/299/328
f 158/308/158 923/309/923 2499/310/2497 1175/311/1175
f 923/309/923 56/312/56 945/313/945 2499/310/2497
f 2499/310/2497 945/313/945 61/314/61 1110/315/1110
f 1175/311/1175 2499/310/2497 1110/315/1110 151/316/151
f 336/317/336 1457/318/1455 2500/319/2498 1207/320/1207
f 1457/318/1455 332/321/332 937/322/937 2500/319/2498
f 2500/319/2498 937/322/937 330/323/330 1442/324/1440
f 1207/320/1207 2500/319/2498 1442/324/1440 323/325/323
f 163/326/163 928/327/928 2501/328/2499 1173/329/1173
f 928/327/928 62/330/62 947/331/947 2501/328/2499
f 2501/328/2499 947/331/947 73/332/73 935/333/935
f 1173/329/1173 2501/328/2499 935/333/935 172/334/172
f 262/335/262 1293/336/1291 2502/337/2500 1287/338/1285
f 1293/336/1291 243/339/243 1284/340/1282 2502/337/2500
f 2502/337/2500 1284/340/1282 57/341/57 1108/342/1108
f 1287/338/1285 2502/337/2500 1108/342/1108 149/343/149
f 170/344/170 933/345/933 2503/346/2501 1171/347/1171
f 933/345/933 71/348/71 948/349/948 2503/346/2501
f 2503/346/2501 948/349/948 213/350/213 1187/351/1187
f 1171/347/1171 2503/346/2501 1187/351/1187 212/352/212
f 208/353/208 1114/354/1114 2504/355/2502 1170/356/1170
f 1114/354/1114 210/357/210 949/358/949 2504/355/2502
f 2504/355/2502 949/358/949 64/359/64 1111/360/1111
f 1170/356/1170 2504/355/2502 1111/360/1111 153/361/153
f 70/362/70 1379/363/1377 2505/364/2503 1365/365/1363
f 1379/363/1377 67/366/67 1366/367/1364 2505/364/2503
f 2505/364/2503 1366/367/1364 276/368/276 1358/369/1356
f 1365/365/1363 2505/364/2503 1358/369/1356 278/370/278
f 168/371/168 932/372/932 2506/373/2504 1168/374/1168
f 932/372/932 68/375/68 951/376/951 2506/373/2504
f 2506/373/2504 951/376/951 71/348/71 933/345/933
f 1168/374/1168 2506/373/2504 933/345/933 170/344/170
f 155/292/155 1113/291/1113 2507/377/2505 1166/378/1166
f 1113/291/1113 69/290/69 953/379/953 2507/377/2505
f 2507/377/2505 953/379/953 68/375/68 932/372/932
f 1166/378/1166 2507/377/2505 932/372/932 168/371/168
f 67/366/67 1378/380/1376 2508/381/2506 1366/367/1364
f 1378/380/1376 287/382/287 1368/383/1366 2508/381/2506
f 2508/381/2506 1368/383/1366 274/384/274 1357/385/1355
f 1366/367/1364 2508/381/2506 1357/385/1355 276/368/276
f 154/386/154 1112/387/1112 2509/388/2507 1163/389/1163
f 1112/387/1112 66/390/66 956/391/956 2509/388/2507
f 2509/388/2507 956/391/956 65/392/65 930/393/930
f 1163/389/1163 2509/388/2507 930/393/930 165/394/165
f 182/395/182 997/396/997 2510/397/2508 1162/398/1162
f 997/396/997 95/399/95 995/400/995 2510/397/2508
f 2510/397/2508 995/400/995 63/273/63 929/270/929
f 1162/398/1162 2510/397/2508 929/270/929 164/269/164
f 318/401/318 1427/402/1425 2511/403/2509 1423/404/1421
f 1427/402/1425 314/405/314 1419/406/1417 2511/403/2509
f 2511/403/2509 1419/406/1417 313/407/313 1415/408/1413
f 1423/404/1421 2511/403/2509 1415/408/1413 311/409/311
f 255/410/255 1310/411/1308 2512/412/2510 1304/413/1302
f 1310/411/1308 254/414/254 1303/415/1301 2512/412/2510
f 2512/412/2510 1303/415/1301 62/330/62 928/327/928
f 1304/413/1302 2512/412/2510 928/327/928 163/326/163
f 151/316/151 1110/315/1110 2513/416/2511 1159/417/1159
f 1110/315/1110 61/314/61 959/418/959 2513/416/2511
f 2513/416/2511 959/418/959 60/419/60 927/420/927
f 1159/417/1159 2513/416/2511 927/420/927 162/421/162
f 316/422/316 1426/423/1424 2514/424/2512 958/425/958
f 1426/423/1424 317/426/317 1417/427/1415 2514/424/2512
f 2514/424/2512 1417/427/1415 308/428/308 1414/429/1412
f 958/425/958 2514/424/2512 1414/429/1412 312/430/312
f 314/405/314 1425/431/1423 2515/432/2513 1419/406/1417
f 1425/431/1423 316/422/316 958/425/958 2515/432/2513
f 2515/432/2513 958/425/958 312/430/312 1413/433/1411
f 1419/406/1417 2515/432/2513 1413/433/1411 313/407/313
f 414/434/414 1598/435/1596 2516/436/2514 1584/437/1582
f 1598/435/1596 406/438/406 1583/439/1581 2516/436/2514
f 2516/436/2514 1583/439/1581 58/440/58 924/441/924
f 1584/437/1582 2516/436/2514 924/441/924 159/442/159
f 185/443/185 1102/444/1102 2517/445/2515 1155/446/1155
f 1102/444/1102 148/447/148 1101/448/1101 2517/445/2515
f 2517/445/2515 1101/448/1101 56/312/56 923/309/923
f 1155/446/1155 2517/445/2515 923/309/923 158/308/158
f 179/449/179 987/450/987 2518/451/2516 1154/452/1154
f 987/450/987 86/453/86 980/454/980 2518/451/2516
f 2518/451/2516 980/454/980 81/455/81 970/456/970
f 1154/452/1154 2518/451/2516 970/456/970 177/457/177
f 184/458/184 1014/459/1014 2519/460/2517 1153/461/1153
f 1014/459/1014 101/462/101 1008/463/1008 2519/460/2517
f 2519/460/2517 1008/463/1008 80/464/80 971/465/971
f 1153/461/1153 2519/460/2517 971/465/971 178/466/178
f 82/467/82 1039/468/1039 2520/469/2518 1495/470/1493
f 1039/468/1039 118/471/118 1494/472/1492 2520/469/2518
f 2520/469/2518 1494/472/1492 351/473/351 1487/474/1485
f 1495/470/1493 2520/469/2518 1487/474/1485 355/475/355
f 206/476/206 977/477/977 2521/478/2519 985/479/985
f 977/477/977 78/480/78 973/481/973 2521/478/2519
f 2521/478/2519 973/481/973 201/482/201 1218/483/1218
f 985/479/985 2521/478/2519 1218/483/1218 209/484/209
f 87/485/87 964/486/964 2522/487/2520 984/488/984
f 964/486/964 77/489/77 974/490/974 2522/487/2520
f 2522/487/2520 974/490/974 78/480/78 977/477/977
f 984/488/984 2522/487/2520 977/477/977 206/476/206
f 119/491/119 1042/492/1042 2523/493/2521 1005/494/1005
f 1042/492/1042 91/495/91 1493/496/1491 2523/493/2521
f 2523/493/2521 1493/496/1491 358/497/358 1490/498/1488
f 1005/494/1005 2523/493/2521 1490/498/1488 352/499/352
f 19/500/19 874/501/874 2524/502/2522 846/503/846
f 874/501/874 108/504/108 983/505/983 2524/502/2522
f 2524/502/2522 983/505/983 106/506/106 824/507/824
f 846/503/846 2524/502/2522 824/507/824 3/508/3
f 1/509/1 981/510/981 2525/511/2523 821/512/821
f 981/510/981 87/485/87 984/488/984 2525/511/2523
f 2525/511/2523 984/488/984 206/476/206 872/513/872
f 821/512/821 2525/511/2523 872/513/872 207/514/207
f 20/515/20 873/516/873 2526/517/2524 847/518/847
f 873/516/873 107/519/107 986/520/986 2526/517/2524
f 2526/517/2524 986/520/986 108/504/108 874/501/874
f 847/518/847 2526/517/2524 874/501/874 19/500/19
f 153/361/153 1111/360/1111 2527/521/2525 1152/522/1152
f 1111/360/1111 64/359/64 957/523/957 2527/521/2525
f 2527/521/2525 957/523/957 86/453/86 987/450/987
f 1152/522/1152 2527/521/2525 987/450/987 179/449/179
f 178/466/178 971/465/971 2528/524/2526 1151/525/1151
f 971/465/971 80/464/80 968/526/968 2528/524/2526
f 2528/524/2526 968/526/968 88/288/88 988/285/988
f 1151/525/1151 2528/524/2526 988/285/988 180/284/180
f 162/421/162 927/420/927 2529/527/2527 1150/528/1150
f 927/420/927 60/419/60 943/529/943 2529/527/2527
f 2529/527/2527 943/529/943 90/530/90 996/531/996
f 1150/528/1150 2529/527/2527 996/531/996 181/532/181
f 183/533/183 1013/534/1013 2530/535/2528 1149/536/1149
f 1013/534/1013 99/537/99 1006/538/1006 2530/535/2528
f 2530/535/2528 1006/538/1006 95/399/95 997/396/997
f 1149/536/1149 2530/535/2528 997/396/997 182/395/182
f 112/539/112 1035/540/1035 2531/541/2529 967/542/967
f 1035/540/1035 113/543/113 972/544/972 2531/541/2529
f 2531/541/2529 972/544/972 350/545/350 1483/546/1481
f 967/542/967 2531/541/2529 1483/546/1481 353/547/353
f 203/548/203 1206/549/1206 2532/550/2530 1200/551/1200
f 1206/549/1206 202/73/202 1199/76/1199 2532/550/2530
f 2532/550/2530 1199/76/1199 110/81/110 1004/552/1004
f 1200/551/1200 2532/550/2530 1004/552/1004 104/553/104
f 100/554/100 989/555/989 2533/556/2531 1010/557/1010
f 989/555/989 89/64/89 1000/67/1000 2533/556/2531
f 2533/556/2531 1000/67/1000 92/72/92 1003/558/1003
f 1010/557/1010 2533/556/2531 1003/558/1003 97/559/97
f 84/560/84 1038/561/1038 2534/562/2532 975/563/975
f 1038/561/1038 115/564/115 979/565/979 2534/562/2532
f 2534/562/2532 979/565/979 349/566/349 1486/567/1484
f 975/563/975 2534/562/2532 1486/567/1484 356/568/356
f 93/569/93 1041/570/1041 2535/571/2533 1012/572/1012
f 1041/570/1041 119/491/119 1005/494/1005 2535/571/2533
f 2535/571/2533 1005/494/1005 352/499/352 1489/573/1487
f 1012/572/1012 2535/571/2533 1489/573/1487 357/574/357
f 77/489/77 1007/575/1007 2536/576/2534 974/490/974
f 1007/575/1007 100/554/100 1010/557/1010 2536/576/2534
f 2536/576/2534 1010/557/1010 97/559/97 965/577/965
f 974/490/974 2536/576/2534 965/577/965 78/480/78
f 201/482/201 1205/578/1205 2537/579/2535 1198/580/1198
f 1205/578/1205 203/548/203 1200/551/1200 2537/579/2535
f 2537/579/2535 1200/551/1200 104/553/104 966/581/966
f 1198/580/1198 2537/579/2535 966/581/966 105/582/105
f 114/583/114 1044/584/1044 2538/585/2536 1009/586/1009
f 1044/584/1044 93/569/93 1012/572/1012 2538/585/2536
f 2538/585/2536 1012/572/1012 357/574/357 1492/587/1490
f 1009/586/1009 2538/585/2536 1492/587/1490 354/588/354
f 177/457/177 970/456/970 2539/589/2537 1148/590/1148
f 970/456/970 81/455/81 969/591/969 2539/589/2537
f 2539/589/2537 969/591/969 99/537/99 1013/534/1013
f 1148/590/1148 2539/589/2537 1013/534/1013 183/533/183
f 181/532/181 996/531/996 2540/592/2538 1147/593/1147
f 996/531/996 90/530/90 990/594/990 2540/592/2538
f 2540/592/2538 990/594/990 101/462/101 1014/459/1014
f 1147/593/1147 2540/592/2538 1014/459/1014 184/458/184
f 132/595/132 1075/596/1075 2541/597/2539 1094/598/1094
f 1075/596/1075 102/599/102 963/600/963 2541/597/2539
f 2541/597/2539 963/600/963 103/601/103 1026/602/1026
f 1094/598/1094 2541/597/2539 1026/602/1026 133/603/133
f 134/604/134 1077/605/1077 2542/606/2540 1093/607/1093
f 1077/605/1077 105/582/105 966/581/966 2542/606/2540
f 2542/606/2540 966/581/966 104/553/104 1028/608/1028
f 1093/607/1093 2542/606/2540 1028/608/1028 135/609/135
f 133/603/133 1026/602/1026 2543/610/2541 1092/611/1092
f 1026/602/1026 103/601/103 976/612/976 2543/610/2541
f 2543/610/2541 976/612/976 106/506/106 1029/613/1029
f 1092/611/1092 2543/610/2541 1029/613/1029 136/614/136
f 137/615/137 1080/616/1080 2544/617/2542 1091/618/1091
f 1080/616/1080 107/519/107 978/619/978 2544/617/2542
f 2544/617/2542 978/619/978 105/582/105 1077/605/1077
f 1091/618/1091 2544/617/2542 1077/605/1077 134/604/134
f 136/614/136 1029/613/1029 2545/620/2543 1090/621/1090
f 1029/613/1029 106/506/106 983/505/983 2545/620/2543
f 2545/620/2543 983/505/983 108/504/108 1031/622/1031
f 1090/621/1090 2545/620/2543 1031/622/1031 138/623/138
f 138/623/138 1031/622/1031 2546/624/2544 1089/625/1089
f 1031/622/1031 108/504/108 986/520/986 2546/624/2544
f 2546/624/2544 986/520/986 107/519/107 1080/616/1080
f 1089/625/1089 2546/624/2544 1080/616/1080 137/615/137
f 139/626/139 1082/627/1082 2547/628/2545 1088/629/1088
f 1082/627/1082 110/81/110 998/83/998 2547/628/2545
f 2547/628/2545 998/83/998 109/58/109 1033/630/1033
f 1088/629/1088 2547/628/2545 1033/630/1033 140/631/140
f 140/631/140 1033/630/1033 2548/632/2546 1087/633/1087
f 1033/630/1033 109/58/109 1001/61/1001 2548/632/2546
f 2548/632/2546 1001/61/1001 111/63/111 1034/634/1034
f 1087/633/1087 2548/632/2546 1034/634/1034 141/635/141
f 141/635/141 1034/634/1034 2549/636/2547 1086/637/1086
f 1034/634/1034 111/63/111 1002/638/1002 2549/636/2547
f 2549/636/2547 1002/638/1002 102/599/102 1075/596/1075
f 1086/637/1086 2549/636/2547 1075/596/1075 132/595/132
f 135/609/135 1028/608/1028 2550/639/2548 1085/640/1085
f 1028/608/1028 104/553/104 1004/552/1004 2550/639/2548
f 2550/639/2548 1004/552/1004 110/81/110 1082/627/1082
f 1085/640/1085 2550/639/2548 1082/627/1082 139/626/139
f 122/641/122 1055/642/1055 2551/643/2549 1074/644/1074
f 1055/642/1055 96/645/96 1015/646/1015 2551/643/2549
f 2551/643/2549 1015/646/1015 76/647/76 1046/648/1046
f 1074/644/1074 2551/643/2549 1046/648/1046 123/649/123
f 124/650/124 1057/651/1057 2552/652/2550 1073/653/1073
f 1057/651/1057 79/654/79 1016/655/1016 2552/652/2550
f 2552/652/2550 1016/655/1016 98/656/98 1048/657/1048
f 1073/653/1073 2552/652/2550 1048/657/1048 125/658/125
f 123/649/123 1046/648/1046 2553/659/2551 1072/660/1072
f 1046/648/1046 76/647/76 1017/661/1017 2553/659/2551
f 2553/659/2551 1017/661/1017 116/662/116 1049/663/1049
f 1072/660/1072 2553/659/2551 1049/663/1049 126/664/126
f 127/665/127 1060/666/1060 2554/667/2552 1071/668/1071
f 1060/666/1060 117/669/117 1018/670/1018 2554/667/2552
f 2554/667/2552 1018/670/1018 79/654/79 1057/651/1057
f 1071/668/1071 2554/667/2552 1057/651/1057 124/650/124
f 126/664/126 1049/663/1049 2555/671/2553 1070/672/1070
f 1049/663/1049 116/662/116 1019/673/1019 2555/671/2553
f 2555/671/2553 1019/673/1019 85/674/85 1051/675/1051
f 1070/672/1070 2555/671/2553 1051/675/1051 128/676/128
f 128/676/128 1051/675/1051 2556/677/2554 1069/678/1069
f 1051/675/1051 85/674/85 1020/679/1020 2556/677/2554
f 2556/677/2554 1020/679/1020 117/669/117 1060/666/1060
f 1069/678/1069 2556/677/2554 1060/666/1060 127/665/127
f 129/680/129 1062/681/1062 2557/682/2555 1068/683/1068
f 1062/681/1062 120/684/120 1021/685/1021 2557/682/2555
f 2557/682/2555 1021/685/1021 94/686/94 1053/687/1053
f 1068/683/1068 2557/682/2555 1053/687/1053 130/688/130
f 130/688/130 1053/687/1053 2558/689/2556 1067/690/1067
f 1053/687/1053 94/686/94 1022/691/1022 2558/689/2556
f 2558/689/2556 1022/691/1022 121/692/121 1054/693/1054
f 1067/690/1067 2558/689/2556 1054/693/1054 131/694/131
f 131/694/131 1054/693/1054 2559/695/2557 1066/696/1066
f 1054/693/1054 121/692/121 1023/697/1023 2559/695/2557
f 2559/695/2557 1023/697/1023 96/645/96 1055/642/1055
f 1066/696/1066 2559/695/2557 1055/642/1055 122/641/122
f 125/658/125 1048/657/1048 2560/698/2558 1065/699/1065
f 1048/657/1048 98/656/98 1024/700/1024 2560/698/2558
f 2560/698/2558 1024/700/1024 120/684/120 1062/681/1062
f 1065/699/1065 2560/698/2558 1062/681/1062 129/680/129
f 114/583/114 1058/701/1058 2561/702/2559 1044/584/1044
f 1058/701/1058 125/703/125 1065/704/1065 2561/702/2559
f 2561/702/2559 1065/704/1065 129/705/129 1052/706/1052
f 1044/584/1044 2561/702/2559 1052/706/1052 93/569/93
f 91/495/91 1064/707/1064 2562/708/2560 1043/709/1043
f 1064/707/1064 131/710/131 1066/711/1066 2562/708/2560
f 2562/708/2560 1066/711/1066 122/712/122 1045/713/1045
f 1043/709/1043 2562/708/2560 1045/713/1045 112/539/112
f 119/491/119 1063/714/1063 2563/715/2561 1042/492/1042
f 1063/714/1063 130/716/130 1067/717/1067 2563/715/2561
f 2563/715/2561 1067/717/1067 131/710/131 1064/707/1064
f 1042/492/1042 2563/715/2561 1064/707/1064 91/495/91
f 93/569/93 1052/706/1052 2564/718/2562 1041/570/1041
f 1052/706/1052 129/705/129 1068/719/1068 2564/718/2562
f 2564/718/2562 1068/719/1068 130/716/130 1063/714/1063
f 1041/570/1041 2564/718/2562 1063/714/1063 119/491/119
f 118/471/118 1061/720/1061 2565/721/2563 1040/722/1040
f 1061/720/1061 128/723/128 1069/724/1069 2565/721/2563
f 2565/721/2563 1069/724/1069 127/725/127 1050/726/1050
f 1040/722/1040 2565/721/2563 1050/726/1050 84/560/84
f 82/467/82 1059/727/1059 2566/728/2564 1039/468/1039
f 1059/727/1059 126/729/126 1070/730/1070 2566/728/2564
f 2566/728/2564 1070/730/1070 128/723/128 1061/720/1061
f 1039/468/1039 2566/728/2564 1061/720/1061 118/471/118
f 84/560/84 1050/726/1050 2567/731/2565 1038/561/1038
f 1050/726/1050 127/725/127 1071/732/1071 2567/731/2565
f 2567/731/2565 1071/732/1071 124/733/124 1047/734/1047
f 1038/561/1038 2567/731/2565 1047/734/1047 115/564/115
f 113/543/113 1056/735/1056 2568/736/2566 1037/737/1037
f 1056/735/1056 123/738/123 1072/739/1072 2568/736/2566
f 2568/736/2566 1072/739/1072 126/729/126 1059/727/1059
f 1037/737/1037 2568/736/2566 1059/727/1059 82/467/82
f 115/564/115 1047/734/1047 2569/740/2567 1036/741/1036
f 1047/734/1047 124/733/124 1073/742/1073 2569/740/2567
f 2569/740/2567 1073/742/1073 125/703/125 1058/701/1058
f 1036/741/1036 2569/740/2567 1058/701/1058 114/583/114
f 112/539/112 1045/713/1045 2570/743/2568 1035/540/1035
f 1045/713/1045 122/712/122 1074/744/1074 2570/743/2568
f 2570/743/2568 1074/744/1074 123/738/123 1056/735/1056
f 1035/540/1035 2570/743/2568 1056/735/1056 113/543/113
f 98/656/98 1078/745/1078 2571/746/2569 1024/700/1024
f 1078/745/1078 135/609/135 1085/640/1085 2571/746/2569
f 2571/746/2569 1085/640/1085 139/626/139 1032/747/1032
f 1024/700/1024 2571/746/2569 1032/747/1032 120/684/120
f 121/692/121 1084/748/1084 2572/749/2570 1023/697/1023
f 1084/748/1084 141/635/141 1086/637/1086 2572/749/2570
f 2572/749/2570 1086/637/1086 132/595/132 1025/750/1025
f 1023/697/1023 2572/749/2570 1025/750/1025 96/645/96
f 94/686/94 1083/751/1083 2573/752/2571 1022/691/1022
f 1083/751/1083 140/631/140 1087/633/1087 2573/752/2571
f 2573/752/2571 1087/633/1087 141/635/141 1084/748/1084
f 1022/691/1022 2573/752/2571 1084/748/1084 121/692/121
f 120/684/120 1032/747/1032 2574/753/2572 1021/685/1021
f 1032/747/1032 139/626/139 1088/629/1088 2574/753/2572
f 2574/753/2572 1088/629/1088 140/631/140 1083/751/1083
f 1021/685/1021 2574/753/2572 1083/751/1083 94/686/94
f 85/674/85 1081/754/1081 2575/755/2573 1020/679/1020
f 1081/754/1081 138/623/138 1089/625/1089 2575/755/2573
f 2575/755/2573 1089/625/1089 137/615/137 1030/756/1030
f 1020/679/1020 2575/755/2573 1030/756/1030 117/669/117
f 116/662/116 1079/757/1079 2576/758/2574 1019/673/1019
f 1079/757/1079 136/614/136 1090/621/1090 2576/758/2574
f 2576/758/2574 1090/621/1090 138/623/138 1081/754/1081
f 1019/673/1019 2576/758/2574 1081/754/1081 85/674/85
f 117/669/117 1030/756/1030 2577/759/2575 1018/670/1018
f 1030/756/1030 137/615/137 1091/618/1091 2577/759/2575
f 2577/759/2575 1091/618/1091 134/604/134 1027/760/1027
f 1018/670/1018 2577/759/2575 1027/760/1027 79/654/79
f 76/647/76 1076/761/1076 2578/762/2576 1017/661/1017
f 1076/761/1076 133/603/133 1092/611/1092 2578/762/2576
f 2578/762/2576 1092/611/1092 136/614/136 1079/757/1079
f 1017/661/1017 2578/762/2576 1079/757/1079 116/662/116
f 79/654/79 1027/760/1027 2579/763/2577 1016/655/1016
f 1027/760/1027 134/604/134 1093/607/1093 2579/763/2577
f 2579/763/2577 1093/607/1093 135/609/135 1078/745/1078
f 1016/655/1016 2579/763/2577 1078/745/1078 98/656/98
f 96/645/96 1025/750/1025 2580/764/2578 1015/646/1015
f 1025/750/1025 132/595/132 1094/598/1094 2580/764/2578
f 2580/764/2578 1094/598/1094 133/603/133 1076/761/1076
f 1015/646/1015 2580/764/2578 1076/761/1076 76/647/76
f 149/343/149 1108/342/1108 2581/765/2579 1146/766/1146
f 1108/342/1108 57/341/57 962/767/962 2581/765/2579
f 2581/765/2579 962/767/962 148/447/148 1102/444/1102
f 1146/766/1146 2581/765/2579 1102/444/1102 185/443/185
f 176/268/176 939/267/939 2582/768/2580 1145/769/1145
f 939/267/939 75/266/75 940/770/940 2582/768/2580
f 2582/768/2580 940/770/940 147/255/147 1103/252/1103
f 1145/769/1145 2582/768/2580 1103/252/1103 186/251/186
f 54/233/54 908/771/908 2583/772/2581 910/234/910
f 908/771/908 145/172/145 1104/174/1104 2583/772/2581
f 2583/772/2581 1104/174/1104 146/19/146 909/773/909
f 910/234/910 2583/772/2581 909/773/909 55/235/55
f 200/239/200 1204/774/1204 2584/775/2582 911/240/911
f 1204/774/1204 204/164/204 1201/167/1201 2584/775/2582
f 2584/775/2582 1201/167/1201 145/172/145 908/771/908
f 911/240/911 2584/775/2582 908/771/908 54/233/54
f 51/243/51 1095/776/1095 2585/777/2583 912/244/912
f 1095/776/1095 142/155/142 1106/158/1106 2585/777/2583
f 2585/777/2583 1106/158/1106 144/163/144 907/778/907
f 912/244/912 2585/777/2583 907/778/907 53/245/53
f 55/235/55 909/773/909 2586/779/2584 913/248/913
f 909/773/909 146/19/146 1107/22/1107 2586/779/2584
f 2586/779/2584 1107/22/1107 143/27/143 906/780/906
f 913/248/913 2586/779/2584 906/780/906 52/249/52
f 51/243/51 1134/781/1134 2587/782/2585 1095/776/1095
f 1134/781/1134 176/268/176 1145/769/1145 2587/782/2585
f 2587/782/2585 1145/769/1145 186/251/186 1144/783/1144
f 1095/776/1095 2587/782/2585 1144/783/1144 142/155/142
f 15/25/15 914/784/914 2588/785/2586 1096/26/1096
f 914/784/914 149/343/149 1146/766/1146 2588/785/2586
f 2588/785/2586 1146/766/1146 185/443/185 1143/786/1143
f 1096/26/1096 2588/785/2586 1143/786/1143 143/27/143
f 111/63/111 1139/787/1139 2589/788/2587 1002/638/1002
f 1139/787/1139 181/532/181 1147/593/1147 2589/788/2587
f 2589/788/2587 1147/593/1147 184/458/184 1142/789/1142
f 1002/638/1002 2589/788/2587 1142/789/1142 102/599/102
f 77/489/77 1135/790/1135 2590/791/2588 1007/575/1007
f 1135/790/1135 177/457/177 1148/590/1148 2590/791/2588
f 2590/791/2588 1148/590/1148 183/533/183 1141/792/1141
f 1007/575/1007 2590/791/2588 1141/792/1141 100/554/100
f 100/554/100 1141/792/1141 2591/793/2589 989/555/989
f 1141/792/1141 183/533/183 1149/536/1149 2591/793/2589
f 2591/793/2589 1149/536/1149 182/395/182 1140/794/1140
f 989/555/989 2591/793/2589 1140/794/1140 89/64/89
f 17/18/17 1120/795/1120 2592/796/2590 991/62/991
f 1120/795/1120 162/421/162 1150/528/1150 2592/796/2590
f 2592/796/2590 1150/528/1150 181/532/181 1139/787/1139
f 991/62/991 2592/796/2590 1139/787/1139 111/63/111
f 103/601/103 1136/797/1136 2593/798/2591 976/612/976
f 1136/797/1136 178/466/178 1151/525/1151 2593/798/2591
f 2593/798/2591 1151/525/1151 180/284/180 1138/799/1138
f 976/612/976 2593/798/2591 1138/799/1138 106/506/106
f 1/509/1 918/800/918 2594/801/2592 981/510/981
f 918/800/918 153/361/153 1152/522/1152 2594/801/2592
f 2594/801/2592 1152/522/1152 179/449/179 1137/802/1137
f 981/510/981 2594/801/2592 1137/802/1137 87/485/87
f 102/599/102 1142/789/1142 2595/803/2593 963/600/963
f 1142/789/1142 184/458/184 1153/461/1153 2595/803/2593
f 2595/803/2593 1153/461/1153 178/466/178 1136/797/1136
f 963/600/963 2595/803/2593 1136/797/1136 103/601/103
f 87/485/87 1137/802/1137 2596/804/2594 964/486/964
f 1137/802/1137 179/449/179 1154/452/1154 2596/804/2594
f 2596/804/2594 1154/452/1154 177/457/177 1135/790/1135
f 964/486/964 2596/804/2594 1135/790/1135 77/489/77
f 143/27/143 1143/786/1143 2597/805/2595 906/780/906
f 1143/786/1143 185/443/185 1155/446/1155 2597/805/2595
f 2597/805/2595 1155/446/1155 158/308/158 1116/806/1116
f 906/780/906 2597/805/2595 1116/806/1116 52/249/52
f 399/134/399 1597/807/1595 2598/808/2596 827/135/827
f 1597/807/1595 414/434/414 1584/437/1582 2598/808/2596
f 2598/808/2596 1584/437/1582 159/442/159 1117/809/1117
f 827/135/827 2598/808/2596 1117/809/1117 7/138/7
f 292/120/292 1400/810/1398 2599/811/2597 828/121/828
f 1400/810/1398 298/812/298 1385/813/1383 2599/811/2597
f 2599/811/2597 1385/813/1383 160/814/160 1118/815/1118
f 828/121/828 2599/811/2597 1118/815/1118 8/106/8
f 8/106/8 1118/815/1118 2600/816/2598 829/107/829
f 1118/815/1118 160/814/160 1158/817/1158 2600/816/2598
f 2600/816/2598 1158/817/1158 161/818/161 1119/819/1119
f 829/107/829 2600/816/2598 1119/819/1119 9/85/9
f 16/16/16 916/820/916 2601/821/2599 843/17/843
f 916/820/916 151/316/151 1159/417/1159 2601/821/2599
f 2601/821/2599 1159/417/1159 162/421/162 1120/795/1120
f 843/17/843 2601/821/2599 1120/795/1120 17/18/17
f 252/221/252 1309/822/1307 2602/823/2600 896/222/896
f 1309/822/1307 255/410/255 1304/413/1302 2602/823/2600
f 2602/823/2600 1304/413/1302 163/326/163 1121/824/1121
f 896/222/896 2602/823/2600 1121/824/1121 46/190/46
f 9/85/9 1119/819/1119 2603/825/2601 830/86/830
f 1119/819/1119 161/818/161 1161/826/1161 2603/825/2601
f 2603/825/2601 1161/826/1161 152/827/152 917/828/917
f 830/86/830 2603/825/2601 917/828/917 10/89/10
f 89/64/89 1140/794/1140 2604/829/2602 844/65/844
f 1140/794/1140 182/395/182 1162/398/1162 2604/829/2602
f 2604/829/2602 1162/398/1162 164/269/164 1122/830/1122
f 844/65/844 2604/829/2602 1122/830/1122 18/68/18
f 4/7/4 919/831/919 2605/832/2603 897/8/897
f 919/831/919 154/386/154 1163/389/1163 2605/832/2603
f 2605/832/2603 1163/389/1163 165/394/165 1123/833/1123
f 897/8/897 2605/832/2603 1123/833/1123 47/9/47
f 248/230/248 1308/834/1306 2606/835/2604 831/836/831
f 1308/834/1306 264/837/264 1305/838/1303 2606/835/2604
f 2606/835/2604 1305/838/1303 166/839/166 1124/840/1124
f 831/836/831 2606/835/2604 1124/840/1124 11/56/11
f 11/56/11 1124/840/1124 2607/841/2605 832/57/832
f 1124/840/1124 166/839/166 1165/842/1165 2607/841/2605
f 2607/841/2605 1165/842/1165 167/843/167 1125/844/1125
f 832/57/832 2607/841/2605 1125/844/1125 12/50/12
f 3/508/3 920/845/920 2608/846/2606 846/503/846
f 920/845/920 155/292/155 1166/378/1166 2608/846/2606
f 2608/846/2606 1166/378/1166 168/371/168 1126/847/1126
f 846/503/846 2608/846/2606 1126/847/1126 19/500/19
f 12/50/12 1125/844/1125 2609/848/2607 833/51/833
f 1125/844/1125 167/843/167 1167/849/1167 2609/848/2607
f 2609/848/2607 1167/849/1167 169/850/169 1127/851/1127
f 833/51/833 2609/848/2607 1127/851/1127 13/43/13
f 19/500/19 1126/847/1126 2610/852/2608 847/518/847
f 1126/847/1126 168/371/168 1168/374/1168 2610/852/2608
f 2610/852/2608 1168/374/1168 170/344/170 1128/853/1128
f 847/518/847 2610/852/2608 1128/853/1128 20/515/20
f 293/45/293 1399/854/1397 2611/855/2609 834/856/834
f 1399/854/1397 299/857/299 1386/858/1384 2611/855/2609
f 2611/855/2609 1386/858/1384 171/859/171 1129/860/1129
f 834/856/834 2611/855/2609 1129/860/1129 14/34/14
f 207/514/207 921/861/921 2612/862/2610 821/512/821
f 921/861/921 208/353/208 1170/356/1170 2612/862/2610
f 2612/862/2610 1170/356/1170 153/361/153 918/800/918
f 821/512/821 2612/862/2610 918/800/918 1/509/1
f 20/515/20 1128/853/1128 2613/863/2611 1184/864/1184
f 1128/853/1128 170/344/170 1171/347/1171 2613/863/2611
f 2613/863/2611 1171/347/1171 212/352/212 1186/865/1186
f 1184/864/1184 2613/863/2611 1186/865/1186 189/866/189
f 239/867/239 1290/868/1288 2614/869/2612 835/870/835
f 1290/868/1288 262/335/262 1287/338/1285 2614/869/2612
f 2614/869/2612 1287/338/1285 149/343/149 914/784/914
f 835/870/835 2614/869/2612 914/784/914 15/25/15
f 46/190/46 1121/824/1121 2615/871/2613 822/191/822
f 1121/824/1121 163/326/163 1173/329/1173 2615/871/2613
f 2615/871/2613 1173/329/1173 172/334/172 1130/872/1130
f 822/191/822 2615/871/2613 1130/872/1130 2/194/2
f 2/194/2 1130/872/1130 2616/873/2614 848/195/848
f 1130/872/1130 172/334/172 1174/874/1174 2616/873/2614
f 2616/873/2614 1174/874/1174 173/875/173 1131/876/1131
f 848/195/848 2616/873/2614 1131/876/1131 22/196/22
f 52/249/52 1116/806/1116 2617/877/2615 836/250/836
f 1116/806/1116 158/308/158 1175/311/1175 2617/877/2615
f 2617/877/2615 1175/311/1175 151/316/151 916/820/916
f 836/250/836 2617/877/2615 916/820/916 16/16/16
f 24/5/24 922/878/922 2618/879/2616 823/6/823
f 922/878/922 157/880/157 1176/881/1176 2618/879/2616
f 2618/879/2616 1176/881/1176 154/386/154 919/831/919
f 823/6/823 2618/879/2616 919/831/919 4/7/4
f 191/203/191 1203/882/1203 2619/883/2617 849/204/849
f 1203/882/1203 205/884/205 1202/885/1202 2619/883/2617
f 2619/883/2617 1202/885/1202 174/886/174 1132/887/1132
f 849/204/849 2619/883/2617 1132/887/1132 23/205/23
f 106/506/106 1138/799/1138 2620/888/2618 824/507/824
f 1138/799/1138 180/284/180 1178/287/1178 2620/888/2618
f 2620/888/2618 1178/287/1178 155/292/155 920/845/920
f 824/507/824 2620/888/2618 920/845/920 3/508/3
f 23/205/23 1132/887/1132 2621/889/2619 850/210/850
f 1132/887/1132 174/886/174 1179/890/1179 2621/889/2619
f 2621/889/2619 1179/890/1179 157/880/157 922/878/922
f 850/210/850 2621/889/2619 922/878/922 24/5/24
f 18/68/18 1122/830/1122 2622/891/2620 825/176/825
f 1122/830/1122 164/269/164 1180/272/1180 2622/891/2620
f 2622/891/2620 1180/272/1180 175/260/175 1133/892/1133
f 825/176/825 2622/891/2620 1133/892/1133 5/178/5
f 5/178/5 1133/892/1133 2623/893/2621 905/241/905
f 1133/892/1133 175/260/175 1181/263/1181 2623/893/2621
f 2623/893/2621 1181/263/1181 176/268/176 1134/781/1134
f 905/241/905 2623/893/2621 1134/781/1134 51/243/51
f 142/155/142 1144/783/1144 2624/894/2622 826/156/826
f 1144/783/1144 186/251/186 1182/254/1182 2624/894/2622
f 2624/894/2622 1182/254/1182 150/259/150 915/895/915
f 826/156/826 2624/894/2622 915/895/915 359/159/359
f 22/196/22 1131/876/1131 2625/896/2623 1188/897/1188
f 1131/876/1131 173/875/173 1177/898/1177 2625/896/2623
f 2625/896/2623 1177/898/1177 205/884/205 1203/882/1203
f 1188/897/1188 2625/896/2623 1203/882/1203 191/203/191
f 209/484/209 1183/899/1183 2626/900/2624 1185/901/1185
f 1183/899/1183 107/519/107 873/516/873 2626/900/2624
f 2626/900/2624 873/516/873 20/515/20 1184/864/1184
f 1185/901/1185 2626/900/2624 1184/864/1184 189/866/189
f 53/245/53 907/778/907 2627/902/2625 1197/903/1197
f 907/778/907 144/163/144 1105/904/1105 2627/902/2625
f 2627/902/2625 1105/904/1105 204/164/204 1204/774/1204
f 1197/903/1197 2627/902/2625 1204/774/1204 200/239/200
f 78/480/78 965/577/965 2628/905/2626 973/481/973
f 965/577/965 97/559/97 1011/906/1011 2628/905/2626
f 2628/905/2626 1011/906/1011 203/548/203 1205/578/1205
f 973/481/973 2628/905/2626 1205/578/1205 201/482/201
f 97/559/97 1003/558/1003 2629/907/2627 1011/906/1011
f 1003/558/1003 92/72/92 999/908/999 2629/907/2627
f 2629/907/2627 999/908/999 202/73/202 1206/549/1206
f 1011/906/1011 2629/907/2627 1206/549/1206 203/548/203
f 335/304/335 1456/909/1454 2630/910/2628 1450/305/1448
f 1456/909/1454 336/317/336 1207/320/1207 2630/910/2628
f 2630/910/2628 1207/320/1207 323/325/323 1440/911/1438
f 1450/305/1448 2630/910/2628 1440/911/1438 329/306/329
f 25/180/25 887/246/887 2631/912/2629 1189/913/1189
f 887/246/887 53/245/53 1197/903/1197 2631/912/2629
f 2631/912/2629 1197/903/1197 200/239/200 1208/237/1208
f 1189/913/1189 2631/912/2629 1208/237/1208 192/184/192
f 249/226/249 1299/225/1297 2632/914/2630 1307/915/1305
f 1299/225/1297 48/198/48 1196/916/1196 2632/914/2630
f 2632/914/2630 1196/916/1196 199/199/199 1209/218/1209
f 1307/915/1305 2632/914/2630 1209/218/1209 257/217/257
f 48/198/48 898/197/898 2633/917/2631 1196/916/1196
f 898/197/898 22/196/22 1188/897/1188 2633/917/2631
f 2633/917/2631 1188/897/1188 191/203/191 1210/200/1210
f 1196/916/1196 2633/917/2631 1210/200/1210 199/199/199
f 43/70/43 890/181/890 2634/918/2632 1195/919/1195
f 890/181/890 25/180/25 1189/913/1189 2634/918/2632
f 2634/918/2632 1189/913/1189 192/184/192 1211/182/1211
f 1195/919/1195 2634/918/2632 1211/182/1211 198/77/198
f 144/163/144 1097/162/1097 2635/920/2633 1105/904/1105
f 1097/162/1097 360/161/360 1190/921/1190 2635/920/2633
f 2635/920/2633 1190/921/1190 361/168/361 1212/165/1212
f 1105/904/1105 2635/920/2633 1212/165/1212 204/164/204
f 403/142/403 1580/141/1578 2636/922/2634 1596/923/1594
f 1580/141/1578 31/140/31 1191/924/1191 2636/922/2634
f 2636/922/2634 1191/924/1191 194/147/194 1213/144/1213
f 1596/923/1594 2636/922/2634 1213/144/1213 401/143/401
f 294/125/294 1382/124/1380 2637/925/2635 1398/926/1396
f 1382/124/1380 34/111/34 1192/927/1192 2637/925/2635
f 2637/925/2635 1192/927/1192 195/112/195 1214/127/1214
f 1398/926/1396 2637/925/2635 1214/127/1214 300/126/300
f 34/111/34 878/110/878 2638/928/2636 1192/927/1192
f 878/110/878 37/93/37 1193/929/1193 2638/928/2636
f 2638/928/2636 1193/929/1193 196/94/196 1215/113/1215
f 1192/927/1192 2638/928/2636 1215/113/1215 195/112/195
f 37/93/37 875/92/875 2639/930/2637 1193/929/1193
f 875/92/875 40/91/40 1194/931/1194 2639/930/2637
f 2639/930/2637 1194/931/1194 197/98/197 1216/95/1216
f 1193/929/1193 2639/930/2637 1216/95/1216 196/94/196
f 92/72/92 992/71/992 2640/932/2638 999/908/999
f 992/71/992 43/70/43 1195/919/1195 2640/932/2638
f 2640/932/2638 1195/919/1195 198/77/198 1217/74/1217
f 999/908/999 2640/932/2638 1217/74/1217 202/73/202
f 201/482/201 1198/580/1198 2641/933/2639 1218/483/1218
f 1198/580/1198 105/582/105 978/619/978 2641/933/2639
f 2641/933/2639 978/619/978 107/519/107 1183/899/1183
f 1218/483/1218 2641/933/2639 1183/899/1183 209/484/209
f 214/934/214 1234/935/1234 2642/936/2640 1248/937/1248
f 1234/935/1234 207/514/207 872/513/872 2642/936/2640
f 2642/936/2640 872/513/872 206/476/206 1227/938/1227
f 1248/937/1248 2642/936/2640 1227/938/1227 215/939/215
f 216/940/216 1236/941/1236 2643/942/2641 1247/943/1247
f 1236/941/1236 208/353/208 921/861/921 2643/942/2641
f 2643/942/2641 921/861/921 207/514/207 1234/935/1234
f 1247/943/1247 2643/942/2641 1234/935/1234 214/934/214
f 215/939/215 1227/938/1227 2644/944/2642 1246/945/1246
f 1227/938/1227 206/476/206 985/479/985 2644/944/2642
f 2644/944/2642 985/479/985 209/484/209 1229/946/1229
f 1246/945/1246 2644/944/2642 1229/946/1229 217/947/217
f 218/948/218 1238/949/1238 2645/950/2643 1245/951/1245
f 1238/949/1238 210/357/210 1114/354/1114 2645/950/2643
f 2645/950/2643 1114/354/1114 208/353/208 1236/941/1236
f 1245/951/1245 2645/950/2643 1236/941/1236 216/940/216
f 217/947/217 1229/946/1229 2646/952/2644 1244/953/1244
f 1229/946/1229 209/484/209 1185/901/1185 2646/952/2644
f 2646/952/2644 1185/901/1185 189/866/189 1231/954/1231
f 1244/953/1244 2646/952/2644 1231/954/1231 219/955/219
f 219/955/219 1231/954/1231 2647/956/2645 1243/957/1243
f 1231/954/1231 189/866/189 1186/865/1186 2647/956/2645
f 2647/956/2645 1186/865/1186 212/352/212 1232/958/1232
f 1243/957/1243 2647/956/2645 1232/958/1232 220/959/220
f 220/959/220 1232/958/1232 2648/960/2646 1242/961/1242
f 1232/958/1232 212/352/212 1187/351/1187 2648/960/2646
f 2648/960/2646 1187/351/1187 213/350/213 1233/962/1233
f 1242/961/1242 2648/960/2646 1233/962/1233 221/963/221
f 187/964/187 1240/965/1240 2649/966/2647 1225/967/1225
f 1240/965/1240 220/968/220 1242/969/1242 2649/966/2647
f 2649/966/2647 1242/969/1242 221/970/221 1241/971/1241
f 1225/967/1225 2649/966/2647 1241/971/1241 190/972/190
f 211/973/211 1239/974/1239 2650/975/2648 1224/976/1224
f 1239/974/1239 219/977/219 1243/978/1243 2650/975/2648
f 2650/975/2648 1243/978/1243 220/968/220 1240/965/1240
f 1224/976/1224 2650/975/2648 1240/965/1240 187/964/187
f 188/979/188 1237/980/1237 2651/981/2649 1223/982/1223
f 1237/980/1237 217/983/217 1244/984/1244 2651/981/2649
f 2651/981/2649 1244/984/1244 219/977/219 1239/974/1239
f 1223/982/1223 2651/981/2649 1239/974/1239 211/973/211
f 72/985/72 1230/986/1230 2652/987/2650 1222/988/1222
f 1230/986/1230 218/989/218 1245/990/1245 2652/987/2650
f 2652/987/2650 1245/990/1245 216/991/216 1228/992/1228
f 1222/988/1222 2652/987/2650 1228/992/1228 156/993/156
f 83/994/83 1235/995/1235 2653/996/2651 1221/997/1221
f 1235/995/1235 215/998/215 1246/999/1246 2653/996/2651
f 2653/996/2651 1246/999/1246 217/983/217 1237/980/1237
f 1221/997/1221 2653/996/2651 1237/980/1237 188/979/188
f 156/993/156 1228/992/1228 2654/1000/2652 1220/1001/1220
f 1228/992/1228 216/991/216 1247/1002/1247 2654/1000/2652
f 2654/1000/2652 1247/1002/1247 214/1003/214 1226/1004/1226
f 1220/1001/1220 2654/1000/2652 1226/1004/1226 21/1005/21
f 21/1005/21 1226/1004/1226 2655/1006/2653 1219/1007/1219
f 1226/1004/1226 214/1003/214 1248/1008/1248 2655/1006/2653
f 2655/1006/2653 1248/1008/1248 215/998/215 1235/995/1235
f 1219/1007/1219 2655/1006/2653 1235/995/1235 83/994/83
f 188/979/188 1257/1009/1257 2656/1010/2654 1221/997/1221
f 1257/1009/1257 227/1011/227 1251/1012/1251 2656/1010/2654
f 2656/1010/2654 1251/1012/1251 224/1013/224 1256/1014/1256
f 1221/997/1221 2656/1010/2654 1256/1014/1256 83/994/83
f 83/994/83 1256/1014/1256 2657/1015/2655 1219/1007/1219
f 1256/1014/1256 224/1013/224 1249/1016/1249 2657/1015/2655
f 2657/1015/2655 1249/1016/1249 222/1017/222 1258/1018/1258
f 1219/1007/1219 2657/1015/2655 1258/1018/1258 21/1005/21
f 187/964/187 1260/1019/1260 2658/1020/2656 1224/976/1224
f 1260/1019/1260 226/1021/226 1254/1022/1254 2658/1020/2656
f 2658/1020/2656 1254/1022/1254 229/1023/229 1259/1024/1259
f 1224/976/1224 2658/1020/2656 1259/1024/1259 211/973/211
f 156/993/156 1262/1025/1262 2659/1026/2657 1222/988/1222
f 1262/1025/1262 225/1027/225 1252/1028/1252 2659/1026/2657
f 2659/1026/2657 1252/1028/1252 223/1029/223 1261/1030/1261
f 1222/988/1222 2659/1026/2657 1261/1030/1261 72/985/72
f 21/1005/21 1258/1018/1258 2660/1031/2658 1220/1001/1220
f 1258/1018/1258 222/1017/222 1250/1032/1250 2660/1031/2658
f 2660/1031/2658 1250/1032/1250 225/1027/225 1262/1025/1262
f 1220/1001/1220 2660/1031/2658 1262/1025/1262 156/993/156
f 190/972/190 1263/1033/1263 2661/1034/2659 1225/967/1225
f 1263/1033/1263 228/1035/228 1255/1036/1255 2661/1034/2659
f 2661/1034/2659 1255/1036/1255 226/1021/226 1260/1019/1260
f 1225/967/1225 2661/1034/2659 1260/1019/1260 187/964/187
f 211/973/211 1259/1024/1259 2662/1037/2660 1223/982/1223
f 1259/1024/1259 229/1023/229 1253/1038/1253 2662/1037/2660
f 2662/1037/2660 1253/1038/1253 227/1011/227 1257/1009/1257
f 1223/982/1223 2662/1037/2660 1257/1009/1257 188/979/188
f 228/1035/228 1272/1039/236 2663/1040/2661 1255/1036/1255
f 1272/1039/236 236/1041/236 1270/1042/1270 2663/1040/2661
f 2663/1040/2661 1270/1042/1270 234/1043/234 1271/1044/1271
f 1255/1036/1255 2663/1040/2661 1271/1044/1271 226/1021/226
f 229/1023/229 1274/1045/1273 2664/1046/2662 1253/1038/1253
f 1274/1045/1273 237/1047/237 1268/1048/1268 2664/1046/2662
f 2664/1046/2662 1268/1048/1268 235/1049/235 1273/1050/1272
f 1253/1038/1253 2664/1046/2662 1273/1050/1272 227/1011/227
f 227/1011/227 1273/1050/1272 2665/1051/2663 1251/1012/1251
f 1273/1050/1272 235/1049/235 1266/1052/1266 2665/1051/2663
f 2665/1051/2663 1266/1052/1266 232/1053/232 1275/1054/1274
f 1251/1012/1251 2665/1051/2663 1275/1054/1274 224/1013/224
f 224/1013/224 1275/1054/1274 2666/1055/2664 1249/1016/1249
f 1275/1054/1274 232/1053/232 1264/1056/1264 2666/1055/2664
f 2666/1055/2664 1264/1056/1264 230/1057/230 1276/1058/1275
f 1249/1016/1249 2666/1055/2664 1276/1058/1275 222/1017/222
f 226/1021/226 1271/1044/1271 2667/1059/2665 1254/1022/1254
f 1271/1044/1271 234/1043/234 1269/1060/1269 2667/1059/2665
f 2667/1059/2665 1269/1060/1269 237/1047/237 1274/1045/1273
f 1254/1022/1254 2667/1059/2665 1274/1045/1273 229/1023/229
f 225/1027/225 1278/1061/1276 2668/1062/2666 1252/1028/1252
f 1278/1061/1276 233/1063/233 1267/1064/1267 2668/1062/2666
f 2668/1062/2666 1267/1064/1267 231/1065/231 1277/1066/231
f 1252/1028/1252 2668/1062/2666 1277/1066/231 223/1029/223
f 222/1017/222 1276/1058/1275 2669/1067/2667 1250/1032/1250
f 1276/1058/1275 230/1057/230 1265/1068/1265 2669/1067/2667
f 2669/1067/2667 1265/1068/1265 233/1063/233 1278/1061/1276
f 1250/1032/1250 2669/1067/2667 1278/1061/1276 225/1027/225
f 380/1069/380 1575/1070/1573 2670/1071/2668 1288/1072/1286
f 1575/1070/1573 389/1073/389 1524/1074/1522 2670/1071/2668
f 2670/1071/2668 1524/1074/1522 372/1075/372 1516/1076/1514
f 1288/1072/1286 2670/1071/2668 1516/1076/1514 373/1077/373
f 402/36/402 1595/1078/1593 2671/1079/2669 1280/1080/1278
f 1595/1078/1593 400/1081/400 1577/1082/1575 2671/1079/2669
f 2671/1079/2669 1577/1082/1575 262/335/262 1290/868/1288
f 1280/1080/1278 2671/1079/2669 1290/868/1288 239/867/239
f 359/159/359 915/895/915 2672/1083/2670 1279/1084/1277
f 915/895/915 150/259/150 1156/1085/1156 2672/1083/2670
f 2672/1083/2670 1156/1085/1156 416/1086/416 1291/1087/1289
f 1279/1084/1277 2672/1083/2670 1291/1087/1289 364/1088/364
f 150/259/150 1109/258/1109 2673/1089/2671 1156/1085/1156
f 1109/258/1109 59/257/59 961/1090/961 2673/1089/2671
f 2673/1089/2671 961/1090/961 244/1091/244 1292/1092/1290
f 1156/1085/1156 2673/1089/2671 1292/1092/1290 416/1086/416
f 288/1093/288 1377/1094/1375 2674/1095/2672 954/1096/954
f 1377/1094/1375 286/1097/286 1367/1098/1365 2674/1095/2672
f 2674/1095/2672 1367/1098/1365 283/1099/283 1363/1100/1361
f 954/1096/954 2674/1095/2672 1363/1100/1361 285/1101/285
f 362/170/362 885/1102/885 2675/1103/2673 856/175/856
f 885/1102/885 363/1104/363 1294/1105/1292 2675/1103/2673
f 2675/1103/2673 1294/1105/1292 242/1106/242 886/1107/886
f 856/175/856 2675/1103/2673 886/1107/886 30/23/30
f 384/1108/384 1572/1109/1570 2676/1110/2674 1537/1111/1535
f 1572/1109/1570 383/1112/383 1522/1113/1520 2676/1110/2674
f 2676/1110/2674 1522/1113/1520 374/1114/374 1518/1115/1516
f 1537/1111/1535 2676/1110/2674 1518/1115/1516 371/1116/371
f 375/1117/375 1569/1118/1567 2677/1119/2675 1528/1120/1526
f 1569/1118/1567 380/1121/380 1288/1122/1286 2677/1119/2675
f 2677/1119/2675 1288/1122/1286 373/1123/373 1520/1124/1518
f 1528/1120/1526 2677/1119/2675 1520/1124/1518 370/1125/370
f 30/23/30 886/1107/886 2678/1126/2676 838/24/838
f 886/1107/886 242/1106/242 1297/1127/1295 2678/1126/2676
f 2678/1126/2676 1297/1127/1295 239/867/239 835/870/835
f 838/24/838 2678/1126/2676 835/870/835 15/25/15
f 40/91/40 893/1128/893 2679/1129/2677 1194/931/1194
f 893/1128/893 249/226/249 1307/915/1305 2679/1129/2677
f 2679/1129/2677 1307/915/1305 257/217/257 1306/1130/1304
f 1194/931/1194 2679/1129/2677 1306/1130/1304 197/98/197
f 47/9/47 1123/833/1123 2680/1131/2678 1298/229/1296
f 1123/833/1123 165/394/165 1164/1132/1164 2680/1131/2678
f 2680/1131/2678 1164/1132/1164 264/837/264 1308/834/1306
f 1298/229/1296 2680/1131/2678 1308/834/1306 248/230/248
f 10/89/10 917/828/917 2681/1133/2679 1302/1134/1300
f 917/828/917 152/827/152 1160/1135/1160 2681/1133/2679
f 2681/1133/2679 1160/1135/1160 255/410/255 1309/822/1307
f 1302/1134/1300 2681/1133/2679 1309/822/1307 252/221/252
f 307/1136/307 1406/1137/1404 2682/1138/2680 2204/1139/2202
f 1406/1137/1404 306/1140/306 1420/1141/1418 2682/1138/2680
f 2682/1138/2680 1420/1141/1418 315/1142/315 2429/1143/2427
f 2204/1139/2202 2682/1138/2680 2429/1143/2427 809/1144/809
f 165/394/165 930/393/930 2683/1145/2681 1164/1132/1164
f 930/393/930 65/392/65 955/1146/955 2683/1145/2681
f 2683/1145/2681 955/1146/955 265/1147/265 1311/1148/1309
f 1164/1132/1164 2683/1145/2681 1311/1148/1309 264/837/264
f 42/54/42 895/1149/895 2684/1150/2682 842/55/842
f 895/1149/895 251/216/251 1312/228/1310 2684/1150/2682
f 2684/1150/2682 1312/228/1310 248/230/248 831/836/831
f 842/55/842 2684/1150/2682 831/836/831 11/56/11
f 10/89/10 1302/1134/1300 2685/1151/2683 866/90/866
f 1302/1134/1300 252/221/252 1313/224/1311 2685/1151/2683
f 2685/1151/2683 1313/224/1311 249/226/249 893/1128/893
f 866/90/866 2685/1151/2683 893/1128/893 40/91/40
f 197/98/197 1306/1130/1304 2686/1152/2684 867/99/867
f 1306/1130/1304 257/217/257 1314/220/1312 2686/1152/2684
f 2686/1152/2684 1314/220/1312 250/211/250 894/1153/894
f 867/99/867 2686/1152/2684 894/1153/894 41/100/41
f 41/100/41 894/1153/894 2687/1154/2685 868/105/868
f 894/1153/894 250/211/250 1315/214/1313 2687/1154/2685
f 2687/1154/2685 1315/214/1313 251/216/251 895/1149/895
f 868/105/868 2687/1154/2685 895/1149/895 42/54/42
f 287/382/287 1376/1155/1374 2688/1156/2686 1368/383/1366
f 1376/1155/1374 288/1093/288 954/1096/954 2688/1156/2686
f 2688/1156/2686 954/1096/954 285/1101/285 1362/1157/1360
f 1368/383/1366 2688/1156/2686 1362/1157/1360 274/384/274
f 290/1158/290 1375/1159/1373 2689/1160/2687 1317/1161/1315
f 1375/1159/1373 289/1162/289 1316/1163/1314 2689/1160/2687
f 2689/1160/2687 1316/1163/1314 284/1164/284 1361/1165/1359
f 1317/1161/1315 2689/1160/2687 1361/1165/1359 282/1166/282
f 266/1167/266 1334/1168/1332 2690/1169/2688 1341/1170/1339
f 1334/1168/1332 268/1171/268 1342/1172/1340 2690/1169/2688
f 2690/1169/2688 1342/1172/1340 169/850/169 1167/849/1167
f 1341/1170/1339 2690/1169/2688 1167/849/1167 167/843/167
f 302/1173/302 1397/1174/1395 2691/1175/2689 1335/1176/1333
f 1397/1174/1395 299/857/299 1169/1177/1169 2691/1175/2689
f 2691/1175/2689 1169/1177/1169 169/850/169 1342/1172/1340
f 1335/1176/1333 2691/1175/2689 1342/1172/1340 268/1171/268
f 269/1178/269 1389/1179/1387 2692/1180/2690 1364/1181/1362
f 1389/1179/1387 302/1182/302 1332/1183/1330 2692/1180/2690
f 2692/1180/2690 1332/1183/1330 253/1184/253 1388/1185/1386
f 1364/1181/1362 2692/1180/2690 1388/1185/1386 261/1186/261
f 246/1187/246 1337/1188/1335 2693/1189/2691 1344/1190/1342
f 1337/1188/1335 271/1191/271 1345/1192/1343 2693/1189/2691
f 2693/1189/2691 1345/1192/1343 243/339/243 1293/336/1291
f 1344/1190/1342 2693/1189/2691 1293/336/1291 262/335/262
f 256/1193/256 1338/1194/1336 2694/1195/2692 1346/1196/1344
f 1338/1194/1336 267/1197/267 1340/1198/1338 2694/1195/2692
f 2694/1195/2692 1340/1198/1338 166/839/166 1305/838/1303
f 1346/1196/1344 2694/1195/2692 1305/838/1303 264/837/264
f 273/1199/273 1339/1200/1337 2695/1201/2693 1347/1202/1345
f 1339/1200/1337 256/1193/256 1346/1196/1344 2695/1201/2693
f 2695/1201/2693 1346/1196/1344 264/837/264 1311/1148/1309
f 1347/1202/1345 2695/1201/2693 1311/1148/1309 265/1147/265
f 302/1173/302 1389/1203/1387 2696/1204/2694 1397/1174/1395
f 1389/1203/1387 269/1205/269 1343/1206/1341 2696/1204/2694
f 2696/1204/2694 1343/1206/1341 171/859/171 1386/858/1384
f 1397/1174/1395 2696/1204/2694 1386/858/1384 299/857/299
f 409/1207/409 1336/1208/1334 2697/1209/2695 1594/1210/1592
f 1336/1208/1334 269/1178/269 1364/1181/1362 2697/1209/2695
f 2697/1209/2695 1364/1181/1362 261/1186/261 1585/1211/1583
f 1594/1210/1592 2697/1209/2695 1585/1211/1583 408/1212/408
f 268/1213/268 1334/1214/1332 2698/1215/2696 931/1216/931
f 1334/1214/1332 266/1217/266 934/1218/934 2698/1215/2696
f 2698/1215/2696 934/1218/934 272/1219/272 1324/1220/1322
f 931/1216/931 2698/1215/2696 1324/1220/1322 301/1221/301
f 271/1222/271 1337/1223/1335 2699/1224/2697 1326/1225/1324
f 1337/1223/1335 246/1226/246 1325/1227/1323 2699/1224/2697
f 2699/1224/2697 1325/1227/1323 259/1228/259 1320/1229/1318
f 1326/1225/1324 2699/1224/2697 1320/1229/1318 258/1230/258
f 267/1231/267 1338/1232/1336 2700/1233/2698 952/1234/952
f 1338/1232/1336 256/1235/256 1327/1236/1325 2700/1233/2698
f 2700/1233/2698 1327/1236/1325 260/1237/260 1321/1238/1319
f 952/1234/952 2700/1233/2698 1321/1238/1319 263/1239/263
f 256/1235/256 1339/1240/1337 2701/1241/2699 1327/1236/1325
f 1339/1240/1337 273/1242/273 950/1243/950 2701/1241/2699
f 2701/1241/2699 950/1243/950 270/1244/270 1322/1245/1320
f 1327/1236/1325 2701/1241/2699 1322/1245/1320 260/1237/260
f 266/1217/266 1333/1246/1331 2702/1247/2700 934/1218/934
f 1333/1246/1331 267/1231/267 952/1234/952 2702/1247/2700
f 2702/1247/2700 952/1234/952 263/1239/263 1323/1248/1321
f 934/1218/934 2702/1247/2700 1323/1248/1321 272/1219/272
f 304/1249/304 1395/1250/1393 2703/1251/2701 1391/1252/1389
f 1395/1250/1393 303/1253/303 1390/1254/1388 2703/1251/2701
f 2703/1251/2701 1390/1254/1388 281/1255/281 1351/1256/1349
f 1391/1252/1389 2703/1251/2701 1351/1256/1349 280/1257/280
f 276/368/276 1349/1258/1347 2704/1259/2702 1358/369/1356
f 1349/1258/1347 277/1260/277 1354/1261/1352 2704/1259/2702
f 2704/1259/2702 1354/1261/1352 279/1262/279 1350/1263/1348
f 1358/369/1356 2704/1259/2702 1350/1263/1348 278/370/278
f 274/384/274 1348/1264/1346 2705/1265/2703 1357/385/1355
f 1348/1264/1346 275/1266/275 1355/1267/1353 2705/1265/2703
f 2705/1265/2703 1355/1267/1353 277/1260/277 1349/1258/1347
f 1357/385/1355 2705/1265/2703 1349/1258/1347 276/368/276
f 285/1101/285 1363/1100/1361 2706/1268/2704 1362/1157/1360
f 1363/1100/1361 283/1099/283 1356/1269/1354 2706/1268/2704
f 2706/1268/2704 1356/1269/1354 275/1266/275 1348/1264/1346
f 1362/1157/1360 2706/1268/2704 1348/1264/1346 274/384/274
f 411/1270/411 1593/1271/1591 2707/1272/2705 1588/1273/1586
f 1593/1271/1591 410/1274/410 1587/1275/1585 2707/1272/2705
f 2707/1272/2705 1587/1275/1585 282/1166/282 1361/1165/1359
f 1588/1273/1586 2707/1272/2705 1361/1165/1359 284/1164/284
f 305/1276/305 1392/1277/1390 2708/1278/2706 1394/1279/1392
f 1392/1277/1390 70/362/70 1365/365/1363 2708/1278/2706
f 2708/1278/2706 1365/365/1363 278/370/278 1359/1280/1357
f 1394/1279/1392 2708/1278/2706 1359/1280/1357 304/1249/304
f 412/1281/412 1589/1282/1587 2709/1283/2707 1592/1284/1590
f 1589/1282/1587 291/1285/291 1372/1286/1370 2709/1283/2707
f 2709/1283/2707 1372/1286/1370 280/1257/280 1360/1287/1358
f 1592/1284/1590 2709/1283/2707 1360/1287/1358 411/1270/411
f 408/1212/408 1585/1211/1583 2710/1288/2708 1591/1289/1589
f 1585/1211/1583 261/1186/261 1328/1290/1326 2710/1288/2708
f 2710/1288/2708 1328/1290/1326 291/1285/291 1589/1282/1587
f 1591/1289/1589 2710/1288/2708 1589/1282/1587 412/1281/412
f 253/1184/253 1319/1291/1317 2711/1292/2709 1393/1293/1391
f 1319/1291/1317 301/1221/301 1396/1294/1394 2711/1292/2709
f 2711/1292/2709 1396/1294/1394 70/362/70 1392/1277/1390
f 1393/1293/1391 2711/1292/2709 1392/1277/1390 305/1276/305
f 258/1230/258 1320/1229/1318 2712/1295/2710 1371/1296/1369
f 1320/1229/1318 259/1228/259 1370/1297/1368 2712/1295/2710
f 2712/1295/2710 1370/1297/1368 289/1162/289 1375/1159/1373
f 1371/1296/1369 2712/1295/2710 1375/1159/1373 290/1158/290
f 263/1239/263 1321/1238/1319 2713/1298/2711 1330/1299/1328
f 1321/1238/1319 260/1237/260 1369/1300/1367 2713/1298/2711
f 2713/1298/2711 1369/1300/1367 288/1093/288 1376/1155/1374
f 1330/1299/1328 2713/1298/2711 1376/1155/1374 287/382/287
f 260/1237/260 1322/1245/1320 2714/1301/2712 1369/1300/1367
f 1322/1245/1320 270/1244/270 1329/1302/1327 2714/1301/2712
f 2714/1301/2712 1329/1302/1327 286/1097/286 1377/1094/1375
f 1369/1300/1367 2714/1301/2712 1377/1094/1375 288/1093/288
f 272/1219/272 1323/1248/1321 2715/1303/2713 1331/1304/1329
f 1323/1248/1321 263/1239/263 1330/1299/1328 2715/1303/2713
f 2715/1303/2713 1330/1299/1328 287/382/287 1378/380/1376
f 1331/1304/1329 2715/1303/2713 1378/380/1376 67/366/67
f 301/1221/301 1324/1220/1322 2716/1305/2714 1396/1294/1394
f 1324/1220/1322 272/1219/272 1331/1304/1329 2716/1305/2714
f 2716/1305/2714 1331/1304/1329 67/366/67 1379/363/1377
f 1396/1294/1394 2716/1305/2714 1379/363/1377 70/362/70
f 261/1186/261 1388/1185/1386 2717/1306/2715 1328/1290/1326
f 1388/1185/1386 253/1184/253 1393/1293/1391 2717/1306/2715
f 2717/1306/2715 1393/1293/1391 305/1276/305 1374/1307/1372
f 1328/1290/1326 2717/1306/2715 1374/1307/1372 291/1285/291
f 291/1285/291 1374/1307/1372 2718/1308/2716 1372/1286/1370
f 1374/1307/1372 305/1276/305 1394/1279/1392 2718/1308/2716
f 2718/1308/2716 1394/1279/1392 304/1249/304 1391/1252/1389
f 1372/1286/1370 2718/1308/2716 1391/1252/1389 280/1257/280
f 278/370/278 1350/1263/1348 2719/1309/2717 1359/1280/1357
f 1350/1263/1348 279/1262/279 1353/1310/1351 2719/1309/2717
f 2719/1309/2717 1353/1310/1351 303/1253/303 1395/1250/1393
f 1359/1280/1357 2719/1309/2717 1395/1250/1393 304/1249/304
f 409/1311/409 1586/1312/1584 2720/1313/2718 1590/1314/1588
f 1586/1312/1584 246/1187/246 1344/1190/1342 2720/1313/2718
f 2720/1313/2718 1344/1190/1342 262/335/262 1577/1082/1575
f 1590/1314/1588 2720/1313/2718 1577/1082/1575 400/1081/400
f 302/1182/302 1335/1315/1333 2721/1316/2719 1332/1183/1330
f 1335/1315/1333 268/1213/268 931/1216/931 2721/1316/2719
f 2721/1316/2719 931/1216/931 301/1221/301 1319/1291/1317
f 1332/1183/1330 2721/1316/2719 1319/1291/1317 253/1184/253
f 31/140/31 881/1317/881 2722/1318/2720 1191/924/1191
f 881/1317/881 294/125/294 1398/926/1396 2722/1318/2720
f 2722/1318/2720 1398/926/1396 300/126/300 1387/1319/1385
f 1191/924/1191 2722/1318/2720 1387/1319/1385 194/147/194
f 13/43/13 1127/851/1127 2723/1320/2721 1381/44/1379
f 1127/851/1127 169/850/169 1169/1177/1169 2723/1320/2721
f 2723/1320/2721 1169/1177/1169 299/857/299 1399/854/1397
f 1381/44/1379 2723/1320/2721 1399/854/1397 293/45/293
f 7/138/7 1117/809/1117 2724/1321/2722 1380/1322/1378
f 1117/809/1117 159/442/159 1157/1323/1157 2724/1321/2722
f 2724/1321/2722 1157/1323/1157 298/812/298 1400/810/1398
f 1380/1322/1378 2724/1321/2722 1400/810/1398 292/120/292
f 159/442/159 924/441/924 2725/1324/2723 1157/1323/1157
f 924/441/924 58/440/58 960/1325/960 2725/1324/2723
f 2725/1324/2723 960/1325/960 297/1326/297 1401/1327/1399
f 1157/1323/1157 2725/1324/2723 1401/1327/1399 298/812/298
f 32/149/32 882/1328/882 2726/1329/2724 859/154/859
f 882/1328/882 295/131/295 1402/133/1400 2726/1329/2724
f 2726/1329/2724 1402/133/1400 296/37/296 883/1330/883
f 859/154/859 2726/1329/2724 883/1330/883 33/32/33
f 194/147/194 1387/1319/1385 2727/1331/2725 858/148/858
f 1387/1319/1385 300/126/300 1403/129/1401 2727/1331/2725
f 2727/1331/2725 1403/129/1401 295/131/295 882/1328/882
f 858/148/858 2727/1331/2725 882/1328/882 32/149/32
f 7/138/7 1380/1322/1378 2728/1332/2726 857/139/857
f 1380/1322/1378 292/120/292 1404/123/1402 2728/1332/2726
f 2728/1332/2726 1404/123/1402 294/125/294 881/1317/881
f 857/139/857 2728/1332/2726 881/1317/881 31/140/31
f 33/32/33 883/1330/883 2729/1333/2727 839/33/839
f 883/1330/883 296/37/296 1405/40/1403 2729/1333/2727
f 2729/1333/2727 1405/40/1403 293/45/293 834/856/834
f 839/33/839 2729/1333/2727 834/856/834 14/34/14
f 308/428/308 1407/1334/1405 2730/1335/2728 1414/429/1412
f 1407/1334/1405 309/1336/309 1408/1337/1406 2730/1335/2728
f 2730/1335/2728 1408/1337/1406 310/1338/310 1411/1339/1409
f 1414/429/1412 2730/1335/2728 1411/1339/1409 312/430/312
f 306/1140/306 1406/1137/1404 2731/1340/2729 1412/1341/1410
f 1406/1137/1404 307/1136/307 1410/1342/1408 2731/1340/2729
f 2731/1340/2729 1410/1342/1408 309/1336/309 1407/1334/1405
f 1412/1341/1410 2731/1340/2729 1407/1334/1405 308/428/308
f 817/1343/817 2451/1344/2449 2732/1345/2730 1764/1346/1762
f 2451/1344/2449 820/1347/820 2431/1348/2429 2732/1345/2730
f 2732/1345/2730 2431/1348/2429 810/1349/810 2427/1350/2425
f 1764/1346/1762 2732/1345/2730 2427/1350/2425 572/1351/572
f 312/430/312 1411/1339/1409 2733/1352/2731 1413/433/1411
f 1411/1339/1409 310/1338/310 1409/1353/1407 2733/1352/2731
f 2733/1352/2731 1409/1353/1407 311/409/311 1415/408/1413
f 1413/433/1411 2733/1352/2731 1415/408/1413 313/407/313
f 317/426/317 1424/1354/1422 2734/1355/2732 1417/427/1415
f 1424/1354/1422 315/1142/315 1420/1141/1418 2734/1355/2732
f 2734/1355/2732 1420/1141/1418 306/1140/306 1412/1341/1410
f 1417/427/1415 2734/1355/2732 1412/1341/1410 308/428/308
f 815/1356/815 2450/1357/2448 2735/1358/2733 1422/1359/1420
f 2450/1357/2448 812/1360/812 2433/1361/2431 2735/1358/2733
f 2735/1358/2733 2433/1361/2431 315/1142/315 1424/1354/1422
f 1422/1359/1420 2735/1358/2733 1424/1354/1422 317/426/317
f 811/1362/811 2449/1363/2447 2736/1364/2734 2432/1365/2430
f 2449/1363/2447 814/1366/814 1421/1367/1419 2736/1364/2734
f 2736/1364/2734 1421/1367/1419 316/422/316 1425/431/1423
f 2432/1365/2430 2736/1364/2734 1425/431/1423 314/405/314
f 814/1366/814 2448/1368/2446 2737/1369/2735 1421/1367/1419
f 2448/1368/2446 815/1356/815 1422/1359/1420 2737/1369/2735
f 2737/1369/2735 1422/1359/1420 317/426/317 1426/423/1424
f 1421/1367/1419 2737/1369/2735 1426/423/1424 316/422/316
f 813/1370/813 2447/1371/2445 2738/1372/2736 2434/1373/2432
f 2447/1371/2445 811/1362/811 2432/1365/2430 2738/1372/2736
f 2738/1372/2736 2432/1365/2430 314/405/314 1427/402/1425
f 2434/1373/2432 2738/1372/2736 1427/402/1425 318/401/318
f 267/1197/267 1333/1374/1331 2739/1375/2737 1340/1198/1338
f 1333/1374/1331 266/1167/266 1341/1170/1339 2739/1375/2737
f 2739/1375/2737 1341/1170/1339 167/843/167 1165/842/1165
f 1340/1198/1338 2739/1375/2737 1165/842/1165 166/839/166
f 323/325/323 1430/1376/1428 2740/1377/2738 1440/911/1438
f 1430/1376/1428 324/1378/324 1431/1379/1429 2740/1377/2738
f 2740/1377/2738 1431/1379/1429 325/1380/325 1436/1381/1434
f 1440/911/1438 2740/1377/2738 1436/1381/1434 329/306/329
f 330/323/330 1443/1382/1441 2741/1383/2739 1442/324/1440
f 1443/1382/1441 326/1384/326 1441/1385/1439 2741/1383/2739
f 2741/1383/2739 1441/1385/1439 324/1378/324 1430/1376/1428
f 1442/324/1440 2741/1383/2739 1430/1376/1428 323/325/323
f 329/306/329 1436/1381/1434 2742/1386/2740 1438/307/1436
f 1436/1381/1434 325/1380/325 1433/1387/1431 2742/1386/2740
f 2742/1386/2740 1433/1387/1431 327/301/327 1435/300/1433
f 1438/307/1436 2742/1386/2740 1435/300/1433 328/299/328
f 319/283/319 1428/282/1426 2743/1388/2741 1437/1389/1435
f 1428/282/1426 320/281/320 1434/1390/1432 2743/1388/2741
f 2743/1388/2741 1434/1390/1432 322/1391/322 1429/1392/1427
f 1437/1389/1435 2743/1388/2741 1429/1392/1427 321/1393/321
f 321/1393/321 1429/1392/1427 2744/1394/2742 1439/1395/1437
f 1429/1392/1427 322/1391/322 1432/1396/1430 2744/1394/2742
f 2744/1394/2742 1432/1396/1430 326/1384/326 1443/1382/1441
f 1439/1395/1437 2744/1394/2742 1443/1382/1441 330/323/330
f 332/321/332 1455/1397/1453 2745/1398/2743 937/322/937
f 1455/1397/1453 338/1399/338 1445/1400/1443 2745/1398/2743
f 2745/1398/2743 1445/1400/1443 321/1393/321 1439/1395/1437
f 937/322/937 2745/1398/2743 1439/1395/1437 330/323/330
f 338/1399/338 1454/1401/1452 2746/1402/2744 1445/1400/1443
f 1454/1401/1452 337/275/337 1452/278/1450 2746/1402/2744
f 2746/1402/2744 1452/278/1450 319/283/319 1437/1389/1435
f 1445/1400/1443 2746/1402/2744 1437/1389/1435 321/1393/321
f 346/1403/346 1475/1404/1473 2747/1405/2745 1453/1406/1451
f 1475/1404/1473 342/1407/342 1464/1408/1462 2747/1405/2745
f 2747/1405/2745 1464/1408/1462 337/275/337 1454/1401/1452
f 1453/1406/1451 2747/1405/2745 1454/1401/1452 338/1399/338
f 343/1409/343 1474/1410/1472 2748/1411/2746 1447/1412/1445
f 1474/1410/1472 346/1403/346 1453/1406/1451 2748/1411/2746
f 2748/1411/2746 1453/1406/1451 338/1399/338 1455/1397/1453
f 1447/1412/1445 2748/1411/2746 1455/1397/1453 332/321/332
f 341/1413/341 1473/1414/1471 2749/1415/2747 1463/1416/1461
f 1473/1414/1471 345/1417/345 1451/1418/1449 2749/1415/2747
f 2749/1415/2747 1451/1418/1449 336/317/336 1456/909/1454
f 1463/1416/1461 2749/1415/2747 1456/909/1454 335/304/335
f 345/1417/345 1472/1419/1470 2750/1420/2748 1451/1418/1449
f 1472/1419/1470 343/1409/343 1447/1412/1445 2750/1420/2748
f 2750/1420/2748 1447/1412/1445 332/321/332 1457/318/1455
f 1451/1418/1449 2750/1420/2748 1457/318/1455 336/317/336
f 339/1421/339 1471/1422/1469 2751/1423/2749 1461/1424/1459
f 1471/1422/1469 341/1413/341 1463/1416/1461 2751/1423/2749
f 2751/1423/2749 1463/1416/1461 335/304/335 1458/302/1456
f 1461/1424/1459 2751/1423/2749 1458/302/1456 331/297/331
f 340/1425/340 1470/1426/1468 2752/1427/2750 1462/1428/1460
f 1470/1426/1468 339/1421/339 1461/1424/1459 2752/1427/2750
f 2752/1427/2750 1461/1424/1459 331/297/331 1459/294/1457
f 1462/1428/1460 2752/1427/2750 1459/294/1457 333/293/333
f 342/1407/342 1469/1429/1467 2753/1430/2751 1464/1408/1462
f 1469/1429/1467 344/1431/344 1449/1432/1447 2753/1430/2751
f 2753/1430/2751 1449/1432/1447 334/279/334 1460/276/1458
f 1464/1408/1462 2753/1430/2751 1460/276/1458 337/275/337
f 172/334/172 935/333/935 2754/1433/2752 1444/1434/1442
f 935/333/935 73/332/73 1466/1435/1464 2754/1433/2752
f 2754/1433/2752 1466/1435/1464 344/1436/344 1469/1437/1467
f 1444/1434/1442 2754/1433/2752 1469/1437/1467 342/1438/342
f 66/390/66 1112/387/1112 2755/1439/2753 944/1440/944
f 1112/387/1112 154/386/154 936/1441/936 2755/1439/2753
f 2755/1439/2753 936/1441/936 339/1442/339 1470/1443/1468
f 944/1440/944 2755/1439/2753 1470/1443/1468 340/1444/340
f 154/386/154 1176/881/1176 2756/1445/2754 936/1441/936
f 1176/881/1176 157/880/157 1115/1446/1115 2756/1445/2754
f 2756/1445/2754 1115/1446/1115 341/1447/341 1471/1448/1469
f 936/1441/936 2756/1445/2754 1471/1448/1469 339/1442/339
f 174/886/174 1202/885/1202 2757/1449/2755 1467/1450/1465
f 1202/885/1202 205/884/205 1465/1451/1463 2757/1449/2755
f 2757/1449/2755 1465/1451/1463 343/1452/343 1472/1453/1470
f 1467/1450/1465 2757/1449/2755 1472/1453/1470 345/1454/345
f 157/880/157 1179/890/1179 2758/1455/2756 1115/1446/1115
f 1179/890/1179 174/886/174 1467/1450/1465 2758/1455/2756
f 2758/1455/2756 1467/1450/1465 345/1454/345 1473/1456/1471
f 1115/1446/1115 2758/1455/2756 1473/1456/1471 341/1447/341
f 205/884/205 1177/898/1177 2759/1457/2757 1465/1451/1463
f 1177/898/1177 173/875/173 1468/1458/1466 2759/1457/2757
f 2759/1457/2757 1468/1458/1466 346/1459/346 1474/1460/1472
f 1465/1451/1463 2759/1457/2757 1474/1460/1472 343/1452/343
f 173/875/173 1174/874/1174 2760/1461/2758 1468/1458/1466
f 1174/874/1174 172/334/172 1444/1434/1442 2760/1461/2758
f 2760/1461/2758 1444/1434/1442 342/1438/342 1475/1462/1473
f 1468/1458/1466 2760/1461/2758 1475/1462/1473 346/1459/346
f 356/568/356 1486/567/1484 2761/1463/2759 1488/1464/1486
f 1486/567/1484 349/566/349 1477/1465/1475 2761/1463/2759
f 2761/1463/2759 1477/1465/1475 348/1466/348 1479/1467/1477
f 1488/1464/1486 2761/1463/2759 1479/1467/1477 351/473/351
f 351/473/351 1479/1467/1477 2762/1468/2760 1487/474/1485
f 1479/1467/1477 348/1466/348 1478/1469/1476 2762/1468/2760
f 2762/1468/2760 1478/1469/1476 350/545/350 1485/1470/1483
f 1487/474/1485 2762/1468/2760 1485/1470/1483 355/475/355
f 354/588/354 1492/587/1490 2763/1471/2761 1482/1472/1480
f 1492/587/1490 357/574/357 1489/573/1487 2763/1471/2761
f 2763/1471/2761 1489/573/1487 352/499/352 1480/1473/1478
f 1482/1472/1480 2763/1471/2761 1480/1473/1478 347/1474/347
f 347/1474/347 1480/1473/1478 2764/1475/2762 1481/1476/1479
f 1480/1473/1478 352/499/352 1490/498/1488 2764/1475/2762
f 2764/1475/2762 1490/498/1488 358/497/358 1491/1477/1489
f 1481/1476/1479 2764/1475/2762 1491/1477/1489 353/547/353
f 348/1466/348 1476/1478/1474 2765/1479/2763 1478/1469/1476
f 1476/1478/1474 347/1474/347 1481/1476/1479 2765/1479/2763
f 2765/1479/2763 1481/1476/1479 353/547/353 1483/546/1481
f 1478/1469/1476 2765/1479/2763 1483/546/1481 350/545/350
f 349/566/349 1484/1480/1482 2766/1481/2764 1477/1465/1475
f 1484/1480/1482 354/588/354 1482/1472/1480 2766/1481/2764
f 2766/1481/2764 1482/1472/1480 347/1474/347 1476/1478/1474
f 1477/1465/1475 2766/1481/2764 1476/1478/1474 348/1466/348
f 115/564/115 1036/741/1036 2767/1482/2765 979/565/979
f 1036/741/1036 114/583/114 1009/586/1009 2767/1482/2765
f 2767/1482/2765 1009/586/1009 354/588/354 1484/1480/1482
f 979/565/979 2767/1482/2765 1484/1480/1482 349/566/349
f 91/495/91 1043/709/1043 2768/1483/2766 1493/496/1491
f 1043/709/1043 112/539/112 967/542/967 2768/1483/2766
f 2768/1483/2766 967/542/967 353/547/353 1491/1477/1489
f 1493/496/1491 2768/1483/2766 1491/1477/1489 358/497/358
f 118/471/118 1040/722/1040 2769/1484/2767 1494/472/1492
f 1040/722/1040 84/560/84 975/563/975 2769/1484/2767
f 2769/1484/2767 975/563/975 356/568/356 1488/1464/1486
f 1494/472/1492 2769/1484/2767 1488/1464/1486 351/473/351
f 113/543/113 1037/737/1037 2770/1485/2768 972/544/972
f 1037/737/1037 82/467/82 1495/470/1493 2770/1485/2768
f 2770/1485/2768 1495/470/1493 355/475/355 1485/1470/1483
f 972/544/972 2770/1485/2768 1485/1470/1483 350/545/350
f 6/1486/6 1496/1487/1494 2771/1488/2769 1504/1489/1502
f 1496/1487/1494 28/1490/28 1505/1491/1503 2771/1488/2769
f 2771/1488/2769 1505/1491/1503 360/161/360 854/160/854
f 1504/1489/1502 2771/1488/2769 854/160/854 359/159/359
f 193/1492/193 1497/1493/1495 2772/1494/2770 1506/1495/1504
f 1497/1493/1495 29/1496/29 1507/1497/1505 2772/1494/2770
f 2772/1494/2770 1507/1497/1505 362/170/362 855/169/855
f 1506/1495/1504 2772/1494/2770 855/169/855 361/168/361
f 29/1496/29 1498/1498/1496 2773/1499/2771 1507/1497/1505
f 1498/1498/1496 241/1500/241 1508/1501/1506 2773/1499/2771
f 2773/1499/2771 1508/1501/1506 363/1104/363 885/1102/885
f 1507/1497/1505 2773/1499/2771 885/1102/885 362/170/362
f 28/1490/28 1499/1502/1497 2774/1503/2772 1505/1491/1503
f 1499/1502/1497 193/1492/193 1506/1495/1504 2774/1503/2772
f 2774/1503/2772 1506/1495/1504 361/168/361 1190/921/1190
f 1505/1491/1503 2774/1503/2772 1190/921/1190 360/161/360
f 238/1504/238 1500/1505/1498 2775/1506/2773 1509/1507/1507
f 1500/1505/1498 6/1486/6 1504/1489/1502 2775/1506/2773
f 2775/1506/2773 1504/1489/1502 359/159/359 1279/1084/1277
f 1509/1507/1507 2775/1506/2773 1279/1084/1277 364/1088/364
f 247/1508/247 1501/1509/1499 2776/1510/2774 1510/1511/1508
f 1501/1509/1499 365/1512/365 1511/1513/1509 2776/1510/2774
f 2776/1510/2774 1511/1513/1509 240/1514/240 1289/1515/1287
f 1510/1511/1508 2776/1510/2774 1289/1515/1287 366/1516/366
f 241/1500/241 1502/1517/1500 2777/1518/2775 1508/1501/1506
f 1502/1517/1500 247/1508/247 1510/1511/1508 2777/1518/2775
f 2777/1518/2775 1510/1511/1508 366/1516/366 1295/1519/1293
f 1508/1501/1506 2777/1518/2775 1295/1519/1293 363/1104/363
f 365/1512/365 1503/1520/1501 2778/1521/2776 1511/1513/1509
f 1503/1520/1501 238/1504/238 1509/1507/1507 2778/1521/2776
f 2778/1521/2776 1509/1507/1507 364/1088/364 1296/1522/1294
f 1511/1513/1509 2778/1521/2776 1296/1522/1294 240/1514/240
f 368/1523/368 1512/1524/1510 2779/1525/2777 1517/1526/1515
f 1512/1524/1510 367/1527/367 1519/1528/1517 2779/1525/2777
f 2779/1525/2777 1519/1528/1517 370/1529/370 1513/1530/1511
f 1517/1526/1515 2779/1525/2777 1513/1530/1511 369/1531/369
f 369/1531/369 1513/1530/1511 2780/1532/2778 1515/1533/1513
f 1513/1530/1511 370/1529/370 1520/1534/1518 2780/1532/2778
f 2780/1532/2778 1520/1534/1518 373/1077/373 1516/1076/1514
f 1515/1533/1513 2780/1532/2778 1516/1076/1514 372/1075/372
f 371/1116/371 1518/1115/1516 2781/1535/2779 1514/1536/1512
f 1518/1115/1516 374/1114/374 1521/1537/1519 2781/1535/2779
f 2781/1535/2779 1521/1537/1519 367/1527/367 1512/1524/1510
f 1514/1536/1512 2781/1535/2779 1512/1524/1510 368/1523/368
f 390/1538/390 1566/1539/1564 2782/1540/2780 1543/1541/1541
f 1566/1539/1564 384/1108/384 1537/1111/1535 2782/1540/2780
f 2782/1540/2780 1537/1111/1535 371/1116/371 1514/1536/1512
f 1543/1541/1541 2782/1540/2780 1514/1536/1512 368/1523/368
f 383/1542/383 1563/1543/1561 2783/1544/2781 1522/1545/1520
f 1563/1543/1561 395/1546/395 1526/1547/1524 2783/1544/2781
f 2783/1544/2781 1526/1547/1524 367/1548/367 1521/1549/1519
f 1522/1545/1520 2783/1544/2781 1521/1549/1519 374/1550/374
f 395/1546/395 1560/1551/1558 2784/1552/2782 1526/1547/1524
f 1560/1551/1558 375/1117/375 1528/1120/1526 2784/1552/2782
f 2784/1552/2782 1528/1120/1526 370/1125/370 1519/1553/1517
f 1526/1547/1524 2784/1552/2782 1519/1553/1517 367/1548/367
f 396/1554/396 1557/1555/1555 2785/1556/2783 1549/1557/1547
f 1557/1555/1555 390/1538/390 1543/1541/1541 2785/1556/2783
f 2785/1556/2783 1543/1541/1541 368/1523/368 1517/1526/1515
f 1549/1557/1547 2785/1556/2783 1517/1526/1515 369/1531/369
f 389/1073/389 1554/1558/1552 2786/1559/2784 1524/1074/1522
f 1554/1558/1552 396/1554/396 1549/1557/1547 2786/1559/2784
f 2786/1559/2784 1549/1557/1547 369/1531/369 1515/1533/1513
f 1524/1074/1522 2786/1559/2784 1515/1533/1513 372/1075/372
f 439/1560/439 1658/1561/1656 2787/1562/2785 1540/1563/1538
f 1658/1561/1656 436/1564/436 1646/1565/1644 2787/1562/2785
f 2787/1562/2785 1646/1565/1644 398/1566/398 1552/1567/1550
f 1540/1563/1538 2787/1562/2785 1552/1567/1550 387/1568/387
f 387/1568/387 1552/1567/1550 2788/1569/2786 1541/1570/1539
f 1552/1567/1550 398/1566/398 1551/1571/1549 2788/1569/2786
f 2788/1569/2786 1551/1571/1549 397/1572/397 1553/1573/1551
f 1541/1570/1539 2788/1569/2786 1553/1573/1551 388/1574/388
f 388/1574/388 1553/1573/1551 2789/1575/2787 1542/1576/1540
f 1553/1573/1551 397/1572/397 1550/1577/1548 2789/1575/2787
f 2789/1575/2787 1550/1577/1548 396/1554/396 1554/1558/1552
f 1542/1576/1540 2789/1575/2787 1554/1558/1552 389/1073/389
f 436/1564/436 1657/1578/1655 2790/1579/2788 1646/1565/1644
f 1657/1578/1655 435/1580/435 1645/1581/1643 2790/1579/2788
f 2790/1579/2788 1645/1581/1643 392/1582/392 1555/1583/1553
f 1646/1565/1644 2790/1579/2788 1555/1583/1553 398/1566/398
f 398/1566/398 1555/1583/1553 2791/1584/2789 1551/1571/1549
f 1555/1583/1553 392/1582/392 1545/1585/1543 2791/1584/2789
f 2791/1584/2789 1545/1585/1543 391/1586/391 1556/1587/1554
f 1551/1571/1549 2791/1584/2789 1556/1587/1554 397/1572/397
f 397/1572/397 1556/1587/1554 2792/1588/2790 1550/1577/1548
f 1556/1587/1554 391/1586/391 1544/1589/1542 2792/1588/2790
f 2792/1588/2790 1544/1589/1542 390/1538/390 1557/1555/1555
f 1550/1577/1548 2792/1588/2790 1557/1555/1555 396/1554/396
f 440/1590/440 1656/1591/1654 2793/1592/2791 1546/1593/1544
f 1656/1591/1654 433/1594/433 1643/1595/1641 2793/1592/2791
f 2793/1592/2791 1643/1595/1641 377/1596/377 1558/1597/1556
f 1546/1593/1544 2793/1592/2791 1558/1597/1556 393/1598/393
f 393/1598/393 1558/1597/1556 2794/1599/2792 1547/1600/1545
f 1558/1597/1556 377/1596/377 1530/1601/1528 2794/1599/2792
f 2794/1599/2792 1530/1601/1528 376/1602/376 1559/1603/1557
f 1547/1600/1545 2794/1599/2792 1559/1603/1557 394/1604/394
f 394/1604/394 1559/1603/1557 2795/1605/2793 1548/1606/1546
f 1559/1603/1557 376/1602/376 1529/1607/1527 2795/1605/2793
f 2795/1605/2793 1529/1607/1527 375/1117/375 1560/1551/1558
f 1548/1606/1546 2795/1605/2793 1560/1551/1558 395/1546/395
f 438/1608/438 1655/1609/1653 2796/1610/2794 1534/1611/1532
f 1655/1609/1653 440/1590/440 1546/1593/1544 2796/1610/2794
f 2796/1610/2794 1546/1593/1544 393/1598/393 1561/1612/1559
f 1534/1611/1532 2796/1610/2794 1561/1612/1559 381/1613/381
f 381/1613/381 1561/1612/1559 2797/1614/2795 1535/1615/1533
f 1561/1612/1559 393/1598/393 1547/1600/1545 2797/1614/2795
f 2797/1614/2795 1547/1600/1545 394/1604/394 1562/1616/1560
f 1535/1615/1533 2797/1614/2795 1562/1616/1560 382/1617/382
f 382/1617/382 1562/1616/1560 2798/1618/2796 1536/1619/1534
f 1562/1616/1560 394/1604/394 1548/1606/1546 2798/1618/2796
f 2798/1618/2796 1548/1606/1546 395/1546/395 1563/1543/1561
f 1536/1619/1534 2798/1618/2796 1563/1543/1561 383/1542/383
f 435/1580/435 1654/1620/1652 2799/1621/2797 1645/1581/1643
f 1654/1620/1652 434/1622/434 1644/1623/1642 2799/1621/2797
f 2799/1621/2797 1644/1623/1642 386/1624/386 1564/1625/1562
f 1645/1581/1643 2799/1621/2797 1564/1625/1562 392/1582/392
f 392/1582/392 1564/1625/1562 2800/1626/2798 1545/1585/1543
f 1564/1625/1562 386/1624/386 1539/1627/1537 2800/1626/2798
f 2800/1626/2798 1539/1627/1537 385/1628/385 1565/1629/1563
f 1545/1585/1543 2800/1626/2798 1565/1629/1563 391/1586/391
f 391/1586/391 1565/1629/1563 2801/1630/2799 1544/1589/1542
f 1565/1629/1563 385/1628/385 1538/1631/1536 2801/1630/2799
f 2801/1630/2799 1538/1631/1536 384/1108/384 1566/1539/1564
f 1544/1589/1542 2801/1630/2799 1566/1539/1564 390/1538/390
f 433/1594/433 1653/1632/1651 2802/1633/2800 1643/1595/1641
f 1653/1632/1651 437/1634/437 1531/1635/1529 2802/1633/2800
f 2802/1633/2800 1531/1635/1529 378/1636/378 1567/1637/1565
f 1643/1595/1641 2802/1633/2800 1567/1637/1565 377/1596/377
f 377/1596/377 1567/1637/1565 2803/1638/2801 1530/1601/1528
f 1567/1637/1565 378/1636/378 1532/1639/1530 2803/1638/2801
f 2803/1638/2801 1532/1639/1530 379/1640/379 1568/1641/1566
f 1530/1601/1528 2803/1638/2801 1568/1641/1566 376/1602/376
f 376/1602/376 1568/1641/1566 2804/1642/2802 1529/1607/1527
f 1568/1641/1566 379/1640/379 1533/1643/1531 2804/1642/2802
f 2804/1642/2802 1533/1643/1531 380/1121/380 1569/1118/1567
f 1529/1607/1527 2804/1642/2802 1569/1118/1567 375/1117/375
f 434/1622/434 1652/1644/1650 2805/1645/2803 1644/1623/1642
f 1652/1644/1650 438/1646/438 1534/1647/1532 2805/1645/2803
f 2805/1645/2803 1534/1647/1532 381/1648/381 1570/1649/1568
f 1644/1623/1642 2805/1645/2803 1570/1649/1568 386/1624/386
f 386/1624/386 1570/1649/1568 2806/1650/2804 1539/1627/1537
f 1570/1649/1568 381/1648/381 1535/1651/1533 2806/1650/2804
f 2806/1650/2804 1535/1651/1533 382/1652/382 1571/1653/1569
f 1539/1627/1537 2806/1650/2804 1571/1653/1569 385/1628/385
f 385/1628/385 1571/1653/1569 2807/1654/2805 1538/1631/1536
f 1571/1653/1569 382/1652/382 1536/1655/1534 2807/1654/2805
f 2807/1654/2805 1536/1655/1534 383/1112/383 1572/1109/1570
f 1538/1631/1536 2807/1654/2805 1572/1109/1570 384/1108/384
f 437/1656/437 1651/1657/1649 2808/1658/2806 1531/1659/1529
f 1651/1657/1649 439/1560/439 1540/1563/1538 2808/1658/2806
f 2808/1658/2806 1540/1563/1538 387/1568/387 1573/1660/1571
f 1531/1659/1529 2808/1658/2806 1573/1660/1571 378/1661/378
f 378/1661/378 1573/1660/1571 2809/1662/2807 1532/1663/1530
f 1573/1660/1571 387/1568/387 1541/1570/1539 2809/1662/2807
f 2809/1662/2807 1541/1570/1539 388/1574/388 1574/1664/1572
f 1532/1663/1530 2809/1662/2807 1574/1664/1572 379/1665/379
f 379/1665/379 1574/1664/1572 2810/1666/2808 1533/1667/1531
f 1574/1664/1572 388/1574/388 1542/1576/1540 2810/1666/2808
f 2810/1666/2808 1542/1576/1540 389/1073/389 1575/1070/1573
f 1533/1667/1531 2810/1666/2808 1575/1070/1573 380/1069/380
f 269/1205/269 1336/1668/1334 2811/1669/2809 1343/1206/1341
f 1336/1668/1334 409/1311/409 1590/1314/1588 2811/1669/2809
f 2811/1669/2809 1590/1314/1588 400/1081/400 1172/1670/1172
f 1343/1206/1341 2811/1669/2809 1172/1670/1172 171/859/171
f 259/1228/259 1318/1671/1316 2812/1672/2810 1370/1297/1368
f 1318/1671/1316 408/1212/408 1591/1289/1589 2812/1672/2810
f 2812/1672/2810 1591/1289/1589 412/1281/412 1373/1673/1371
f 1370/1297/1368 2812/1672/2810 1373/1673/1371 289/1162/289
f 289/1162/289 1373/1673/1371 2813/1674/2811 1316/1163/1314
f 1373/1673/1371 412/1281/412 1592/1284/1590 2813/1674/2811
f 2813/1674/2811 1592/1284/1590 411/1270/411 1588/1273/1586
f 1316/1163/1314 2813/1674/2811 1588/1273/1586 284/1164/284
f 280/1257/280 1351/1256/1349 2814/1675/2812 1360/1287/1358
f 1351/1256/1349 281/1255/281 1352/1676/1350 2814/1675/2812
f 2814/1675/2812 1352/1676/1350 410/1274/410 1593/1271/1591
f 1360/1287/1358 2814/1675/2812 1593/1271/1591 411/1270/411
f 246/1226/246 1586/1677/1584 2815/1678/2813 1325/1227/1323
f 1586/1677/1584 409/1207/409 1594/1210/1592 2815/1678/2813
f 2815/1678/2813 1594/1210/1592 408/1212/408 1318/1671/1316
f 1325/1227/1323 2815/1678/2813 1318/1671/1316 259/1228/259
f 14/34/14 1129/860/1129 2816/1679/2814 1579/35/1577
f 1129/860/1129 171/859/171 1172/1670/1172 2816/1679/2814
f 2816/1679/2814 1172/1670/1172 400/1081/400 1595/1078/1593
f 1579/35/1577 2816/1679/2814 1595/1078/1593 402/36/402
f 240/1514/240 1281/1680/1279 2817/1681/2815 1289/1515/1287
f 1281/1680/1279 403/142/403 1596/923/1594 2817/1681/2815
f 2817/1681/2815 1596/923/1594 401/143/401 1578/1682/1576
f 1289/1515/1287 2817/1681/2815 1578/1682/1576 366/1516/366
f 364/1088/364 1291/1087/1289 2818/1683/2816 1576/1684/1574
f 1291/1087/1289 416/1086/416 1286/1685/1284 2818/1683/2816
f 2818/1683/2816 1286/1685/1284 414/434/414 1597/807/1595
f 1576/1684/1574 2818/1683/2816 1597/807/1595 399/134/399
f 423/1686/423 1634/1687/1632 2819/1688/2817 1621/1689/1619
f 1634/1687/1632 422/1690/422 1615/1691/1613 2819/1688/2817
f 2819/1688/2817 1615/1691/1613 417/1692/417 1611/1693/1609
f 1621/1689/1619 2819/1688/2817 1611/1693/1609 418/1694/418
f 363/1104/363 1282/1695/1280 2820/1696/2818 1294/1105/1292
f 1282/1695/1280 404/151/404 1599/153/1597 2820/1696/2818
f 2820/1696/2818 1599/153/1597 405/28/405 1283/1697/1281
f 1294/1105/1292 2820/1696/2818 1283/1697/1281 242/1106/242
f 366/1516/366 1578/1682/1576 2821/1698/2819 1295/1519/1293
f 1578/1682/1576 401/143/401 1600/146/1598 2821/1698/2819
f 2821/1698/2819 1600/146/1598 404/151/404 1282/1695/1280
f 1295/1519/1293 2821/1698/2819 1282/1695/1280 363/1104/363
f 364/1088/364 1576/1684/1574 2822/1699/2820 1296/1522/1294
f 1576/1684/1574 399/134/399 1601/137/1599 2822/1699/2820
f 2822/1699/2820 1601/137/1599 403/142/403 1281/1680/1279
f 1296/1522/1294 2822/1699/2820 1281/1680/1279 240/1514/240
f 242/1106/242 1283/1697/1281 2823/1700/2821 1297/1127/1295
f 1283/1697/1281 405/28/405 1602/31/1600 2823/1700/2821
f 2823/1700/2821 1602/31/1600 402/36/402 1280/1080/1278
f 1297/1127/1295 2823/1700/2821 1280/1080/1278 239/867/239
f 413/1701/413 1285/1702/1283 2824/1703/2822 1607/1704/1605
f 1285/1702/1283 415/1705/415 1608/1706/1606 2824/1703/2822
f 2824/1703/2822 1608/1706/1606 244/1091/244 1603/1707/1601
f 1607/1704/1605 2824/1703/2822 1603/1707/1601 406/438/406
f 245/1708/245 1604/1709/1602 2825/1710/2823 1609/1711/1607
f 1604/1709/1602 407/1712/407 1610/1713/1608 2825/1710/2823
f 2825/1710/2823 1610/1713/1608 414/434/414 1286/1685/1284
f 1609/1711/1607 2825/1710/2823 1286/1685/1284 416/1086/416
f 415/1705/415 1605/1714/1603 2826/1715/2824 1608/1706/1606
f 1605/1714/1603 245/1708/245 1609/1711/1607 2826/1715/2824
f 2826/1715/2824 1609/1711/1607 416/1086/416 1292/1092/1290
f 1608/1706/1606 2826/1715/2824 1292/1092/1290 244/1091/244
f 407/1712/407 1606/1716/1604 2827/1717/2825 1610/1713/1608
f 1606/1716/1604 413/1701/413 1607/1704/1605 2827/1717/2825
f 2827/1717/2825 1607/1704/1605 406/438/406 1598/435/1596
f 1610/1713/1608 2827/1717/2825 1598/435/1596 414/434/414
f 420/1718/420 1613/1719/1611 2828/1720/2826 1612/1721/1610
f 1613/1719/1611 418/1722/418 1611/1723/1609 2828/1720/2826
f 2828/1720/2826 1611/1723/1609 417/1724/417 1614/1725/1612
f 1612/1721/1610 2828/1720/2826 1614/1725/1612 419/1726/419
f 422/1727/422 1632/1728/1630 2829/1729/2827 1615/1730/1613
f 1632/1728/1630 426/1731/426 1617/1732/1615 2829/1729/2827
f 2829/1729/2827 1617/1732/1615 419/1726/419 1614/1725/1612
f 1615/1730/1613 2829/1729/2827 1614/1725/1612 417/1724/417
f 426/1731/426 1630/1733/1628 2830/1734/2828 1617/1732/1615
f 1630/1733/1628 428/1735/428 1618/1736/1616 2830/1734/2828
f 2830/1734/2828 1618/1736/1616 420/1718/420 1612/1721/1610
f 1617/1732/1615 2830/1734/2828 1612/1721/1610 419/1726/419
f 428/1735/428 1628/1737/1626 2831/1738/2829 1618/1736/1616
f 1628/1737/1626 423/1739/423 1621/1740/1619 2831/1738/2829
f 2831/1738/2829 1621/1740/1619 418/1722/418 1613/1719/1611
f 1618/1736/1616 2831/1738/2829 1613/1719/1611 420/1718/420
f 432/1741/432 1642/1742/1640 2832/1743/2830 1625/1744/1623
f 1642/1742/1640 429/1745/429 1635/1746/1633 2832/1743/2830
f 2832/1743/2830 1635/1746/1633 424/1747/424 1627/1748/1625
f 1625/1744/1623 2832/1743/2830 1627/1748/1625 427/1749/427
f 427/1749/427 1627/1748/1625 2833/1750/2831 1626/1751/1624
f 1627/1748/1625 424/1747/424 1622/1752/1620 2833/1750/2831
f 2833/1750/2831 1622/1752/1620 423/1739/423 1628/1737/1626
f 1626/1751/1624 2833/1750/2831 1628/1737/1626 428/1735/428
f 431/1753/431 1641/1754/1639 2834/1755/2832 1623/1756/1621
f 1641/1754/1639 432/1741/432 1625/1744/1623 2834/1755/2832
f 2834/1755/2832 1625/1744/1623 427/1749/427 1629/1757/1627
f 1623/1756/1621 2834/1755/2832 1629/1757/1627 425/1758/425
f 425/1758/425 1629/1757/1627 2835/1759/2833 1624/1760/1622
f 1629/1757/1627 427/1749/427 1626/1751/1624 2835/1759/2833
f 2835/1759/2833 1626/1751/1624 428/1735/428 1630/1733/1628
f 1624/1760/1622 2835/1759/2833 1630/1733/1628 426/1731/426
f 430/1761/430 1640/1762/1638 2836/1763/2834 1619/1764/1617
f 1640/1762/1638 431/1753/431 1623/1756/1621 2836/1763/2834
f 2836/1763/2834 1623/1756/1621 425/1758/425 1631/1765/1629
f 1619/1764/1617 2836/1763/2834 1631/1765/1629 421/1766/421
f 421/1766/421 1631/1765/1629 2837/1767/2835 1620/1768/1618
f 1631/1765/1629 425/1758/425 1624/1760/1622 2837/1767/2835
f 2837/1767/2835 1624/1760/1622 426/1731/426 1632/1728/1630
f 1620/1768/1618 2837/1767/2835 1632/1728/1630 422/1727/422
f 429/1769/429 1639/1770/1637 2838/1771/2836 1635/1772/1633
f 1639/1770/1637 430/1773/430 1619/1774/1617 2838/1771/2836
f 2838/1771/2836 1619/1774/1617 421/1775/421 1633/1776/1631
f 1635/1772/1633 2838/1771/2836 1633/1776/1631 424/1777/424
f 424/1777/424 1633/1776/1631 2839/1778/2837 1622/1779/1620
f 1633/1776/1631 421/1775/421 1620/1780/1618 2839/1778/2837
f 2839/1778/2837 1620/1780/1618 422/1690/422 1634/1687/1632
f 1622/1779/1620 2839/1778/2837 1634/1687/1632 423/1686/423
f 415/1781/415 1285/1782/1283 2840/1783/2838 1616/1784/1614
f 1285/1782/1283 413/1785/413 1636/1786/1634 2840/1783/2838
f 2840/1783/2838 1636/1786/1634 430/1773/430 1639/1770/1637
f 1616/1784/1614 2840/1783/2838 1639/1770/1637 429/1769/429
f 413/1787/413 1606/1788/1604 2841/1789/2839 1636/1790/1634
f 1606/1788/1604 407/1791/407 1637/1792/1635 2841/1789/2839
f 2841/1789/2839 1637/1792/1635 431/1753/431 1640/1762/1638
f 1636/1790/1634 2841/1789/2839 1640/1762/1638 430/1761/430
f 407/1791/407 1604/1793/1602 2842/1794/2840 1637/1792/1635
f 1604/1793/1602 245/1795/245 1638/1796/1636 2842/1794/2840
f 2842/1794/2840 1638/1796/1636 432/1741/432 1641/1754/1639
f 1637/1792/1635 2842/1794/2840 1641/1754/1639 431/1753/431
f 245/1795/245 1605/1797/1603 2843/1798/2841 1638/1796/1636
f 1605/1797/1603 415/1799/415 1616/1800/1614 2843/1798/2841
f 2843/1798/2841 1616/1800/1614 429/1745/429 1642/1742/1640
f 1638/1796/1636 2843/1798/2841 1642/1742/1640 432/1741/432
f 241/1801/241 1498/1802/1496 2844/1803/2842 1647/1804/1645
f 1498/1802/1496 29/1805/29 1649/1806/1647 2844/1803/2842
f 2844/1803/2842 1649/1806/1647 439/1560/439 1651/1657/1649
f 1647/1804/1645 2844/1803/2842 1651/1657/1649 437/1656/437
f 6/1807/6 1500/1808/1498 2845/1809/2843 1523/1810/1521
f 1500/1808/1498 238/1811/238 1648/1812/1646 2845/1809/2843
f 2845/1809/2843 1648/1812/1646 438/1646/438 1652/1644/1650
f 1523/1810/1521 2845/1809/2843 1652/1644/1650 434/1622/434
f 247/1813/247 1502/1814/1500 2846/1815/2844 884/1816/884
f 1502/1814/1500 241/1817/241 1647/1818/1645 2846/1815/2844
f 2846/1815/2844 1647/1818/1645 437/1634/437 1653/1632/1651
f 884/1816/884 2846/1815/2844 1653/1632/1651 433/1594/433
f 28/1819/28 1496/1820/1494 2847/1821/2845 1525/1822/1523
f 1496/1820/1494 6/1807/6 1523/1810/1521 2847/1821/2845
f 2847/1821/2845 1523/1810/1521 434/1622/434 1654/1620/1652
f 1525/1822/1523 2847/1821/2845 1654/1620/1652 435/1580/435
f 238/1823/238 1503/1824/1501 2848/1825/2846 1648/1826/1646
f 1503/1824/1501 365/1827/365 1650/1828/1648 2848/1825/2846
f 2848/1825/2846 1650/1828/1648 440/1590/440 1655/1609/1653
f 1648/1826/1646 2848/1825/2846 1655/1609/1653 438/1608/438
f 365/1827/365 1501/1829/1499 2849/1830/2847 1650/1828/1648
f 1501/1829/1499 247/1813/247 884/1816/884 2849/1830/2847
f 2849/1830/2847 884/1816/884 433/1594/433 1656/1591/1654
f 1650/1828/1648 2849/1830/2847 1656/1591/1654 440/1590/440
f 193/1831/193 1499/1832/1497 2850/1833/2848 1527/1834/1525
f 1499/1832/1497 28/1819/28 1525/1822/1523 2850/1833/2848
f 2850/1833/2848 1525/1822/1523 435/1580/435 1657/1578/1655
f 1527/1834/1525 2850/1833/2848 1657/1578/1655 436/1564/436
f 29/1805/29 1497/1835/1495 2851/1836/2849 1649/1806/1647
f 1497/1835/1495 193/1831/193 1527/1834/1525 2851/1836/2849
f 2851/1836/2849 1527/1834/1525 436/1564/436 1658/1561/1656
f 1649/1806/1647 2851/1836/2849 1658/1561/1656 439/1560/439
f 490/1837/490 1742/1838/1740 2852/1839/2850 1738/1840/1736
f 1742/1838/1740 487/1841/487 1735/1842/1733 2852/1839/2850
f 2852/1839/2850 1735/1842/1733 444/1843/444 1661/1844/1659
f 1738/1840/1736 2852/1839/2850 1661/1844/1659 464/1845/464
f 485/1846/485 1683/1847/1681 2853/1848/2851 1730/1849/1728
f 1683/1847/1681 457/1850/457 1681/1851/1679 2853/1848/2851
f 2853/1848/2851 1681/1851/1679 456/1852/456 1675/1853/1673
f 1730/1849/1728 2853/1848/2851 1675/1853/1673 467/1854/467
f 560/1855/560 1915/1856/1913 2854/1857/2852 1909/1858/1907
f 1915/1856/1913 557/1859/557 1906/1860/1904 2854/1857/2852
f 2854/1857/2852 1906/1860/1904 455/1861/455 1676/1862/1674
f 1909/1858/1907 2854/1857/2852 1676/1862/1674 470/1863/470
f 775/1864/775 2371/1865/2369 2855/1866/2853 2353/1867/2351
f 2371/1865/2369 772/1868/772 2350/1869/2348 2855/1866/2853
f 2855/1866/2853 2350/1869/2348 454/1870/454 1677/1871/1675
f 2353/1867/2351 2855/1866/2853 1677/1871/1675 473/1872/473
f 683/1873/683 2190/1874/2188 2856/1875/2854 2170/1876/2168
f 2190/1874/2188 680/1877/680 2167/1878/2165 2856/1875/2854
f 2856/1875/2854 2167/1878/2165 453/1879/453 1678/1880/1676
f 2170/1876/2168 2856/1875/2854 1678/1880/1676 476/1881/476
f 476/1881/476 1678/1880/1676 2857/1882/2855 1718/1883/1716
f 1678/1880/1676 453/1879/453 1671/1884/1669 2857/1882/2855
f 2857/1882/2855 1671/1884/1669 452/1885/452 1679/1886/1677
f 1718/1883/1716 2857/1882/2855 1679/1886/1677 479/1887/479
f 479/1887/479 1679/1886/1677 2858/1888/2856 1715/1889/1713
f 1679/1886/1677 452/1885/452 1670/1890/1668 2858/1888/2856
f 2858/1888/2856 1670/1890/1668 451/1891/451 1680/1892/1678
f 1715/1889/1713 2858/1888/2856 1680/1892/1678 482/1893/482
f 523/1894/523 1813/1895/1811 2859/1896/2857 1807/1897/1805
f 1813/1895/1811 525/1898/525 1804/1899/1802 2859/1896/2857
f 2859/1896/2857 1804/1899/1802 457/1850/457 1683/1847/1681
f 1807/1897/1805 2859/1896/2857 1683/1847/1681 485/1846/485
f 507/1900/507 1812/1901/1810 2860/1902/2858 1682/1903/1680
f 1812/1901/1810 509/1904/509 1805/1905/1803 2860/1902/2858
f 2860/1902/2858 1805/1905/1803 483/1906/483 1707/1907/1705
f 1682/1903/1680 2860/1902/2858 1707/1907/1705 458/1908/458
f 613/1909/613 2007/1910/2005 2861/1911/2859 2025/1912/2023
f 2007/1910/2005 524/1913/524 1806/1914/1804 2861/1911/2859
f 2861/1911/2859 1806/1914/1804 484/1915/484 1708/1916/1706
f 2025/1912/2023 2861/1911/2859 1708/1916/1706 609/1917/609
f 524/1913/524 1810/1918/1808 2862/1919/2860 1806/1914/1804
f 1810/1918/1808 523/1894/523 1807/1897/1805 2862/1919/2860
f 2862/1919/2860 1807/1897/1805 485/1846/485 1709/1920/1707
f 1806/1914/1804 2862/1919/2860 1709/1920/1707 484/1915/484
f 449/1921/449 1701/1922/1699 2863/1923/2861 1668/1924/1666
f 1701/1922/1699 477/1925/477 1713/1926/1711 2863/1923/2861
f 2863/1923/2861 1713/1926/1711 480/1927/480 1704/1928/1702
f 1668/1924/1666 2863/1923/2861 1704/1928/1702 450/1929/450
f 607/1930/607 1702/1931/1700 2864/1932/2862 2024/1933/2022
f 1702/1931/1700 478/1934/478 1714/1935/1712 2864/1932/2862
f 2864/1932/2862 1714/1935/1712 481/1936/481 1705/1937/1703
f 2024/1933/2022 2864/1932/2862 1705/1937/1703 608/1938/608
f 478/1934/478 1703/1939/1701 2865/1940/2863 1714/1935/1712
f 1703/1939/1701 479/1887/479 1715/1889/1713 2865/1940/2863
f 2865/1940/2863 1715/1889/1713 482/1893/482 1706/1941/1704
f 1714/1935/1712 2865/1940/2863 1706/1941/1704 481/1936/481
f 448/1942/448 1698/1943/1696 2866/1944/2864 1667/1945/1665
f 1698/1943/1696 474/1946/474 1716/1947/1714 2866/1944/2864
f 2866/1944/2864 1716/1947/1714 477/1925/477 1701/1922/1699
f 1667/1945/1665 2866/1944/2864 1701/1922/1699 449/1921/449
f 606/1948/606 1699/1949/1697 2867/1950/2865 2023/1951/2021
f 1699/1949/1697 475/1952/475 1717/1953/1715 2867/1950/2865
f 2867/1950/2865 1717/1953/1715 478/1934/478 1702/1931/1700
f 2023/1951/2021 2867/1950/2865 1702/1931/1700 607/1930/607
f 475/1952/475 1700/1954/1698 2868/1955/2866 1717/1953/1715
f 1700/1954/1698 476/1881/476 1718/1883/1716 2868/1955/2866
f 2868/1955/2866 1718/1883/1716 479/1887/479 1703/1939/1701
f 1717/1953/1715 2868/1955/2866 1703/1939/1701 478/1934/478
f 679/1956/679 2189/1957/2187 2869/1958/2867 1666/1959/1664
f 2189/1957/2187 681/1960/681 2168/1961/2166 2869/1958/2867
f 2869/1958/2867 2168/1961/2166 474/1946/474 1698/1943/1696
f 1666/1959/1664 2869/1958/2867 1698/1943/1696 448/1942/448
f 686/1962/686 2188/1963/2186 2870/1964/2868 2022/1965/2020
f 2188/1963/2186 682/1966/682 2169/1967/2167 2870/1964/2868
f 2870/1964/2868 2169/1967/2167 475/1952/475 1699/1949/1697
f 2022/1965/2020 2870/1964/2868 1699/1949/1697 606/1948/606
f 682/1966/682 2187/1968/2185 2871/1969/2869 2169/1967/2167
f 2187/1968/2185 683/1873/683 2170/1876/2168 2871/1969/2869
f 2871/1969/2869 2170/1876/2168 476/1881/476 1700/1954/1698
f 2169/1967/2167 2871/1969/2869 1700/1954/1698 475/1952/475
f 769/1970/769 2370/1971/2368 2872/1972/2870 1665/1973/1663
f 2370/1971/2368 773/1974/773 2351/1975/2349 2872/1972/2870
f 2872/1972/2870 2351/1975/2349 471/1976/471 1695/1977/1693
f 1665/1973/1663 2872/1972/2870 1695/1977/1693 447/1978/447
f 771/1979/771 2369/1980/2367 2873/1981/2871 2021/1982/2019
f 2369/1980/2367 774/1983/774 2352/1984/2350 2873/1981/2871
f 2873/1981/2871 2352/1984/2350 472/1985/472 1696/1986/1694
f 2021/1982/2019 2873/1981/2871 1696/1986/1694 605/1987/605
f 774/1983/774 2368/1988/2366 2874/1989/2872 2352/1984/2350
f 2368/1988/2366 775/1864/775 2353/1867/2351 2874/1989/2872
f 2874/1989/2872 2353/1867/2351 473/1872/473 1697/1990/1695
f 2352/1984/2350 2874/1989/2872 1697/1990/1695 472/1985/472
f 556/1991/556 1914/1992/1912 2875/1993/2873 1664/1994/1662
f 1914/1992/1912 558/1995/558 1907/1996/1905 2875/1993/2873
f 2875/1993/2873 1907/1996/1905 730/1997/730 1692/1998/1690
f 1664/1994/1662 2875/1993/2873 1692/1998/1690 729/1999/729
f 615/2000/615 2009/2001/2007 2876/2002/2874 2020/2003/2018
f 2009/2001/2007 559/2004/559 1908/2005/1906 2876/2002/2874
f 2876/2002/2874 1908/2005/1906 732/2006/732 1693/2007/1691
f 2020/2003/2018 2876/2002/2874 1693/2007/1691 731/2008/731
f 559/2004/559 1912/2009/1910 2877/2010/2875 1908/2005/1906
f 1912/2009/1910 560/1855/560 1909/1858/1907 2877/2010/2875
f 2877/2010/2875 1909/1858/1907 470/1863/470 1694/2011/1692
f 1908/2005/1906 2877/2010/2875 1694/2011/1692 732/2006/732
f 458/1908/458 1707/1907/1705 2878/2012/2876 1663/2013/1661
f 1707/1907/1705 483/1906/483 1728/2014/1726 2878/2012/2876
f 2878/2012/2876 1728/2014/1726 465/2015/465 1689/2016/1687
f 1663/2013/1661 2878/2012/2876 1689/2016/1687 445/2017/445
f 609/1917/609 1708/1916/1706 2879/2018/2877 2019/2019/2017
f 1708/1916/1706 484/1915/484 1729/2020/1727 2879/2018/2877
f 2879/2018/2877 1729/2020/1727 466/2021/466 1690/2022/1688
f 2019/2019/2017 2879/2018/2877 1690/2022/1688 603/2023/603
f 484/1915/484 1709/1920/1707 2880/2024/2878 1729/2020/1727
f 1709/1920/1707 485/1846/485 1730/1849/1728 2880/2024/2878
f 2880/2024/2878 1730/1849/1728 467/1854/467 1691/2025/1689
f 1729/2020/1727 2880/2024/2878 1691/2025/1689 466/2021/466
f 486/2026/486 1741/2027/1739 2881/2028/2879 1660/2029/1658
f 1741/2027/1739 488/2030/488 1736/2031/1734 2881/2028/2879
f 2881/2028/2879 1736/2031/1734 462/2032/462 1686/2033/1684
f 1660/2029/1658 2881/2028/2879 1686/2033/1684 442/2034/442
f 610/2035/610 1740/2036/1738 2882/2037/2880 2018/2038/2016
f 1740/2036/1738 489/2039/489 1737/2040/1735 2882/2037/2880
f 2882/2037/2880 1737/2040/1735 463/2041/463 1687/2042/1685
f 2018/2038/2016 2882/2037/2880 1687/2042/1685 602/2043/602
f 489/2039/489 1739/2044/1737 2883/2045/2881 1737/2040/1735
f 1739/2044/1737 490/1837/490 1738/1840/1736 2883/2045/2881
f 2883/2045/2881 1738/1840/1736 464/1845/464 1688/2046/1686
f 1737/2040/1735 2883/2045/2881 1688/2046/1686 463/2041/463
f 651/2047/651 2113/2048/2111 2884/2049/2882 2099/2050/2097
f 2113/2048/2111 652/2051/652 2100/2052/2098 2884/2049/2882
f 2884/2049/2882 2100/2052/2098 490/1837/490 1739/2044/1737
f 2099/2050/2097 2884/2049/2882 1739/2044/1737 489/2039/489
f 657/2053/657 2112/2054/2110 2885/2055/2883 2017/2056/2015
f 2112/2054/2110 651/2047/651 2099/2050/2097 2885/2055/2883
f 2885/2055/2883 2099/2050/2097 489/2039/489 1740/2036/1738
f 2017/2056/2015 2885/2055/2883 1740/2036/1738 610/2035/610
f 653/2057/653 2111/2058/2109 2886/2059/2884 1734/2060/1732
f 2111/2058/2109 650/2061/650 2098/2062/2096 2886/2059/2884
f 2886/2059/2884 2098/2062/2096 488/2030/488 1741/2027/1739
f 1734/2060/1732 2886/2059/2884 1741/2027/1739 486/2026/486
f 652/2051/652 2110/2063/2108 2887/2064/2885 2100/2052/2098
f 2110/2063/2108 649/2065/649 2097/2066/2095 2887/2064/2885
f 2887/2064/2885 2097/2066/2095 487/1841/487 1742/1838/1740
f 2100/2052/2098 2887/2064/2885 1742/1838/1740 490/1837/490
f 466/2021/466 1691/2025/1689 2888/2067/2886 1726/2068/1724
f 1691/2025/1689 467/1854/467 1727/2069/1725 2888/2067/2886
f 2888/2067/2886 1727/2069/1725 495/2070/495 1748/2071/1746
f 1726/2068/1724 2888/2067/2886 1748/2071/1746 494/2072/494
f 603/2023/603 1690/2022/1688 2889/2073/2887 2016/2074/2014
f 1690/2022/1688 466/2021/466 1726/2068/1724 2889/2073/2887
f 2889/2073/2887 1726/2068/1724 494/2072/494 1749/2075/1747
f 2016/2074/2014 2889/2073/2887 1749/2075/1747 611/2076/611
f 445/2017/445 1689/2016/1687 2890/2077/2888 1743/2078/1741
f 1689/2016/1687 465/2015/465 1725/2079/1723 2890/2077/2888
f 2890/2077/2888 1725/2079/1723 493/2080/493 1750/2081/1748
f 1743/2078/1741 2890/2077/2888 1750/2081/1748 491/2082/491
f 467/1854/467 1675/1853/1673 2891/2083/2889 1727/2069/1725
f 1675/1853/1673 456/1852/456 1674/2084/1672 2891/2083/2889
f 2891/2083/2889 1674/2084/1672 492/2085/492 1751/2086/1749
f 1727/2069/1725 2891/2083/2889 1751/2086/1749 495/2070/495
f 598/2087/598 1990/2088/1988 2892/2089/2890 1911/2090/1909
f 1990/2088/1988 562/2091/562 1917/2092/1915 2892/2089/2890
f 2892/2089/2890 1917/2092/1915 59/2093/59 1100/2094/1100
f 1911/2090/1909 2892/2089/2890 1100/2094/1100 147/2095/147
f 587/2096/587 1989/2097/1987 2893/2098/2891 1776/2099/1774
f 1989/2097/1987 588/2100/588 1777/2101/1775 2893/2098/2891
f 2893/2098/2891 1777/2101/1775 75/2102/75 941/2103/941
f 1776/2099/1774 2893/2098/2891 941/2103/941 74/2104/74
f 576/2105/576 1988/2106/1986 2894/2107/2892 1767/2108/1765
f 1988/2106/1986 587/2096/587 1776/2099/1774 2894/2107/2892
f 2894/2107/2892 1776/2099/1774 74/2104/74 942/2109/942
f 1767/2108/1765 2894/2107/2892 942/2109/942 63/2110/63
f 709/2111/709 2225/2112/2223 2895/2113/2893 2233/2114/2231
f 2225/2112/2223 699/2115/699 2208/2116/2206 2895/2113/2893
f 2895/2113/2893 2208/2116/2206 320/2117/320 946/2118/946
f 2233/2114/2231 2895/2113/2893 946/2118/946 334/2119/334
f 592/2120/592 1986/2121/1984 2896/2122/2894 1802/2123/1800
f 1986/2121/1984 567/2124/567 1921/2125/1919 2896/2122/2894
f 2896/2122/2894 1921/2125/1919 69/2126/69 982/2127/982
f 1802/2123/1800 2896/2122/2894 982/2127/982 88/2128/88
f 333/2129/333 1448/2130/1446 2897/2131/2895 2232/2132/2230
f 1448/2130/1446 327/2133/327 2211/2134/2209 2897/2131/2895
f 2897/2131/2895 2211/2134/2209 702/2135/702 2221/2136/2219
f 2232/2132/2230 2897/2131/2895 2221/2136/2219 705/2137/705
f 705/2137/705 2221/2136/2219 2898/2138/2896 2231/2139/2229
f 2221/2136/2219 702/2135/702 2214/2140/2212 2898/2138/2896
f 2898/2138/2896 2214/2140/2212 703/2141/703 2223/2142/2221
f 2231/2139/2229 2898/2138/2896 2223/2142/2221 707/2143/707
f 570/2144/570 1983/2145/1981 2899/2146/2897 1761/2147/1759
f 1983/2145/1981 563/2148/563 1918/2149/1916 2899/2146/2897
f 2899/2146/2897 1918/2149/1916 61/2150/61 945/2151/945
f 1761/2147/1759 2899/2146/2897 945/2151/945 56/2152/56
f 708/2153/708 2015/2154/2013 2900/2155/2898 2230/2156/2228
f 2015/2154/2013 701/2157/701 2217/2158/2215 2900/2155/2898
f 2900/2155/2898 2217/2158/2215 704/2159/704 1775/2160/1773
f 2230/2156/2228 2900/2155/2898 1775/2160/1773 706/2161/706
f 575/2162/575 1981/2163/1979 2901/2164/2899 1766/2165/1764
f 1981/2163/1979 584/2166/584 1773/2167/1771 2901/2164/2899
f 2901/2164/2899 1773/2167/1771 73/2168/73 947/2169/947
f 1766/2165/1764 2901/2164/2899 947/2169/947 62/2170/62
f 661/2171/661 2086/2172/2084 2902/2173/2900 2092/2174/2090
f 2086/2172/2084 561/2175/561 1916/2176/1914 2902/2173/2900
f 2902/2173/2900 1916/2176/1914 57/2177/57 1284/2178/1282
f 2092/2174/2090 2902/2173/2900 1284/2178/1282 243/2179/243
f 582/2180/582 1979/2181/1977 2903/2182/2901 1771/2183/1769
f 1979/2181/1977 622/2184/622 1995/2185/1993 2903/2182/2901
f 2903/2182/2901 1995/2185/1993 213/2186/213 948/2187/948
f 1771/2183/1769 2903/2182/2901 948/2187/948 71/2188/71
f 619/2189/619 1978/2190/1976 2904/2191/2902 1922/2192/1920
f 1978/2190/1976 565/2193/565 1919/2194/1917 2904/2191/2902
f 2904/2191/2902 1919/2194/1917 64/2195/64 949/2196/949
f 1922/2192/1920 2904/2191/2902 949/2196/949 210/2197/210
f 497/2198/497 2153/2199/2151 2905/2200/2903 2165/2201/2163
f 2153/2199/2151 671/2202/671 2146/2203/2144 2905/2200/2903
f 2905/2200/2903 2146/2203/2144 670/2204/670 2154/2205/2152
f 2165/2201/2163 2905/2200/2903 2154/2205/2152 496/2206/496
f 580/2207/580 1976/2208/1974 2906/2209/2904 1770/2210/1768
f 1976/2208/1974 582/2180/582 1771/2183/1769 2906/2209/2904
f 2906/2209/2904 1771/2183/1769 71/2188/71 951/2211/951
f 1770/2210/1768 2906/2209/2904 951/2211/951 68/2212/68
f 567/2124/567 1974/2213/1972 2907/2214/2905 1921/2125/1919
f 1974/2213/1972 580/2207/580 1770/2210/1768 2907/2214/2905
f 2907/2214/2905 1770/2210/1768 68/2212/68 953/2215/953
f 1921/2125/1919 2907/2214/2905 953/2215/953 69/2126/69
f 496/2206/496 2154/2205/2152 2908/2216/2906 2164/2217/2162
f 2154/2205/2152 670/2204/670 2145/2218/2143 2908/2216/2906
f 2908/2216/2906 2145/2218/2143 669/2219/669 2155/2220/2153
f 2164/2217/2162 2908/2216/2906 2155/2220/2153 675/2221/675
f 566/2222/566 1971/2223/1969 2909/2224/2907 1920/2225/1918
f 1971/2223/1969 577/2226/577 1768/2227/1766 2909/2224/2907
f 2909/2224/2907 1768/2227/1766 65/2228/65 956/2229/956
f 1920/2225/1918 2909/2224/2907 956/2229/956 66/2230/66
f 594/2231/594 1970/2232/1968 2910/2233/2908 1809/2234/1807
f 1970/2232/1968 576/2105/576 1767/2108/1765 2910/2233/2908
f 2910/2233/2908 1767/2108/1765 63/2110/63 995/2235/995
f 1809/2234/1807 2910/2233/2908 995/2235/995 95/2236/95
f 318/2237/318 1423/2238/1421 2911/2239/2909 2207/2240/2205
f 1423/2238/1421 311/2241/311 2197/2242/2195 2911/2239/2909
f 2911/2239/2909 2197/2242/2195 694/2243/694 2199/2244/2197
f 2207/2240/2205 2911/2239/2909 2199/2244/2197 695/2245/695
f 655/2246/655 2102/2247/2100 2912/2248/2910 2108/2249/2106
f 2102/2247/2100 575/2162/575 1766/2165/1764 2912/2248/2910
f 2912/2248/2910 1766/2165/1764 62/2170/62 1303/2250/1301
f 2108/2249/2106 2912/2248/2910 1303/2250/1301 254/2251/254
f 563/2148/563 1967/2252/1965 2913/2253/2911 1918/2149/1916
f 1967/2252/1965 574/2254/574 1765/2255/1763 2913/2253/2911
f 2913/2253/2911 1765/2255/1763 60/2256/60 959/2257/959
f 1918/2149/1916 2913/2253/2911 959/2257/959 61/2150/61
f 697/2258/697 1780/2259/1778 2914/2260/2912 2206/2261/2204
f 1780/2259/1778 693/2262/693 2196/2263/2194 2914/2260/2912
f 2914/2260/2912 2196/2263/2194 692/2264/692 2198/2265/2196
f 2206/2261/2204 2914/2260/2912 2198/2265/2196 698/2266/698
f 695/2245/695 2199/2244/2197 2915/2267/2913 2205/2268/2203
f 2199/2244/2197 694/2243/694 2195/2269/2193 2915/2267/2913
f 2915/2267/2913 2195/2269/2193 693/2262/693 1780/2259/1778
f 2205/2268/2203 2915/2267/2913 1780/2259/1778 697/2258/697
f 782/2270/782 2354/2271/2352 2916/2272/2914 2367/2273/2365
f 2354/2271/2352 571/2274/571 1762/2275/1760 2916/2272/2914
f 2916/2272/2914 1762/2275/1760 58/2276/58 1583/2277/1581
f 2367/2273/2365 2916/2272/2914 1583/2277/1581 406/2278/406
f 597/2279/597 1963/2280/1961 2917/2281/2915 1910/2282/1908
f 1963/2280/1961 570/2144/570 1761/2147/1759 2917/2281/2915
f 2917/2281/2915 1761/2147/1759 56/2152/56 1101/2283/1101
f 1910/2282/1908 2917/2281/2915 1101/2283/1101 148/2284/148
f 591/2285/591 1962/2286/1960 2918/2287/2916 1801/2288/1799
f 1962/2286/1960 589/2289/589 1786/2290/1784 2918/2287/2916
f 2918/2287/2916 1786/2290/1784 81/2291/81 980/2292/980
f 1801/2288/1799 2918/2287/2916 980/2292/980 86/2293/86
f 596/2294/596 1961/2295/1959 2919/2296/2917 1824/2297/1822
f 1961/2295/1959 590/2298/590 1787/2299/1785 2919/2296/2917
f 2919/2296/2917 1787/2299/1785 80/2300/80 1008/2301/1008
f 1824/2297/1822 2919/2296/2917 1008/2301/1008 101/2302/101
f 502/2303/502 2266/2304/2264 2920/2305/2918 1849/2306/1847
f 2266/2304/2264 725/2307/725 2258/2308/2256 2920/2305/2918
f 2920/2305/2918 2258/2308/2256 721/2309/721 2265/2310/2263
f 1849/2306/1847 2920/2305/2918 2265/2310/2263 532/2311/532
f 617/2312/617 1799/2313/1797 2921/2314/2919 1793/2315/1791
f 1799/2313/1797 620/2316/620 2026/2317/2024 2921/2314/2919
f 2921/2314/2919 2026/2317/2024 612/2318/612 1789/2319/1787
f 1793/2315/1791 2921/2314/2919 1789/2319/1787 500/2320/500
f 506/2321/506 1798/2322/1796 2922/2323/2920 1782/2324/1780
f 1798/2322/1796 617/2312/617 1793/2315/1791 2922/2323/2920
f 2922/2323/2920 1793/2315/1791 500/2320/500 1790/2325/1788
f 1782/2324/1780 2922/2323/2920 1790/2325/1788 499/2326/499
f 533/2327/533 1817/2328/1815 2923/2329/2921 1852/2330/1850
f 1817/2328/1815 722/2331/722 2261/2332/2259 2923/2329/2921
f 2923/2329/2921 2261/2332/2259 728/2333/728 2264/2334/2262
f 1852/2330/1850 2923/2329/2921 2264/2334/2262 508/2335/508
f 459/2336/459 1684/2337/1682 2924/2338/2922 1712/2339/1710
f 1684/2337/1682 443/2340/443 1662/2341/1660 2924/2338/2922
f 2924/2338/2922 1662/2341/1660 520/2342/520 1797/2343/1795
f 1712/2339/1710 2924/2338/2922 1797/2343/1795 522/2344/522
f 441/2345/441 1659/2346/1657 2925/2347/2923 1796/2348/1794
f 1659/2346/1657 618/2349/618 1710/2350/1708 2925/2347/2923
f 2925/2347/2923 1710/2350/1708 617/2312/617 1798/2322/1796
f 1796/2348/1794 2925/2347/2923 1798/2322/1796 506/2321/506
f 460/2351/460 1685/2352/1683 2926/2353/2924 1711/2354/1709
f 1685/2352/1683 459/2336/459 1712/2339/1710 2926/2353/2924
f 2926/2353/2924 1712/2339/1710 522/2344/522 1800/2355/1798
f 1711/2354/1709 2926/2353/2924 1800/2355/1798 521/2356/521
f 565/2193/565 1960/2357/1958 2927/2358/2925 1919/2194/1917
f 1960/2357/1958 591/2285/591 1801/2288/1799 2927/2358/2925
f 2927/2358/2925 1801/2288/1799 86/2293/86 957/2359/957
f 1919/2194/1917 2927/2358/2925 957/2359/957 64/2195/64
f 590/2298/590 1959/2360/1957 2928/2361/2926 1787/2299/1785
f 1959/2360/1957 592/2120/592 1802/2123/1800 2928/2361/2926
f 2928/2361/2926 1802/2123/1800 88/2128/88 968/2362/968
f 1787/2299/1785 2928/2361/2926 968/2362/968 80/2300/80
f 574/2254/574 1958/2363/1956 2929/2364/2927 1765/2255/1763
f 1958/2363/1956 593/2365/593 1808/2366/1806 2929/2364/2927
f 2929/2364/2927 1808/2366/1806 90/2367/90 943/2368/943
f 1765/2255/1763 2929/2364/2927 943/2368/943 60/2256/60
f 595/2369/595 1957/2370/1955 2930/2371/2928 1823/2372/1821
f 1957/2370/1955 594/2231/594 1809/2234/1807 2930/2371/2928
f 2930/2371/2928 1809/2234/1807 95/2236/95 1006/2373/1006
f 1823/2372/1821 2930/2371/2928 1006/2373/1006 99/2374/99
f 526/2375/526 1785/2376/1783 2931/2377/2929 1845/2378/1843
f 1785/2376/1783 723/2379/723 2254/2380/2252 2931/2377/2929
f 2931/2377/2929 2254/2380/2252 720/2381/720 1788/2382/1786
f 1845/2378/1843 2931/2377/2929 1788/2382/1786 527/2383/527
f 614/2384/614 2008/2385/2006 2932/2386/2930 2014/2387/2012
f 2008/2385/2006 518/2388/518 1816/2389/1814 2932/2386/2930
f 2932/2386/2930 1816/2389/1814 524/1913/524 2007/1910/2005
f 2014/2387/2012 2932/2386/2930 2007/1910/2005 613/1909/613
f 515/2390/515 1820/2391/1818 2933/2392/2931 1803/2393/1801
f 1820/2391/1818 513/2394/513 1815/2395/1813 2933/2392/2931
f 2933/2392/2931 1815/2395/1813 509/1904/509 1812/1901/1810
f 1803/2393/1801 2933/2392/2931 1812/1901/1810 507/1900/507
f 504/2396/504 1791/2397/1789 2934/2398/2932 1848/2399/1846
f 1791/2397/1789 726/2400/726 2257/2401/2255 2934/2398/2932
f 2934/2398/2932 2257/2401/2255 719/2402/719 1795/2403/1793
f 1848/2399/1846 2934/2398/2932 1795/2403/1793 529/2404/529
f 510/2405/510 1822/2406/1820 2935/2407/2933 1851/2408/1849
f 1822/2406/1820 727/2409/727 2260/2410/2258 2935/2407/2933
f 2935/2407/2933 2260/2410/2258 722/2331/722 1817/2328/1815
f 1851/2408/1849 2935/2407/2933 1817/2328/1815 533/2327/533
f 499/2326/499 1790/2325/1788 2936/2411/2934 1818/2412/1816
f 1790/2325/1788 500/2320/500 1783/2413/1781 2936/2411/2934
f 2936/2411/2934 1783/2413/1781 513/2394/513 1820/2391/1818
f 1818/2412/1816 2936/2411/2934 1820/2391/1818 515/2390/515
f 612/2318/612 2006/2414/2004 2937/2415/2935 2013/2416/2011
f 2006/2414/2004 519/2417/519 1784/2418/1782 2937/2415/2935
f 2937/2415/2935 1784/2418/1782 518/2388/518 2008/2385/2006
f 2013/2416/2011 2937/2415/2935 2008/2385/2006 614/2384/614
f 528/2419/528 1819/2420/1817 2938/2421/2936 1854/2422/1852
f 1819/2420/1817 724/2423/724 2263/2424/2261 2938/2421/2936
f 2938/2421/2936 2263/2424/2261 727/2409/727 1822/2406/1820
f 1854/2422/1852 2938/2421/2936 1822/2406/1820 510/2405/510
f 589/2289/589 1956/2425/1954 2939/2426/2937 1786/2290/1784
f 1956/2425/1954 595/2369/595 1823/2372/1821 2939/2426/2937
f 2939/2426/2937 1823/2372/1821 99/2374/99 969/2427/969
f 1786/2290/1784 2939/2426/2937 969/2427/969 81/2291/81
f 593/2365/593 1955/2428/1953 2940/2429/2938 1808/2366/1806
f 1955/2428/1953 596/2294/596 1824/2297/1822 2940/2429/2938
f 2940/2429/2938 1824/2297/1822 101/2302/101 990/2430/990
f 1808/2366/1806 2940/2429/2938 990/2430/990 90/2367/90
f 546/2431/546 1904/2432/1902 2941/2433/2939 1885/2434/1883
f 1904/2432/1902 547/2435/547 1836/2436/1834 2941/2433/2939
f 2941/2433/2939 1836/2436/1834 517/2437/517 1781/2438/1779
f 1885/2434/1883 2941/2433/2939 1781/2438/1779 516/2439/516
f 548/2440/548 1903/2441/1901 2942/2442/2940 1887/2443/1885
f 1903/2441/1901 549/2444/549 1838/2445/1836 2942/2442/2940
f 2942/2442/2940 1838/2445/1836 518/2388/518 1784/2418/1782
f 1887/2443/1885 2942/2442/2940 1784/2418/1782 519/2417/519
f 547/2435/547 1902/2446/1900 2943/2447/2941 1836/2436/1834
f 1902/2446/1900 550/2448/550 1839/2449/1837 2943/2447/2941
f 2943/2447/2941 1839/2449/1837 520/2342/520 1792/2450/1790
f 1836/2436/1834 2943/2447/2941 1792/2450/1790 517/2437/517
f 551/2451/551 1901/2452/1899 2944/2453/2942 1890/2454/1888
f 1901/2452/1899 548/2440/548 1887/2443/1885 2944/2453/2942
f 2944/2453/2942 1887/2443/1885 519/2417/519 1794/2455/1792
f 1890/2454/1888 2944/2453/2942 1794/2455/1792 521/2356/521
f 550/2448/550 1900/2456/1898 2945/2457/2943 1839/2449/1837
f 1900/2456/1898 552/2458/552 1841/2459/1839 2945/2457/2943
f 2945/2457/2943 1841/2459/1839 522/2344/522 1797/2343/1795
f 1839/2449/1837 2945/2457/2943 1797/2343/1795 520/2342/520
f 552/2458/552 1899/2460/1897 2946/2461/2944 1841/2459/1839
f 1899/2460/1897 551/2451/551 1890/2454/1888 2946/2461/2944
f 2946/2461/2944 1890/2454/1888 521/2356/521 1800/2355/1798
f 1841/2459/1839 2946/2461/2944 1800/2355/1798 522/2344/522
f 553/2462/553 1898/2463/1896 2947/2464/2945 1892/2465/1890
f 1898/2463/1896 554/2466/554 1843/2467/1841 2947/2464/2945
f 2947/2464/2945 1843/2467/1841 523/1894/523 1810/1918/1808
f 1892/2465/1890 2947/2464/2945 1810/1918/1808 524/1913/524
f 554/2466/554 1897/2468/1895 2948/2469/2946 1843/2467/1841
f 1897/2468/1895 555/2470/555 1844/2471/1842 2948/2469/2946
f 2948/2469/2946 1844/2471/1842 525/1898/525 1813/1895/1811
f 1843/2467/1841 2948/2469/2946 1813/1895/1811 523/1894/523
f 555/2470/555 1896/2472/1894 2949/2473/2947 1844/2471/1842
f 1896/2472/1894 546/2431/546 1885/2434/1883 2949/2473/2947
f 2949/2473/2947 1885/2434/1883 516/2439/516 1814/2474/1812
f 1844/2471/1842 2949/2473/2947 1814/2474/1812 525/1898/525
f 549/2444/549 1895/2475/1893 2950/2476/2948 1838/2445/1836
f 1895/2475/1893 553/2462/553 1892/2465/1890 2950/2476/2948
f 2950/2476/2948 1892/2465/1890 524/1913/524 1816/2389/1814
f 1838/2445/1836 2950/2476/2948 1816/2389/1814 518/2388/518
f 536/2477/536 1884/2478/1882 2951/2479/2949 1865/2480/1863
f 1884/2478/1882 537/2481/537 1856/2482/1854 2951/2479/2949
f 2951/2479/2949 1856/2482/1854 498/2483/498 1825/2484/1823
f 1865/2480/1863 2951/2479/2949 1825/2484/1823 512/2485/512
f 538/2486/538 1883/2487/1881 2952/2488/2950 1867/2489/1865
f 1883/2487/1881 539/2490/539 1858/2491/1856 2952/2488/2950
f 2952/2488/2950 1858/2491/1856 514/2492/514 1826/2493/1824
f 1867/2489/1865 2952/2488/2950 1826/2493/1824 501/2494/501
f 537/2481/537 1882/2495/1880 2953/2496/2951 1856/2482/1854
f 1882/2495/1880 540/2497/540 1859/2498/1857 2953/2496/2951
f 2953/2496/2951 1859/2498/1857 530/2499/530 1827/2500/1825
f 1856/2482/1854 2953/2496/2951 1827/2500/1825 498/2483/498
f 541/2501/541 1881/2502/1879 2954/2503/2952 1870/2504/1868
f 1881/2502/1879 538/2486/538 1867/2489/1865 2954/2503/2952
f 2954/2503/2952 1867/2489/1865 501/2494/501 1828/2505/1826
f 1870/2504/1868 2954/2503/2952 1828/2505/1826 531/2506/531
f 540/2497/540 1880/2507/1878 2955/2508/2953 1859/2498/1857
f 1880/2507/1878 542/2509/542 1861/2510/1859 2955/2508/2953
f 2955/2508/2953 1861/2510/1859 505/2511/505 1829/2512/1827
f 1859/2498/1857 2955/2508/2953 1829/2512/1827 530/2499/530
f 542/2509/542 1879/2513/1877 2956/2514/2954 1861/2510/1859
f 1879/2513/1877 541/2501/541 1870/2504/1868 2956/2514/2954
f 2956/2514/2954 1870/2504/1868 531/2506/531 1830/2515/1828
f 1861/2510/1859 2956/2514/2954 1830/2515/1828 505/2511/505
f 543/2516/543 1878/2517/1876 2957/2518/2955 1872/2519/1870
f 1878/2517/1876 544/2520/544 1863/2521/1861 2957/2518/2955
f 2957/2518/2955 1863/2521/1861 511/2522/511 1831/2523/1829
f 1872/2519/1870 2957/2518/2955 1831/2523/1829 534/2524/534
f 544/2520/544 1877/2525/1875 2958/2526/2956 1863/2521/1861
f 1877/2525/1875 545/2527/545 1864/2528/1862 2958/2526/2956
f 2958/2526/2956 1864/2528/1862 535/2529/535 1832/2530/1830
f 1863/2521/1861 2958/2526/2956 1832/2530/1830 511/2522/511
f 545/2527/545 1876/2531/1874 2959/2532/2957 1864/2528/1862
f 1876/2531/1874 536/2477/536 1865/2480/1863 2959/2532/2957
f 2959/2532/2957 1865/2480/1863 512/2485/512 1833/2533/1831
f 1864/2528/1862 2959/2532/2957 1833/2533/1831 535/2529/535
f 539/2490/539 1875/2534/1873 2960/2535/2958 1858/2491/1856
f 1875/2534/1873 543/2516/543 1872/2519/1870 2960/2535/2958
f 2960/2535/2958 1872/2519/1870 534/2524/534 1834/2536/1832
f 1858/2491/1856 2960/2535/2958 1834/2536/1832 514/2492/514
f 528/2419/528 1854/2422/1852 2961/2537/2959 1868/2538/1866
f 1854/2422/1852 510/2405/510 1862/2539/1860 2961/2537/2959
f 2961/2537/2959 1862/2539/1860 543/2540/543 1875/2541/1873
f 1868/2538/1866 2961/2537/2959 1875/2541/1873 539/2542/539
f 508/2335/508 1853/2543/1851 2962/2544/2960 1874/2545/1872
f 1853/2543/1851 526/2375/526 1855/2546/1853 2962/2544/2960
f 2962/2544/2960 1855/2546/1853 536/2547/536 1876/2548/1874
f 1874/2545/1872 2962/2544/2960 1876/2548/1874 545/2549/545
f 533/2327/533 1852/2330/1850 2963/2550/2961 1873/2551/1871
f 1852/2330/1850 508/2335/508 1874/2545/1872 2963/2550/2961
f 2963/2550/2961 1874/2545/1872 545/2549/545 1877/2552/1875
f 1873/2551/1871 2963/2550/2961 1877/2552/1875 544/2553/544
f 510/2405/510 1851/2408/1849 2964/2554/2962 1862/2539/1860
f 1851/2408/1849 533/2327/533 1873/2551/1871 2964/2554/2962
f 2964/2554/2962 1873/2551/1871 544/2553/544 1878/2555/1876
f 1862/2539/1860 2964/2554/2962 1878/2555/1876 543/2540/543
f 532/2311/532 1850/2556/1848 2965/2557/2963 1871/2558/1869
f 1850/2556/1848 504/2396/504 1860/2559/1858 2965/2557/2963
f 2965/2557/2963 1860/2559/1858 541/2560/541 1879/2561/1877
f 1871/2558/1869 2965/2557/2963 1879/2561/1877 542/2562/542
f 502/2303/502 1849/2306/1847 2966/2563/2964 1869/2564/1867
f 1849/2306/1847 532/2311/532 1871/2558/1869 2966/2563/2964
f 2966/2563/2964 1871/2558/1869 542/2562/542 1880/2565/1878
f 1869/2564/1867 2966/2563/2964 1880/2565/1878 540/2566/540
f 504/2396/504 1848/2399/1846 2967/2567/2965 1860/2559/1858
f 1848/2399/1846 529/2404/529 1857/2568/1855 2967/2567/2965
f 2967/2567/2965 1857/2568/1855 538/2569/538 1881/2570/1879
f 1860/2559/1858 2967/2567/2965 1881/2570/1879 541/2560/541
f 527/2383/527 1847/2571/1845 2968/2572/2966 1866/2573/1864
f 1847/2571/1845 502/2303/502 1869/2564/1867 2968/2572/2966
f 2968/2572/2966 1869/2564/1867 540/2566/540 1882/2574/1880
f 1866/2573/1864 2968/2572/2966 1882/2574/1880 537/2575/537
f 529/2404/529 1846/2576/1844 2969/2577/2967 1857/2568/1855
f 1846/2576/1844 528/2419/528 1868/2538/1866 2969/2577/2967
f 2969/2577/2967 1868/2538/1866 539/2542/539 1883/2578/1881
f 1857/2568/1855 2969/2577/2967 1883/2578/1881 538/2569/538
f 526/2375/526 1845/2378/1843 2970/2579/2968 1855/2546/1853
f 1845/2378/1843 527/2383/527 1866/2573/1864 2970/2579/2968
f 2970/2579/2968 1866/2573/1864 537/2575/537 1884/2580/1882
f 1855/2546/1853 2970/2579/2968 1884/2580/1882 536/2547/536
f 514/2492/514 1834/2536/1832 2971/2581/2969 1888/2582/1886
f 1834/2536/1832 534/2524/534 1842/2583/1840 2971/2581/2969
f 2971/2581/2969 1842/2583/1840 553/2462/553 1895/2475/1893
f 1888/2582/1886 2971/2581/2969 1895/2475/1893 549/2444/549
f 535/2529/535 1833/2533/1831 2972/2584/2970 1894/2585/1892
f 1833/2533/1831 512/2485/512 1835/2586/1833 2972/2584/2970
f 2972/2584/2970 1835/2586/1833 546/2431/546 1896/2472/1894
f 1894/2585/1892 2972/2584/2970 1896/2472/1894 555/2470/555
f 511/2522/511 1832/2530/1830 2973/2587/2971 1893/2588/1891
f 1832/2530/1830 535/2529/535 1894/2585/1892 2973/2587/2971
f 2973/2587/2971 1894/2585/1892 555/2470/555 1897/2468/1895
f 1893/2588/1891 2973/2587/2971 1897/2468/1895 554/2466/554
f 534/2524/534 1831/2523/1829 2974/2589/2972 1842/2583/1840
f 1831/2523/1829 511/2522/511 1893/2588/1891 2974/2589/2972
f 2974/2589/2972 1893/2588/1891 554/2466/554 1898/2463/1896
f 1842/2583/1840 2974/2589/2972 1898/2463/1896 553/2462/553
f 505/2511/505 1830/2515/1828 2975/2590/2973 1891/2591/1889
f 1830/2515/1828 531/2506/531 1840/2592/1838 2975/2590/2973
f 2975/2590/2973 1840/2592/1838 551/2451/551 1899/2460/1897
f 1891/2591/1889 2975/2590/2973 1899/2460/1897 552/2458/552
f 530/2499/530 1829/2512/1827 2976/2593/2974 1889/2594/1887
f 1829/2512/1827 505/2511/505 1891/2591/1889 2976/2593/2974
f 2976/2593/2974 1891/2591/1889 552/2458/552 1900/2456/1898
f 1889/2594/1887 2976/2593/2974 1900/2456/1898 550/2448/550
f 531/2506/531 1828/2505/1826 2977/2595/2975 1840/2592/1838
f 1828/2505/1826 501/2494/501 1837/2596/1835 2977/2595/2975
f 2977/2595/2975 1837/2596/1835 548/2440/548 1901/2452/1899
f 1840/2592/1838 2977/2595/2975 1901/2452/1899 551/2451/551
f 498/2483/498 1827/2500/1825 2978/2597/2976 1886/2598/1884
f 1827/2500/1825 530/2499/530 1889/2594/1887 2978/2597/2976
f 2978/2597/2976 1889/2594/1887 550/2448/550 1902/2446/1900
f 1886/2598/1884 2978/2597/2976 1902/2446/1900 547/2435/547
f 501/2494/501 1826/2493/1824 2979/2599/2977 1837/2596/1835
f 1826/2493/1824 514/2492/514 1888/2582/1886 2979/2599/2977
f 2979/2599/2977 1888/2582/1886 549/2444/549 1903/2441/1901
f 1837/2596/1835 2979/2599/2977 1903/2441/1901 548/2440/548
f 512/2485/512 1825/2484/1823 2980/2600/2978 1835/2586/1833
f 1825/2484/1823 498/2483/498 1886/2598/1884 2980/2600/2978
f 2980/2600/2978 1886/2598/1884 547/2435/547 1904/2432/1902
f 1835/2586/1833 2980/2600/2978 1904/2432/1902 546/2431/546
f 561/2175/561 1954/2601/1952 2981/2602/2979 1916/2176/1914
f 1954/2601/1952 597/2279/597 1910/2282/1908 2981/2602/2979
f 2981/2602/2979 1910/2282/1908 148/2284/148 962/2603/962
f 1916/2176/1914 2981/2602/2979 962/2603/962 57/2177/57
f 588/2100/588 1953/2604/1951 2982/2605/2980 1777/2101/1775
f 1953/2604/1951 598/2087/598 1911/2090/1909 2982/2605/2980
f 2982/2605/2980 1911/2090/1909 147/2095/147 940/2606/940
f 1777/2101/1775 2982/2605/2980 940/2606/940 75/2102/75
f 494/2072/494 1748/2071/1746 2983/2607/2981 1746/2608/1744
f 1748/2071/1746 495/2070/495 1747/2609/1745 2983/2607/2981
f 2983/2607/2981 1747/2609/1745 560/1855/560 1912/2009/1910
f 1746/2608/1744 2983/2607/2981 1912/2009/1910 559/2004/559
f 611/2076/611 1749/2075/1747 2984/2610/2982 2012/2611/2010
f 1749/2075/1747 494/2072/494 1746/2608/1744 2984/2610/2982
f 2984/2610/2982 1746/2608/1744 559/2004/559 2009/2001/2007
f 2012/2611/2010 2984/2610/2982 2009/2001/2007 615/2000/615
f 491/2082/491 1750/2081/1748 2985/2612/2983 1905/2613/1903
f 1750/2081/1748 493/2080/493 1745/2614/1743 2985/2612/2983
f 2985/2612/2983 1745/2614/1743 558/1995/558 1914/1992/1912
f 1905/2613/1903 2985/2612/2983 1914/1992/1912 556/1991/556
f 495/2070/495 1751/2086/1749 2986/2615/2984 1747/2609/1745
f 1751/2086/1749 492/2085/492 1744/2616/1742 2986/2615/2984
f 2986/2615/2984 1744/2616/1742 557/1859/557 1915/1856/1913
f 1747/2609/1745 2986/2615/2984 1915/1856/1913 560/1855/560
f 491/2082/491 1905/2613/1903 2987/2617/2985 1942/2618/1940
f 1905/2613/1903 556/1991/556 1952/2619/1950 2987/2617/2985
f 2987/2617/2985 1952/2619/1950 598/2087/598 1953/2604/1951
f 1942/2618/1940 2987/2617/2985 1953/2604/1951 588/2100/588
f 455/1861/455 1906/1860/1904 2988/2620/2986 1752/2621/1750
f 1906/1860/1904 557/1859/557 1951/2622/1949 2988/2620/2986
f 2988/2620/2986 1951/2622/1949 597/2279/597 1954/2601/1952
f 1752/2621/1750 2988/2620/2986 1954/2601/1952 561/2175/561
f 525/1898/525 1814/2474/1812 2989/2623/2987 1947/2624/1945
f 1814/2474/1812 516/2439/516 1950/2625/1948 2989/2623/2987
f 2989/2623/2987 1950/2625/1948 596/2294/596 1955/2428/1953
f 1947/2624/1945 2989/2623/2987 1955/2428/1953 593/2365/593
f 499/2326/499 1818/2412/1816 2990/2626/2988 1943/2627/1941
f 1818/2412/1816 515/2390/515 1949/2628/1947 2990/2626/2988
f 2990/2626/2988 1949/2628/1947 595/2369/595 1956/2425/1954
f 1943/2627/1941 2990/2626/2988 1956/2425/1954 589/2289/589
f 515/2390/515 1803/2393/1801 2991/2629/2989 1949/2628/1947
f 1803/2393/1801 507/1900/507 1948/2630/1946 2991/2629/2989
f 2991/2629/2989 1948/2630/1946 594/2231/594 1957/2370/1955
f 1949/2628/1947 2991/2629/2989 1957/2370/1955 595/2369/595
f 457/1850/457 1804/1899/1802 2992/2631/2990 1928/2632/1926
f 1804/1899/1802 525/1898/525 1947/2624/1945 2992/2631/2990
f 2992/2631/2990 1947/2624/1945 593/2365/593 1958/2363/1956
f 1928/2632/1926 2992/2631/2990 1958/2363/1956 574/2254/574
f 517/2437/517 1792/2450/1790 2993/2633/2991 1944/2634/1942
f 1792/2450/1790 520/2342/520 1946/2635/1944 2993/2633/2991
f 2993/2633/2991 1946/2635/1944 592/2120/592 1959/2360/1957
f 1944/2634/1942 2993/2633/2991 1959/2360/1957 590/2298/590
f 441/2345/441 1796/2348/1794 2994/2636/2992 1756/2637/1754
f 1796/2348/1794 506/2321/506 1945/2638/1943 2994/2636/2992
f 2994/2636/2992 1945/2638/1943 591/2285/591 1960/2357/1958
f 1756/2637/1754 2994/2636/2992 1960/2357/1958 565/2193/565
f 516/2439/516 1781/2438/1779 2995/2639/2993 1950/2625/1948
f 1781/2438/1779 517/2437/517 1944/2634/1942 2995/2639/2993
f 2995/2639/2993 1944/2634/1942 590/2298/590 1961/2295/1959
f 1950/2625/1948 2995/2639/2993 1961/2295/1959 596/2294/596
f 506/2321/506 1782/2324/1780 2996/2640/2994 1945/2638/1943
f 1782/2324/1780 499/2326/499 1943/2627/1941 2996/2640/2994
f 2996/2640/2994 1943/2627/1941 589/2289/589 1962/2286/1960
f 1945/2638/1943 2996/2640/2994 1962/2286/1960 591/2285/591
f 557/1859/557 1744/2616/1742 2997/2641/2995 1951/2622/1949
f 1744/2616/1742 492/2085/492 1924/2642/1922 2997/2641/2995
f 2997/2641/2995 1924/2642/1922 570/2144/570 1963/2280/1961
f 1951/2622/1949 2997/2641/2995 1963/2280/1961 597/2279/597
f 769/1970/769 1665/1973/1663 2998/2643/2996 2366/2644/2364
f 1665/1973/1663 447/1978/447 1925/2645/1923 2998/2643/2996
f 2998/2643/2996 1925/2645/1923 571/2274/571 2354/2271/2352
f 2366/2644/2364 2998/2643/2996 2354/2271/2352 782/2270/782
f 679/1956/679 1666/1959/1664 2999/2646/2997 2185/2647/2183
f 1666/1959/1664 448/1942/448 1926/2648/1924 2999/2646/2997
f 2999/2646/2997 1926/2648/1924 572/1351/572 2171/2649/2169
f 2185/2647/2183 2999/2646/2997 2171/2649/2169 684/2650/684
f 448/1942/448 1667/1945/1665 3000/2651/2998 1926/2648/1924
f 1667/1945/1665 449/1921/449 1927/2652/1925 3000/2651/2998
f 3000/2651/2998 1927/2652/1925 573/2653/573 1966/2654/1964
f 1926/2648/1924 3000/2651/2998 1966/2654/1964 572/1351/572
f 456/1852/456 1681/1851/1679 3001/2655/2999 1754/2656/1752
f 1681/1851/1679 457/1850/457 1928/2632/1926 3001/2655/2999
f 3001/2655/2999 1928/2632/1926 574/2254/574 1967/2252/1965
f 1754/2656/1752 3001/2655/2999 1967/2252/1965 563/2148/563
f 653/2057/653 1734/2060/1732 3002/2657/3000 2107/2658/2105
f 1734/2060/1732 486/2026/486 1929/2659/1927 3002/2657/3000
f 3002/2657/3000 1929/2659/1927 575/2162/575 2102/2247/2100
f 2107/2658/2105 3002/2657/3000 2102/2247/2100 655/2246/655
f 449/1921/449 1668/1924/1666 3003/2660/3001 1927/2652/1925
f 1668/1924/1666 450/1929/450 1755/2661/1753 3003/2660/3001
f 3003/2660/3001 1755/2661/1753 564/2662/564 1969/2663/1967
f 1927/2652/1925 3003/2660/3001 1969/2663/1967 573/2653/573
f 507/1900/507 1682/1903/1680 3004/2664/3002 1948/2630/1946
f 1682/1903/1680 458/1908/458 1930/2665/1928 3004/2664/3002
f 3004/2664/3002 1930/2665/1928 576/2105/576 1970/2232/1968
f 1948/2630/1946 3004/2664/3002 1970/2232/1968 594/2231/594
f 444/1843/444 1735/1842/1733 3005/2666/3003 1757/2667/1755
f 1735/1842/1733 487/1841/487 1931/2668/1929 3005/2666/3003
f 3005/2666/3003 1931/2668/1929 577/2226/577 1971/2223/1969
f 1757/2667/1755 3005/2666/3003 1971/2223/1969 566/2222/566
f 649/2065/649 1669/2669/1667 3006/2670/3004 2106/2671/2104
f 1669/2669/1667 451/1891/451 1932/2672/1930 3006/2670/3004
f 3006/2670/3004 1932/2672/1930 578/2673/578 2103/2674/2101
f 2106/2671/2104 3006/2670/3004 2103/2674/2101 663/2675/663
f 451/1891/451 1670/1890/1668 3007/2676/3005 1932/2672/1930
f 1670/1890/1668 452/1885/452 1933/2677/1931 3007/2676/3005
f 3007/2676/3005 1933/2677/1931 579/2678/579 1973/2679/1971
f 1932/2672/1930 3007/2676/3005 1973/2679/1971 578/2673/578
f 443/2340/443 1684/2337/1682 3008/2680/3006 1758/2681/1756
f 1684/2337/1682 459/2336/459 1934/2682/1932 3008/2680/3006
f 3008/2680/3006 1934/2682/1932 580/2207/580 1974/2213/1972
f 1758/2681/1756 3008/2680/3006 1974/2213/1972 567/2124/567
f 452/1885/452 1671/1884/1669 3009/2683/3007 1933/2677/1931
f 1671/1884/1669 453/1879/453 1935/2684/1933 3009/2683/3007
f 3009/2683/3007 1935/2684/1933 581/2685/581 1975/2686/1973
f 1933/2677/1931 3009/2683/3007 1975/2686/1973 579/2678/579
f 459/2336/459 1685/2352/1683 3010/2687/3008 1934/2682/1932
f 1685/2352/1683 460/2351/460 1936/2688/1934 3010/2687/3008
f 3010/2687/3008 1936/2688/1934 582/2180/582 1976/2208/1974
f 1934/2682/1932 3010/2687/3008 1976/2208/1974 580/2207/580
f 680/1877/680 1672/2689/1670 3011/2690/3009 2184/2691/2182
f 1672/2689/1670 454/1870/454 1937/2692/1935 3011/2690/3009
f 3011/2690/3009 1937/2692/1935 583/2693/583 2172/2694/2170
f 2184/2691/2182 3011/2690/3009 2172/2694/2170 685/2695/685
f 618/2349/618 1659/2346/1657 3012/2696/3010 1759/2697/1757
f 1659/2346/1657 441/2345/441 1756/2637/1754 3012/2696/3010
f 3012/2696/3010 1756/2637/1754 565/2193/565 1978/2190/1976
f 1759/2697/1757 3012/2696/3010 1978/2190/1976 619/2189/619
f 460/2351/460 1992/2698/1990 3013/2699/3011 1936/2688/1934
f 1992/2698/1990 601/2700/601 1994/2701/1992 3013/2699/3011
f 3013/2699/3011 1994/2701/1992 622/2184/622 1979/2181/1977
f 1936/2688/1934 3013/2699/3011 1979/2181/1977 582/2180/582
f 642/2702/642 1673/2703/1671 3014/2704/3012 2089/2705/2087
f 1673/2703/1671 455/1861/455 1752/2621/1750 3014/2704/3012
f 3014/2704/3012 1752/2621/1750 561/2175/561 2086/2172/2084
f 2089/2705/2087 3014/2704/3012 2086/2172/2084 661/2171/661
f 486/2026/486 1660/2029/1658 3015/2706/3013 1929/2659/1927
f 1660/2029/1658 442/2034/442 1938/2707/1936 3015/2706/3013
f 3015/2706/3013 1938/2707/1936 584/2166/584 1981/2163/1979
f 1929/2659/1927 3015/2706/3013 1981/2163/1979 575/2162/575
f 442/2034/442 1686/2033/1684 3016/2708/3014 1938/2707/1936
f 1686/2033/1684 462/2032/462 1939/2709/1937 3016/2708/3014
f 3016/2708/3014 1939/2709/1937 585/2710/585 1982/2711/1980
f 1938/2707/1936 3016/2708/3014 1982/2711/1980 584/2166/584
f 492/2085/492 1674/2084/1672 3017/2712/3015 1924/2642/1922
f 1674/2084/1672 456/1852/456 1754/2656/1752 3017/2712/3015
f 3017/2712/3015 1754/2656/1752 563/2148/563 1983/2145/1981
f 1924/2642/1922 3017/2712/3015 1983/2145/1981 570/2144/570
f 464/1845/464 1661/1844/1659 3018/2713/3016 1760/2714/1758
f 1661/1844/1659 444/1843/444 1757/2667/1755 3018/2713/3016
f 3018/2713/3016 1757/2667/1755 566/2222/566 1984/2715/1982
f 1760/2714/1758 3018/2713/3016 1984/2715/1982 569/2716/569
f 602/2043/602 1687/2042/1685 3019/2717/3017 2011/2718/2009
f 1687/2042/1685 463/2041/463 1940/2719/1938 3019/2717/3017
f 3019/2717/3017 1940/2719/1938 586/2720/586 2010/2721/2008
f 2011/2718/2009 3019/2717/3017 2010/2721/2008 616/2722/616
f 520/2342/520 1662/2341/1660 3020/2723/3018 1946/2635/1944
f 1662/2341/1660 443/2340/443 1758/2681/1756 3020/2723/3018
f 3020/2723/3018 1758/2681/1756 567/2124/567 1986/2121/1984
f 1946/2635/1944 3020/2723/3018 1986/2121/1984 592/2120/592
f 463/2041/463 1688/2046/1686 3021/2724/3019 1940/2719/1938
f 1688/2046/1686 464/1845/464 1760/2714/1758 3021/2724/3019
f 3021/2724/3019 1760/2714/1758 569/2716/569 1987/2725/1985
f 1940/2719/1938 3021/2724/3019 1987/2725/1985 586/2720/586
f 458/1908/458 1663/2013/1661 3022/2726/3020 1930/2665/1928
f 1663/2013/1661 445/2017/445 1941/2727/1939 3022/2726/3020
f 3022/2726/3020 1941/2727/1939 587/2096/587 1988/2106/1986
f 1930/2665/1928 3022/2726/3020 1988/2106/1986 576/2105/576
f 445/2017/445 1743/2078/1741 3023/2728/3021 1941/2727/1939
f 1743/2078/1741 491/2082/491 1942/2618/1940 3023/2728/3021
f 3023/2728/3021 1942/2618/1940 588/2100/588 1989/2097/1987
f 1941/2727/1939 3023/2728/3021 1989/2097/1987 587/2096/587
f 556/1991/556 1664/1994/1662 3024/2729/3022 1952/2619/1950
f 1664/1994/1662 729/1999/729 1753/2730/1751 3024/2729/3022
f 3024/2729/3022 1753/2730/1751 562/2091/562 1990/2088/1988
f 1952/2619/1950 3024/2729/3022 1990/2088/1988 598/2087/598
f 462/2032/462 1996/2731/1994 3025/2732/3023 1939/2709/1937
f 1996/2731/1994 602/2043/602 2011/2718/2009 3025/2732/3023
f 3025/2732/3023 2011/2718/2009 616/2722/616 1985/2733/1983
f 1939/2709/1937 3025/2732/3023 1985/2733/1983 585/2710/585
f 620/2316/620 1993/2734/1991 3026/2735/3024 1991/2736/1989
f 1993/2734/1991 601/2700/601 1992/2698/1990 3026/2735/3024
f 3026/2735/3024 1992/2698/1990 460/2351/460 1711/2354/1709
f 1991/2736/1989 3026/2735/3024 1711/2354/1709 521/2356/521
f 493/2080/493 2005/2737/2003 3027/2738/3025 1745/2614/1743
f 2005/2737/2003 611/2076/611 2012/2611/2010 3027/2738/3025
f 3027/2738/3025 2012/2611/2010 615/2000/615 1913/2739/1911
f 1745/2614/1743 3027/2738/3025 1913/2739/1911 558/1995/558
f 500/2320/500 1789/2319/1787 3028/2740/3026 1783/2413/1781
f 1789/2319/1787 612/2318/612 2013/2416/2011 3028/2740/3026
f 3028/2740/3026 2013/2416/2011 614/2384/614 1821/2741/1819
f 1783/2413/1781 3028/2740/3026 1821/2741/1819 513/2394/513
f 513/2394/513 1821/2741/1819 3029/2742/3027 1815/2395/1813
f 1821/2741/1819 614/2384/614 2014/2387/2012 3029/2742/3027
f 3029/2742/3027 2014/2387/2012 613/1909/613 1811/2743/1809
f 1815/2395/1813 3029/2742/3027 1811/2743/1809 509/1904/509
f 707/2143/707 2223/2142/2221 3030/2744/3028 2229/2745/2227
f 2223/2142/2221 703/2141/703 2216/2746/2214 3030/2744/3028
f 3030/2744/3028 2216/2746/2214 701/2157/701 2015/2154/2013
f 2229/2745/2227 3030/2744/3028 2015/2154/2013 708/2153/708
f 465/2015/465 1997/2747/1995 3031/2748/3029 1725/2079/1723
f 1997/2747/1995 603/2023/603 2016/2074/2014 3031/2748/3029
f 3031/2748/3029 2016/2074/2014 611/2076/611 2005/2737/2003
f 1725/2079/1723 3031/2748/3029 2005/2737/2003 493/2080/493
f 650/2061/650 2105/2749/2103 3032/2750/3030 2098/2062/2096
f 2105/2749/2103 657/2053/657 2017/2056/2015 3032/2750/3030
f 3032/2750/3030 2017/2056/2015 610/2035/610 2004/2751/2002
f 2098/2062/2096 3032/2750/3030 2004/2751/2002 488/2030/488
f 488/2030/488 2004/2751/2002 3033/2752/3031 1736/2031/1734
f 2004/2751/2002 610/2035/610 2018/2038/2016 3033/2752/3031
f 3033/2752/3031 2018/2038/2016 602/2043/602 1996/2731/1994
f 1736/2031/1734 3033/2752/3031 1996/2731/1994 462/2032/462
f 483/1906/483 2003/2753/2001 3034/2754/3032 1728/2014/1726
f 2003/2753/2001 609/1917/609 2019/2019/2017 3034/2754/3032
f 3034/2754/3032 2019/2019/2017 603/2023/603 1997/2747/1995
f 1728/2014/1726 3034/2754/3032 1997/2747/1995 465/2015/465
f 558/1995/558 1913/2739/1911 3035/2755/3033 1907/1996/1905
f 1913/2739/1911 615/2000/615 2020/2003/2018 3035/2755/3033
f 3035/2755/3033 2020/2003/2018 731/2008/731 1998/2756/1996
f 1907/1996/1905 3035/2755/3033 1998/2756/1996 730/1997/730
f 773/1974/773 2365/2757/2363 3036/2758/3034 2351/1975/2349
f 2365/2757/2363 771/1979/771 2021/1982/2019 3036/2758/3034
f 3036/2758/3034 2021/1982/2019 605/1987/605 1999/2759/1997
f 2351/1975/2349 3036/2758/3034 1999/2759/1997 471/1976/471
f 681/1960/681 2183/2760/2181 3037/2761/3035 2168/1961/2166
f 2183/2760/2181 686/1962/686 2022/1965/2020 3037/2761/3035
f 3037/2761/3035 2022/1965/2020 606/1948/606 2000/2762/1998
f 2168/1961/2166 3037/2761/3035 2000/2762/1998 474/1946/474
f 474/1946/474 2000/2762/1998 3038/2763/3036 1716/1947/1714
f 2000/2762/1998 606/1948/606 2023/1951/2021 3038/2763/3036
f 3038/2763/3036 2023/1951/2021 607/1930/607 2001/2764/1999
f 1716/1947/1714 3038/2763/3036 2001/2764/1999 477/1925/477
f 477/1925/477 2001/2764/1999 3039/2765/3037 1713/1926/1711
f 2001/2764/1999 607/1930/607 2024/1933/2022 3039/2765/3037
f 3039/2765/3037 2024/1933/2022 608/1938/608 2002/2766/2000
f 1713/1926/1711 3039/2765/3037 2002/2766/2000 480/1927/480
f 509/1904/509 1811/2743/1809 3040/2767/3038 1805/1905/1803
f 1811/2743/1809 613/1909/613 2025/1912/2023 3040/2767/3038
f 3040/2767/3038 2025/1912/2023 609/1917/609 2003/2753/2001
f 1805/1905/1803 3040/2767/3038 2003/2753/2001 483/1906/483
f 612/2318/612 2026/2317/2024 3041/2768/3039 2006/2414/2004
f 2026/2317/2024 620/2316/620 1991/2736/1989 3041/2768/3039
f 3041/2768/3039 1991/2736/1989 521/2356/521 1794/2455/1792
f 2006/2414/2004 3041/2768/3039 1794/2455/1792 519/2417/519
f 623/2769/623 2052/2770/2050 3042/2771/3040 2040/2772/2038
f 2052/2770/2050 624/2773/624 2035/2774/2033 3042/2771/3040
f 3042/2771/3040 2035/2774/2033 617/2312/617 1710/2350/1708
f 2040/2772/2038 3042/2771/3040 1710/2350/1708 618/2349/618
f 625/2775/625 2051/2776/2049 3043/2777/3041 2042/2778/2040
f 2051/2776/2049 623/2769/623 2040/2772/2038 3043/2777/3041
f 3043/2777/3041 2040/2772/2038 618/2349/618 1759/2697/1757
f 2042/2778/2040 3043/2777/3041 1759/2697/1757 619/2189/619
f 624/2773/624 2050/2779/2048 3044/2780/3042 2035/2774/2033
f 2050/2779/2048 626/2781/626 2037/2782/2035 3044/2780/3042
f 3044/2780/3042 2037/2782/2035 620/2316/620 1799/2313/1797
f 2035/2774/2033 3044/2780/3042 1799/2313/1797 617/2312/617
f 218/2783/218 2049/2784/2047 3045/2785/3043 1238/2786/1238
f 2049/2784/2047 625/2775/625 2042/2778/2040 3045/2785/3043
f 3045/2785/3043 2042/2778/2040 619/2189/619 1922/2192/1920
f 1238/2786/1238 3045/2785/3043 1922/2192/1920 210/2197/210
f 626/2781/626 2048/2787/2046 3046/2788/3044 2037/2782/2035
f 2048/2787/2046 627/2789/627 2038/2790/2036 3046/2788/3044
f 3046/2788/3044 2038/2790/2036 601/2700/601 1993/2734/1991
f 2037/2782/2035 3046/2788/3044 1993/2734/1991 620/2316/620
f 627/2789/627 2047/2791/2045 3047/2792/3045 2038/2790/2036
f 2047/2791/2045 628/2793/628 2039/2794/2037 3047/2792/3045
f 3047/2792/3045 2039/2794/2037 622/2184/622 1994/2701/1992
f 2038/2790/2036 3047/2792/3045 1994/2701/1992 601/2700/601
f 628/2793/628 2046/2795/2044 3048/2796/3046 2039/2794/2037
f 2046/2795/2044 221/2797/221 1233/2798/1233 3048/2796/3046
f 3048/2796/3046 1233/2798/1233 213/2186/213 1995/2185/1993
f 2039/2794/2037 3048/2796/3046 1995/2185/1993 622/2184/622
f 599/2799/599 2033/2800/2031 3049/2801/3047 2045/2802/2043
f 2033/2800/2031 190/972/190 1241/971/1241 3049/2801/3047
f 3049/2801/3047 1241/971/1241 221/970/221 2046/2803/2044
f 2045/2802/2043 3049/2801/3047 2046/2803/2044 628/2804/628
f 621/2805/621 2032/2806/2030 3050/2807/3048 2044/2808/2042
f 2032/2806/2030 599/2799/599 2045/2802/2043 3050/2807/3048
f 3050/2807/3048 2045/2802/2043 628/2804/628 2047/2809/2045
f 2044/2808/2042 3050/2807/3048 2047/2809/2045 627/2810/627
f 600/2811/600 2031/2812/2029 3051/2813/3049 2043/2814/2041
f 2031/2812/2029 621/2805/621 2044/2808/2042 3051/2813/3049
f 3051/2813/3049 2044/2808/2042 627/2810/627 2048/2815/2046
f 2043/2814/2041 3051/2813/3049 2048/2815/2046 626/2816/626
f 72/985/72 2030/2817/2028 3052/2818/3050 1230/986/1230
f 2030/2817/2028 568/2819/568 2036/2820/2034 3052/2818/3050
f 3052/2818/3050 2036/2820/2034 625/2821/625 2049/2822/2047
f 1230/986/1230 3052/2818/3050 2049/2822/2047 218/989/218
f 503/2823/503 2029/2824/2027 3053/2825/3051 2041/2826/2039
f 2029/2824/2027 600/2811/600 2043/2814/2041 3053/2825/3051
f 3053/2825/3051 2043/2814/2041 626/2816/626 2050/2827/2048
f 2041/2826/2039 3053/2825/3051 2050/2827/2048 624/2828/624
f 568/2819/568 2028/2829/2026 3054/2830/3052 2036/2820/2034
f 2028/2829/2026 461/2831/461 2034/2832/2032 3054/2830/3052
f 3054/2830/3052 2034/2832/2032 623/2833/623 2051/2834/2049
f 2036/2820/2034 3054/2830/3052 2051/2834/2049 625/2821/625
f 461/2831/461 2027/2835/2025 3055/2836/3053 2034/2832/2032
f 2027/2835/2025 503/2823/503 2041/2826/2039 3055/2836/3053
f 3055/2836/3053 2041/2826/2039 624/2828/624 2052/2837/2050
f 2034/2832/2032 3055/2836/3053 2052/2837/2050 623/2833/623
f 600/2811/600 2029/2824/2027 3056/2838/3054 2061/2839/2059
f 2029/2824/2027 503/2823/503 2060/2840/2058 3056/2838/3054
f 3056/2838/3054 2060/2840/2058 630/2841/630 2055/2842/2053
f 2061/2839/2059 3056/2838/3054 2055/2842/2053 633/2843/633
f 503/2823/503 2027/2835/2025 3057/2844/3055 2060/2840/2058
f 2027/2835/2025 461/2831/461 2062/2845/2060 3057/2844/3055
f 3057/2844/3055 2062/2845/2060 629/2846/629 2053/2847/2051
f 2060/2840/2058 3057/2844/3055 2053/2847/2051 630/2841/630
f 599/2799/599 2032/2806/2030 3058/2848/3056 2064/2849/2062
f 2032/2806/2030 621/2805/621 2063/2850/2061 3058/2848/3056
f 3058/2848/3056 2063/2850/2061 634/2851/634 2058/2852/2056
f 2064/2849/2062 3058/2848/3056 2058/2852/2056 632/2853/632
f 568/2819/568 2030/2817/2028 3059/2854/3057 2065/2855/2063
f 2030/2817/2028 72/985/72 1261/1030/1261 3059/2854/3057
f 3059/2854/3057 1261/1030/1261 223/1029/223 2056/2856/2054
f 2065/2855/2063 3059/2854/3057 2056/2856/2054 631/2857/631
f 461/2831/461 2028/2829/2026 3060/2858/3058 2062/2845/2060
f 2028/2829/2026 568/2819/568 2065/2855/2063 3060/2858/3058
f 3060/2858/3058 2065/2855/2063 631/2857/631 2054/2859/2052
f 2062/2845/2060 3060/2858/3058 2054/2859/2052 629/2846/629
f 190/972/190 2033/2800/2031 3061/2860/3059 1263/1033/1263
f 2033/2800/2031 599/2799/599 2064/2849/2062 3061/2860/3059
f 3061/2860/3059 2064/2849/2062 632/2853/632 2059/2861/2057
f 1263/1033/1263 3061/2860/3059 2059/2861/2057 228/1035/228
f 621/2805/621 2031/2812/2029 3062/2862/3060 2063/2850/2061
f 2031/2812/2029 600/2811/600 2061/2839/2059 3062/2862/3060
f 3062/2862/3060 2061/2839/2059 633/2843/633 2057/2863/2055
f 2063/2850/2061 3062/2862/3060 2057/2863/2055 634/2851/634
f 228/1035/228 2059/2861/2057 3063/2864/3061 1272/1039/236
f 2059/2861/2057 632/2853/632 2073/2865/2071 3063/2864/3061
f 3063/2864/3061 2073/2865/2071 638/2866/638 2072/2867/2070
f 1272/1039/236 3063/2864/3061 2072/2867/2070 236/1041/236
f 634/2851/634 2057/2863/2055 3064/2868/3062 2075/2869/2073
f 2057/2863/2055 633/2843/633 2074/2870/2072 3064/2868/3062
f 3064/2868/3062 2074/2870/2072 639/2871/639 2070/2872/2068
f 2075/2869/2073 3064/2868/3062 2070/2872/2068 640/2873/640
f 633/2843/633 2055/2842/2053 3065/2874/3063 2074/2870/2072
f 2055/2842/2053 630/2841/630 2076/2875/2074 3065/2874/3063
f 3065/2874/3063 2076/2875/2074 636/2876/636 2068/2877/2066
f 2074/2870/2072 3065/2874/3063 2068/2877/2066 639/2871/639
f 630/2841/630 2053/2847/2051 3066/2878/3064 2076/2875/2074
f 2053/2847/2051 629/2846/629 2077/2879/2075 3066/2878/3064
f 3066/2878/3064 2077/2879/2075 635/2880/635 2066/2881/2064
f 2076/2875/2074 3066/2878/3064 2066/2881/2064 636/2876/636
f 632/2853/632 2058/2852/2056 3067/2882/3065 2073/2865/2071
f 2058/2852/2056 634/2851/634 2075/2869/2073 3067/2882/3065
f 3067/2882/3065 2075/2869/2073 640/2873/640 2071/2883/2069
f 2073/2865/2071 3067/2882/3065 2071/2883/2069 638/2866/638
f 631/2857/631 2056/2856/2054 3068/2884/3066 2078/2885/2076
f 2056/2856/2054 223/1029/223 1277/1066/231 3068/2884/3066
f 3068/2884/3066 1277/1066/231 231/1065/231 2069/2886/2067
f 2078/2885/2076 3068/2884/3066 2069/2886/2067 637/2887/637
f 629/2846/629 2054/2859/2052 3069/2888/3067 2077/2879/2075
f 2054/2859/2052 631/2857/631 2078/2885/2076 3069/2888/3067
f 3069/2888/3067 2078/2885/2076 637/2887/637 2067/2889/2065
f 2077/2879/2075 3069/2888/3067 2067/2889/2065 635/2880/635
f 750/2890/750 2087/2891/2085 3070/2892/3068 2346/2893/2344
f 2087/2891/2085 743/2894/743 2287/2895/2285 3070/2892/3068
f 3070/2892/3068 2287/2895/2285 742/2896/742 2295/2897/2293
f 2346/2893/2344 3070/2892/3068 2295/2897/2293 759/2898/759
f 772/1868/772 2080/2899/2078 3071/2900/3069 2364/2901/2362
f 2080/2899/2078 642/2702/642 2089/2705/2087 3071/2900/3069
f 3071/2900/3069 2089/2705/2087 661/2171/661 2348/2902/2346
f 2364/2901/2362 3071/2900/3069 2348/2902/2346 770/2903/770
f 729/1999/729 2079/2904/2077 3072/2905/3070 1753/2730/1751
f 2079/2904/2077 734/2906/734 2090/2907/2088 3072/2905/3070
f 3072/2905/3070 2090/2907/2088 784/2908/784 1964/2909/1962
f 1753/2730/1751 3072/2905/3070 1964/2909/1962 562/2091/562
f 562/2091/562 1964/2909/1962 3073/2910/3071 1917/2092/1915
f 1964/2909/1962 784/2908/784 2091/2911/2089 3073/2910/3071
f 3073/2910/3071 2091/2911/2089 244/2912/244 961/2913/961
f 1917/2092/1915 3073/2910/3071 961/2913/961 59/2093/59
f 676/2914/676 1779/2915/1777 3074/2916/3072 2163/2917/2161
f 1779/2915/1777 674/2918/674 2151/2919/2149 3074/2916/3072
f 3074/2916/3072 2151/2919/2149 283/2920/283 1367/2921/1365
f 2163/2917/2161 3074/2916/3072 1367/2921/1365 286/2922/286
f 732/2006/732 1694/2011/1692 3075/2923/3073 1723/2924/1721
f 1694/2011/1692 470/1863/470 1724/2925/1722 3075/2923/3073
f 3075/2923/3073 1724/2925/1722 645/2926/645 2093/2927/2091
f 1723/2924/1721 3075/2923/3073 2093/2927/2091 733/2928/733
f 754/2929/754 2308/2930/2306 3076/2931/3074 2343/2932/2341
f 2308/2930/2306 741/2933/741 2289/2934/2287 3076/2931/3074
f 3076/2931/3074 2289/2934/2287 744/2935/744 2293/2936/2291
f 2343/2932/2341 3076/2931/3074 2293/2936/2291 753/2937/753
f 745/2938/745 2299/2939/2297 3077/2940/3075 2340/2941/2338
f 2299/2939/2297 740/2942/740 2291/2943/2289 3077/2940/3075
f 3077/2940/3075 2291/2943/2289 743/2944/743 2087/2945/2085
f 2340/2941/2338 3077/2940/3075 2087/2945/2085 750/2946/750
f 470/1863/470 1676/1862/1674 3078/2947/3076 1724/2925/1722
f 1676/1862/1674 455/1861/455 1673/2703/1671 3078/2947/3076
f 3078/2947/3076 1673/2703/1671 642/2702/642 2096/2948/2094
f 1724/2925/1722 3078/2947/3076 2096/2948/2094 645/2926/645
f 480/1927/480 2002/2766/2000 3079/2949/3077 1731/2950/1729
f 2002/2766/2000 608/1938/608 2104/2951/2102 3079/2949/3077
f 3079/2949/3077 2104/2951/2102 657/2053/657 2105/2749/2103
f 1731/2950/1729 3079/2949/3077 2105/2749/2103 650/2061/650
f 487/1841/487 2097/2066/2095 3080/2952/3078 1931/2668/1929
f 2097/2066/2095 649/2065/649 2106/2671/2104 3080/2952/3078
f 3080/2952/3078 2106/2671/2104 663/2675/663 1972/2953/1970
f 1931/2668/1929 3080/2952/3078 1972/2953/1970 577/2226/577
f 450/1929/450 2101/2954/2099 3081/2955/3079 1755/2661/1753
f 2101/2954/2099 653/2057/653 2107/2658/2105 3081/2955/3079
f 3081/2955/3079 2107/2658/2105 655/2246/655 1968/2956/1966
f 1755/2661/1753 3081/2955/3079 1968/2956/1966 564/2662/564
f 577/2226/577 1972/2953/1970 3082/2957/3080 1768/2227/1766
f 1972/2953/1970 663/2675/663 2109/2958/2107 3082/2957/3080
f 3082/2957/3080 2109/2958/2107 265/2959/265 955/2960/955
f 1768/2227/1766 3082/2957/3080 955/2960/955 65/2228/65
f 482/1893/482 1680/1892/1678 3083/2961/3081 1733/2962/1731
f 1680/1892/1678 451/1891/451 1669/2669/1667 3083/2961/3081
f 3083/2961/3081 1669/2669/1667 649/2065/649 2110/2063/2108
f 1733/2962/1731 3083/2961/3081 2110/2063/2108 652/2051/652
f 450/1929/450 1704/1928/1702 3084/2963/3082 2101/2954/2099
f 1704/1928/1702 480/1927/480 1731/2950/1729 3084/2963/3082
f 3084/2963/3082 1731/2950/1729 650/2061/650 2111/2058/2109
f 2101/2954/2099 3084/2963/3082 2111/2058/2109 653/2057/653
f 608/1938/608 1705/1937/1703 3085/2964/3083 2104/2951/2102
f 1705/1937/1703 481/1936/481 1732/2965/1730 3085/2964/3083
f 3085/2964/3083 1732/2965/1730 651/2047/651 2112/2054/2110
f 2104/2951/2102 3085/2964/3083 2112/2054/2110 657/2053/657
f 481/1936/481 1706/1941/1704 3086/2966/3084 1732/2965/1730
f 1706/1941/1704 482/1893/482 1733/2962/1731 3086/2966/3084
f 3086/2966/3084 1733/2962/1731 652/2051/652 2113/2048/2111
f 1732/2965/1730 3086/2966/3084 2113/2048/2111 651/2047/651
f 675/2221/675 2155/2220/2153 3087/2967/3085 2162/2968/2160
f 2155/2220/2153 669/2219/669 2150/2969/2148 3087/2967/3085
f 3087/2967/3085 2150/2969/2148 674/2918/674 1779/2915/1777
f 2162/2968/2160 3087/2967/3085 1779/2915/1777 676/2914/676
f 290/2970/290 1317/2971/1315 3088/2972/3086 2161/2973/2159
f 1317/2971/1315 282/2974/282 2149/2975/2147 3088/2972/3086
f 3088/2972/3086 2149/2975/2147 673/2976/673 2114/2977/2112
f 2161/2973/2159 3088/2972/3086 2114/2977/2112 677/2978/677
f 664/2979/664 2136/2980/2134 3089/2981/3087 2129/2982/2127
f 2136/2980/2134 579/2678/579 1975/2686/1973 3089/2981/3087
f 3089/2981/3087 1975/2686/1973 581/2685/581 2137/2983/2135
f 2129/2982/2127 3089/2981/3087 2137/2983/2135 666/2984/666
f 688/2985/688 2130/2986/2128 3090/2987/3088 2182/2988/2180
f 2130/2986/2128 666/2984/666 2137/2983/2135 3090/2987/3088
f 3090/2987/3088 2137/2983/2135 581/2685/581 1977/2989/1975
f 2182/2988/2180 3090/2987/3088 1977/2989/1975 685/2695/685
f 667/2990/667 2152/2991/2150 3091/2992/3089 2175/2993/2173
f 2152/2991/2150 660/2994/660 2174/2995/2172 3091/2992/3089
f 3091/2992/3089 2174/2995/2172 654/2996/654 2127/2997/2125
f 2175/2993/2173 3091/2992/3089 2127/2997/2125 688/2998/688
f 647/2999/647 2139/3000/2137 3092/3001/3090 2132/3002/2130
f 2139/3000/2137 661/2171/661 2092/2174/2090 3092/3001/3090
f 3092/3001/3090 2092/2174/2090 243/2179/243 1345/3003/1343
f 2132/3002/2130 3092/3001/3090 1345/3003/1343 271/3004/271
f 656/3005/656 2140/3006/2138 3093/3007/3091 2133/3008/2131
f 2140/3006/2138 663/2675/663 2103/2674/2101 3093/3007/3091
f 3093/3007/3091 2103/2674/2101 578/2673/578 2135/3009/2133
f 2133/3008/2131 3093/3007/3091 2135/3009/2133 665/3010/665
f 273/3011/273 1347/3012/1345 3094/3013/3092 2134/3014/2132
f 1347/3012/1345 265/2959/265 2109/2958/2107 3094/3013/3092
f 3094/3013/3092 2109/2958/2107 663/2675/663 2140/3006/2138
f 2134/3014/2132 3094/3013/3092 2140/3006/2138 656/3005/656
f 688/2985/688 2182/2988/2180 3095/3015/3093 2175/3016/2173
f 2182/2988/2180 685/2695/685 2172/2694/2170 3095/3015/3093
f 3095/3015/3093 2172/2694/2170 583/2693/583 2138/3017/2136
f 2175/3016/2173 3095/3015/3093 2138/3017/2136 667/3018/667
f 778/3019/778 2363/3020/2361 3096/3021/3094 2131/3022/2129
f 2363/3020/2361 777/3023/777 2355/3024/2353 3096/3021/3094
f 3096/3021/3094 2355/3024/2353 660/2994/660 2152/2991/2150
f 2131/3022/2129 3096/3021/3094 2152/2991/2150 667/2990/667
f 666/3025/666 1769/3026/1767 3097/3027/3095 2129/3028/2127
f 1769/3026/1767 687/3029/687 2121/3030/2119 3097/3027/3095
f 3097/3027/3095 2121/3030/2119 668/3031/668 1772/3032/1770
f 2129/3028/2127 3097/3027/3095 1772/3032/1770 664/3033/664
f 271/3034/271 1326/3035/1324 3098/3036/3096 2132/3037/2130
f 1326/3035/1324 258/3038/258 2117/3039/2115 3098/3036/3096
f 3098/3036/3096 2117/3039/2115 658/3040/658 2122/3041/2120
f 2132/3037/2130 3098/3036/3096 2122/3041/2120 647/3042/647
f 665/3043/665 1778/3044/1776 3099/3045/3097 2133/3046/2131
f 1778/3044/1776 662/3047/662 2118/3048/2116 3099/3045/3097
f 3099/3045/3097 2118/3048/2116 659/3049/659 2123/3050/2121
f 2133/3046/2131 3099/3045/3097 2123/3050/2121 656/3051/656
f 656/3051/656 2123/3050/2121 3100/3052/3098 2134/3053/2132
f 2123/3050/2121 659/3049/659 2119/3054/2117 3100/3052/3098
f 3100/3052/3098 2119/3054/2117 270/3055/270 950/3056/950
f 2134/3053/2132 3100/3052/3098 950/3056/950 273/3057/273
f 664/3033/664 1772/3032/1770 3101/3058/3099 2128/3059/2126
f 1772/3032/1770 668/3031/668 2120/3060/2118 3101/3058/3099
f 3101/3058/3099 2120/3060/2118 662/3047/662 1778/3044/1776
f 2128/3059/2126 3101/3058/3099 1778/3044/1776 665/3043/665
f 689/3061/689 2176/3062/2174 3102/3063/3100 2180/3064/2178
f 2176/3062/2174 672/3065/672 2144/3066/2142 3102/3063/3100
f 3102/3063/3100 2144/3066/2142 281/3067/281 1390/3068/1388
f 2180/3064/2178 3102/3063/3100 1390/3068/1388 303/3069/303
f 670/2204/670 2146/2203/2144 3103/3070/3101 2142/3071/2140
f 2146/2203/2144 671/2202/671 2143/3072/2141 3103/3070/3101
f 3103/3070/3101 2143/3072/2141 279/3073/279 1354/3074/1352
f 2142/3071/2140 3103/3070/3101 1354/3074/1352 277/3075/277
f 669/2219/669 2145/2218/2143 3104/3076/3102 2141/3077/2139
f 2145/2218/2143 670/2204/670 2142/3071/2140 3104/3076/3102
f 3104/3076/3102 2142/3071/2140 277/3075/277 1355/3078/1353
f 2141/3077/2139 3104/3076/3102 1355/3078/1353 275/3079/275
f 674/2918/674 2150/2969/2148 3105/3080/3103 2151/2919/2149
f 2150/2969/2148 669/2219/669 2141/3077/2139 3105/3080/3103
f 3105/3080/3103 2141/3077/2139 275/3079/275 1356/3081/1354
f 2151/2919/2149 3105/3080/3103 1356/3081/1354 283/2920/283
f 779/3082/779 2357/3083/2355 3106/3084/3104 2362/3085/2360
f 2357/3083/2355 673/2976/673 2149/2975/2147 3106/3084/3104
f 3106/3084/3104 2149/2975/2147 282/2974/282 1587/3086/1585
f 2362/3085/2360 3106/3084/3104 1587/3086/1585 410/3087/410
f 690/3088/690 2179/3089/2177 3107/3090/3105 2177/3091/2175
f 2179/3089/2177 689/3061/689 2147/3092/2145 3107/3090/3105
f 3107/3090/3105 2147/3092/2145 671/2202/671 2153/2199/2151
f 2177/3091/2175 3107/3090/3105 2153/2199/2151 497/2198/497
f 780/3093/780 2361/3094/2359 3108/3095/3106 2358/3096/2356
f 2361/3094/2359 779/3082/779 2148/3097/2146 3108/3095/3106
f 3108/3095/3106 2148/3097/2146 672/3065/672 2158/3098/2156
f 2358/3096/2356 3108/3095/3106 2158/3098/2156 678/3099/678
f 777/3023/777 2360/3100/2358 3109/3101/3107 2355/3024/2353
f 2360/3100/2358 780/3093/780 2358/3096/2356 3109/3101/3107
f 3109/3101/3107 2358/3096/2356 678/3099/678 2124/3102/2122
f 2355/3024/2353 3109/3101/3107 2124/3102/2122 660/2994/660
f 654/2996/654 2178/3103/2176 3110/3104/3108 2116/3105/2114
f 2178/3103/2176 690/3088/690 2177/3091/2175 3110/3104/3108
f 3110/3104/3108 2177/3091/2175 497/2198/497 2181/3106/2179
f 2116/3105/2114 3110/3104/3108 2181/3106/2179 687/3029/687
f 258/3038/258 1371/3107/1369 3111/3108/3109 2117/3039/2115
f 1371/3107/1369 290/2970/290 2161/2973/2159 3111/3108/3109
f 3111/3108/3109 2161/2973/2159 677/2978/677 2157/3109/2155
f 2117/3039/2115 3111/3108/3109 2157/3109/2155 658/3040/658
f 662/3047/662 2125/3110/2123 3112/3111/3110 2118/3048/2116
f 2125/3110/2123 675/2221/675 2162/2968/2160 3112/3111/3110
f 3112/3111/3110 2162/2968/2160 676/2914/676 2156/3112/2154
f 2118/3048/2116 3112/3111/3110 2156/3112/2154 659/3049/659
f 659/3049/659 2156/3112/2154 3113/3113/3111 2119/3054/2117
f 2156/3112/2154 676/2914/676 2163/2917/2161 3113/3113/3111
f 3113/3113/3111 2163/2917/2161 286/2922/286 1329/3114/1327
f 2119/3054/2117 3113/3113/3111 1329/3114/1327 270/3055/270
f 668/3031/668 2126/3115/2124 3114/3116/3112 2120/3060/2118
f 2126/3115/2124 496/2206/496 2164/2217/2162 3114/3116/3112
f 3114/3116/3112 2164/2217/2162 675/2221/675 2125/3110/2123
f 2120/3060/2118 3114/3116/3112 2125/3110/2123 662/3047/662
f 687/3029/687 2181/3106/2179 3115/3117/3113 2121/3030/2119
f 2181/3106/2179 497/2198/497 2165/2201/2163 3115/3117/3113
f 3115/3117/3113 2165/2201/2163 496/2206/496 2126/3115/2124
f 2121/3030/2119 3115/3117/3113 2126/3115/2124 668/3031/668
f 660/2994/660 2124/3102/2122 3116/3118/3114 2174/2995/2172
f 2124/3102/2122 678/3099/678 2160/3119/2158 3116/3118/3114
f 3116/3118/3114 2160/3119/2158 690/3088/690 2178/3103/2176
f 2174/2995/2172 3116/3118/3114 2178/3103/2176 654/2996/654
f 678/3099/678 2158/3098/2156 3117/3120/3115 2160/3119/2158
f 2158/3098/2156 672/3065/672 2176/3062/2174 3117/3120/3115
f 3117/3120/3115 2176/3062/2174 689/3061/689 2179/3089/2177
f 2160/3119/2158 3117/3120/3115 2179/3089/2177 690/3088/690
f 671/2202/671 2147/3092/2145 3118/3121/3116 2143/3072/2141
f 2147/3092/2145 689/3061/689 2180/3064/2178 3118/3121/3116
f 3118/3121/3116 2180/3064/2178 303/3069/303 1353/3122/1351
f 2143/3072/2141 3118/3121/3116 1353/3122/1351 279/3073/279
f 778/3123/778 2359/3124/2357 3119/3125/3117 2356/3126/2354
f 2359/3124/2357 770/2903/770 2348/2902/2346 3119/3125/3117
f 3119/3125/3117 2348/2902/2346 661/2171/661 2139/3000/2137
f 2356/3126/2354 3119/3125/3117 2139/3000/2137 647/2999/647
f 688/2998/688 2127/2997/2125 3120/3127/3118 2130/3128/2128
f 2127/2997/2125 654/2996/654 2116/3105/2114 3120/3127/3118
f 3120/3127/3118 2116/3105/2114 687/3029/687 1769/3026/1767
f 2130/3128/2128 3120/3127/3118 1769/3026/1767 666/3025/666
f 471/1976/471 1999/2759/1997 3121/3129/3119 1719/3130/1717
f 1999/2759/1997 605/1987/605 2173/3131/2171 3121/3129/3119
f 3121/3129/3119 2173/3131/2171 686/1962/686 2183/2760/2181
f 1719/3130/1717 3121/3129/3119 2183/2760/2181 681/1960/681
f 453/1879/453 2167/1878/2165 3122/3132/3120 1935/2684/1933
f 2167/1878/2165 680/1877/680 2184/2691/2182 3122/3132/3120
f 3122/3132/3120 2184/2691/2182 685/2695/685 1977/2989/1975
f 1935/2684/1933 3122/3132/3120 1977/2989/1975 581/2685/581
f 447/1978/447 2166/3133/2164 3123/3134/3121 1925/2645/1923
f 2166/3133/2164 679/1956/679 2185/2647/2183 3123/3134/3121
f 3123/3134/3121 2185/2647/2183 684/2650/684 1965/3135/1963
f 1925/2645/1923 3123/3134/3121 1965/3135/1963 571/2274/571
f 571/2274/571 1965/3135/1963 3124/3136/3122 1762/2275/1760
f 1965/3135/1963 684/2650/684 2186/3137/2184 3124/3136/3122
f 3124/3136/3122 2186/3137/2184 297/3138/297 960/3139/960
f 1762/2275/1760 3124/3136/3122 960/3139/960 58/2276/58
f 472/1985/472 1697/1990/1695 3125/3140/3123 1720/3141/1718
f 1697/1990/1695 473/1872/473 1721/3142/1719 3125/3140/3123
f 3125/3140/3123 1721/3142/1719 683/1873/683 2187/1968/2185
f 1720/3141/1718 3125/3140/3123 2187/1968/2185 682/1966/682
f 605/1987/605 1696/1986/1694 3126/3143/3124 2173/3131/2171
f 1696/1986/1694 472/1985/472 1720/3141/1718 3126/3143/3124
f 3126/3143/3124 1720/3141/1718 682/1966/682 2188/1963/2186
f 2173/3131/2171 3126/3143/3124 2188/1963/2186 686/1962/686
f 447/1978/447 1695/1977/1693 3127/3144/3125 2166/3133/2164
f 1695/1977/1693 471/1976/471 1719/3130/1717 3127/3144/3125
f 3127/3144/3125 1719/3130/1717 681/1960/681 2189/1957/2187
f 2166/3133/2164 3127/3144/3125 2189/1957/2187 679/1956/679
f 473/1872/473 1677/1871/1675 3128/3145/3126 1721/3142/1719
f 1677/1871/1675 454/1870/454 1672/2689/1670 3128/3145/3126
f 3128/3145/3126 1672/2689/1670 680/1877/680 2190/1874/2188
f 1721/3142/1719 3128/3145/3126 2190/1874/2188 683/1873/683
f 692/2264/692 2196/2263/2194 3129/3146/3127 2192/3147/2190
f 2196/2263/2194 693/2262/693 2193/3148/2191 3129/3146/3127
f 3129/3146/3127 2193/3148/2191 310/3149/310 1408/3150/1406
f 2192/3147/2190 3129/3146/3127 1408/3150/1406 309/3151/309
f 691/3152/691 2194/3153/2192 3130/3154/3128 2191/3155/2189
f 2194/3153/2192 692/2264/692 2192/3147/2190 3130/3154/3128
f 3130/3154/3128 2192/3147/2190 309/3151/309 1410/3156/1408
f 2191/3155/2189 3130/3154/3128 1410/3156/1408 307/3157/307
f 693/2262/693 2195/2269/2193 3131/3158/3129 2193/3148/2191
f 2195/2269/2193 694/2243/694 2197/2242/2195 3131/3158/3129
f 3131/3158/3129 2197/2242/2195 311/2241/311 1409/3159/1407
f 2193/3148/2191 3131/3158/3129 1409/3159/1407 310/3149/310
f 698/2266/698 2198/2265/2196 3132/3160/3130 2203/3161/2201
f 2198/2265/2196 692/2264/692 2194/3153/2192 3132/3160/3130
f 3132/3160/3130 2194/3153/2192 691/3152/691 2200/3162/2198
f 2203/3161/2201 3132/3160/3130 2200/3162/2198 696/3163/696
f 819/3164/819 2202/3165/2200 3133/3166/3131 2446/3167/2444
f 2202/3165/2200 698/2266/698 2203/3161/2201 3133/3166/3131
f 3133/3166/3131 2203/3161/2201 696/3163/696 2438/3168/2436
f 2446/3167/2444 3133/3166/3131 2438/3168/2436 817/3169/817
f 572/1351/572 2427/1350/2425 3134/3170/3132 2171/2649/2169
f 2427/1350/2425 810/1349/810 2428/3171/2426 3134/3170/3132
f 3134/3170/3132 2428/3171/2426 297/3138/297 2186/3137/2184
f 2171/2649/2169 3134/3170/3132 2186/3137/2184 684/2650/684
f 816/3172/816 2437/3173/2435 3135/3174/3133 2445/3175/2443
f 2437/3173/2435 695/2245/695 2205/2268/2203 3135/3174/3133
f 3135/3174/3133 2205/2268/2203 697/2258/697 2201/3176/2199
f 2445/3175/2443 3135/3174/3133 2201/3176/2199 818/3177/818
f 818/3177/818 2201/3176/2199 3136/3178/3134 2444/3179/2442
f 2201/3176/2199 697/2258/697 2206/2261/2204 3136/3178/3134
f 3136/3178/3134 2206/2261/2204 698/2266/698 2202/3165/2200
f 2444/3179/2442 3136/3178/3134 2202/3165/2200 819/3164/819
f 813/3180/813 2434/3181/2432 3137/3182/3135 2443/3183/2441
f 2434/3181/2432 318/2237/318 2207/2240/2205 3137/3182/3135
f 3137/3182/3135 2207/2240/2205 695/2245/695 2437/3173/2435
f 2443/3183/2441 3137/3182/3135 2437/3173/2435 816/3172/816
f 665/3010/665 2135/3009/2133 3138/3184/3136 2128/3185/2126
f 2135/3009/2133 578/2673/578 1973/2679/1971 3138/3184/3136
f 3138/3184/3136 1973/2679/1971 579/2678/579 2136/2980/2134
f 2128/3185/2126 3138/3184/3136 2136/2980/2134 664/2979/664
f 701/2157/701 2216/2746/2214 3139/3186/3137 2210/3187/2208
f 2216/2746/2214 703/2141/703 2212/3188/2210 3139/3186/3137
f 3139/3186/3137 2212/3188/2210 325/3189/325 1431/3190/1429
f 2210/3187/2208 3139/3186/3137 1431/3190/1429 324/3191/324
f 704/2159/704 2217/2158/2215 3140/3192/3138 2218/3193/2216
f 2217/2158/2215 701/2157/701 2210/3187/2208 3140/3192/3138
f 3140/3192/3138 2210/3187/2208 324/3191/324 1441/3194/1439
f 2218/3193/2216 3140/3192/3138 1441/3194/1439 326/3195/326
f 703/2141/703 2214/2140/2212 3141/3196/3139 2212/3188/2210
f 2214/2140/2212 702/2135/702 2211/2134/2209 3141/3196/3139
f 3141/3196/3139 2211/2134/2209 327/2133/327 1433/3197/1431
f 2212/3188/2210 3141/3196/3139 1433/3197/1431 325/3189/325
f 699/2115/699 2213/3198/2211 3142/3199/3140 2208/2116/2206
f 2213/3198/2211 700/3200/700 2209/3201/2207 3142/3199/3140
f 3142/3199/3140 2209/3201/2207 322/3202/322 1434/3203/1432
f 2208/2116/2206 3142/3199/3140 1434/3203/1432 320/2117/320
f 700/3200/700 2215/3204/2213 3143/3205/3141 2209/3201/2207
f 2215/3204/2213 704/2159/704 2218/3193/2216 3143/3205/3141
f 3143/3205/3141 2218/3193/2216 326/3195/326 1432/3206/1430
f 2209/3201/2207 3143/3205/3141 1432/3206/1430 322/3202/322
f 706/2161/706 1775/2160/1773 3144/3207/3142 2228/3208/2226
f 1775/2160/1773 704/2159/704 2215/3204/2213 3144/3207/3142
f 3144/3207/3142 2215/3204/2213 700/3200/700 2220/3209/2218
f 2228/3208/2226 3144/3207/3142 2220/3209/2218 710/3210/710
f 710/3210/710 2220/3209/2218 3145/3211/3143 2227/3212/2225
f 2220/3209/2218 700/3200/700 2213/3198/2211 3145/3211/3143
f 3145/3211/3143 2213/3198/2211 699/2115/699 2225/2112/2223
f 2227/3212/2225 3145/3211/3143 2225/2112/2223 709/2111/709
f 716/3213/716 2226/3214/2224 3146/3215/3144 2246/3216/2244
f 2226/3214/2224 710/3210/710 2227/3212/2225 3146/3215/3144
f 3146/3215/3144 2227/3212/2225 709/2111/709 2236/3217/2234
f 2246/3216/2244 3146/3215/3144 2236/3217/2234 713/3218/713
f 714/3219/714 2222/3220/2220 3147/3221/3145 2245/3222/2243
f 2222/3220/2220 706/2161/706 2228/3208/2226 3147/3221/3145
f 3147/3221/3145 2228/3208/2226 710/3210/710 2226/3214/2224
f 2245/3222/2243 3147/3221/3145 2226/3214/2224 716/3213/716
f 712/3223/712 2235/3224/2233 3148/3225/3146 2244/3226/2242
f 2235/3224/2233 707/2143/707 2229/2745/2227 3148/3225/3146
f 3148/3225/3146 2229/2745/2227 708/2153/708 2224/3227/2222
f 2244/3226/2242 3148/3225/3146 2224/3227/2222 715/3228/715
f 715/3228/715 2224/3227/2222 3149/3229/3147 2243/3230/2241
f 2224/3227/2222 708/2153/708 2230/2156/2228 3149/3229/3147
f 3149/3229/3147 2230/2156/2228 706/2161/706 2222/3220/2220
f 2243/3230/2241 3149/3229/3147 2222/3220/2220 714/3219/714
f 711/3231/711 2234/3232/2232 3150/3233/3148 2242/3234/2240
f 2234/3232/2232 705/2137/705 2231/2139/2229 3150/3233/3148
f 3150/3233/3148 2231/2139/2229 707/2143/707 2235/3224/2233
f 2242/3234/2240 3150/3233/3148 2235/3224/2233 712/3223/712
f 340/3235/340 1462/3236/1460 3151/3237/3149 2241/3238/2239
f 1462/3236/1460 333/2129/333 2232/2132/2230 3151/3237/3149
f 3151/3237/3149 2232/2132/2230 705/2137/705 2234/3232/2232
f 2241/3238/2239 3151/3237/3149 2234/3232/2232 711/3231/711
f 713/3218/713 2236/3217/2234 3152/3239/3150 2240/3240/2238
f 2236/3217/2234 709/2111/709 2233/2114/2231 3152/3239/3150
f 3152/3239/3150 2233/2114/2231 334/2119/334 1449/3241/1447
f 2240/3240/2238 3152/3239/3150 1449/3241/1447 344/3242/344
f 584/2166/584 2219/3243/2217 3153/3244/3151 1773/2167/1771
f 2219/3243/2217 713/3245/713 2240/3246/2238 3153/3244/3151
f 3153/3244/3151 2240/3246/2238 344/3247/344 1466/3248/1464
f 1773/2167/1771 3153/3244/3151 1466/3248/1464 73/2168/73
f 66/2230/66 944/3249/944 3154/3250/3152 1920/2225/1918
f 944/3249/944 340/3251/340 2241/3252/2239 3154/3250/3152
f 3154/3250/3152 2241/3252/2239 711/3253/711 1774/3254/1772
f 1920/2225/1918 3154/3250/3152 1774/3254/1772 566/2222/566
f 566/2222/566 1774/3254/1772 3155/3255/3153 1984/2715/1982
f 1774/3254/1772 711/3253/711 2242/3256/2240 3155/3255/3153
f 3155/3255/3153 2242/3256/2240 712/3257/712 1923/3258/1921
f 1984/2715/1982 3155/3255/3153 1923/3258/1921 569/2716/569
f 586/2720/586 2238/3259/2236 3156/3260/3154 2010/2721/2008
f 2238/3259/2236 715/3261/715 2243/3262/2241 3156/3260/3154
f 3156/3260/3154 2243/3262/2241 714/3263/714 2237/3264/2235
f 2010/2721/2008 3156/3260/3154 2237/3264/2235 616/2722/616
f 569/2716/569 1923/3258/1921 3157/3265/3155 1987/2725/1985
f 1923/3258/1921 712/3257/712 2244/3266/2242 3157/3265/3155
f 3157/3265/3155 2244/3266/2242 715/3261/715 2238/3259/2236
f 1987/2725/1985 3157/3265/3155 2238/3259/2236 586/2720/586
f 616/2722/616 2237/3264/2235 3158/3267/3156 1985/2733/1983
f 2237/3264/2235 714/3263/714 2245/3268/2243 3158/3267/3156
f 3158/3267/3156 2245/3268/2243 716/3269/716 2239/3270/2237
f 1985/2733/1983 3158/3267/3156 2239/3270/2237 585/2710/585
f 585/2710/585 2239/3270/2237 3159/3271/3157 1982/2711/1980
f 2239/3270/2237 716/3269/716 2246/3272/2244 3159/3271/3157
f 3159/3271/3157 2246/3272/2244 713/3245/713 2219/3243/2217
f 1982/2711/1980 3159/3271/3157 2219/3243/2217 584/2166/584
f 726/2400/726 2259/3273/2257 3160/3274/3158 2257/2401/2255
f 2259/3273/2257 721/2309/721 2250/3275/2248 3160/3274/3158
f 3160/3274/3158 2250/3275/2248 718/3276/718 2248/3277/2246
f 2257/2401/2255 3160/3274/3158 2248/3277/2246 719/2402/719
f 721/2309/721 2258/2308/2256 3161/3278/3159 2250/3275/2248
f 2258/2308/2256 725/2307/725 2256/3279/2254 3161/3278/3159
f 3161/3278/3159 2256/3279/2254 720/2381/720 2249/3280/2247
f 2250/3275/2248 3161/3278/3159 2249/3280/2247 718/3276/718
f 724/2423/724 2253/3281/2251 3162/3282/3160 2263/2424/2261
f 2253/3281/2251 717/3283/717 2251/3284/2249 3162/3282/3160
f 3162/3282/3160 2251/3284/2249 722/2331/722 2260/2410/2258
f 2263/2424/2261 3162/3282/3160 2260/2410/2258 727/2409/727
f 717/3283/717 2252/3285/2250 3163/3286/3161 2251/3284/2249
f 2252/3285/2250 723/2379/723 2262/3287/2260 3163/3286/3161
f 3163/3286/3161 2262/3287/2260 728/2333/728 2261/2332/2259
f 2251/3284/2249 3163/3286/3161 2261/2332/2259 722/2331/722
f 718/3276/718 2249/3280/2247 3164/3288/3162 2247/3289/2245
f 2249/3280/2247 720/2381/720 2254/2380/2252 3164/3288/3162
f 3164/3288/3162 2254/2380/2252 723/2379/723 2252/3285/2250
f 2247/3289/2245 3164/3288/3162 2252/3285/2250 717/3283/717
f 719/2402/719 2248/3277/2246 3165/3290/3163 2255/3291/2253
f 2248/3277/2246 718/3276/718 2247/3289/2245 3165/3290/3163
f 3165/3290/3163 2247/3289/2245 717/3283/717 2253/3281/2251
f 2255/3291/2253 3165/3290/3163 2253/3281/2251 724/2423/724
f 529/2404/529 1795/2403/1793 3166/3292/3164 1846/2576/1844
f 1795/2403/1793 719/2402/719 2255/3291/2253 3166/3292/3164
f 3166/3292/3164 2255/3291/2253 724/2423/724 1819/2420/1817
f 1846/2576/1844 3166/3292/3164 1819/2420/1817 528/2419/528
f 508/2335/508 2264/2334/2262 3167/3293/3165 1853/2543/1851
f 2264/2334/2262 728/2333/728 2262/3287/2260 3167/3293/3165
f 3167/3293/3165 2262/3287/2260 723/2379/723 1785/2376/1783
f 1853/2543/1851 3167/3293/3165 1785/2376/1783 526/2375/526
f 532/2311/532 2265/2310/2263 3168/3294/3166 1850/2556/1848
f 2265/2310/2263 721/2309/721 2259/3273/2257 3168/3294/3166
f 3168/3294/3166 2259/3273/2257 726/2400/726 1791/2397/1789
f 1850/2556/1848 3168/3294/3166 1791/2397/1789 504/2396/504
f 527/2383/527 1788/2382/1786 3169/3295/3167 1847/2571/1845
f 1788/2382/1786 720/2381/720 2256/3279/2254 3169/3295/3167
f 3169/3295/3167 2256/3279/2254 725/2307/725 2266/2304/2264
f 1847/2571/1845 3169/3295/3167 2266/2304/2264 502/2303/502
f 446/3296/446 2275/3297/2273 3170/3298/3168 2267/3299/2265
f 2275/3297/2273 729/1999/729 1692/1998/1690 3170/3298/3168
f 3170/3298/3168 1692/1998/1690 730/1997/730 2276/3300/2274
f 2267/3299/2265 3170/3298/3168 2276/3300/2274 468/3301/468
f 604/3302/604 2277/3303/2275 3171/3304/3169 2268/3305/2266
f 2277/3303/2275 731/2008/731 1693/2007/1691 3171/3304/3169
f 3171/3304/3169 1693/2007/1691 732/2006/732 2278/3306/2276
f 2268/3305/2266 3171/3304/3169 2278/3306/2276 469/3307/469
f 469/3307/469 2278/3306/2276 3172/3308/3170 2269/3309/2267
f 2278/3306/2276 732/2006/732 1723/2924/1721 3172/3308/3170
f 3172/3308/3170 1723/2924/1721 733/2928/733 2279/3310/2277
f 2269/3309/2267 3172/3308/3170 2279/3310/2277 644/3311/644
f 468/3301/468 2276/3300/2274 3173/3312/3171 2270/3313/2268
f 2276/3300/2274 730/1997/730 1998/2756/1996 3173/3312/3171
f 3173/3312/3171 1998/2756/1996 731/2008/731 2277/3303/2275
f 2270/3313/2268 3173/3312/3171 2277/3303/2275 604/3302/604
f 641/3314/641 2280/3315/2278 3174/3316/3172 2271/3317/2269
f 2280/3315/2278 734/2906/734 2079/2904/2077 3174/3316/3172
f 3174/3316/3172 2079/2904/2077 729/1999/729 2275/3297/2273
f 2271/3317/2269 3174/3316/3172 2275/3297/2273 446/3296/446
f 648/3318/648 2281/3319/2279 3175/3320/3173 2272/3321/2270
f 2281/3319/2279 736/3322/736 2088/3323/2086 3175/3320/3173
f 3175/3320/3173 2088/3323/2086 643/3324/643 2282/3325/2280
f 2272/3321/2270 3175/3320/3173 2282/3325/2280 735/3326/735
f 644/3311/644 2279/3310/2277 3176/3327/3174 2273/3328/2271
f 2279/3310/2277 733/2928/733 2094/3329/2092 3176/3327/3174
f 3176/3327/3174 2094/3329/2092 736/3322/736 2281/3319/2279
f 2273/3328/2271 3176/3327/3174 2281/3319/2279 648/3318/648
f 735/3326/735 2282/3325/2280 3177/3330/3175 2274/3331/2272
f 2282/3325/2280 643/3324/643 2095/3332/2093 3177/3330/3175
f 3177/3330/3175 2095/3332/2093 734/2906/734 2280/3315/2278
f 2274/3331/2272 3177/3330/3175 2280/3315/2278 641/3314/641
f 738/3333/738 2288/3334/2286 3178/3335/3176 2283/3336/2281
f 2288/3334/2286 739/3337/739 2284/3338/2282 3178/3335/3176
f 3178/3335/3176 2284/3338/2282 740/3339/740 2290/3340/2288
f 2283/3336/2281 3178/3335/3176 2290/3340/2288 737/3341/737
f 739/3337/739 2286/3342/2284 3179/3343/3177 2284/3338/2282
f 2286/3342/2284 742/2896/742 2287/2895/2285 3179/3343/3177
f 3179/3343/3177 2287/2895/2285 743/2894/743 2291/3344/2289
f 2284/3338/2282 3179/3343/3177 2291/3344/2289 740/3339/740
f 741/2933/741 2285/3345/2283 3180/3346/3178 2289/2934/2287
f 2285/3345/2283 738/3333/738 2283/3336/2281 3180/3346/3178
f 3180/3346/3178 2283/3336/2281 737/3341/737 2292/3347/2290
f 2289/2934/2287 3180/3346/3178 2292/3347/2290 744/2935/744
f 760/3348/760 2314/3349/2312 3181/3350/3179 2337/3351/2335
f 2314/3349/2312 738/3333/738 2285/3345/2283 3181/3350/3179
f 3181/3350/3179 2285/3345/2283 741/2933/741 2308/2930/2306
f 2337/3351/2335 3181/3350/3179 2308/2930/2306 754/2929/754
f 753/3352/753 2293/3353/2291 3182/3354/3180 2334/3355/2332
f 2293/3353/2291 744/3356/744 2292/3357/2290 3182/3354/3180
f 3182/3354/3180 2292/3357/2290 737/3358/737 2297/3359/2295
f 2334/3355/2332 3182/3354/3180 2297/3359/2295 765/3360/765
f 765/3360/765 2297/3359/2295 3183/3361/3181 2331/3362/2329
f 2297/3359/2295 737/3358/737 2290/3363/2288 3183/3361/3181
f 3183/3361/3181 2290/3363/2288 740/2942/740 2299/2939/2297
f 2331/3362/2329 3183/3361/3181 2299/2939/2297 745/2938/745
f 766/3364/766 2320/3365/2318 3184/3366/3182 2328/3367/2326
f 2320/3365/2318 739/3337/739 2288/3334/2286 3184/3366/3182
f 3184/3366/3182 2288/3334/2286 738/3333/738 2314/3349/2312
f 2328/3367/2326 3184/3366/3182 2314/3349/2312 760/3348/760
f 759/2898/759 2295/2897/2293 3185/3368/3183 2325/3369/2323
f 2295/2897/2293 742/2896/742 2286/3342/2284 3185/3368/3183
f 3185/3368/3183 2286/3342/2284 739/3337/739 2320/3365/2318
f 2325/3369/2323 3185/3368/3183 2320/3365/2318 766/3364/766
f 807/3370/807 2311/3371/2309 3186/3372/3184 2426/3373/2424
f 2311/3371/2309 757/3374/757 2323/3375/2321 3186/3372/3184
f 3186/3372/3184 2323/3375/2321 768/3376/768 2414/3377/2412
f 2426/3373/2424 3186/3372/3184 2414/3377/2412 804/3378/804
f 757/3374/757 2312/3379/2310 3187/3380/3185 2323/3375/2321
f 2312/3379/2310 758/3381/758 2324/3382/2322 3187/3380/3185
f 3187/3380/3185 2324/3382/2322 767/3383/767 2322/3384/2320
f 2323/3375/2321 3187/3380/3185 2322/3384/2320 768/3376/768
f 758/3381/758 2313/3385/2311 3188/3386/3186 2324/3382/2322
f 2313/3385/2311 759/2898/759 2325/3369/2323 3188/3386/3186
f 3188/3386/3186 2325/3369/2323 766/3364/766 2321/3387/2319
f 2324/3382/2322 3188/3386/3186 2321/3387/2319 767/3383/767
f 804/3378/804 2414/3377/2412 3189/3388/3187 2425/3389/2423
f 2414/3377/2412 768/3376/768 2326/3390/2324 3189/3388/3187
f 3189/3388/3187 2326/3390/2324 762/3391/762 2413/3392/2411
f 2425/3389/2423 3189/3388/3187 2413/3392/2411 803/3393/803
f 768/3376/768 2322/3384/2320 3190/3394/3188 2326/3390/2324
f 2322/3384/2320 767/3383/767 2327/3395/2325 3190/3394/3188
f 3190/3394/3188 2327/3395/2325 761/3396/761 2316/3397/2314
f 2326/3390/2324 3190/3394/3188 2316/3397/2314 762/3391/762
f 767/3383/767 2321/3387/2319 3191/3398/3189 2327/3395/2325
f 2321/3387/2319 766/3364/766 2328/3367/2326 3191/3398/3189
f 3191/3398/3189 2328/3367/2326 760/3348/760 2315/3399/2313
f 2327/3395/2325 3191/3398/3189 2315/3399/2313 761/3396/761
f 808/3400/808 2317/3401/2315 3192/3402/3190 2424/3403/2422
f 2317/3401/2315 763/3404/763 2329/3405/2327 3192/3402/3190
f 3192/3402/3190 2329/3405/2327 747/3406/747 2411/3407/2409
f 2424/3403/2422 3192/3402/3190 2411/3407/2409 801/3408/801
f 763/3404/763 2318/3409/2316 3193/3410/3191 2329/3405/2327
f 2318/3409/2316 764/3411/764 2330/3412/2328 3193/3410/3191
f 3193/3410/3191 2330/3412/2328 746/3413/746 2301/3414/2299
f 2329/3405/2327 3193/3410/3191 2301/3414/2299 747/3406/747
f 764/3411/764 2319/3415/2317 3194/3416/3192 2330/3412/2328
f 2319/3415/2317 765/3360/765 2331/3362/2329 3194/3416/3192
f 3194/3416/3192 2331/3362/2329 745/2938/745 2300/3417/2298
f 2330/3412/2328 3194/3416/3192 2300/3417/2298 746/3413/746
f 806/3418/806 2305/3419/2303 3195/3420/3193 2423/3421/2421
f 2305/3419/2303 751/3422/751 2332/3423/2330 3195/3420/3193
f 3195/3420/3193 2332/3423/2330 763/3404/763 2317/3401/2315
f 2423/3421/2421 3195/3420/3193 2317/3401/2315 808/3400/808
f 751/3422/751 2306/3424/2304 3196/3425/3194 2332/3423/2330
f 2306/3424/2304 752/3426/752 2333/3427/2331 3196/3425/3194
f 3196/3425/3194 2333/3427/2331 764/3411/764 2318/3409/2316
f 2332/3423/2330 3196/3425/3194 2318/3409/2316 763/3404/763
f 752/3426/752 2307/3428/2305 3197/3429/3195 2333/3427/2331
f 2307/3428/2305 753/3352/753 2334/3355/2332 3197/3429/3195
f 3197/3429/3195 2334/3355/2332 765/3360/765 2319/3415/2317
f 2333/3427/2331 3197/3429/3195 2319/3415/2317 764/3411/764
f 803/3393/803 2413/3392/2411 3198/3430/3196 2422/3431/2420
f 2413/3392/2411 762/3391/762 2335/3432/2333 3198/3430/3196
f 3198/3430/3196 2335/3432/2333 756/3433/756 2412/3434/2410
f 2422/3431/2420 3198/3430/3196 2412/3434/2410 802/3435/802
f 762/3391/762 2316/3397/2314 3199/3436/3197 2335/3432/2333
f 2316/3397/2314 761/3396/761 2336/3437/2334 3199/3436/3197
f 3199/3436/3197 2336/3437/2334 755/3438/755 2310/3439/2308
f 2335/3432/2333 3199/3436/3197 2310/3439/2308 756/3433/756
f 761/3396/761 2315/3399/2313 3200/3440/3198 2336/3437/2334
f 2315/3399/2313 760/3348/760 2337/3351/2335 3200/3440/3198
f 3200/3440/3198 2337/3351/2335 754/2929/754 2309/3441/2307
f 2336/3437/2334 3200/3440/3198 2309/3441/2307 755/3438/755
f 801/3408/801 2411/3407/2409 3201/3442/3199 2421/3443/2419
f 2411/3407/2409 747/3406/747 2338/3444/2336 3201/3442/3199
f 3201/3442/3199 2338/3444/2336 748/3445/748 2302/3446/2300
f 2421/3443/2419 3201/3442/3199 2302/3446/2300 805/3447/805
f 747/3406/747 2301/3414/2299 3202/3448/3200 2338/3444/2336
f 2301/3414/2299 746/3413/746 2339/3449/2337 3202/3448/3200
f 3202/3448/3200 2339/3449/2337 749/3450/749 2303/3451/2301
f 2338/3444/2336 3202/3448/3200 2303/3451/2301 748/3445/748
f 746/3413/746 2300/3417/2298 3203/3452/3201 2339/3449/2337
f 2300/3417/2298 745/2938/745 2340/2941/2338 3203/3452/3201
f 3203/3452/3201 2340/2941/2338 750/2946/750 2304/3453/2302
f 2339/3449/2337 3203/3452/3201 2304/3453/2302 749/3450/749
f 802/3435/802 2412/3434/2410 3204/3454/3202 2420/3455/2418
f 2412/3434/2410 756/3433/756 2341/3456/2339 3204/3454/3202
f 3204/3454/3202 2341/3456/2339 751/3457/751 2305/3458/2303
f 2420/3455/2418 3204/3454/3202 2305/3458/2303 806/3459/806
f 756/3433/756 2310/3439/2308 3205/3460/3203 2341/3456/2339
f 2310/3439/2308 755/3438/755 2342/3461/2340 3205/3460/3203
f 3205/3460/3203 2342/3461/2340 752/3462/752 2306/3463/2304
f 2341/3456/2339 3205/3460/3203 2306/3463/2304 751/3457/751
f 755/3438/755 2309/3441/2307 3206/3464/3204 2342/3461/2340
f 2309/3441/2307 754/2929/754 2343/2932/2341 3206/3464/3204
f 3206/3464/3204 2343/2932/2341 753/2937/753 2307/3465/2305
f 2342/3461/2340 3206/3464/3204 2307/3465/2305 752/3462/752
f 805/3466/805 2302/3467/2300 3207/3468/3205 2419/3469/2417
f 2302/3467/2300 748/3470/748 2344/3471/2342 3207/3468/3205
f 3207/3468/3205 2344/3471/2342 757/3374/757 2311/3371/2309
f 2419/3469/2417 3207/3468/3205 2311/3371/2309 807/3370/807
f 748/3470/748 2303/3472/2301 3208/3473/3206 2344/3471/2342
f 2303/3472/2301 749/3474/749 2345/3475/2343 3208/3473/3206
f 3208/3473/3206 2345/3475/2343 758/3381/758 2312/3379/2310
f 2344/3471/2342 3208/3473/3206 2312/3379/2310 757/3374/757
f 749/3474/749 2304/3476/2302 3209/3477/3207 2345/3475/2343
f 2304/3476/2302 750/2890/750 2346/2893/2344 3209/3477/3207
f 3209/3477/3207 2346/2893/2344 759/2898/759 2313/3385/2311
f 2345/3475/2343 3209/3477/3207 2313/3385/2311 758/3381/758
f 667/3018/667 2138/3017/2136 3210/3478/3208 2131/3479/2129
f 2138/3017/2136 583/2693/583 1980/3480/1978 3210/3478/3208
f 3210/3478/3208 1980/3480/1978 770/2903/770 2359/3124/2357
f 2131/3479/2129 3210/3478/3208 2359/3124/2357 778/3123/778
f 658/3040/658 2157/3109/2155 3211/3481/3209 2115/3482/2113
f 2157/3109/2155 677/2978/677 2159/3483/2157 3211/3481/3209
f 3211/3481/3209 2159/3483/2157 780/3093/780 2360/3100/2358
f 2115/3482/2113 3211/3481/3209 2360/3100/2358 777/3023/777
f 677/2978/677 2114/2977/2112 3212/3484/3210 2159/3483/2157
f 2114/2977/2112 673/2976/673 2357/3083/2355 3212/3484/3210
f 3212/3484/3210 2357/3083/2355 779/3082/779 2361/3094/2359
f 2159/3483/2157 3212/3484/3210 2361/3094/2359 780/3093/780
f 672/3065/672 2148/3097/2146 3213/3485/3211 2144/3066/2142
f 2148/3097/2146 779/3082/779 2362/3085/2360 3213/3485/3211
f 3213/3485/3211 2362/3085/2360 410/3087/410 1352/3486/1350
f 2144/3066/2142 3213/3485/3211 1352/3486/1350 281/3067/281
f 647/3042/647 2122/3041/2120 3214/3487/3212 2356/3488/2354
f 2122/3041/2120 658/3040/658 2115/3482/2113 3214/3487/3212
f 3214/3487/3212 2115/3482/2113 777/3023/777 2363/3020/2361
f 2356/3488/2354 3214/3487/3212 2363/3020/2361 778/3019/778
f 454/1870/454 2350/1869/2348 3215/3489/3213 1937/2692/1935
f 2350/1869/2348 772/1868/772 2364/2901/2362 3215/3489/3213
f 3215/3489/3213 2364/2901/2362 770/2903/770 1980/3480/1978
f 1937/2692/1935 3215/3489/3213 1980/3480/1978 583/2693/583
f 643/3324/643 2088/3323/2086 3216/3490/3214 2081/3491/2079
f 2088/3323/2086 736/3322/736 2349/3492/2347 3216/3490/3214
f 3216/3490/3214 2349/3492/2347 771/1979/771 2365/2757/2363
f 2081/3491/2079 3216/3490/3214 2365/2757/2363 773/1974/773
f 734/2906/734 2347/3493/2345 3217/3494/3215 2090/2907/2088
f 2347/3493/2345 769/1970/769 2366/2644/2364 3217/3494/3215
f 3217/3494/3215 2366/2644/2364 782/2270/782 2085/3495/2083
f 2090/2907/2088 3217/3494/3215 2085/3495/2083 784/2908/784
f 791/3496/791 2389/3497/2387 3218/3498/3216 2402/3499/2400
f 2389/3497/2387 786/3500/786 2379/3501/2377 3218/3498/3216
f 3218/3498/3216 2379/3501/2377 785/3502/785 2383/3503/2381
f 2402/3499/2400 3218/3498/3216 2383/3503/2381 790/3504/790
f 733/2928/733 2093/2927/2091 3219/3505/3217 2082/3506/2080
f 2093/2927/2091 645/2926/645 2083/3507/2081 3219/3505/3217
f 3219/3505/3217 2083/3507/2081 775/1864/775 2368/1988/2366
f 2082/3506/2080 3219/3505/3217 2368/1988/2366 774/1983/774
f 736/3322/736 2094/3329/2092 3220/3508/3218 2349/3492/2347
f 2094/3329/2092 733/2928/733 2082/3506/2080 3220/3508/3218
f 3220/3508/3218 2082/3506/2080 774/1983/774 2369/1980/2367
f 2349/3492/2347 3220/3508/3218 2369/1980/2367 771/1979/771
f 734/2906/734 2095/3332/2093 3221/3509/3219 2347/3493/2345
f 2095/3332/2093 643/3324/643 2081/3491/2079 3221/3509/3219
f 3221/3509/3219 2081/3491/2079 773/1974/773 2370/1971/2368
f 2347/3493/2345 3221/3509/3219 2370/1971/2368 769/1970/769
f 645/2926/645 2096/2948/2094 3222/3510/3220 2083/3507/2081
f 2096/2948/2094 642/2702/642 2080/2899/2078 3222/3510/3220
f 3222/3510/3220 2080/2899/2078 772/1868/772 2371/1865/2369
f 2083/3507/2081 3222/3510/3220 2371/1865/2369 775/1864/775
f 781/3511/781 2375/3512/2373 3223/3513/3221 2084/3514/2082
f 2375/3512/2373 406/2278/406 1603/3515/1601 3223/3513/3221
f 3223/3513/3221 1603/3515/1601 244/2912/244 2376/3516/2374
f 2084/3514/2082 3223/3513/3221 2376/3516/2374 783/3517/783
f 646/3518/646 2377/3519/2375 3224/3520/3222 2372/3521/2370
f 2377/3519/2375 784/2908/784 2085/3495/2083 3224/3520/3222
f 3224/3520/3222 2085/3495/2083 782/2270/782 2378/3522/2376
f 2372/3521/2370 3224/3520/3222 2378/3522/2376 776/3523/776
f 783/3517/783 2376/3516/2374 3225/3524/3223 2373/3525/2371
f 2376/3516/2374 244/2912/244 2091/2911/2089 3225/3524/3223
f 3225/3524/3223 2091/2911/2089 784/2908/784 2377/3519/2375
f 2373/3525/2371 3225/3524/3223 2377/3519/2375 646/3518/646
f 776/3523/776 2378/3522/2376 3226/3526/3224 2374/3527/2372
f 2378/3522/2376 782/2270/782 2367/2273/2365 3226/3526/3224
f 3226/3526/3224 2367/2273/2365 406/2278/406 2375/3512/2373
f 2374/3527/2372 3226/3526/3224 2375/3512/2373 781/3511/781
f 788/3528/788 2380/3529/2378 3227/3530/3225 2381/3531/2379
f 2380/3529/2378 787/3532/787 2382/3533/2380 3227/3530/3225
f 3227/3530/3225 2382/3533/2380 785/3534/785 2379/3535/2377
f 2381/3531/2379 3227/3530/3225 2379/3535/2377 786/3536/786
f 790/3537/790 2383/3538/2381 3228/3539/3226 2400/3540/2398
f 2383/3538/2381 785/3534/785 2382/3533/2380 3228/3539/3226
f 3228/3539/3226 2382/3533/2380 787/3532/787 2385/3541/2383
f 2400/3540/2398 3228/3539/3226 2385/3541/2383 794/3542/794
f 794/3542/794 2385/3541/2383 3229/3543/3227 2398/3544/2396
f 2385/3541/2383 787/3532/787 2380/3529/2378 3229/3543/3227
f 3229/3543/3227 2380/3529/2378 788/3528/788 2386/3545/2384
f 2398/3544/2396 3229/3543/3227 2386/3545/2384 796/3546/796
f 796/3546/796 2386/3545/2384 3230/3547/3228 2396/3548/2394
f 2386/3545/2384 788/3528/788 2381/3531/2379 3230/3547/3228
f 3230/3547/3228 2381/3531/2379 786/3536/786 2389/3549/2387
f 2396/3548/2394 3230/3547/3228 2389/3549/2387 791/3550/791
f 800/3551/800 2393/3552/2391 3231/3553/3229 2410/3554/2408
f 2393/3552/2391 795/3555/795 2395/3556/2393 3231/3553/3229
f 3231/3553/3229 2395/3556/2393 792/3557/792 2403/3558/2401
f 2410/3554/2408 3231/3553/3229 2403/3558/2401 797/3559/797
f 795/3555/795 2394/3560/2392 3232/3561/3230 2395/3556/2393
f 2394/3560/2392 796/3546/796 2396/3548/2394 3232/3561/3230
f 3232/3561/3230 2396/3548/2394 791/3550/791 2390/3562/2388
f 2395/3556/2393 3232/3561/3230 2390/3562/2388 792/3557/792
f 799/3563/799 2391/3564/2389 3233/3565/3231 2409/3566/2407
f 2391/3564/2389 793/3567/793 2397/3568/2395 3233/3565/3231
f 3233/3565/3231 2397/3568/2395 795/3555/795 2393/3552/2391
f 2409/3566/2407 3233/3565/3231 2393/3552/2391 800/3551/800
f 793/3567/793 2392/3569/2390 3234/3570/3232 2397/3568/2395
f 2392/3569/2390 794/3542/794 2398/3544/2396 3234/3570/3232
f 3234/3570/3232 2398/3544/2396 796/3546/796 2394/3560/2392
f 2397/3568/2395 3234/3570/3232 2394/3560/2392 795/3555/795
f 798/3571/798 2387/3572/2385 3235/3573/3233 2408/3574/2406
f 2387/3572/2385 789/3575/789 2399/3576/2397 3235/3573/3233
f 3235/3573/3233 2399/3576/2397 793/3567/793 2391/3564/2389
f 2408/3574/2406 3235/3573/3233 2391/3564/2389 799/3563/799
f 789/3575/789 2388/3577/2386 3236/3578/3234 2399/3576/2397
f 2388/3577/2386 790/3537/790 2400/3540/2398 3236/3578/3234
f 3236/3578/3234 2400/3540/2398 794/3542/794 2392/3569/2390
f 2399/3576/2397 3236/3578/3234 2392/3569/2390 793/3567/793
f 797/3579/797 2403/3580/2401 3237/3581/3235 2407/3582/2405
f 2403/3580/2401 792/3583/792 2401/3584/2399 3237/3581/3235
f 3237/3581/3235 2401/3584/2399 789/3585/789 2387/3586/2385
f 2407/3582/2405 3237/3581/3235 2387/3586/2385 798/3587/798
f 792/3583/792 2390/3588/2388 3238/3589/3236 2401/3584/2399
f 2390/3588/2388 791/3496/791 2402/3499/2400 3238/3589/3236
f 3238/3589/3236 2402/3499/2400 790/3504/790 2388/3590/2386
f 2401/3584/2399 3238/3589/3236 2388/3590/2386 789/3585/789
f 783/3591/783 2384/3592/2382 3239/3593/3237 2084/3594/2082
f 2384/3592/2382 797/3579/797 2407/3582/2405 3239/3593/3237
f 3239/3593/3237 2407/3582/2405 798/3587/798 2404/3595/2402
f 2084/3594/2082 3239/3593/3237 2404/3595/2402 781/3596/781
f 781/3597/781 2404/3598/2402 3240/3599/3238 2374/3600/2372
f 2404/3598/2402 798/3571/798 2408/3574/2406 3240/3599/3238
f 3240/3599/3238 2408/3574/2406 799/3563/799 2405/3601/2403
f 2374/3600/2372 3240/3599/3238 2405/3601/2403 776/3602/776
f 776/3602/776 2405/3601/2403 3241/3603/3239 2372/3604/2370
f 2405/3601/2403 799/3563/799 2409/3566/2407 3241/3603/3239
f 3241/3603/3239 2409/3566/2407 800/3551/800 2406/3605/2404
f 2372/3604/2370 3241/3603/3239 2406/3605/2404 646/3606/646
f 646/3606/646 2406/3605/2404 3242/3607/3240 2373/3608/2371
f 2406/3605/2404 800/3551/800 2410/3554/2408 3242/3607/3240
f 3242/3607/3240 2410/3554/2408 797/3559/797 2384/3609/2382
f 2373/3608/2371 3242/3607/3240 2384/3609/2382 783/3610/783
f 644/3611/644 2415/3612/2413 3243/3613/3241 2269/3614/2267
f 2415/3612/2413 805/3466/805 2419/3469/2417 3243/3613/3241
f 3243/3613/3241 2419/3469/2417 807/3370/807 2417/3615/2415
f 2269/3614/2267 3243/3613/3241 2417/3615/2415 469/3616/469
f 446/3617/446 2294/3618/2292 3244/3619/3242 2271/3620/2269
f 2294/3618/2292 802/3435/802 2420/3455/2418 3244/3619/3242
f 3244/3619/3242 2420/3455/2418 806/3459/806 2416/3621/2414
f 2271/3620/2269 3244/3619/3242 2416/3621/2414 641/3622/641
f 648/3623/648 1722/3624/1720 3245/3625/3243 2273/3626/2271
f 1722/3624/1720 801/3408/801 2421/3443/2419 3245/3625/3243
f 3245/3625/3243 2421/3443/2419 805/3447/805 2415/3627/2413
f 2273/3626/2271 3245/3625/3243 2415/3627/2413 644/3628/644
f 468/3629/468 2296/3630/2294 3246/3631/3244 2267/3632/2265
f 2296/3630/2294 803/3393/803 2422/3431/2420 3246/3631/3244
f 3246/3631/3244 2422/3431/2420 802/3435/802 2294/3618/2292
f 2267/3632/2265 3246/3631/3244 2294/3618/2292 446/3617/446
f 641/3633/641 2416/3634/2414 3247/3635/3245 2274/3636/2272
f 2416/3634/2414 806/3418/806 2423/3421/2421 3247/3635/3245
f 3247/3635/3245 2423/3421/2421 808/3400/808 2418/3637/2416
f 2274/3636/2272 3247/3635/3245 2418/3637/2416 735/3638/735
f 735/3638/735 2418/3637/2416 3248/3639/3246 2272/3640/2270
f 2418/3637/2416 808/3400/808 2424/3403/2422 3248/3639/3246
f 3248/3639/3246 2424/3403/2422 801/3408/801 1722/3624/1720
f 2272/3640/2270 3248/3639/3246 1722/3624/1720 648/3623/648
f 604/3641/604 2298/3642/2296 3249/3643/3247 2270/3644/2268
f 2298/3642/2296 804/3378/804 2425/3389/2423 3249/3643/3247
f 3249/3643/3247 2425/3389/2423 803/3393/803 2296/3630/2294
f 2270/3644/2268 3249/3643/3247 2296/3630/2294 468/3629/468
f 469/3616/469 2417/3615/2415 3250/3645/3248 2268/3646/2266
f 2417/3615/2415 807/3370/807 2426/3373/2424 3250/3645/3248
f 3250/3645/3248 2426/3373/2424 804/3378/804 2298/3642/2296
f 2268/3646/2266 3250/3645/3248 2298/3642/2296 604/3641/604
f 160/814/160 1385/813/1383 3251/3647/3249 2430/3648/2428
f 1385/813/1383 298/812/298 1401/1327/1399 3251/3647/3249
f 3251/3647/3249 1401/1327/1399 297/1326/297 2428/3649/2426
f 2430/3648/2428 3251/3647/3249 2428/3649/2426 810/3650/810
f 809/3651/809 1416/3652/1414 3252/3653/3250 2204/3654/2202
f 1416/3652/1414 696/3163/696 2200/3162/2198 3252/3653/3250
f 3252/3653/3250 2200/3162/2198 691/3152/691 2191/3155/2189
f 2204/3654/2202 3252/3653/3250 2191/3155/2189 307/3157/307
f 820/3655/820 2442/3656/2440 3253/3657/3251 2431/3658/2429
f 2442/3656/2440 812/3659/812 926/3660/926 3253/3657/3251
f 3253/3657/3251 926/3660/926 160/814/160 2430/3648/2428
f 2431/3658/2429 3253/3657/3251 2430/3648/2428 810/3650/810
f 809/1144/809 2429/1143/2427 3254/3661/3252 2441/3662/2439
f 2429/1143/2427 315/1142/315 2433/1361/2431 3254/3661/3252
f 3254/3661/3252 2433/1361/2431 812/1360/812 2442/3663/2440
f 2441/3662/2439 3254/3661/3252 2442/3663/2440 820/3664/820
f 254/2251/254 1418/3665/1416 3255/3666/3253 2108/2249/2106
f 1418/3665/1416 813/3667/813 2443/3668/2441 3255/3666/3253
f 3255/3666/3253 2443/3668/2441 816/3669/816 1763/3670/1761
f 2108/2249/2106 3255/3666/3253 1763/3670/1761 655/2246/655
f 564/2662/564 2439/3671/2437 3256/3672/3254 1969/2663/1967
f 2439/3671/2437 818/3673/818 2444/3674/2442 3256/3672/3254
f 3256/3672/3254 2444/3674/2442 819/3675/819 2440/3676/2438
f 1969/2663/1967 3256/3672/3254 2440/3676/2438 573/2653/573
f 655/2246/655 1763/3670/1761 3257/3677/3255 1968/2956/1966
f 1763/3670/1761 816/3669/816 2445/3678/2443 3257/3677/3255
f 3257/3677/3255 2445/3678/2443 818/3673/818 2439/3671/2437
f 1968/2956/1966 3257/3677/3255 2439/3671/2437 564/2662/564
f 573/2653/573 2440/3676/2438 3258/3679/3256 1966/2654/1964
f 2440/3676/2438 819/3675/819 2446/3680/2444 3258/3679/3256
f 3258/3679/3256 2446/3680/2444 817/1343/817 1764/1346/1762
f 1966/2654/1964 3258/3679/3256 1764/1346/1762 572/1351/572
f 254/414/254 1310/411/1308 3259/3681/3257 1418/3682/1416
f 1310/411/1308 255/410/255 925/3683/925 3259/3681/3257
f 3259/3681/3257 925/3683/925 811/3684/811 2447/3685/2445
f 1418/3682/1416 3259/3681/3257 2447/3685/2445 813/3686/813
f 152/827/152 1161/826/1161 3260/3687/3258 2435/3688/2433
f 1161/826/1161 161/818/161 2436/3689/2434 3260/3687/3258
f 3260/3687/3258 2436/3689/2434 815/3690/815 2448/3691/2446
f 2435/3688/2433 3260/3687/3258 2448/3691/2446 814/3692/814
f 255/410/255 1160/1135/1160 3261/3693/3259 925/3683/925
f 1160/1135/1160 152/827/152 2435/3688/2433 3261/3693/3259
f 3261/3693/3259 2435/3688/2433 814/3692/814 2449/3694/2447
f 925/3683/925 3261/3693/3259 2449/3694/2447 811/3684/811
f 161/818/161 1158/817/1158 3262/3695/3260 2436/3689/2434
f 1158/817/1158 160/814/160 926/3660/926 3262/3695/3260
f 3262/3695/3260 926/3660/926 812/3659/812 2450/3696/2448
f 2436/3689/2434 3262/3695/3260 2450/3696/2448 815/3690/815
f 696/3163/696 1416/3652/1414 3263/3697/3261 2438/3168/2436
f 1416/3652/1414 809/3651/809 2441/3698/2439 3263/3697/3261
f 3263/3697/3261 2441/3698/2439 820/3699/820 2451/3700/2449
f 2438/3168/2436 3263/3697/3261 2451/3700/2449 817/3169/817
o NurbsPath
v -0.008660 -0.153175 1.840441
v -0.008660 -0.163175 1.840441
v -0.000000 -0.168175 1.840441
v 0.008660 -0.163175 1.840441
v 0.008660 -0.153175 1.840441
v -0.000000 -0.148175 1.840441
v -0.008660 -0.153175 1.858973
v -0.008660 -0.163175 1.858973
v -0.000000 -0.168175 1.858973
v 0.008660 -0.163175 1.858973
v 0.008660 -0.153175 1.858973
v -0.000000 -0.148175 1.858973
v -0.008660 -0.153175 1.877505
v -0.008660 -0.163175 1.877505
v -0.000000 -0.168175 1.877505
v 0.008660 -0.163175 1.877505
v 0.008660 -0.153175 1.877505
v -0.000000 -0.148175 1.877505
v -0.008660 -0.153175 1.896038
v -0.008660 -0.163175 1.896038
v -0.000000 -0.168175 1.896038
v 0.008660 -0.163175 1.896038
v 0.008660 -0.153175 1.896038
v -0.000000 -0.148175 1.896038
v -0.008660 -0.153175 1.914570
v -0.008660 -0.163175 1.914570
v -0.000000 -0.168175 1.914570
v 0.008660 -0.163175 1.914570
v 0.008660 -0.153175 1.914570
v -0.000000 -0.148175 1.914570
v -0.008660 -0.153175 1.933102
v -0.008660 -0.163175 1.933102
v -0.000000 -0.168175 1.933102
v 0.008660 -0.163175 1.933102
v 0.008660 -0.153175 1.933102
v -0.000000 -0.148175 1.933102
v -0.008660 -0.153175 1.951635
v -0.008660 -0.163175 1.951635
v -0.000000 -0.168175 1.951635
v 0.008660 -0.163175 1.951635
v 0.008660 -0.153175 1.951635
v -0.000000 -0.148175 1.951635
v -0.008660 -0.153175 1.970167
v -0.008660 -0.163175 1.970167
v -0.000000 -0.168175 1.970167
v 0.008660 -0.163175 1.970167
v 0.008660 -0.153175 1.970167
v -0.000000 -0.148175 1.970167
v -0.008660 -0.153175 1.988699
v -0.008660 -0.163175 1.988699
v -0.000000 -0.168175 1.988699
v 0.008660 -0.163175 1.988699
v 0.008660 -0.153175 1.988699
v -0.000000 -0.148175 1.988699
v -0.008660 -0.153175 2.007232
v -0.008660 -0.163175 2.007232
v -0.000000 -0.168175 2.007232
v 0.008660 -0.163175 2.007232
v 0.008660 -0.153175 2.007232
v -0.000000 -0.148175 2.007232
v -0.008660 -0.153175 2.025764
v -0.008660 -0.163175 2.025764
v -0.000000 -0.168175 2.025764
v 0.008660 -0.163175 2.025764
v 0.008660 -0.153175 2.025764
v -0.000000 -0.148175 2.025764
v -0.008660 -0.154295 2.041143
v -0.008660 -0.162056 2.047450
v -0.000000 -0.165936 2.050603
v 0.008660 -0.162056 2.047450
v 0.008660 -0.154295 2.041143
v -0.000000 -0.150415 2.037990
v -0.008660 -0.113334 2.048589
v -0.008660 -0.114362 2.058536
v -0.000000 -0.114876 2.063510
v 0.008660 -0.114362 2.058536
v 0.008660 -0.113334 2.048589
v -0.000000 -0.112819 2.043616
v -0.008660 -0.025192 2.048563
v -0.008660 -0.025192 2.058563
v -0.000000 -0.025192 2.063563
v 0.008660 -0.025192 2.058563
v 0.008660 -0.025192 2.048563
v -0.000000 -0.025192 2.043563
v -0.008660 0.063463 2.048563
v -0.008660 0.063463 2.058563
v -0.000000 0.063463 2.063563
v 0.008660 0.063463 2.058563
v 0.008660 0.063463 2.048563
v -0.000000 0.063463 2.043563
v -0.008660 0.152119 2.048563
v -0.008660 0.152119 2.058563
v -0.000000 0.152119 2.063563
v 0.008660 0.152119 2.058563
v 0.008660 0.152119 2.048563
v -0.000000 0.152119 2.043563
v -0.008660 0.240774 2.048563
v -0.008660 0.240774 2.058563
v 0.000000 0.240774 2.063563
v 0.008660 0.240774 2.058563
v 0.008660 0.240774 2.048563
v 0.000000 0.240774 2.043563
v -0.008660 0.329430 2.048563
v -0.008660 0.329430 2.058563
v 0.000000 0.329430 2.063563
v 0.008660 0.329430 2.058563
v 0.008660 0.329430 2.048563
v 0.000000 0.329430 2.043563
v -0.008660 0.418085 2.048563
v -0.008660 0.418085 2.058563
v 0.000000 0.418085 2.063563
v 0.008660 0.418085 2.058563
v 0.008660 0.418085 2.048563
v 0.000000 0.418085 2.043563
v -0.008660 0.506741 2.048563
v -0.008660 0.506741 2.058563
v 0.000000 0.506741 2.063563
v 0.008660 0.506741 2.058563
v 0.008660 0.506741 2.048563
v 0.000000 0.506741 2.043563
v -0.008660 0.595396 2.048563
v -0.008660 0.595396 2.058563
v 0.000000 0.595396 2.063563
v 0.008660 0.595396 2.058563
v 0.008660 0.595396 2.048563
v 0.000000 0.595396 2.043563
v -0.008660 0.684052 2.048563
v -0.008660 0.684052 2.058563
v 0.000000 0.684052 2.063563
v 0.008660 0.684052 2.058563
v 0.008660 0.684052 2.048563
v 0.000000 0.684052 2.043563
v -0.008660 0.772707 2.048563
v -0.008660 0.772707 2.058563
v 0.000000 0.772707 2.063563
v 0.008660 0.772707 2.058563
v 0.008660 0.772707 2.048563
v 0.000000 0.772707 2.043563
v -0.008660 0.861363 2.048563
v -0.008660 0.861363 2.058563
v 0.000000 0.861363 2.063563
v 0.008660 0.861363 2.058563
v 0.008660 0.861363 2.048563
v 0.000000 0.861363 2.043563
vn -0.8660 0.5000 -0.0000
vn -0.8660 -0.5000 -0.0000
vn -0.0000 -1.0000 -0.0000
vn 0.8660 -0.5000 -0.0000
vn 0.8660 0.5000 -0.0000
vn -0.0000 1.0000 -0.0000
vn -0.8521 0.5224 0.0326
vn -0.8573 -0.5145 0.0189
vn -0.0000 -0.9994 0.0359
vn 0.8573 -0.5145 0.0189
vn 0.8521 0.5224 0.0326
vn -0.0000 0.9982 0.0598
vn -0.9631 0.2149 -0.1621
vn -0.7997 -0.4569 0.3895
vn -0.0000 -0.7663 0.6424
vn 0.7997 -0.4569 0.3895
vn 0.9631 0.2149 -0.1621
vn -0.0000 0.8094 -0.5873
vn -0.8722 0.0410 -0.4875
vn -0.8444 -0.0648 0.5318
vn -0.0000 -0.1198 0.9928
vn 0.8444 -0.0648 0.5318
vn 0.8722 0.0410 -0.4875
vn -0.0000 0.0826 -0.9966
vn -0.8659 -0.0001 -0.5003
vn -0.8659 -0.0001 0.5003
vn -0.0000 -0.0002 1.0000
vn 0.8659 -0.0001 0.5003
vn 0.8659 -0.0001 -0.5003
vn -0.0000 -0.0002 -1.0000
vn -0.8660 -0.0000 -0.5000
vn -0.8660 -0.0000 0.5000
vn -0.0000 -0.0000 1.0000
vn 0.8660 -0.0000 0.5000
vn 0.8660 -0.0000 -0.5000
vn -0.0000 -0.0000 -1.0000
vt 0.000000 1.000000
vt 0.043478 1.000000
vt 0.043478 0.833333
vt 0.000000 0.833333
vt 0.000000 0.166667
vt 0.043478 0.166667
vt 0.043478 0.000000
vt 0.000000 0.000000
vt 0.000000 0.333333
vt 0.043478 0.333333
vt 0.000000 0.500000
vt 0.043478 0.500000
vt 0.000000 0.666667
vt 0.043478 0.666667
vt 0.086957 1.000000
vt 0.086957 0.833333
vt 0.086957 0.166667
vt 0.086957 0.000000
vt 0.086957 0.333333
vt 0.086957 0.500000
vt 0.086957 0.666667
vt 0.130435 1.000000
vt 0.130435 0.833333
vt 0.130435 0.166667
vt 0.130435 0.000000
vt 0.130435 0.333333
vt 0.130435 0.500000
vt 0.130435 0.666667
vt 0.173913 1.000000
vt 0.173913 0.833333
vt 0.173913 0.166667
vt 0.173913 0.000000
vt 0.173913 0.333333
vt 0.173913 0.500000
vt 0.173913 0.666667
vt 0.217391 1.000000
vt 0.217391 0.833333
vt 0.217391 0.166667
vt 0.217391 0.000000
vt 0.217391 0.333333
vt 0.217391 0.500000
vt 0.217391 0.666667
vt 0.260870 1.000000
vt 0.260870 0.833333
vt 0.260870 0.166667
vt 0.260870 0.000000
vt 0.260870 0.333333
vt 0.260870 0.500000
vt 0.260870 0.666667
vt 0.304348 1.000000
vt 0.304348 0.833333
vt 0.304348 0.166667
vt 0.304348 0.000000
vt 0.304348 0.333333
vt 0.304348 0.500000
vt 0.304348 0.666667
vt 0.347826 1.000000
vt 0.347826 0.833333
vt 0.347826 0.166667
vt 0.347826 0.000000
vt 0.347826 0.333333
vt 0.347826 0.500000
vt 0.347826 0.666667
vt 0.391304 1.000000
vt 0.391304 0.833333
vt 0.391304 0.166667
vt 0.391304 0.000000
vt 0.391304 0.333333
vt 0.391304 0.500000
vt 0.391304 0.666667
vt 0.434783 1.000000
vt 0.434783 0.833333
vt 0.434783 0.166667
vt 0.434783 0.000000
vt 0.434783 0.333333
vt 0.434783 0.500000
vt 0.434783 0.666667
vt 0.478261 1.000000
vt 0.478261 0.833333
vt 0.478261 0.166667
vt 0.478261 0.000000
vt 0.478261 0.333333
vt 0.478261 0.500000
vt 0.478261 0.666667
vt 0.521739 1.000000
vt 0.521739 0.833333
vt 0.521739 0.166667
vt 0.521739 0.000000
vt 0.521739 0.333333
vt 0.521739 0.500000
vt 0.521739 0.666667
vt 0.565217 1.000000
vt 0.565217 0.833333
vt 0.565217 0.166667
vt 0.565217 0.000000
vt 0.565217 0.333333
vt 0.565217 0.500000
vt 0.565217 0.666667
vt 0.608696 1.000000
vt 0.608696 0.833333
vt 0.608696 0.166667
vt 0.608696 0.000000
vt 0.608696 0.333333
vt 0.608696 0.500000
vt 0.608696 0.666667
vt 0.652174 1.000000
vt 0.652174 0.833333
vt 0.652174 0.166667
vt 0.652174 0.000000
vt 0.652174 0.333333
vt 0.652174 0.500000
vt 0.652174 0.666667
vt 0.695652 1.000000
vt 0.695652 0.833333
vt 0.695652 0.166667
vt 0.695652 0.000000
vt 0.695652 0.333333
vt 0.695652 0.500000
vt 0.695652 0.666667
vt 0.739130 1.000000
vt 0.739130 0.833333
vt 0.739130 0.166667
vt 0.739130 0.000000
vt 0.739130 0.333333
vt 0.739130 0.500000
vt 0.739130 0.666667
vt 0.782609 1.000000
vt 0.782609 0.833333
vt 0.782609 0.166667
vt 0.782609 0.000000
vt 0.782609 0.333333
vt 0.782609 0.500000
vt 0.782609 0.666667
vt 0.826087 1.000000
vt 0.826087 0.833333
vt 0.826087 0.166667
vt 0.826087 0.000000
vt 0.826087 0.333333
vt 0.826087 0.500000
vt 0.826087 0.666667
vt 0.869565 1.000000
vt 0.869565 0.833333
vt 0.869565 0.166667
vt 0.869565 0.000000
vt 0.869565 0.333333
vt 0.869565 0.500000
vt 0.869565 0.666667
vt 0.913043 1.000000
vt 0.913043 0.833333
vt 0.913043 0.166667
vt 0.913043 0.000000
vt 0.913043 0.333333
vt 0.913043 0.500000
vt 0.913043 0.666667
vt 0.956522 1.000000
vt 0.956522 0.833333
vt 0.956522 0.166667
vt 0.956522 0.000000
vt 0.956522 0.333333
vt 0.956522 0.500000
vt 0.956522 0.666667
vt 1.000000 1.000000
vt 1.000000 0.833333
vt 1.000000 0.166667
vt 1.000000 0.000000
vt 1.000000 0.333333
vt 1.000000 0.500000
vt 1.000000 0.666667
s 1
usemtl Material.001
f 3264/3701/3262 3270/3702/3262 3275/3703/3267 3269/3704/3267
f 3265/3705/3263 3271/3706/3263 3270/3707/3262 3264/3708/3262
f 3266/3709/3264 3272/3710/3264 3271/3706/3263 3265/3705/3263
f 3267/3711/3265 3273/3712/3265 3272/3710/3264 3266/3709/3264
f 3268/3713/3266 3274/3714/3266 3273/3712/3265 3267/3711/3265
f 3269/3704/3267 3275/3703/3267 3274/3714/3266 3268/3713/3266
f 3270/3702/3262 3276/3715/3262 3281/3716/3267 3275/3703/3267
f 3271/3706/3263 3277/3717/3263 3276/3718/3262 3270/3707/3262
f 3272/3710/3264 3278/3719/3264 3277/3717/3263 3271/3706/3263
f 3273/3712/3265 3279/3720/3265 3278/3719/3264 3272/3710/3264
f 3274/3714/3266 3280/3721/3266 3279/3720/3265 3273/3712/3265
f 3275/3703/3267 3281/3716/3267 3280/3721/3266 3274/3714/3266
f 3276/3715/3262 3282/3722/3262 3287/3723/3267 3281/3716/3267
f 3277/3717/3263 3283/3724/3263 3282/3725/3262 3276/3718/3262
f 3278/3719/3264 3284/3726/3264 3283/3724/3263 3277/3717/3263
f 3279/3720/3265 3285/3727/3265 3284/3726/3264 3278/3719/3264
f 3280/3721/3266 3286/3728/3266 3285/3727/3265 3279/3720/3265
f 3281/3716/3267 3287/3723/3267 3286/3728/3266 3280/3721/3266
f 3282/3722/3262 3288/3729/3262 3293/3730/3267 3287/3723/3267
f 3283/3724/3263 3289/3731/3263 3288/3732/3262 3282/3725/3262
f 3284/3726/3264 3290/3733/3264 3289/3731/3263 3283/3724/3263
f 3285/3727/3265 3291/3734/3265 3290/3733/3264 3284/3726/3264
f 3286/3728/3266 3292/3735/3266 3291/3734/3265 3285/3727/3265
f 3287/3723/3267 3293/3730/3267 3292/3735/3266 3286/3728/3266
f 3288/3729/3262 3294/3736/3262 3299/3737/3267 3293/3730/3267
f 3289/3731/3263 3295/3738/3263 3294/3739/3262 3288/3732/3262
f 3290/3733/3264 3296/3740/3264 3295/3738/3263 3289/3731/3263
f 3291/3734/3265 3297/3741/3265 3296/3740/3264 3290/3733/3264
f 3292/3735/3266 3298/3742/3266 3297/3741/3265 3291/3734/3265
f 3293/3730/3267 3299/3737/3267 3298/3742/3266 3292/3735/3266
f 3294/3736/3262 3300/3743/3262 3305/3744/3267 3299/3737/3267
f 3295/3738/3263 3301/3745/3263 3300/3746/3262 3294/3739/3262
f 3296/3740/3264 3302/3747/3264 3301/3745/3263 3295/3738/3263
f 3297/3741/3265 3303/3748/3265 3302/3747/3264 3296/3740/3264
f 3298/3742/3266 3304/3749/3266 3303/3748/3265 3297/3741/3265
f 3299/3737/3267 3305/3744/3267 3304/3749/3266 3298/3742/3266
f 3300/3743/3262 3306/3750/3262 3311/3751/3267 3305/3744/3267
f 3301/3745/3263 3307/3752/3263 3306/3753/3262 3300/3746/3262
f 3302/3747/3264 3308/3754/3264 3307/3752/3263 3301/3745/3263
f 3303/3748/3265 3309/3755/3265 3308/3754/3264 3302/3747/3264
f 3304/3749/3266 3310/3756/3266 3309/3755/3265 3303/3748/3265
f 3305/3744/3267 3311/3751/3267 3310/3756/3266 3304/3749/3266
f 3306/3750/3262 3312/3757/3262 3317/3758/3267 3311/3751/3267
f 3307/3752/3263 3313/3759/3263 3312/3760/3262 3306/3753/3262
f 3308/3754/3264 3314/3761/3264 3313/3759/3263 3307/3752/3263
f 3309/3755/3265 3315/3762/3265 3314/3761/3264 3308/3754/3264
f 3310/3756/3266 3316/3763/3266 3315/3762/3265 3309/3755/3265
f 3311/3751/3267 3317/3758/3267 3316/3763/3266 3310/3756/3266
f 3312/3757/3262 3318/3764/3262 3323/3765/3267 3317/3758/3267
f 3313/3759/3263 3319/3766/3263 3318/3767/3262 3312/3760/3262
f 3314/3761/3264 3320/3768/3264 3319/3766/3263 3313/3759/3263
f 3315/3762/3265 3321/3769/3265 3320/3768/3264 3314/3761/3264
f 3316/3763/3266 3322/3770/3266 3321/3769/3265 3315/3762/3265
f 3317/3758/3267 3323/3765/3267 3322/3770/3266 3316/3763/3266
f 3318/3764/3262 3324/3771/3268 3329/3772/3273 3323/3765/3267
f 3319/3766/3263 3325/3773/3269 3324/3774/3268 3318/3767/3262
f 3320/3768/3264 3326/3775/3270 3325/3773/3269 3319/3766/3263
f 3321/3769/3265 3327/3776/3271 3326/3775/3270 3320/3768/3264
f 3322/3770/3266 3328/3777/3272 3327/3776/3271 3321/3769/3265
f 3323/3765/3267 3329/3772/3273 3328/3777/3272 3322/3770/3266
f 3324/3771/3268 3330/3778/3274 3335/3779/3279 3329/3772/3273
f 3325/3773/3269 3331/3780/3275 3330/3781/3274 3324/3774/3268
f 3326/3775/3270 3332/3782/3276 3331/3780/3275 3325/3773/3269
f 3327/3776/3271 3333/3783/3277 3332/3782/3276 3326/3775/3270
f 3328/3777/3272 3334/3784/3278 3333/3783/3277 3327/3776/3271
f 3329/3772/3273 3335/3779/3279 3334/3784/3278 3328/3777/3272
f 3330/3778/3274 3336/3785/3280 3341/3786/3285 3335/3779/3279
f 3331/3780/3275 3337/3787/3281 3336/3788/3280 3330/3781/3274
f 3332/3782/3276 3338/3789/3282 3337/3787/3281 3331/3780/3275
f 3333/3783/3277 3339/3790/3283 3338/3789/3282 3332/3782/3276
f 3334/3784/3278 3340/3791/3284 3339/3790/3283 3333/3783/3277
f 3335/3779/3279 3341/3786/3285 3340/3791/3284 3334/3784/3278
f 3336/3785/3280 3342/3792/3286 3347/3793/3291 3341/3786/3285
f 3337/3787/3281 3343/3794/3287 3342/3795/3286 3336/3788/3280
f 3338/3789/3282 3344/3796/3288 3343/3794/3287 3337/3787/3281
f 3339/3790/3283 3345/3797/3289 3344/3796/3288 3338/3789/3282
f 3340/3791/3284 3346/3798/3290 3345/3797/3289 3339/3790/3283
f 3341/3786/3285 3347/3793/3291 3346/3798/3290 3340/3791/3284
f 3342/3792/3286 3348/3799/3292 3353/3800/3297 3347/3793/3291
f 3343/3794/3287 3349/3801/3293 3348/3802/3292 3342/3795/3286
f 3344/3796/3288 3350/3803/3294 3349/3801/3293 3343/3794/3287
f 3345/3797/3289 3351/3804/3295 3350/3803/3294 3344/3796/3288
f 3346/3798/3290 3352/3805/3296 3351/3804/3295 3345/3797/3289
f 3347/3793/3291 3353/3800/3297 3352/3805/3296 3346/3798/3290
f 3348/3799/3292 3354/3806/3292 3359/3807/3297 3353/3800/3297
f 3349/3801/3293 3355/3808/3293 3354/3809/3292 3348/3802/3292
f 3350/3803/3294 3356/3810/3294 3355/3808/3293 3349/3801/3293
f 3351/3804/3295 3357/3811/3295 3356/3810/3294 3350/3803/3294
f 3352/3805/3296 3358/3812/3296 3357/3811/3295 3351/3804/3295
f 3353/3800/3297 3359/3807/3297 3358/3812/3296 3352/3805/3296
f 3354/3806/3292 3360/3813/3292 3365/3814/3297 3359/3807/3297
f 3355/3808/3293 3361/3815/3293 3360/3816/3292 3354/3809/3292
f 3356/3810/3294 3362/3817/3294 3361/3815/3293 3355/3808/3293
f 3357/3811/3295 3363/3818/3295 3362/3817/3294 3356/3810/3294
f 3358/3812/3296 3364/3819/3296 3363/3818/3295 3357/3811/3295
f 3359/3807/3297 3365/3814/3297 3364/3819/3296 3358/3812/3296
f 3360/3813/3292 3366/3820/3292 3371/3821/3297 3365/3814/3297
f 3361/3815/3293 3367/3822/3293 3366/3823/3292 3360/3816/3292
f 3362/3817/3294 3368/3824/3294 3367/3822/3293 3361/3815/3293
f 3363/3818/3295 3369/3825/3295 3368/3824/3294 3362/3817/3294
f 3364/3819/3296 3370/3826/3296 3369/3825/3295 3363/3818/3295
f 3365/3814/3297 3371/3821/3297 3370/3826/3296 3364/3819/3296
f 3366/3820/3292 3372/3827/3292 3377/3828/3297 3371/3821/3297
f 3367/3822/3293 3373/3829/3293 3372/3830/3292 3366/3823/3292
f 3368/3824/3294 3374/3831/3294 3373/3829/3293 3367/3822/3293
f 3369/3825/3295 3375/3832/3295 3374/3831/3294 3368/3824/3294
f 3370/3826/3296 3376/3833/3296 3375/3832/3295 3369/3825/3295
f 3371/3821/3297 3377/3828/3297 3376/3833/3296 3370/3826/3296
f 3372/3827/3292 3378/3834/3292 3383/3835/3297 3377/3828/3297
f 3373/3829/3293 3379/3836/3293 3378/3837/3292 3372/3830/3292
f 3374/3831/3294 3380/3838/3294 3379/3836/3293 3373/3829/3293
f 3375/3832/3295 3381/3839/3295 3380/3838/3294 3374/3831/3294
f 3376/3833/3296 3382/3840/3296 3381/3839/3295 3375/3832/3295
f 3377/3828/3297 3383/3835/3297 3382/3840/3296 3376/3833/3296
f 3378/3834/3292 3384/3841/3292 3389/3842/3297 3383/3835/3297
f 3379/3836/3293 3385/3843/3293 3384/3844/3292 3378/3837/3292
f 3380/3838/3294 3386/3845/3294 3385/3843/3293 3379/3836/3293
f 3381/3839/3295 3387/3846/3295 3386/3845/3294 3380/3838/3294
f 3382/3840/3296 3388/3847/3296 3387/3846/3295 3381/3839/3295
f 3383/3835/3297 3389/3842/3297 3388/3847/3296 3382/3840/3296
f 3384/3841/3292 3390/3848/3292 3395/3849/3297 3389/3842/3297
f 3385/3843/3293 3391/3850/3293 3390/3851/3292 3384/3844/3292
f 3386/3845/3294 3392/3852/3294 3391/3850/3293 3385/3843/3293
f 3387/3846/3295 3393/3853/3295 3392/3852/3294 3386/3845/3294
f 3388/3847/3296 3394/3854/3296 3393/3853/3295 3387/3846/3295
f 3389/3842/3297 3395/3849/3297 3394/3854/3296 3388/3847/3296
f 3390/3848/3292 3396/3855/3292 3401/3856/3297 3395/3849/3297
f 3391/3850/3293 3397/3857/3293 3396/3858/3292 3390/3851/3292
f 3392/3852/3294 3398/3859/3294 3397/3857/3293 3391/3850/3293
f 3393/3853/3295 3399/3860/3295 3398/3859/3294 3392/3852/3294
f 3394/3854/3296 3400/3861/3296 3399/3860/3295 3393/3853/3295
f 3395/3849/3297 3401/3856/3297 3400/3861/3296 3394/3854/3296
f 3396/3855/3292 3402/3862/3292 3407/3863/3297 3401/3856/3297
f 3397/3857/3293 3403/3864/3293 3402/3865/3292 3396/3858/3292
f 3398/3859/3294 3404/3866/3294 3403/3864/3293 3397/3857/3293
f 3399/3860/3295 3405/3867/3295 3404/3866/3294 3398/3859/3294
f 3400/3861/3296 3406/3868/3296 3405/3867/3295 3399/3860/3295
f 3401/3856/3297 3407/3863/3297 3406/3868/3296 3400/3861/3296
o NurbsPath
v -0.008660 -0.153175 1.840441
v -0.008660 -0.163175 1.840441
v -0.000000 -0.168175 1.840441
v 0.008660 -0.163175 1.840441
v 0.008660 -0.153175 1.840441
v -0.000000 -0.148175 1.840441
v -0.008660 -0.153175 1.858973
v -0.008660 -0.163175 1.858973
v -0.000000 -0.168175 1.858973
v 0.008660 -0.163175 1.858973
v 0.008660 -0.153175 1.858973
v -0.000000 -0.148175 1.858973
v -0.008660 -0.153175 1.877505
v -0.008660 -0.163175 1.877505
v -0.000000 -0.168175 1.877505
v 0.008660 -0.163175 1.877505
v 0.008660 -0.153175 1.877505
v -0.000000 -0.148175 1.877505
v -0.008660 -0.153175 1.896038
v -0.008660 -0.163175 1.896038
v -0.000000 -0.168175 1.896038
v 0.008660 -0.163175 1.896038
v 0.008660 -0.153175 1.896038
v -0.000000 -0.148175 1.896038
v -0.008660 -0.153175 1.914570
v -0.008660 -0.163175 1.914570
v -0.000000 -0.168175 1.914570
v 0.008660 -0.163175 1.914570
v 0.008660 -0.153175 1.914570
v -0.000000 -0.148175 1.914570
v -0.008660 -0.153175 1.933102
v -0.008660 -0.163175 1.933102
v -0.000000 -0.168175 1.933102
v 0.008660 -0.163175 1.933102
v 0.008660 -0.153175 1.933102
v -0.000000 -0.148175 1.933102
v -0.008660 -0.153175 1.951635
v -0.008660 -0.163175 1.951635
v -0.000000 -0.168175 1.951635
v 0.008660 -0.163175 1.951635
v 0.008660 -0.153175 1.951635
v -0.000000 -0.148175 1.951635
v -0.008660 -0.153175 1.970167
v -0.008660 -0.163175 1.970167
v -0.000000 -0.168175 1.970167
v 0.008660 -0.163175 1.970167
v 0.008660 -0.153175 1.970167
v -0.000000 -0.148175 1.970167
v -0.008660 -0.153175 1.988699
v -0.008660 -0.163175 1.988699
v -0.000000 -0.168175 1.988699
v 0.008660 -0.163175 1.988699
v 0.008660 -0.153175 1.988699
v -0.000000 -0.148175 1.988699
v -0.008660 -0.153175 2.007232
v -0.008660 -0.163175 2.007232
v -0.000000 -0.168175 2.007232
v 0.008660 -0.163175 2.007232
v 0.008660 -0.153175 2.007232
v -0.000000 -0.148175 2.007232
v -0.008660 -0.153175 2.025764
v -0.008660 -0.163175 2.025764
v -0.000000 -0.168175 2.025764
v 0.008660 -0.163175 2.025764
v 0.008660 -0.153175 2.025764
v -0.000000 -0.148175 2.025764
v -0.008660 -0.154295 2.041143
v -0.008660 -0.162056 2.047450
v -0.000000 -0.165936 2.050603
v 0.008660 -0.162056 2.047450
v 0.008660 -0.154295 2.041143
v -0.000000 -0.150415 2.037990
v -0.008660 -0.113334 2.048589
v -0.008660 -0.114362 2.058536
v -0.000000 -0.114876 2.063510
v 0.008660 -0.114362 2.058536
v 0.008660 -0.113334 2.048589
v -0.000000 -0.112819 2.043616
v -0.008660 -0.025192 2.048563
v -0.008660 -0.025192 2.058563
v -0.000000 -0.025192 2.063563
v 0.008660 -0.025192 2.058563
v 0.008660 -0.025192 2.048563
v -0.000000 -0.025192 2.043563
v -0.008660 0.063463 2.048563
v -0.008660 0.063463 2.058563
v -0.000000 0.063463 2.063563
v 0.008660 0.063463 2.058563
v 0.008660 0.063463 2.048563
v -0.000000 0.063463 2.043563
v -0.008660 0.152119 2.048563
v -0.008660 0.152119 2.058563
v -0.000000 0.152119 2.063563
v 0.008660 0.152119 2.058563
v 0.008660 0.152119 2.048563
v -0.000000 0.152119 2.043563
v -0.008660 0.240774 2.048563
v -0.008660 0.240774 2.058563
v 0.000000 0.240774 2.063563
v 0.008660 0.240774 2.058563
v 0.008660 0.240774 2.048563
v 0.000000 0.240774 2.043563
v -0.008660 0.329430 2.048563
v -0.008660 0.329430 2.058563
v 0.000000 0.329430 2.063563
v 0.008660 0.329430 2.058563
v 0.008660 0.329430 2.048563
v 0.000000 0.329430 2.043563
v -0.008660 0.418085 2.048563
v -0.008660 0.418085 2.058563
v 0.000000 0.418085 2.063563
v 0.008660 0.418085 2.058563
v 0.008660 0.418085 2.048563
v 0.000000 0.418085 2.043563
v -0.008660 0.506741 2.048563
v -0.008660 0.506741 2.058563
v 0.000000 0.506741 2.063563
v 0.008660 0.506741 2.058563
v 0.008660 0.506741 2.048563
v 0.000000 0.506741 2.043563
v -0.008660 0.595396 2.048563
v -0.008660 0.595396 2.058563
v 0.000000 0.595396 2.063563
v 0.008660 0.595396 2.058563
v 0.008660 0.595396 2.048563
v 0.000000 0.595396 2.043563
v -0.008660 0.684052 2.048563
v -0.008660 0.684052 2.058563
v 0.000000 0.684052 2.063563
v 0.008660 0.684052 2.058563
v 0.008660 0.684052 2.048563
v 0.000000 0.684052 2.043563
v -0.008660 0.772707 2.048563
v -0.008660 0.772707 2.058563
v 0.000000 0.772707 2.063563
v 0.008660 0.772707 2.058563
v 0.008660 0.772707 2.048563
v 0.000000 0.772707 2.043563
v -0.008660 0.861363 2.048563
v -0.008660 0.861363 2.058563
v 0.000000 0.861363 2.063563
v 0.008660 0.861363 2.058563
v 0.008660 0.861363 2.048563
v 0.000000 0.861363 2.043563
vn -0.8660 0.5000 -0.0000
vn -0.8660 -0.5000 -0.0000
vn -0.0000 -1.0000 -0.0000
vn 0.8660 -0.5000 -0.0000
vn 0.8660 0.5000 -0.0000
vn -0.0000 1.0000 -0.0000
vn -0.8521 0.5224 0.0326
vn -0.8573 -0.5145 0.0189
vn -0.0000 -0.9994 0.0359
vn 0.8573 -0.5145 0.0189
vn 0.8521 0.5224 0.0326
vn -0.0000 0.9982 0.0598
vn -0.9631 0.2149 -0.1621
vn -0.7997 -0.4569 0.3895
vn -0.0000 -0.7663 0.6424
vn 0.7997 -0.4569 0.3895
vn 0.9631 0.2149 -0.1621
vn -0.0000 0.8094 -0.5873
vn -0.8722 0.0410 -0.4875
vn -0.8444 -0.0648 0.5318
vn -0.0000 -0.1198 0.9928
vn 0.8444 -0.0648 0.5318
vn 0.8722 0.0410 -0.4875
vn -0.0000 0.0826 -0.9966
vn -0.8659 -0.0001 -0.5003
vn -0.8659 -0.0001 0.5003
vn -0.0000 -0.0002 1.0000
vn 0.8659 -0.0001 0.5003
vn 0.8659 -0.0001 -0.5003
vn -0.0000 -0.0002 -1.0000
vn -0.8660 -0.0000 -0.5000
vn -0.8660 -0.0000 0.5000
vn -0.0000 -0.0000 1.0000
vn 0.8660 -0.0000 0.5000
vn 0.8660 -0.0000 -0.5000
vn -0.0000 -0.0000 -1.0000
vt 0.000000 1.000000
vt 0.043478 1.000000
vt 0.043478 0.833333
vt 0.000000 0.833333
vt 0.000000 0.166667
vt 0.043478 0.166667
vt 0.043478 0.000000
vt 0.000000 0.000000
vt 0.000000 0.333333
vt 0.043478 0.333333
vt 0.000000 0.500000
vt 0.043478 0.500000
vt 0.000000 0.666667
vt 0.043478 0.666667
vt 0.086957 1.000000
vt 0.086957 0.833333
vt 0.086957 0.166667
vt 0.086957 0.000000
vt 0.086957 0.333333
vt 0.086957 0.500000
vt 0.086957 0.666667
vt 0.130435 1.000000
vt 0.130435 0.833333
vt 0.130435 0.166667
vt 0.130435 0.000000
vt 0.130435 0.333333
vt 0.130435 0.500000
vt 0.130435 0.666667
vt 0.173913 1.000000
vt 0.173913 0.833333
vt 0.173913 0.166667
vt 0.173913 0.000000
vt 0.173913 0.333333
vt 0.173913 0.500000
vt 0.173913 0.666667
vt 0.217391 1.000000
vt 0.217391 0.833333
vt 0.217391 0.166667
vt 0.217391 0.000000
vt 0.217391 0.333333
vt 0.217391 0.500000
vt 0.217391 0.666667
vt 0.260870 1.000000
vt 0.260870 0.833333
vt 0.260870 0.166667
vt 0.260870 0.000000
vt 0.260870 0.333333
vt 0.260870 0.500000
vt 0.260870 0.666667
vt 0.304348 1.000000
vt 0.304348 0.833333
vt 0.304348 0.166667
vt 0.304348 0.000000
vt 0.304348 0.333333
vt 0.304348 0.500000
vt 0.304348 0.666667
vt 0.347826 1.000000
vt 0.347826 0.833333
vt 0.347826 0.166667
vt 0.347826 0.000000
vt 0.347826 0.333333
vt 0.347826 0.500000
vt 0.347826 0.666667
vt 0.391304 1.000000
vt 0.391304 0.833333
vt 0.391304 0.166667
vt 0.391304 0.000000
vt 0.391304 0.333333
vt 0.391304 0.500000
vt 0.391304 0.666667
vt 0.434783 1.000000
vt 0.434783 0.833333
vt 0.434783 0.166667
vt 0.434783 0.000000
vt 0.434783 0.333333
vt 0.434783 0.500000
vt 0.434783 0.666667
vt 0.478261 1.000000
vt 0.478261 0.833333
vt 0.478261 0.166667
vt 0.478261 0.000000
vt 0.478261 0.333333
vt 0.478261 0.500000
vt 0.478261 0.666667
vt 0.521739 1.000000
vt 0.521739 0.833333
vt 0.521739 0.166667
vt 0.521739 0.000000
vt 0.521739 0.333333
vt 0.521739 0.500000
vt 0.521739 0.666667
vt 0.565217 1.000000
vt 0.565217 0.833333
vt 0.565217 0.166667
vt 0.565217 0.000000
vt 0.565217 0.333333
vt 0.565217 0.500000
vt 0.565217 0.666667
vt 0.608696 1.000000
vt 0.608696 0.833333
vt 0.608696 0.166667
vt 0.608696 0.000000
vt 0.608696 0.333333
vt 0.608696 0.500000
vt 0.608696 0.666667
vt 0.652174 1.000000
vt 0.652174 0.833333
vt 0.652174 0.166667
vt 0.652174 0.000000
vt 0.652174 0.333333
vt 0.652174 0.500000
vt 0.652174 0.666667
vt 0.695652 1.000000
vt 0.695652 0.833333
vt 0.695652 0.166667
vt 0.695652 0.000000
vt 0.695652 0.333333
vt 0.695652 0.500000
vt 0.695652 0.666667
vt 0.739130 1.000000
vt 0.739130 0.833333
vt 0.739130 0.166667
vt 0.739130 0.000000
vt 0.739130 0.333333
vt 0.739130 0.500000
vt 0.739130 0.666667
vt 0.782609 1.000000
vt 0.782609 0.833333
vt 0.782609 0.166667
vt 0.782609 0.000000
vt 0.782609 0.333333
vt 0.782609 0.500000
vt 0.782609 0.666667
vt 0.826087 1.000000
vt 0.826087 0.833333
vt 0.826087 0.166667
vt 0.826087 0.000000
vt 0.826087 0.333333
vt 0.826087 0.500000
vt 0.826087 0.666667
vt 0.869565 1.000000
vt 0.869565 0.833333
vt 0.869565 0.166667
vt 0.869565 0.000000
vt 0.869565 0.333333
vt 0.869565 0.500000
vt 0.869565 0.666667
vt 0.913043 1.000000
vt 0.913043 0.833333
vt 0.913043 0.166667
vt 0.913043 0.000000
vt 0.913043 0.333333
vt 0.913043 0.500000
vt 0.913043 0.666667
vt 0.956522 1.000000
vt 0.956522 0.833333
vt 0.956522 0.166667
vt 0.956522 0.000000
vt 0.956522 0.333333
vt 0.956522 0.500000
vt 0.956522 0.666667
vt 1.000000 1.000000
vt 1.000000 0.833333
vt 1.000000 0.166667
vt 1.000000 0.000000
vt 1.000000 0.333333
vt 1.000000 0.500000
vt 1.000000 0.666667
s 1
usemtl Material.001
f 3408/3869/3298 3414/3870/3298 3419/3871/3303 3413/3872/3303
f 3409/3873/3299 3415/3874/3299 3414/3875/3298 3408/3876/3298
f 3410/3877/3300 3416/3878/3300 3415/3874/3299 3409/3873/3299
f 3411/3879/3301 3417/3880/3301 3416/3878/3300 3410/3877/3300
f 3412/3881/3302 3418/3882/3302 3417/3880/3301 3411/3879/3301
f 3413/3872/3303 3419/3871/3303 3418/3882/3302 3412/3881/3302
f 3414/3870/3298 3420/3883/3298 3425/3884/3303 3419/3871/3303
f 3415/3874/3299 3421/3885/3299 3420/3886/3298 3414/3875/3298
f 3416/3878/3300 3422/3887/3300 3421/3885/3299 3415/3874/3299
f 3417/3880/3301 3423/3888/3301 3422/3887/3300 3416/3878/3300
f 3418/3882/3302 3424/3889/3302 3423/3888/3301 3417/3880/3301
f 3419/3871/3303 3425/3884/3303 3424/3889/3302 3418/3882/3302
f 3420/3883/3298 3426/3890/3298 3431/3891/3303 3425/3884/3303
f 3421/3885/3299 3427/3892/3299 3426/3893/3298 3420/3886/3298
f 3422/3887/3300 3428/3894/3300 3427/3892/3299 3421/3885/3299
f 3423/3888/3301 3429/3895/3301 3428/3894/3300 3422/3887/3300
f 3424/3889/3302 3430/3896/3302 3429/3895/3301 3423/3888/3301
f 3425/3884/3303 3431/3891/3303 3430/3896/3302 3424/3889/3302
f 3426/3890/3298 3432/3897/3298 3437/3898/3303 3431/3891/3303
f 3427/3892/3299 3433/3899/3299 3432/3900/3298 3426/3893/3298
f 3428/3894/3300 3434/3901/3300 3433/3899/3299 3427/3892/3299
f 3429/3895/3301 3435/3902/3301 3434/3901/3300 3428/3894/3300
f 3430/3896/3302 3436/3903/3302 3435/3902/3301 3429/3895/3301
f 3431/3891/3303 3437/3898/3303 3436/3903/3302 3430/3896/3302
f 3432/3897/3298 3438/3904/3298 3443/3905/3303 3437/3898/3303
f 3433/3899/3299 3439/3906/3299 3438/3907/3298 3432/3900/3298
f 3434/3901/3300 3440/3908/3300 3439/3906/3299 3433/3899/3299
f 3435/3902/3301 3441/3909/3301 3440/3908/3300 3434/3901/3300
f 3436/3903/3302 3442/3910/3302 3441/3909/3301 3435/3902/3301
f 3437/3898/3303 3443/3905/3303 3442/3910/3302 3436/3903/3302
f 3438/3904/3298 3444/3911/3298 3449/3912/3303 3443/3905/3303
f 3439/3906/3299 3445/3913/3299 3444/3914/3298 3438/3907/3298
f 3440/3908/3300 3446/3915/3300 3445/3913/3299 3439/3906/3299
f 3441/3909/3301 3447/3916/3301 3446/3915/3300 3440/3908/3300
f 3442/3910/3302 3448/3917/3302 3447/3916/3301 3441/3909/3301
f 3443/3905/3303 3449/3912/3303 3448/3917/3302 3442/3910/3302
f 3444/3911/3298 3450/3918/3298 3455/3919/3303 3449/3912/3303
f 3445/3913/3299 3451/3920/3299 3450/3921/3298 3444/3914/3298
f 3446/3915/3300 3452/3922/3300 3451/3920/3299 3445/3913/3299
f 3447/3916/3301 3453/3923/3301 3452/3922/3300 3446/3915/3300
f 3448/3917/3302 3454/3924/3302 3453/3923/3301 3447/3916/3301
f 3449/3912/3303 3455/3919/3303 3454/3924/3302 3448/3917/3302
f 3450/3918/3298 3456/3925/3298 3461/3926/3303 3455/3919/3303
f 3451/3920/3299 3457/3927/3299 3456/3928/3298 3450/3921/3298
f 3452/3922/3300 3458/3929/3300 3457/3927/3299 3451/3920/3299
f 3453/3923/3301 3459/3930/3301 3458/3929/3300 3452/3922/3300
f 3454/3924/3302 3460/3931/3302 3459/3930/3301 3453/3923/3301
f 3455/3919/3303 3461/3926/3303 3460/3931/3302 3454/3924/3302
f 3456/3925/3298 3462/3932/3298 3467/3933/3303 3461/3926/3303
f 3457/3927/3299 3463/3934/3299 3462/3935/3298 3456/3928/3298
f 3458/3929/3300 3464/3936/3300 3463/3934/3299 3457/3927/3299
f 3459/3930/3301 3465/3937/3301 3464/3936/3300 3458/3929/3300
f 3460/3931/3302 3466/3938/3302 3465/3937/3301 3459/3930/3301
f 3461/3926/3303 3467/3933/3303 3466/3938/3302 3460/3931/3302
f 3462/3932/3298 3468/3939/3304 3473/3940/3309 3467/3933/3303
f 3463/3934/3299 3469/3941/3305 3468/3942/3304 3462/3935/3298
f 3464/3936/3300 3470/3943/3306 3469/3941/3305 3463/3934/3299
f 3465/3937/3301 3471/3944/3307 3470/3943/3306 3464/3936/3300
f 3466/3938/3302 3472/3945/3308 3471/3944/3307 3465/3937/3301
f 3467/3933/3303 3473/3940/3309 3472/3945/3308 3466/3938/3302
f 3468/3939/3304 3474/3946/3310 3479/3947/3315 3473/3940/3309
f 3469/3941/3305 3475/3948/3311 3474/3949/3310 3468/3942/3304
f 3470/3943/3306 3476/3950/3312 3475/3948/3311 3469/3941/3305
f 3471/3944/3307 3477/3951/3313 3476/3950/3312 3470/3943/3306
f 3472/3945/3308 3478/3952/3314 3477/3951/3313 3471/3944/3307
f 3473/3940/3309 3479/3947/3315 3478/3952/3314 3472/3945/3308
f 3474/3946/3310 3480/3953/3316 3485/3954/3321 3479/3947/3315
f 3475/3948/3311 3481/3955/3317 3480/3956/3316 3474/3949/3310
f 3476/3950/3312 3482/3957/3318 3481/3955/3317 3475/3948/3311
f 3477/3951/3313 3483/3958/3319 3482/3957/3318 3476/3950/3312
f 3478/3952/3314 3484/3959/3320 3483/3958/3319 3477/3951/3313
f 3479/3947/3315 3485/3954/3321 3484/3959/3320 3478/3952/3314
f 3480/3953/3316 3486/3960/3322 3491/3961/3327 3485/3954/3321
f 3481/3955/3317 3487/3962/3323 3486/3963/3322 3480/3956/3316
f 3482/3957/3318 3488/3964/3324 3487/3962/3323 3481/3955/3317
f 3483/3958/3319 3489/3965/3325 3488/3964/3324 3482/3957/3318
f 3484/3959/3320 3490/3966/3326 3489/3965/3325 3483/3958/3319
f 3485/3954/3321 3491/3961/3327 3490/3966/3326 3484/3959/3320
f 3486/3960/3322 3492/3967/3328 3497/3968/3333 3491/3961/3327
f 3487/3962/3323 3493/3969/3329 3492/3970/3328 3486/3963/3322
f 3488/3964/3324 3494/3971/3330 3493/3969/3329 3487/3962/3323
f 3489/3965/3325 3495/3972/3331 3494/3971/3330 3488/3964/3324
f 3490/3966/3326 3496/3973/3332 3495/3972/3331 3489/3965/3325
f 3491/3961/3327 3497/3968/3333 3496/3973/3332 3490/3966/3326
f 3492/3967/3328 3498/3974/3328 3503/3975/3333 3497/3968/3333
f 3493/3969/3329 3499/3976/3329 3498/3977/3328 3492/3970/3328
f 3494/3971/3330 3500/3978/3330 3499/3976/3329 3493/3969/3329
f 3495/3972/3331 3501/3979/3331 3500/3978/3330 3494/3971/3330
f 3496/3973/3332 3502/3980/3332 3501/3979/3331 3495/3972/3331
f 3497/3968/3333 3503/3975/3333 3502/3980/3332 3496/3973/3332
f 3498/3974/3328 3504/3981/3328 3509/3982/3333 3503/3975/3333
f 3499/3976/3329 3505/3983/3329 3504/3984/3328 3498/3977/3328
f 3500/3978/3330 3506/3985/3330 3505/3983/3329 3499/3976/3329
f 3501/3979/3331 3507/3986/3331 3506/3985/3330 3500/3978/3330
f 3502/3980/3332 3508/3987/3332 3507/3986/3331 3501/3979/3331
f 3503/3975/3333 3509/3982/3333 3508/3987/3332 3502/3980/3332
f 3504/3981/3328 3510/3988/3328 3515/3989/3333 3509/3982/3333
f 3505/3983/3329 3511/3990/3329 3510/3991/3328 3504/3984/3328
f 3506/3985/3330 3512/3992/3330 3511/3990/3329 3505/3983/3329
f 3507/3986/3331 3513/3993/3331 3512/3992/3330 3506/3985/3330
f 3508/3987/3332 3514/3994/3332 3513/3993/3331 3507/3986/3331
f 3509/3982/3333 3515/3989/3333 3514/3994/3332 3508/3987/3332
f 3510/3988/3328 3516/3995/3328 3521/3996/3333 3515/3989/3333
f 3511/3990/3329 3517/3997/3329 3516/3998/3328 3510/3991/3328
f 3512/3992/3330 3518/3999/3330 3517/3997/3329 3511/3990/3329
f 3513/3993/3331 3519/4000/3331 3518/3999/3330 3512/3992/3330
f 3514/3994/3332 3520/4001/3332 3519/4000/3331 3513/3993/3331
f 3515/3989/3333 3521/3996/3333 3520/4001/3332 3514/3994/3332
f 3516/3995/3328 3522/4002/3328 3527/4003/3333 3521/3996/3333
f 3517/3997/3329 3523/4004/3329 3522/4005/3328 3516/3998/3328
f 3518/3999/3330 3524/4006/3330 3523/4004/3329 3517/3997/3329
f 3519/4000/3331 3525/4007/3331 3524/4006/3330 3518/3999/3330
f 3520/4001/3332 3526/4008/3332 3525/4007/3331 3519/4000/3331
f 3521/3996/3333 3527/4003/3333 3526/4008/3332 3520/4001/3332
f 3522/4002/3328 3528/4009/3328 3533/4010/3333 3527/4003/3333
f 3523/4004/3329 3529/4011/3329 3528/4012/3328 3522/4005/3328
f 3524/4006/3330 3530/4013/3330 3529/4011/3329 3523/4004/3329
f 3525/4007/3331 3531/4014/3331 3530/4013/3330 3524/4006/3330
f 3526/4008/3332 3532/4015/3332 3531/4014/3331 3525/4007/3331
f 3527/4003/3333 3533/4010/3333 3532/4015/3332 3526/4008/3332
f 3528/4009/3328 3534/4016/3328 3539/4017/3333 3533/4010/3333
f 3529/4011/3329 3535/4018/3329 3534/4019/3328 3528/4012/3328
f 3530/4013/3330 3536/4020/3330 3535/4018/3329 3529/4011/3329
f 3531/4014/3331 3537/4021/3331 3536/4020/3330 3530/4013/3330
f 3532/4015/3332 3538/4022/3332 3537/4021/3331 3531/4014/3331
f 3533/4010/3333 3539/4017/3333 3538/4022/3332 3532/4015/3332
f 3534/4016/3328 3540/4023/3328 3545/4024/3333 3539/4017/3333
f 3535/4018/3329 3541/4025/3329 3540/4026/3328 3534/4019/3328
f 3536/4020/3330 3542/4027/3330 3541/4025/3329 3535/4018/3329
f 3537/4021/3331 3543/4028/3331 3542/4027/3330 3536/4020/3330
f 3538/4022/3332 3544/4029/3332 3543/4028/3331 3537/4021/3331
f 3539/4017/3333 3545/4024/3333 3544/4029/3332 3538/4022/3332
f 3540/4023/3328 3546/4030/3328 3551/4031/3333 3545/4024/3333
f 3541/4025/3329 3547/4032/3329 3546/4033/3328 3540/4026/3328
f 3542/4027/3330 3548/4034/3330 3547/4032/3329 3541/4025/3329
f 3543/4028/3331 3549/4035/3331 3548/4034/3330 3542/4027/3330
f 3544/4029/3332 3550/4036/3332 3549/4035/3331 3543/4028/3331
f 3545/4024/3333 3551/4031/3333 3550/4036/3332 3544/4029/3332
o Cone
v 0.000000 0.851989 2.025563
v 0.028000 0.851989 2.053563
v 0.000000 0.851989 2.081563
v -0.028000 0.851989 2.053563
v 0.000000 0.907989 2.053563
vn 0.6667 0.3333 -0.6667
vn 0.6667 0.3333 0.6667
vn -0.0000 -1.0000 -0.0000
vn -0.6667 0.3333 0.6667
vn -0.6667 0.3333 -0.6667
vt 0.250000 0.490000
vt 0.250000 0.250000
vt 0.490000 0.250000
vt 0.250000 0.010000
vt 0.750000 0.490000
vt 0.990000 0.250000
vt 0.750000 0.010000
vt 0.510000 0.250000
vt 0.010000 0.250000
s 0
usemtl Material.001
f 3552/4037/3334 3556/4038/3334 3553/4039/3334
f 3553/4039/3335 3556/4038/3335 3554/4040/3335
f 3552/4041/3336 3553/4042/3336 3554/4043/3336 3555/4044/3336
f 3554/4040/3337 3556/4038/3337 3555/4045/3337
f 3555/4045/3338 3556/4038/3338 3552/4037/3338
o NurbsPath.001
v 0.170586 -0.103477 1.697056
v 0.170586 -0.103477 1.707056
v 0.179247 -0.103477 1.712056
v 0.187907 -0.103477 1.707056
v 0.187907 -0.103477 1.697056
v 0.179247 -0.103477 1.692056
v 0.170586 -0.010792 1.697056
v 0.170586 -0.010792 1.707056
v 0.179247 -0.010792 1.712056
v 0.187907 -0.010792 1.707056
v 0.187907 -0.010792 1.697056
v 0.179247 -0.010792 1.692056
v 0.170586 0.081893 1.697056
v 0.170586 0.081893 1.707056
v 0.179247 0.081893 1.712056
v 0.187907 0.081893 1.707056
v 0.187907 0.081893 1.697056
v 0.179247 0.081893 1.692056
v 0.170586 0.174579 1.697056
v 0.170586 0.174579 1.707056
v 0.179247 0.174579 1.712056
v 0.187907 0.174579 1.707056
v 0.187907 0.174579 1.697056
v 0.179247 0.174579 1.692056
v 0.170586 0.267264 1.697056
v 0.170586 0.267264 1.707056
v 0.179247 0.267264 1.712056
v 0.187907 0.267264 1.707056
v 0.187907 0.267264 1.697056
v 0.179247 0.267264 1.692056
v 0.170586 0.359949 1.697056
v 0.170586 0.359949 1.707056
v 0.179247 0.359949 1.712056
v 0.187907 0.359949 1.707056
v 0.187907 0.359949 1.697056
v 0.179247 0.359949 1.692056
v 0.170586 0.452635 1.697056
v 0.170586 0.452635 1.707056
v 0.179247 0.452635 1.712056
v 0.187907 0.452635 1.707056
v 0.187907 0.452635 1.697056
v 0.179247 0.452635 1.692056
v 0.170586 0.545320 1.697056
v 0.170586 0.545320 1.707056
v 0.179247 0.545320 1.712056
v 0.187907 0.545320 1.707056
v 0.187907 0.545320 1.697056
v 0.179247 0.545320 1.692056
v 0.170587 0.638005 1.697056
v 0.170587 0.638005 1.707056
v 0.179247 0.638005 1.712056
v 0.187907 0.638005 1.707056
v 0.187907 0.638005 1.697056
v 0.179247 0.638005 1.692056
v 0.170587 0.730691 1.697056
v 0.170587 0.730691 1.707056
v 0.179247 0.730691 1.712056
v 0.187907 0.730691 1.707056
v 0.187907 0.730691 1.697056
v 0.179247 0.730691 1.692056
v 0.170587 0.823376 1.697056
v 0.170587 0.823376 1.707056
v 0.179247 0.823376 1.712056
v 0.187907 0.823376 1.707056
v 0.187907 0.823376 1.697056
v 0.179247 0.823376 1.692056
v 0.170587 0.916061 1.697056
v 0.170587 0.916061 1.707056
v 0.179247 0.916061 1.712056
v 0.187907 0.916061 1.707056
v 0.187907 0.916061 1.697056
v 0.179247 0.916061 1.692056
vn -0.8660 -0.0000 -0.5000
vn -0.8660 -0.0000 0.5000
vn -0.0000 -0.0000 1.0000
vn 0.8660 -0.0000 0.5000
vn 0.8660 -0.0000 -0.5000
vn -0.0000 -0.0000 -1.0000
vt 0.000000 1.000000
vt 0.090909 1.000000
vt 0.090909 0.833333
vt 0.000000 0.833333
vt 0.000000 0.166667
vt 0.090909 0.166667
vt 0.090909 0.000000
vt 0.000000 0.000000
vt 0.000000 0.333333
vt 0.090909 0.333333
vt 0.000000 0.500000
vt 0.090909 0.500000
vt 0.000000 0.666667
vt 0.090909 0.666667
vt 0.181818 1.000000
vt 0.181818 0.833333
vt 0.181818 0.166667
vt 0.181818 0.000000
vt 0.181818 0.333333
vt 0.181818 0.500000
vt 0.181818 0.666667
vt 0.272727 1.000000
vt 0.272727 0.833333
vt 0.272727 0.166667
vt 0.272727 0.000000
vt 0.272727 0.333333
vt 0.272727 0.500000
vt 0.272727 0.666667
vt 0.363636 1.000000
vt 0.363636 0.833333
vt 0.363636 0.166667
vt 0.363636 0.000000
vt 0.363636 0.333333
vt 0.363636 0.500000
vt 0.363636 0.666667
vt 0.454545 1.000000
vt 0.454545 0.833333
vt 0.454545 0.166667
vt 0.454545 0.000000
vt 0.454545 0.333333
vt 0.454545 0.500000
vt 0.454545 0.666667
vt 0.545455 1.000000
vt 0.545455 0.833333
vt 0.545455 0.166667
vt 0.545455 0.000000
vt 0.545455 0.333333
vt 0.545455 0.500000
vt 0.545455 0.666667
vt 0.636364 1.000000
vt 0.636364 0.833333
vt 0.636364 0.166667
vt 0.636364 0.000000
vt 0.636364 0.333333
vt 0.636364 0.500000
vt 0.636364 0.666667
vt 0.727273 1.000000
vt 0.727273 0.833333
vt 0.727273 0.166667
vt 0.727273 0.000000
vt 0.727273 0.333333
vt 0.727273 0.500000
vt 0.727273 0.666667
vt 0.818182 1.000000
vt 0.818182 0.833333
vt 0.818182 0.166667
vt 0.818182 0.000000
vt 0.818182 0.333333
vt 0.818182 0.500000
vt 0.818182 0.666667
vt 0.909091 1.000000
vt 0.909091 0.833333
vt 0.909091 0.166667
vt 0.909091 0.000000
vt 0.909091 0.333333
vt 0.909091 0.500000
vt 0.909091 0.666667
vt 1.000000 1.000000
vt 1.000000 0.833333
vt 1.000000 0.166667
vt 1.000000 0.000000
vt 1.000000 0.333333
vt 1.000000 0.500000
vt 1.000000 0.666667
s 1
usemtl Material.001
f 3557/4046/3339 3563/4047/3339 3568/4048/3344 3562/4049/3344
f 3558/4050/3340 3564/4051/3340 3563/4052/3339 3557/4053/3339
f 3559/4054/3341 3565/4055/3341 3564/4051/3340 3558/4050/3340
f 3560/4056/3342 3566/4057/3342 3565/4055/3341 3559/4054/3341
f 3561/4058/3343 3567/4059/3343 3566/4057/3342 3560/4056/3342
f 3562/4049/3344 3568/4048/3344 3567/4059/3343 3561/4058/3343
f 3563/4047/3339 3569/4060/3339 3574/4061/3344 3568/4048/3344
f 3564/4051/3340 3570/4062/3340 3569/4063/3339 3563/4052/3339
f 3565/4055/3341 3571/4064/3341 3570/4062/3340 3564/4051/3340
f 3566/4057/3342 3572/4065/3342 3571/4064/3341 3565/4055/3341
f 3567/4059/3343 3573/4066/3343 3572/4065/3342 3566/4057/3342
f 3568/4048/3344 3574/4061/3344 3573/4066/3343 3567/4059/3343
f 3569/4060/3339 3575/4067/3339 3580/4068/3344 3574/4061/3344
f 3570/4062/3340 3576/4069/3340 3575/4070/3339 3569/4063/3339
f 3571/4064/3341 3577/4071/3341 3576/4069/3340 3570/4062/3340
f 3572/4065/3342 3578/4072/3342 3577/4071/3341 3571/4064/3341
f 3573/4066/3343 3579/4073/3343 3578/4072/3342 3572/4065/3342
f 3574/4061/3344 3580/4068/3344 3579/4073/3343 3573/4066/3343
f 3575/4067/3339 3581/4074/3339 3586/4075/3344 3580/4068/3344
f 3576/4069/3340 3582/4076/3340 3581/4077/3339 3575/4070/3339
f 3577/4071/3341 3583/4078/3341 3582/4076/3340 3576/4069/3340
f 3578/4072/3342 3584/4079/3342 3583/4078/3341 3577/4071/3341
f 3579/4073/3343 3585/4080/3343 3584/4079/3342 3578/4072/3342
f 3580/4068/3344 3586/4075/3344 3585/4080/3343 3579/4073/3343
f 3581/4074/3339 3587/4081/3339 3592/4082/3344 3586/4075/3344
f 3582/4076/3340 3588/4083/3340 3587/4084/3339 3581/4077/3339
f 3583/4078/3341 3589/4085/3341 3588/4083/3340 3582/4076/3340
f 3584/4079/3342 3590/4086/3342 3589/4085/3341 3583/4078/3341
f 3585/4080/3343 3591/4087/3343 3590/4086/3342 3584/4079/3342
f 3586/4075/3344 3592/4082/3344 3591/4087/3343 3585/4080/3343
f 3587/4081/3339 3593/4088/3339 3598/4089/3344 3592/4082/3344
f 3588/4083/3340 3594/4090/3340 3593/4091/3339 3587/4084/3339
f 3589/4085/3341 3595/4092/3341 3594/4090/3340 3588/4083/3340
f 3590/4086/3342 3596/4093/3342 3595/4092/3341 3589/4085/3341
f 3591/4087/3343 3597/4094/3343 3596/4093/3342 3590/4086/3342
f 3592/4082/3344 3598/4089/3344 3597/4094/3343 3591/4087/3343
f 3593/4088/3339 3599/4095/3339 3604/4096/3344 3598/4089/3344
f 3594/4090/3340 3600/4097/3340 3599/4098/3339 3593/4091/3339
f 3595/4092/3341 3601/4099/3341 3600/4097/3340 3594/4090/3340
f 3596/4093/3342 3602/4100/3342 3601/4099/3341 3595/4092/3341
f 3597/4094/3343 3603/4101/3343 3602/4100/3342 3596/4093/3342
f 3598/4089/3344 3604/4096/3344 3603/4101/3343 3597/4094/3343
f 3599/4095/3339 3605/4102/3339 3610/4103/3344 3604/4096/3344
f 3600/4097/3340 3606/4104/3340 3605/4105/3339 3599/4098/3339
f 3601/4099/3341 3607/4106/3341 3606/4104/3340 3600/4097/3340
f 3602/4100/3342 3608/4107/3342 3607/4106/3341 3601/4099/3341
f 3603/4101/3343 3609/4108/3343 3608/4107/3342 3602/4100/3342
f 3604/4096/3344 3610/4103/3344 3609/4108/3343 3603/4101/3343
f 3605/4102/3339 3611/4109/3339 3616/4110/3344 3610/4103/3344
f 3606/4104/3340 3612/4111/3340 3611/4112/3339 3605/4105/3339
f 3607/4106/3341 3613/4113/3341 3612/4111/3340 3606/4104/3340
f 3608/4107/3342 3614/4114/3342 3613/4113/3341 3607/4106/3341
f 3609/4108/3343 3615/4115/3343 3614/4114/3342 3608/4107/3342
f 3610/4103/3344 3616/4110/3344 3615/4115/3343 3609/4108/3343
f 3611/4109/3339 3617/4116/3339 3622/4117/3344 3616/4110/3344
f 3612/4111/3340 3618/4118/3340 3617/4119/3339 3611/4112/3339
f 3613/4113/3341 3619/4120/3341 3618/4118/3340 3612/4111/3340
f 3614/4114/3342 3620/4121/3342 3619/4120/3341 3613/4113/3341
f 3615/4115/3343 3621/4122/3343 3620/4121/3342 3614/4114/3342
f 3616/4110/3344 3622/4117/3344 3621/4122/3343 3615/4115/3343
f 3617/4116/3339 3623/4123/3339 3628/4124/3344 3622/4117/3344
f 3618/4118/3340 3624/4125/3340 3623/4126/3339 3617/4119/3339
f 3619/4120/3341 3625/4127/3341 3624/4125/3340 3618/4118/3340
f 3620/4121/3342 3626/4128/3342 3625/4127/3341 3619/4120/3341
f 3621/4122/3343 3627/4129/3343 3626/4128/3342 3620/4121/3342
f 3622/4117/3344 3628/4124/3344 3627/4129/3343 3621/4122/3343
o NurbsPath.001
v 0.170586 -0.103477 1.697056
v 0.170586 -0.103477 1.707056
v 0.179247 -0.103477 1.712056
v 0.187907 -0.103477 1.707056
v 0.187907 -0.103477 1.697056
v 0.179247 -0.103477 1.692056
v 0.170586 -0.010792 1.697056
v 0.170586 -0.010792 1.707056
v 0.179247 -0.010792 1.712056
v 0.187907 -0.010792 1.707056
v 0.187907 -0.010792 1.697056
v 0.179247 -0.010792 1.692056
v 0.170586 0.081893 1.697056
v 0.170586 0.081893 1.707056
v 0.179247 0.081893 1.712056
v 0.187907 0.081893 1.707056
v 0.187907 0.081893 1.697056
v 0.179247 0.081893 1.692056
v 0.170586 0.174579 1.697056
v 0.170586 0.174579 1.707056
v 0.179247 0.174579 1.712056
v 0.187907 0.174579 1.707056
v 0.187907 0.174579 1.697056
v 0.179247 0.174579 1.692056
v 0.170586 0.267264 1.697056
v 0.170586 0.267264 1.707056
v 0.179247 0.267264 1.712056
v 0.187907 0.267264 1.707056
v 0.187907 0.267264 1.697056
v 0.179247 0.267264 1.692056
v 0.170586 0.359949 1.697056
v 0.170586 0.359949 1.707056
v 0.179247 0.359949 1.712056
v 0.187907 0.359949 1.707056
v 0.187907 0.359949 1.697056
v 0.179247 0.359949 1.692056
v 0.170586 0.452635 1.697056
v 0.170586 0.452635 1.707056
v 0.179247 0.452635 1.712056
v 0.187907 0.452635 1.707056
v 0.187907 0.452635 1.697056
v 0.179247 0.452635 1.692056
v 0.170586 0.545320 1.697056
v 0.170586 0.545320 1.707056
v 0.179247 0.545320 1.712056
v 0.187907 0.545320 1.707056
v 0.187907 0.545320 1.697056
v 0.179247 0.545320 1.692056
v 0.170587 0.638005 1.697056
v 0.170587 0.638005 1.707056
v 0.179247 0.638005 1.712056
v 0.187907 0.638005 1.707056
v 0.187907 0.638005 1.697056
v 0.179247 0.638005 1.692056
v 0.170587 0.730691 1.697056
v 0.170587 0.730691 1.707056
v 0.179247 0.730691 1.712056
v 0.187907 0.730691 1.707056
v 0.187907 0.730691 1.697056
v 0.179247 0.730691 1.692056
v 0.170587 0.823376 1.697056
v 0.170587 0.823376 1.707056
v 0.179247 0.823376 1.712056
v 0.187907 0.823376 1.707056
v 0.187907 0.823376 1.697056
v 0.179247 0.823376 1.692056
v 0.170587 0.916061 1.697056
v 0.170587 0.916061 1.707056
v 0.179247 0.916061 1.712056
v 0.187907 0.916061 1.707056
v 0.187907 0.916061 1.697056
v 0.179247 0.916061 1.692056
vn -0.8660 -0.0000 -0.5000
vn -0.8660 -0.0000 0.5000
vn -0.0000 -0.0000 1.0000
vn 0.8660 -0.0000 0.5000
vn 0.8660 -0.0000 -0.5000
vn -0.0000 -0.0000 -1.0000
vt 0.000000 1.000000
vt 0.090909 1.000000
vt 0.090909 0.833333
vt 0.000000 0.833333
vt 0.000000 0.166667
vt 0.090909 0.166667
vt 0.090909 0.000000
vt 0.000000 0.000000
vt 0.000000 0.333333
vt 0.090909 0.333333
vt 0.000000 0.500000
vt 0.090909 0.500000
vt 0.000000 0.666667
vt 0.090909 0.666667
vt 0.181818 1.000000
vt 0.181818 0.833333
vt 0.181818 0.166667
vt 0.181818 0.000000
vt 0.181818 0.333333
vt 0.181818 0.500000
vt 0.181818 0.666667
vt 0.272727 1.000000
vt 0.272727 0.833333
vt 0.272727 0.166667
vt 0.272727 0.000000
vt 0.272727 0.333333
vt 0.272727 0.500000
vt 0.272727 0.666667
vt 0.363636 1.000000
vt 0.363636 0.833333
vt 0.363636 0.166667
vt 0.363636 0.000000
vt 0.363636 0.333333
vt 0.363636 0.500000
vt 0.363636 0.666667
vt 0.454545 1.000000
vt 0.454545 0.833333
vt 0.454545 0.166667
vt 0.454545 0.000000
vt 0.454545 0.333333
vt 0.454545 0.500000
vt 0.454545 0.666667
vt 0.545455 1.000000
vt 0.545455 0.833333
vt 0.545455 0.166667
vt 0.545455 0.000000
vt 0.545455 0.333333
vt 0.545455 0.500000
vt 0.545455 0.666667
vt 0.636364 1.000000
vt 0.636364 0.833333
vt 0.636364 0.166667
vt 0.636364 0.000000
vt 0.636364 0.333333
vt 0.636364 0.500000
vt 0.636364 0.666667
vt 0.727273 1.000000
vt 0.727273 0.833333
vt 0.727273 0.166667
vt 0.727273 0.000000
vt 0.727273 0.333333
vt 0.727273 0.500000
vt 0.727273 0.666667
vt 0.818182 1.000000
vt 0.818182 0.833333
vt 0.818182 0.166667
vt 0.818182 0.000000
vt 0.818182 0.333333
vt 0.818182 0.500000
vt 0.818182 0.666667
vt 0.909091 1.000000
vt 0.909091 0.833333
vt 0.909091 0.166667
vt 0.909091 0.000000
vt 0.909091 0.333333
vt 0.909091 0.500000
vt 0.909091 0.666667
vt 1.000000 1.000000
vt 1.000000 0.833333
vt 1.000000 0.166667
vt 1.000000 0.000000
vt 1.000000 0.333333
vt 1.000000 0.500000
vt 1.000000 0.666667
s 1
usemtl Material.001
f 3629/4130/3345 3635/4131/3345 3640/4132/3350 3634/4133/3350
f 3630/4134/3346 3636/4135/3346 3635/4136/3345 3629/4137/3345
f 3631/4138/3347 3637/4139/3347 3636/4135/3346 3630/4134/3346
f 3632/4140/3348 3638/4141/3348 3637/4139/3347 3631/4138/3347
f 3633/4142/3349 3639/4143/3349 3638/4141/3348 3632/4140/3348
f 3634/4133/3350 3640/4132/3350 3639/4143/3349 3633/4142/3349
f 3635/4131/3345 3641/4144/3345 3646/4145/3350 3640/4132/3350
f 3636/4135/3346 3642/4146/3346 3641/4147/3345 3635/4136/3345
f 3637/4139/3347 3643/4148/3347 3642/4146/3346 3636/4135/3346
f 3638/4141/3348 3644/4149/3348 3643/4148/3347 3637/4139/3347
f 3639/4143/3349 3645/4150/3349 3644/4149/3348 3638/4141/3348
f 3640/4132/3350 3646/4145/3350 3645/4150/3349 3639/4143/3349
f 3641/4144/3345 3647/4151/3345 3652/4152/3350 3646/4145/3350
f 3642/4146/3346 3648/4153/3346 3647/4154/3345 3641/4147/3345
f 3643/4148/3347 3649/4155/3347 3648/4153/3346 3642/4146/3346
f 3644/4149/3348 3650/4156/3348 3649/4155/3347 3643/4148/3347
f 3645/4150/3349 3651/4157/3349 3650/4156/3348 3644/4149/3348
f 3646/4145/3350 3652/4152/3350 3651/4157/3349 3645/4150/3349
f 3647/4151/3345 3653/4158/3345 3658/4159/3350 3652/4152/3350
f 3648/4153/3346 3654/4160/3346 3653/4161/3345 3647/4154/3345
f 3649/4155/3347 3655/4162/3347 3654/4160/3346 3648/4153/3346
f 3650/4156/3348 3656/4163/3348 3655/4162/3347 3649/4155/3347
f 3651/4157/3349 3657/4164/3349 3656/4163/3348 3650/4156/3348
f 3652/4152/3350 3658/4159/3350 3657/4164/3349 3651/4157/3349
f 3653/4158/3345 3659/4165/3345 3664/4166/3350 3658/4159/3350
f 3654/4160/3346 3660/4167/3346 3659/4168/3345 3653/4161/3345
f 3655/4162/3347 3661/4169/3347 3660/4167/3346 3654/4160/3346
f 3656/4163/3348 3662/4170/3348 3661/4169/3347 3655/4162/3347
f 3657/4164/3349 3663/4171/3349 3662/4170/3348 3656/4163/3348
f 3658/4159/3350 3664/4166/3350 3663/4171/3349 3657/4164/3349
f 3659/4165/3345 3665/4172/3345 3670/4173/3350 3664/4166/3350
f 3660/4167/3346 3666/4174/3346 3665/4175/3345 3659/4168/3345
f 3661/4169/3347 3667/4176/3347 3666/4174/3346 3660/4167/3346
f 3662/4170/3348 3668/4177/3348 3667/4176/3347 3661/4169/3347
f 3663/4171/3349 3669/4178/3349 3668/4177/3348 3662/4170/3348
f 3664/4166/3350 3670/4173/3350 3669/4178/3349 3663/4171/3349
f 3665/4172/3345 3671/4179/3345 3676/4180/3350 3670/4173/3350
f 3666/4174/3346 3672/4181/3346 3671/4182/3345 3665/4175/3345
f 3667/4176/3347 3673/4183/3347 3672/4181/3346 3666/4174/3346
f 3668/4177/3348 3674/4184/3348 3673/4183/3347 3667/4176/3347
f 3669/4178/3349 3675/4185/3349 3674/4184/3348 3668/4177/3348
f 3670/4173/3350 3676/4180/3350 3675/4185/3349 3669/4178/3349
f 3671/4179/3345 3677/4186/3345 3682/4187/3350 3676/4180/3350
f 3672/4181/3346 3678/4188/3346 3677/4189/3345 3671/4182/3345
f 3673/4183/3347 3679/4190/3347 3678/4188/3346 3672/4181/3346
f 3674/4184/3348 3680/4191/3348 3679/4190/3347 3673/4183/3347
f 3675/4185/3349 3681/4192/3349 3680/4191/3348 3674/4184/3348
f 3676/4180/3350 3682/4187/3350 3681/4192/3349 3675/4185/3349
f 3677/4186/3345 3683/4193/3345 3688/4194/3350 3682/4187/3350
f 3678/4188/3346 3684/4195/3346 3683/4196/3345 3677/4189/3345
f 3679/4190/3347 3685/4197/3347 3684/4195/3346 3678/4188/3346
f 3680/4191/3348 3686/4198/3348 3685/4197/3347 3679/4190/3347
f 3681/4192/3349 3687/4199/3349 3686/4198/3348 3680/4191/3348
f 3682/4187/3350 3688/4194/3350 3687/4199/3349 3681/4192/3349
f 3683/4193/3345 3689/4200/3345 3694/4201/3350 3688/4194/3350
f 3684/4195/3346 3690/4202/3346 3689/4203/3345 3683/4196/3345
f 3685/4197/3347 3691/4204/3347 3690/4202/3346 3684/4195/3346
f 3686/4198/3348 3692/4205/3348 3691/4204/3347 3685/4197/3347
f 3687/4199/3349 3693/4206/3349 3692/4205/3348 3686/4198/3348
f 3688/4194/3350 3694/4201/3350 3693/4206/3349 3687/4199/3349
f 3689/4200/3345 3695/4207/3345 3700/4208/3350 3694/4201/3350
f 3690/4202/3346 3696/4209/3346 3695/4210/3345 3689/4203/3345
f 3691/4204/3347 3697/4211/3347 3696/4209/3346 3690/4202/3346
f 3692/4205/3348 3698/4212/3348 3697/4211/3347 3691/4204/3347
f 3693/4206/3349 3699/4213/3349 3698/4212/3348 3692/4205/3348
f 3694/4201/3350 3700/4208/3350 3699/4213/3349 3693/4206/3349
o Cone.001
v 0.179247 0.906687 1.674056
v 0.207247 0.906687 1.702056
v 0.179247 0.906687 1.730056
v 0.151247 0.906687 1.702056
v 0.179247 0.962687 1.702056
vn 0.6667 0.3333 -0.6667
vn 0.6667 0.3333 0.6667
vn -0.0000 -1.0000 -0.0000
vn -0.6667 0.3333 0.6667
vn -0.6667 0.3333 -0.6667
vt 0.250000 0.490000
vt 0.250000 0.250000
vt 0.490000 0.250000
vt 0.250000 0.010000
vt 0.750000 0.490000
vt 0.990000 0.250000
vt 0.750000 0.010000
vt 0.510000 0.250000
vt 0.010000 0.250000
s 0
usemtl Material.001
f 3701/4214/3351 3705/4215/3351 3702/4216/3351
f 3702/4216/3352 3705/4215/3352 3703/4217/3352
f 3701/4218/3353 3702/4219/3353 3703/4220/3353 3704/4221/3353
f 3703/4217/3354 3705/4215/3354 3704/4222/3354
f 3704/4222/3355 3705/4215/3355 3701/4214/3355
o NurbsPath.002
v -0.008660 0.468265 -0.712220
v -0.008660 0.468265 -0.702220
v -0.000000 0.468265 -0.697220
v 0.008660 0.468265 -0.702220
v 0.008660 0.468265 -0.712220
v -0.000000 0.468265 -0.717220
v -0.008660 0.526630 -0.712220
v -0.008660 0.526630 -0.702220
v -0.000000 0.526630 -0.697220
v 0.008660 0.526630 -0.702220
v 0.008660 0.526630 -0.712220
v -0.000000 0.526630 -0.717220
v -0.008660 0.584995 -0.712220
v -0.008660 0.584995 -0.702220
v -0.000000 0.584995 -0.697220
v 0.008660 0.584995 -0.702220
v 0.008660 0.584995 -0.712220
v -0.000000 0.584995 -0.717220
v -0.008660 0.643360 -0.712220
v -0.008660 0.643360 -0.702220
v -0.000000 0.643360 -0.697220
v 0.008660 0.643360 -0.702220
v 0.008660 0.643360 -0.712220
v -0.000000 0.643360 -0.717220
v -0.008660 0.701725 -0.712220
v -0.008660 0.701725 -0.702220
v 0.000000 0.701725 -0.697220
v 0.008660 0.701725 -0.702220
v 0.008660 0.701725 -0.712220
v 0.000000 0.701725 -0.717220
v -0.008660 0.760090 -0.712220
v -0.008660 0.760090 -0.702220
v 0.000000 0.760090 -0.697220
v 0.008660 0.760090 -0.702220
v 0.008660 0.760090 -0.712220
v 0.000000 0.760090 -0.717220
v -0.008660 0.818455 -0.712220
v -0.008660 0.818455 -0.702220
v 0.000000 0.818455 -0.697220
v 0.008660 0.818455 -0.702220
v 0.008660 0.818455 -0.712220
v 0.000000 0.818455 -0.717220
v -0.008660 0.876820 -0.712220
v -0.008660 0.876820 -0.702220
v 0.000000 0.876820 -0.697220
v 0.008660 0.876820 -0.702220
v 0.008660 0.876820 -0.712220
v 0.000000 0.876820 -0.717220
v -0.008660 0.935185 -0.712220
v -0.008660 0.935185 -0.702220
v 0.000000 0.935185 -0.697220
v 0.008660 0.935185 -0.702220
v 0.008660 0.935185 -0.712220
v 0.000000 0.935185 -0.717220
v -0.008660 0.993550 -0.712220
v -0.008660 0.993550 -0.702220
v 0.000000 0.993550 -0.697220
v 0.008660 0.993550 -0.702220
v 0.008660 0.993550 -0.712220
v 0.000000 0.993550 -0.717220
v -0.008660 1.051915 -0.712220
v -0.008660 1.051915 -0.702220
v 0.000000 1.051915 -0.697220
v 0.008660 1.051915 -0.702220
v 0.008660 1.051915 -0.712220
v 0.000000 1.051915 -0.717220
v -0.008660 1.110280 -0.712220
v -0.008660 1.110280 -0.702220
v 0.000000 1.110280 -0.697220
v 0.008660 1.110280 -0.702220
v 0.008660 1.110280 -0.712220
v 0.000000 1.110280 -0.717220
vn -0.8660 -0.0000 -0.5000
vn -0.8660 -0.0000 0.5000
vn -0.0000 -0.0000 1.0000
vn 0.8660 -0.0000 0.5000
vn 0.8660 -0.0000 -0.5000
vn -0.0000 -0.0000 -1.0000
vt 0.000000 1.000000
vt 0.090909 1.000000
vt 0.090909 0.833333
vt 0.000000 0.833333
vt 0.000000 0.166667
vt 0.090909 0.166667
vt 0.090909 0.000000
vt 0.000000 0.000000
vt 0.000000 0.333333
vt 0.090909 0.333333
vt 0.000000 0.500000
vt 0.090909 0.500000
vt 0.000000 0.666667
vt 0.090909 0.666667
vt 0.181818 1.000000
vt 0.181818 0.833333
vt 0.181818 0.166667
vt 0.181818 0.000000
vt 0.181818 0.333333
vt 0.181818 0.500000
vt 0.181818 0.666667
vt 0.272727 1.000000
vt 0.272727 0.833333
vt 0.272727 0.166667
vt 0.272727 0.000000
vt 0.272727 0.333333
vt 0.272727 0.500000
vt 0.272727 0.666667
vt 0.363636 1.000000
vt 0.363636 0.833333
vt 0.363636 0.166667
vt 0.363636 0.000000
vt 0.363636 0.333333
vt 0.363636 0.500000
vt 0.363636 0.666667
vt 0.454545 1.000000
vt 0.454545 0.833333
vt 0.454545 0.166667
vt 0.454545 0.000000
vt 0.454545 0.333333
vt 0.454545 0.500000
vt 0.454545 0.666667
vt 0.545455 1.000000
vt 0.545455 0.833333
vt 0.545455 0.166667
vt 0.545455 0.000000
vt 0.545455 0.333333
vt 0.545455 0.500000
vt 0.545455 0.666667
vt 0.636364 1.000000
vt 0.636364 0.833333
vt 0.636364 0.166667
vt 0.636364 0.000000
vt 0.636364 0.333333
vt 0.636364 0.500000
vt 0.636364 0.666667
vt 0.727273 1.000000
vt 0.727273 0.833333
vt 0.727273 0.166667
vt 0.727273 0.000000
vt 0.727273 0.333333
vt 0.727273 0.500000
vt 0.727273 0.666667
vt 0.818182 1.000000
vt 0.818182 0.833333
vt 0.818182 0.166667
vt 0.818182 0.000000
vt 0.818182 0.333333
vt 0.818182 0.500000
vt 0.818182 0.666667
vt 0.909091 1.000000
vt 0.909091 0.833333
vt 0.909091 0.166667
vt 0.909091 0.000000
vt 0.909091 0.333333
vt 0.909091 0.500000
vt 0.909091 0.666667
vt 1.000000 1.000000
vt 1.000000 0.833333
vt 1.000000 0.166667
vt 1.000000 0.000000
vt 1.000000 0.333333
vt 1.000000 0.500000
vt 1.000000 0.666667
s 1
usemtl Material.001
f 3706/4223/3356 3712/4224/3356 3717/4225/3361 3711/4226/3361
f 3707/4227/3357 3713/4228/3357 3712/4229/3356 3706/4230/3356
f 3708/4231/3358 3714/4232/3358 3713/4228/3357 3707/4227/3357
f 3709/4233/3359 3715/4234/3359 3714/4232/3358 3708/4231/3358
f 3710/4235/3360 3716/4236/3360 3715/4234/3359 3709/4233/3359
f 3711/4226/3361 3717/4225/3361 3716/4236/3360 3710/4235/3360
f 3712/4224/3356 3718/4237/3356 3723/4238/3361 3717/4225/3361
f 3713/4228/3357 3719/4239/3357 3718/4240/3356 3712/4229/3356
f 3714/4232/3358 3720/4241/3358 3719/4239/3357 3713/4228/3357
f 3715/4234/3359 3721/4242/3359 3720/4241/3358 3714/4232/3358
f 3716/4236/3360 3722/4243/3360 3721/4242/3359 3715/4234/3359
f 3717/4225/3361 3723/4238/3361 3722/4243/3360 3716/4236/3360
f 3718/4237/3356 3724/4244/3356 3729/4245/3361 3723/4238/3361
f 3719/4239/3357 3725/4246/3357 3724/4247/3356 3718/4240/3356
f 3720/4241/3358 3726/4248/3358 3725/4246/3357 3719/4239/3357
f 3721/4242/3359 3727/4249/3359 3726/4248/3358 3720/4241/3358
f 3722/4243/3360 3728/4250/3360 3727/4249/3359 3721/4242/3359
f 3723/4238/3361 3729/4245/3361 3728/4250/3360 3722/4243/3360
f 3724/4244/3356 3730/4251/3356 3735/4252/3361 3729/4245/3361
f 3725/4246/3357 3731/4253/3357 3730/4254/3356 3724/4247/3356
f 3726/4248/3358 3732/4255/3358 3731/4253/3357 3725/4246/3357
f 3727/4249/3359 3733/4256/3359 3732/4255/3358 3726/4248/3358
f 3728/4250/3360 3734/4257/3360 3733/4256/3359 3727/4249/3359
f 3729/4245/3361 3735/4252/3361 3734/4257/3360 3728/4250/3360
f 3730/4251/3356 3736/4258/3356 3741/4259/3361 3735/4252/3361
f 3731/4253/3357 3737/4260/3357 3736/4261/3356 3730/4254/3356
f 3732/4255/3358 3738/4262/3358 3737/4260/3357 3731/4253/3357
f 3733/4256/3359 3739/4263/3359 3738/4262/3358 3732/4255/3358
f 3734/4257/3360 3740/4264/3360 3739/4263/3359 3733/4256/3359
f 3735/4252/3361 3741/4259/3361 3740/4264/3360 3734/4257/3360
f 3736/4258/3356 3742/4265/3356 3747/4266/3361 3741/4259/3361
f 3737/4260/3357 3743/4267/3357 3742/4268/3356 3736/4261/3356
f 3738/4262/3358 3744/4269/3358 3743/4267/3357 3737/4260/3357
f 3739/4263/3359 3745/4270/3359 3744/4269/3358 3738/4262/3358
f 3740/4264/3360 3746/4271/3360 3745/4270/3359 3739/4263/3359
f 3741/4259/3361 3747/4266/3361 3746/4271/3360 3740/4264/3360
f 3742/4265/3356 3748/4272/3356 3753/4273/3361 3747/4266/3361
f 3743/4267/3357 3749/4274/3357 3748/4275/3356 3742/4268/3356
f 3744/4269/3358 3750/4276/3358 3749/4274/3357 3743/4267/3357
f 3745/4270/3359 3751/4277/3359 3750/4276/3358 3744/4269/3358
f 3746/4271/3360 3752/4278/3360 3751/4277/3359 3745/4270/3359
f 3747/4266/3361 3753/4273/3361 3752/4278/3360 3746/4271/3360
f 3748/4272/3356 3754/4279/3356 3759/4280/3361 3753/4273/3361
f 3749/4274/3357 3755/4281/3357 3754/4282/3356 3748/4275/3356
f 3750/4276/3358 3756/4283/3358 3755/4281/3357 3749/4274/3357
f 3751/4277/3359 3757/4284/3359 3756/4283/3358 3750/4276/3358
f 3752/4278/3360 3758/4285/3360 3757/4284/3359 3751/4277/3359
f 3753/4273/3361 3759/4280/3361 3758/4285/3360 3752/4278/3360
f 3754/4279/3356 3760/4286/3356 3765/4287/3361 3759/4280/3361
f 3755/4281/3357 3761/4288/3357 3760/4289/3356 3754/4282/3356
f 3756/4283/3358 3762/4290/3358 3761/4288/3357 3755/4281/3357
f 3757/4284/3359 3763/4291/3359 3762/4290/3358 3756/4283/3358
f 3758/4285/3360 3764/4292/3360 3763/4291/3359 3757/4284/3359
f 3759/4280/3361 3765/4287/3361 3764/4292/3360 3758/4285/3360
f 3760/4286/3356 3766/4293/3356 3771/4294/3361 3765/4287/3361
f 3761/4288/3357 3767/4295/3357 3766/4296/3356 3760/4289/3356
f 3762/4290/3358 3768/4297/3358 3767/4295/3357 3761/4288/3357
f 3763/4291/3359 3769/4298/3359 3768/4297/3358 3762/4290/3358
f 3764/4292/3360 3770/4299/3360 3769/4298/3359 3763/4291/3359
f 3765/4287/3361 3771/4294/3361 3770/4299/3360 3764/4292/3360
f 3766/4293/3356 3772/4300/3356 3777/4301/3361 3771/4294/3361
f 3767/4295/3357 3773/4302/3357 3772/4303/3356 3766/4296/3356
f 3768/4297/3358 3774/4304/3358 3773/4302/3357 3767/4295/3357
f 3769/4298/3359 3775/4305/3359 3774/4304/3358 3768/4297/3358
f 3770/4299/3360 3776/4306/3360 3775/4305/3359 3769/4298/3359
f 3771/4294/3361 3777/4301/3361 3776/4306/3360 3770/4299/3360
o NurbsPath.002
v -0.008660 0.468265 -0.712220
v -0.008660 0.468265 -0.702220
v -0.000000 0.468265 -0.697220
v 0.008660 0.468265 -0.702220
v 0.008660 0.468265 -0.712220
v -0.000000 0.468265 -0.717220
v -0.008660 0.526630 -0.712220
v -0.008660 0.526630 -0.702220
v -0.000000 0.526630 -0.697220
v 0.008660 0.526630 -0.702220
v 0.008660 0.526630 -0.712220
v -0.000000 0.526630 -0.717220
v -0.008660 0.584995 -0.712220
v -0.008660 0.584995 -0.702220
v -0.000000 0.584995 -0.697220
v 0.008660 0.584995 -0.702220
v 0.008660 0.584995 -0.712220
v -0.000000 0.584995 -0.717220
v -0.008660 0.643360 -0.712220
v -0.008660 0.643360 -0.702220
v -0.000000 0.643360 -0.697220
v 0.008660 0.643360 -0.702220
v 0.008660 0.643360 -0.712220
v -0.000000 0.643360 -0.717220
v -0.008660 0.701725 -0.712220
v -0.008660 0.701725 -0.702220
v 0.000000 0.701725 -0.697220
v 0.008660 0.701725 -0.702220
v 0.008660 0.701725 -0.712220
v 0.000000 0.701725 -0.717220
v -0.008660 0.760090 -0.712220
v -0.008660 0.760090 -0.702220
v 0.000000 0.760090 -0.697220
v 0.008660 0.760090 -0.702220
v 0.008660 0.760090 -0.712220
v 0.000000 0.760090 -0.717220
v -0.008660 0.818455 -0.712220
v -0.008660 0.818455 -0.702220
v 0.000000 0.818455 -0.697220
v 0.008660 0.818455 -0.702220
v 0.008660 0.818455 -0.712220
v 0.000000 0.818455 -0.717220
v -0.008660 0.876820 -0.712220
v -0.008660 0.876820 -0.702220
v 0.000000 0.876820 -0.697220
v 0.008660 0.876820 -0.702220
v 0.008660 0.876820 -0.712220
v 0.000000 0.876820 -0.717220
v -0.008660 0.935185 -0.712220
v -0.008660 0.935185 -0.702220
v 0.000000 0.935185 -0.697220
v 0.008660 0.935185 -0.702220
v 0.008660 0.935185 -0.712220
v 0.000000 0.935185 -0.717220
v -0.008660 0.993550 -0.712220
v -0.008660 0.993550 -0.702220
v 0.000000 0.993550 -0.697220
v 0.008660 0.993550 -0.702220
v 0.008660 0.993550 -0.712220
v 0.000000 0.993550 -0.717220
v -0.008660 1.051915 -0.712220
v -0.008660 1.051915 -0.702220
v 0.000000 1.051915 -0.697220
v 0.008660 1.051915 -0.702220
v 0.008660 1.051915 -0.712220
v 0.000000 1.051915 -0.717220
v -0.008660 1.110280 -0.712220
v -0.008660 1.110280 -0.702220
v 0.000000 1.110280 -0.697220
v 0.008660 1.110280 -0.702220
v 0.008660 1.110280 -0.712220
v 0.000000 1.110280 -0.717220
vn -0.8660 -0.0000 -0.5000
vn -0.8660 -0.0000 0.5000
vn -0.0000 -0.0000 1.0000
vn 0.8660 -0.0000 0.5000
vn 0.8660 -0.0000 -0.5000
vn -0.0000 -0.0000 -1.0000
vt 0.000000 1.000000
vt 0.090909 1.000000
vt 0.090909 0.833333
vt 0.000000 0.833333
vt 0.000000 0.166667
vt 0.090909 0.166667
vt 0.090909 0.000000
vt 0.000000 0.000000
vt 0.000000 0.333333
vt 0.090909 0.333333
vt 0.000000 0.500000
vt 0.090909 0.500000
vt 0.000000 0.666667
vt 0.090909 0.666667
vt 0.181818 1.000000
vt 0.181818 0.833333
vt 0.181818 0.166667
vt 0.181818 0.000000
vt 0.181818 0.333333
vt 0.181818 0.500000
vt 0.181818 0.666667
vt 0.272727 1.000000
vt 0.272727 0.833333
vt 0.272727 0.166667
vt 0.272727 0.000000
vt 0.272727 0.333333
vt 0.272727 0.500000
vt 0.272727 0.666667
vt 0.363636 1.000000
vt 0.363636 0.833333
vt 0.363636 0.166667
vt 0.363636 0.000000
vt 0.363636 0.333333
vt 0.363636 0.500000
vt 0.363636 0.666667
vt 0.454545 1.000000
vt 0.454545 0.833333
vt 0.454545 0.166667
vt 0.454545 0.000000
vt 0.454545 0.333333
vt 0.454545 0.500000
vt 0.454545 0.666667
vt 0.545455 1.000000
vt 0.545455 0.833333
vt 0.545455 0.166667
vt 0.545455 0.000000
vt 0.545455 0.333333
vt 0.545455 0.500000
vt 0.545455 0.666667
vt 0.636364 1.000000
vt 0.636364 0.833333
vt 0.636364 0.166667
vt 0.636364 0.000000
vt 0.636364 0.333333
vt 0.636364 0.500000
vt 0.636364 0.666667
vt 0.727273 1.000000
vt 0.727273 0.833333
vt 0.727273 0.166667
vt 0.727273 0.000000
vt 0.727273 0.333333
vt 0.727273 0.500000
vt 0.727273 0.666667
vt 0.818182 1.000000
vt 0.818182 0.833333
vt 0.818182 0.166667
vt 0.818182 0.000000
vt 0.818182 0.333333
vt 0.818182 0.500000
vt 0.818182 0.666667
vt 0.909091 1.000000
vt 0.909091 0.833333
vt 0.909091 0.166667
vt 0.909091 0.000000
vt 0.909091 0.333333
vt 0.909091 0.500000
vt 0.909091 0.666667
vt 1.000000 1.000000
vt 1.000000 0.833333
vt 1.000000 0.166667
vt 1.000000 0.000000
vt 1.000000 0.333333
vt 1.000000 0.500000
vt 1.000000 0.666667
s 1
usemtl Material.001
f 3778/4307/3362 3784/4308/3362 3789/4309/3367 3783/4310/3367
f 3779/4311/3363 3785/4312/3363 3784/4313/3362 3778/4314/3362
f 3780/4315/3364 3786/4316/3364 3785/4312/3363 3779/4311/3363
f 3781/4317/3365 3787/4318/3365 3786/4316/3364 3780/4315/3364
f 3782/4319/3366 3788/4320/3366 3787/4318/3365 3781/4317/3365
f 3783/4310/3367 3789/4309/3367 3788/4320/3366 3782/4319/3366
f 3784/4308/3362 3790/4321/3362 3795/4322/3367 3789/4309/3367
f 3785/4312/3363 3791/4323/3363 3790/4324/3362 3784/4313/3362
f 3786/4316/3364 3792/4325/3364 3791/4323/3363 3785/4312/3363
f 3787/4318/3365 3793/4326/3365 3792/4325/3364 3786/4316/3364
f 3788/4320/3366 3794/4327/3366 3793/4326/3365 3787/4318/3365
f 3789/4309/3367 3795/4322/3367 3794/4327/3366 3788/4320/3366
f 3790/4321/3362 3796/4328/3362 3801/4329/3367 3795/4322/3367
f 3791/4323/3363 3797/4330/3363 3796/4331/3362 3790/4324/3362
f 3792/4325/3364 3798/4332/3364 3797/4330/3363 3791/4323/3363
f 3793/4326/3365 3799/4333/3365 3798/4332/3364 3792/4325/3364
f 3794/4327/3366 3800/4334/3366 3799/4333/3365 3793/4326/3365
f 3795/4322/3367 3801/4329/3367 3800/4334/3366 3794/4327/3366
f 3796/4328/3362 3802/4335/3362 3807/4336/3367 3801/4329/3367
f 3797/4330/3363 3803/4337/3363 3802/4338/3362 3796/4331/3362
f 3798/4332/3364 3804/4339/3364 3803/4337/3363 3797/4330/3363
f 3799/4333/3365 3805/4340/3365 3804/4339/3364 3798/4332/3364
f 3800/4334/3366 3806/4341/3366 3805/4340/3365 3799/4333/3365
f 3801/4329/3367 3807/4336/3367 3806/4341/3366 3800/4334/3366
f 3802/4335/3362 3808/4342/3362 3813/4343/3367 3807/4336/3367
f 3803/4337/3363 3809/4344/3363 3808/4345/3362 3802/4338/3362
f 3804/4339/3364 3810/4346/3364 3809/4344/3363 3803/4337/3363
f 3805/4340/3365 3811/4347/3365 3810/4346/3364 3804/4339/3364
f 3806/4341/3366 3812/4348/3366 3811/4347/3365 3805/4340/3365
f 3807/4336/3367 3813/4343/3367 3812/4348/3366 3806/4341/3366
f 3808/4342/3362 3814/4349/3362 3819/4350/3367 3813/4343/3367
f 3809/4344/3363 3815/4351/3363 3814/4352/3362 3808/4345/3362
f 3810/4346/3364 3816/4353/3364 3815/4351/3363 3809/4344/3363
f 3811/4347/3365 3817/4354/3365 3816/4353/3364 3810/4346/3364
f 3812/4348/3366 3818/4355/3366 3817/4354/3365 3811/4347/3365
f 3813/4343/3367 3819/4350/3367 3818/4355/3366 3812/4348/3366
f 3814/4349/3362 3820/4356/3362 3825/4357/3367 3819/4350/3367
f 3815/4351/3363 3821/4358/3363 3820/4359/3362 3814/4352/3362
f 3816/4353/3364 3822/4360/3364 3821/4358/3363 3815/4351/3363
f 3817/4354/3365 3823/4361/3365 3822/4360/3364 3816/4353/3364
f 3818/4355/3366 3824/4362/3366 3823/4361/3365 3817/4354/3365
f 3819/4350/3367 3825/4357/3367 3824/4362/3366 3818/4355/3366
f 3820/4356/3362 3826/4363/3362 3831/4364/3367 3825/4357/3367
f 3821/4358/3363 3827/4365/3363 3826/4366/3362 3820/4359/3362
f 3822/4360/3364 3828/4367/3364 3827/4365/3363 3821/4358/3363
f 3823/4361/3365 3829/4368/3365 3828/4367/3364 3822/4360/3364
f 3824/4362/3366 3830/4369/3366 3829/4368/3365 3823/4361/3365
f 3825/4357/3367 3831/4364/3367 3830/4369/3366 3824/4362/3366
f 3826/4363/3362 3832/4370/3362 3837/4371/3367 3831/4364/3367
f 3827/4365/3363 3833/4372/3363 3832/4373/3362 3826/4366/3362
f 3828/4367/3364 3834/4374/3364 3833/4372/3363 3827/4365/3363
f 3829/4368/3365 3835/4375/3365 3834/4374/3364 3828/4367/3364
f 3830/4369/3366 3836/4376/3366 3835/4375/3365 3829/4368/3365
f 3831/4364/3367 3837/4371/3367 3836/4376/3366 3830/4369/3366
f 3832/4370/3362 3838/4377/3362 3843/4378/3367 3837/4371/3367
f 3833/4372/3363 3839/4379/3363 3838/4380/3362 3832/4373/3362
f 3834/4374/3364 3840/4381/3364 3839/4379/3363 3833/4372/3363
f 3835/4375/3365 3841/4382/3365 3840/4381/3364 3834/4374/3364
f 3836/4376/3366 3842/4383/3366 3841/4382/3365 3835/4375/3365
f 3837/4371/3367 3843/4378/3367 3842/4383/3366 3836/4376/3366
f 3838/4377/3362 3844/4384/3362 3849/4385/3367 3843/4378/3367
f 3839/4379/3363 3845/4386/3363 3844/4387/3362 3838/4380/3362
f 3840/4381/3364 3846/4388/3364 3845/4386/3363 3839/4379/3363
f 3841/4382/3365 3847/4389/3365 3846/4388/3364 3840/4381/3364
f 3842/4383/3366 3848/4390/3366 3847/4389/3365 3841/4382/3365
f 3843/4378/3367 3849/4385/3367 3848/4390/3366 3842/4383/3366
o Cone.002
v 0.000000 1.100906 -0.735220
v 0.028000 1.100906 -0.707220
v 0.000000 1.100906 -0.679220
v -0.028000 1.100906 -0.707220
v 0.000000 1.156906 -0.707220
vn 0.6667 0.3333 -0.6667
vn 0.6667 0.3333 0.6667
vn -0.0000 -1.0000 -0.0000
vn -0.6667 0.3333 0.6667
vn -0.6667 0.3333 -0.6667
vt 0.250000 0.490000
vt 0.250000 0.250000
vt 0.490000 0.250000
vt 0.250000 0.010000
vt 0.750000 0.490000
vt 0.990000 0.250000
vt 0.750000 0.010000
vt 0.510000 0.250000
vt 0.010000 0.250000
s 0
usemtl Material.001
f 3850/4391/3368 3854/4392/3368 3851/4393/3368
f 3851/4393/3369 3854/4392/3369 3852/4394/3369
f 3850/4395/3370 3851/4396/3370 3852/4397/3370 3853/4398/3370
f 3852/4394/3371 3854/4392/3371 3853/4399/3371
f 3853/4399/3372 3854/4392/3372 3850/4391/3372
o NurbsPath.003
v -0.008660 0.352104 -2.361413
v -0.008660 0.352104 -2.351413
v -0.000000 0.352104 -2.346413
v 0.008660 0.352104 -2.351413
v 0.008660 0.352104 -2.361413
v -0.000000 0.352104 -2.366413
v -0.008660 0.410469 -2.361413
v -0.008660 0.410469 -2.351413
v -0.000000 0.410469 -2.346413
v 0.008660 0.410469 -2.351413
v 0.008660 0.410469 -2.361413
v -0.000000 0.410469 -2.366413
v -0.008660 0.468834 -2.361413
v -0.008660 0.468834 -2.351413
v -0.000000 0.468834 -2.346413
v 0.008660 0.468834 -2.351413
v 0.008660 0.468834 -2.361413
v -0.000000 0.468834 -2.366413
v -0.008660 0.527199 -2.361413
v -0.008660 0.527199 -2.351413
v -0.000000 0.527199 -2.346413
v 0.008660 0.527199 -2.351413
v 0.008660 0.527199 -2.361413
v -0.000000 0.527199 -2.366413
v -0.008660 0.585564 -2.361413
v -0.008660 0.585564 -2.351413
v 0.000000 0.585564 -2.346413
v 0.008660 0.585564 -2.351413
v 0.008660 0.585564 -2.361413
v 0.000000 0.585564 -2.366413
v -0.008660 0.643929 -2.361413
v -0.008660 0.643929 -2.351413
v 0.000000 0.643929 -2.346413
v 0.008660 0.643929 -2.351413
v 0.008660 0.643929 -2.361413
v 0.000000 0.643929 -2.366413
v -0.008660 0.702294 -2.361413
v -0.008660 0.702294 -2.351413
v 0.000000 0.702294 -2.346413
v 0.008660 0.702294 -2.351413
v 0.008660 0.702294 -2.361413
v 0.000000 0.702294 -2.366413
v -0.008660 0.760659 -2.361413
v -0.008660 0.760659 -2.351413
v 0.000000 0.760659 -2.346413
v 0.008660 0.760659 -2.351413
v 0.008660 0.760659 -2.361413
v 0.000000 0.760659 -2.366413
v -0.008660 0.819024 -2.361413
v -0.008660 0.819024 -2.351413
v 0.000000 0.819024 -2.346413
v 0.008660 0.819024 -2.351413
v 0.008660 0.819024 -2.361413
v 0.000000 0.819024 -2.366413
v -0.008660 0.877389 -2.361413
v -0.008660 0.877389 -2.351413
v 0.000000 0.877389 -2.346413
v 0.008660 0.877389 -2.351413
v 0.008660 0.877389 -2.361413
v 0.000000 0.877389 -2.366413
v -0.008660 0.935754 -2.361413
v -0.008660 0.935754 -2.351413
v 0.000000 0.935754 -2.346413
v 0.008660 0.935754 -2.351413
v 0.008660 0.935754 -2.361413
v 0.000000 0.935754 -2.366413
v -0.008660 0.994119 -2.361413
v -0.008660 0.994119 -2.351413
v 0.000000 0.994119 -2.346413
v 0.008660 0.994119 -2.351413
v 0.008660 0.994119 -2.361413
v 0.000000 0.994119 -2.366413
vn -0.8660 -0.0000 -0.5000
vn -0.8660 -0.0000 0.5000
vn -0.0000 -0.0000 1.0000
vn 0.8660 -0.0000 0.5000
vn 0.8660 -0.0000 -0.5000
vn -0.0000 -0.0000 -1.0000
vt 0.000000 1.000000
vt 0.090909 1.000000
vt 0.090909 0.833333
vt 0.000000 0.833333
vt 0.000000 0.166667
vt 0.090909 0.166667
vt 0.090909 0.000000
vt 0.000000 0.000000
vt 0.000000 0.333333
vt 0.090909 0.333333
vt 0.000000 0.500000
vt 0.090909 0.500000
vt 0.000000 0.666667
vt 0.090909 0.666667
vt 0.181818 1.000000
vt 0.181818 0.833333
vt 0.181818 0.166667
vt 0.181818 0.000000
vt 0.181818 0.333333
vt 0.181818 0.500000
vt 0.181818 0.666667
vt 0.272727 1.000000
vt 0.272727 0.833333
vt 0.272727 0.166667
vt 0.272727 0.000000
vt 0.272727 0.333333
vt 0.272727 0.500000
vt 0.272727 0.666667
vt 0.363636 1.000000
vt 0.363636 0.833333
vt 0.363636 0.166667
vt 0.363636 0.000000
vt 0.363636 0.333333
vt 0.363636 0.500000
vt 0.363636 0.666667
vt 0.454545 1.000000
vt 0.454545 0.833333
vt 0.454545 0.166667
vt 0.454545 0.000000
vt 0.454545 0.333333
vt 0.454545 0.500000
vt 0.454545 0.666667
vt 0.545455 1.000000
vt 0.545455 0.833333
vt 0.545455 0.166667
vt 0.545455 0.000000
vt 0.545455 0.333333
vt 0.545455 0.500000
vt 0.545455 0.666667
vt 0.636364 1.000000
vt 0.636364 0.833333
vt 0.636364 0.166667
vt 0.636364 0.000000
vt 0.636364 0.333333
vt 0.636364 0.500000
vt 0.636364 0.666667
vt 0.727273 1.000000
vt 0.727273 0.833333
vt 0.727273 0.166667
vt 0.727273 0.000000
vt 0.727273 0.333333
vt 0.727273 0.500000
vt 0.727273 0.666667
vt 0.818182 1.000000
vt 0.818182 0.833333
vt 0.818182 0.166667
vt 0.818182 0.000000
vt 0.818182 0.333333
vt 0.818182 0.500000
vt 0.818182 0.666667
vt 0.909091 1.000000
vt 0.909091 0.833333
vt 0.909091 0.166667
vt 0.909091 0.000000
vt 0.909091 0.333333
vt 0.909091 0.500000
vt 0.909091 0.666667
vt 1.000000 1.000000
vt 1.000000 0.833333
vt 1.000000 0.166667
vt 1.000000 0.000000
vt 1.000000 0.333333
vt 1.000000 0.500000
vt 1.000000 0.666667
s 1
usemtl Material.001
f 3855/4400/3373 3861/4401/3373 3866/4402/3378 3860/4403/3378
f 3856/4404/3374 3862/4405/3374 3861/4406/3373 3855/4407/3373
f 3857/4408/3375 3863/4409/3375 3862/4405/3374 3856/4404/3374
f 3858/4410/3376 3864/4411/3376 3863/4409/3375 3857/4408/3375
f 3859/4412/3377 3865/4413/3377 3864/4411/3376 3858/4410/3376
f 3860/4403/3378 3866/4402/3378 3865/4413/3377 3859/4412/3377
f 3861/4401/3373 3867/4414/3373 3872/4415/3378 3866/4402/3378
f 3862/4405/3374 3868/4416/3374 3867/4417/3373 3861/4406/3373
f 3863/4409/3375 3869/4418/3375 3868/4416/3374 3862/4405/3374
f 3864/4411/3376 3870/4419/3376 3869/4418/3375 3863/4409/3375
f 3865/4413/3377 3871/4420/3377 3870/4419/3376 3864/4411/3376
f 3866/4402/3378 3872/4415/3378 3871/4420/3377 3865/4413/3377
f 3867/4414/3373 3873/4421/3373 3878/4422/3378 3872/4415/3378
f 3868/4416/3374 3874/4423/3374 3873/4424/3373 3867/4417/3373
f 3869/4418/3375 3875/4425/3375 3874/4423/3374 3868/4416/3374
f 3870/4419/3376 3876/4426/3376 3875/4425/3375 3869/4418/3375
f 3871/4420/3377 3877/4427/3377 3876/4426/3376 3870/4419/3376
f 3872/4415/3378 3878/4422/3378 3877/4427/3377 3871/4420/3377
f 3873/4421/3373 3879/4428/3373 3884/4429/3378 3878/4422/3378
f 3874/4423/3374 3880/4430/3374 3879/4431/3373 3873/4424/3373
f 3875/4425/3375 3881/4432/3375 3880/4430/3374 3874/4423/3374
f 3876/4426/3376 3882/4433/3376 3881/4432/3375 3875/4425/3375
f 3877/4427/3377 3883/4434/3377 3882/4433/3376 3876/4426/3376
f 3878/4422/3378 3884/4429/3378 3883/4434/3377 3877/4427/3377
f 3879/4428/3373 3885/4435/3373 3890/4436/3378 3884/4429/3378
f 3880/4430/3374 3886/4437/3374 3885/4438/3373 3879/4431/3373
f 3881/4432/3375 3887/4439/3375 3886/4437/3374 3880/4430/3374
f 3882/4433/3376 3888/4440/3376 3887/4439/3375 3881/4432/3375
f 3883/4434/3377 3889/4441/3377 3888/4440/3376 3882/4433/3376
f 3884/4429/3378 3890/4436/3378 3889/4441/3377 3883/4434/3377
f 3885/4435/3373 3891/4442/3373 3896/4443/3378 3890/4436/3378
f 3886/4437/3374 3892/4444/3374 3891/4445/3373 3885/4438/3373
f 3887/4439/3375 3893/4446/3375 3892/4444/3374 3886/4437/3374
f 3888/4440/3376 3894/4447/3376 3893/4446/3375 3887/4439/3375
f 3889/4441/3377 3895/4448/3377 3894/4447/3376 3888/4440/3376
f 3890/4436/3378 3896/4443/3378 3895/4448/3377 3889/4441/3377
f 3891/4442/3373 3897/4449/3373 3902/4450/3378 3896/4443/3378
f 3892/4444/3374 3898/4451/3374 3897/4452/3373 3891/4445/3373
f 3893/4446/3375 3899/4453/3375 3898/4451/3374 3892/4444/3374
f 3894/4447/3376 3900/4454/3376 3899/4453/3375 3893/4446/3375
f 3895/4448/3377 3901/4455/3377 3900/4454/3376 3894/4447/3376
f 3896/4443/3378 3902/4450/3378 3901/4455/3377 3895/4448/3377
f 3897/4449/3373 3903/4456/3373 3908/4457/3378 3902/4450/3378
f 3898/4451/3374 3904/4458/3374 3903/4459/3373 3897/4452/3373
f 3899/4453/3375 3905/4460/3375 3904/4458/3374 3898/4451/3374
f 3900/4454/3376 3906/4461/3376 3905/4460/3375 3899/4453/3375
f 3901/4455/3377 3907/4462/3377 3906/4461/3376 3900/4454/3376
f 3902/4450/3378 3908/4457/3378 3907/4462/3377 3901/4455/3377
f 3903/4456/3373 3909/4463/3373 3914/4464/3378 3908/4457/3378
f 3904/4458/3374 3910/4465/3374 3909/4466/3373 3903/4459/3373
f 3905/4460/3375 3911/4467/3375 3910/4465/3374 3904/4458/3374
f 3906/4461/3376 3912/4468/3376 3911/4467/3375 3905/4460/3375
f 3907/4462/3377 3913/4469/3377 3912/4468/3376 3906/4461/3376
f 3908/4457/3378 3914/4464/3378 3913/4469/3377 3907/4462/3377
f 3909/4463/3373 3915/4470/3373 3920/4471/3378 3914/4464/3378
f 3910/4465/3374 3916/4472/3374 3915/4473/3373 3909/4466/3373
f 3911/4467/3375 3917/4474/3375 3916/4472/3374 3910/4465/3374
f 3912/4468/3376 3918/4475/3376 3917/4474/3375 3911/4467/3375
f 3913/4469/3377 3919/4476/3377 3918/4475/3376 3912/4468/3376
f 3914/4464/3378 3920/4471/3378 3919/4476/3377 3913/4469/3377
f 3915/4470/3373 3921/4477/3373 3926/4478/3378 3920/4471/3378
f 3916/4472/3374 3922/4479/3374 3921/4480/3373 3915/4473/3373
f 3917/4474/3375 3923/4481/3375 3922/4479/3374 3916/4472/3374
f 3918/4475/3376 3924/4482/3376 3923/4481/3375 3917/4474/3375
f 3919/4476/3377 3925/4483/3377 3924/4482/3376 3918/4475/3376
f 3920/4471/3378 3926/4478/3378 3925/4483/3377 3919/4476/3377
o NurbsPath.003
v -0.008660 0.352104 -2.361413
v -0.008660 0.352104 -2.351413
v -0.000000 0.352104 -2.346413
v 0.008660 0.352104 -2.351413
v 0.008660 0.352104 -2.361413
v -0.000000 0.352104 -2.366413
v -0.008660 0.410469 -2.361413
v -0.008660 0.410469 -2.351413
v -0.000000 0.410469 -2.346413
v 0.008660 0.410469 -2.351413
v 0.008660 0.410469 -2.361413
v -0.000000 0.410469 -2.366413
v -0.008660 0.468834 -2.361413
v -0.008660 0.468834 -2.351413
v -0.000000 0.468834 -2.346413
v 0.008660 0.468834 -2.351413
v 0.008660 0.468834 -2.361413
v -0.000000 0.468834 -2.366413
v -0.008660 0.527199 -2.361413
v -0.008660 0.527199 -2.351413
v -0.000000 0.527199 -2.346413
v 0.008660 0.527199 -2.351413
v 0.008660 0.527199 -2.361413
v -0.000000 0.527199 -2.366413
v -0.008660 0.585564 -2.361413
v -0.008660 0.585564 -2.351413
v 0.000000 0.585564 -2.346413
v 0.008660 0.585564 -2.351413
v 0.008660 0.585564 -2.361413
v 0.000000 0.585564 -2.366413
v -0.008660 0.643929 -2.361413
v -0.008660 0.643929 -2.351413
v 0.000000 0.643929 -2.346413
v 0.008660 0.643929 -2.351413
v 0.008660 0.643929 -2.361413
v 0.000000 0.643929 -2.366413
v -0.008660 0.702294 -2.361413
v -0.008660 0.702294 -2.351413
v 0.000000 0.702294 -2.346413
v 0.008660 0.702294 -2.351413
v 0.008660 0.702294 -2.361413
v 0.000000 0.702294 -2.366413
v -0.008660 0.760659 -2.361413
v -0.008660 0.760659 -2.351413
v 0.000000 0.760659 -2.346413
v 0.008660 0.760659 -2.351413
v 0.008660 0.760659 -2.361413
v 0.000000 0.760659 -2.366413
v -0.008660 0.819024 -2.361413
v -0.008660 0.819024 -2.351413
v 0.000000 0.819024 -2.346413
v 0.008660 0.819024 -2.351413
v 0.008660 0.819024 -2.361413
v 0.000000 0.819024 -2.366413
v -0.008660 0.877389 -2.361413
v -0.008660 0.877389 -2.351413
v 0.000000 0.877389 -2.346413
v 0.008660 0.877389 -2.351413
v 0.008660 0.877389 -2.361413
v 0.000000 0.877389 -2.366413
v -0.008660 0.935754 -2.361413
v -0.008660 0.935754 -2.351413
v 0.000000 0.935754 -2.346413
v 0.008660 0.935754 -2.351413
v 0.008660 0.935754 -2.361413
v 0.000000 0.935754 -2.366413
v -0.008660 0.994119 -2.361413
v -0.008660 0.994119 -2.351413
v 0.000000 0.994119 -2.346413
v 0.008660 0.994119 -2.351413
v 0.008660 0.994119 -2.361413
v 0.000000 0.994119 -2.366413
vn -0.8660 -0.0000 -0.5000
vn -0.8660 -0.0000 0.5000
vn -0.0000 -0.0000 1.0000
vn 0.8660 -0.0000 0.5000
vn 0.8660 -0.0000 -0.5000
vn -0.0000 -0.0000 -1.0000
vt 0.000000 1.000000
vt 0.090909 1.000000
vt 0.090909 0.833333
vt 0.000000 0.833333
vt 0.000000 0.166667
vt 0.090909 0.166667
vt 0.090909 0.000000
vt 0.000000 0.000000
vt 0.000000 0.333333
vt 0.090909 0.333333
vt 0.000000 0.500000
vt 0.090909 0.500000
vt 0.000000 0.666667
vt 0.090909 0.666667
vt 0.181818 1.000000
vt 0.181818 0.833333
vt 0.181818 0.166667
vt 0.181818 0.000000
vt 0.181818 0.333333
vt 0.181818 0.500000
vt 0.181818 0.666667
vt 0.272727 1.000000
vt 0.272727 0.833333
vt 0.272727 0.166667
vt 0.272727 0.000000
vt 0.272727 0.333333
vt 0.272727 0.500000
vt 0.272727 0.666667
vt 0.363636 1.000000
vt 0.363636 0.833333
vt 0.363636 0.166667
vt 0.363636 0.000000
vt 0.363636 0.333333
vt 0.363636 0.500000
vt 0.363636 0.666667
vt 0.454545 1.000000
vt 0.454545 0.833333
vt 0.454545 0.166667
vt 0.454545 0.000000
vt 0.454545 0.333333
vt 0.454545 0.500000
vt 0.454545 0.666667
vt 0.545455 1.000000
vt 0.545455 0.833333
vt 0.545455 0.166667
vt 0.545455 0.000000
vt 0.545455 0.333333
vt 0.545455 0.500000
vt 0.545455 0.666667
vt 0.636364 1.000000
vt 0.636364 0.833333
vt 0.636364 0.166667
vt 0.636364 0.000000
vt 0.636364 0.333333
vt 0.636364 0.500000
vt 0.636364 0.666667
vt 0.727273 1.000000
vt 0.727273 0.833333
vt 0.727273 0.166667
vt 0.727273 0.000000
vt 0.727273 0.333333
vt 0.727273 0.500000
vt 0.727273 0.666667
vt 0.818182 1.000000
vt 0.818182 0.833333
vt 0.818182 0.166667
vt 0.818182 0.000000
vt 0.818182 0.333333
vt 0.818182 0.500000
vt 0.818182 0.666667
vt 0.909091 1.000000
vt 0.909091 0.833333
vt 0.909091 0.166667
vt 0.909091 0.000000
vt 0.909091 0.333333
vt 0.909091 0.500000
vt 0.909091 0.666667
vt 1.000000 1.000000
vt 1.000000 0.833333
vt 1.000000 0.166667
vt 1.000000 0.000000
vt 1.000000 0.333333
vt 1.000000 0.500000
vt 1.000000 0.666667
s 1
usemtl Material.001
f 3927/4484/3379 3933/4485/3379 3938/4486/3384 3932/4487/3384
f 3928/4488/3380 3934/4489/3380 3933/4490/3379 3927/4491/3379
f 3929/4492/3381 3935/4493/3381 3934/4489/3380 3928/4488/3380
f 3930/4494/3382 3936/4495/3382 3935/4493/3381 3929/4492/3381
f 3931/4496/3383 3937/4497/3383 3936/4495/3382 3930/4494/3382
f 3932/4487/3384 3938/4486/3384 3937/4497/3383 3931/4496/3383
f 3933/4485/3379 3939/4498/3379 3944/4499/3384 3938/4486/3384
f 3934/4489/3380 3940/4500/3380 3939/4501/3379 3933/4490/3379
f 3935/4493/3381 3941/4502/3381 3940/4500/3380 3934/4489/3380
f 3936/4495/3382 3942/4503/3382 3941/4502/3381 3935/4493/3381
f 3937/4497/3383 3943/4504/3383 3942/4503/3382 3936/4495/3382
f 3938/4486/3384 3944/4499/3384 3943/4504/3383 3937/4497/3383
f 3939/4498/3379 3945/4505/3379 3950/4506/3384 3944/4499/3384
f 3940/4500/3380 3946/4507/3380 3945/4508/3379 3939/4501/3379
f 3941/4502/3381 3947/4509/3381 3946/4507/3380 3940/4500/3380
f 3942/4503/3382 3948/4510/3382 3947/4509/3381 3941/4502/3381
f 3943/4504/3383 3949/4511/3383 3948/4510/3382 3942/4503/3382
f 3944/4499/3384 3950/4506/3384 3949/4511/3383 3943/4504/3383
f 3945/4505/3379 3951/4512/3379 3956/4513/3384 3950/4506/3384
f 3946/4507/3380 3952/4514/3380 3951/4515/3379 3945/4508/3379
f 3947/4509/3381 3953/4516/3381 3952/4514/3380 3946/4507/3380
f 3948/4510/3382 3954/4517/3382 3953/4516/3381 3947/4509/3381
f 3949/4511/3383 3955/4518/3383 3954/4517/3382 3948/4510/3382
f 3950/4506/3384 3956/4513/3384 3955/4518/3383 3949/4511/3383
f 3951/4512/3379 3957/4519/3379 3962/4520/3384 3956/4513/3384
f 3952/4514/3380 3958/4521/3380 3957/4522/3379 3951/4515/3379
f 3953/4516/3381 3959/4523/3381 3958/4521/3380 3952/4514/3380
f 3954/4517/3382 3960/4524/3382 3959/4523/3381 3953/4516/3381
f 3955/4518/3383 3961/4525/3383 3960/4524/3382 3954/4517/3382
f 3956/4513/3384 3962/4520/3384 3961/4525/3383 3955/4518/3383
f 3957/4519/3379 3963/4526/3379 3968/4527/3384 3962/4520/3384
f 3958/4521/3380 3964/4528/3380 3963/4529/3379 3957/4522/3379
f 3959/4523/3381 3965/4530/3381 3964/4528/3380 3958/4521/3380
f 3960/4524/3382 3966/4531/3382 3965/4530/3381 3959/4523/3381
f 3961/4525/3383 3967/4532/3383 3966/4531/3382 3960/4524/3382
f 3962/4520/3384 3968/4527/3384 3967/4532/3383 3961/4525/3383
f 3963/4526/3379 3969/4533/3379 3974/4534/3384 3968/4527/3384
f 3964/4528/3380 3970/4535/3380 3969/4536/3379 3963/4529/3379
f 3965/4530/3381 3971/4537/3381 3970/4535/3380 3964/4528/3380
f 3966/4531/3382 3972/4538/3382 3971/4537/3381 3965/4530/3381
f 3967/4532/3383 3973/4539/3383 3972/4538/3382 3966/4531/3382
f 3968/4527/3384 3974/4534/3384 3973/4539/3383 3967/4532/3383
f 3969/4533/3379 3975/4540/3379 3980/4541/3384 3974/4534/3384
f 3970/4535/3380 3976/4542/3380 3975/4543/3379 3969/4536/3379
f 3971/4537/3381 3977/4544/3381 3976/4542/3380 3970/4535/3380
f 3972/4538/3382 3978/4545/3382 3977/4544/3381 3971/4537/3381
f 3973/4539/3383 3979/4546/3383 3978/4545/3382 3972/4538/3382
f 3974/4534/3384 3980/4541/3384 3979/4546/3383 3973/4539/3383
f 3975/4540/3379 3981/4547/3379 3986/4548/3384 3980/4541/3384
f 3976/4542/3380 3982/4549/3380 3981/4550/3379 3975/4543/3379
f 3977/4544/3381 3983/4551/3381 3982/4549/3380 3976/4542/3380
f 3978/4545/3382 3984/4552/3382 3983/4551/3381 3977/4544/3381
f 3979/4546/3383 3985/4553/3383 3984/4552/3382 3978/4545/3382
f 3980/4541/3384 3986/4548/3384 3985/4553/3383 3979/4546/3383
f 3981/4547/3379 3987/4554/3379 3992/4555/3384 3986/4548/3384
f 3982/4549/3380 3988/4556/3380 3987/4557/3379 3981/4550/3379
f 3983/4551/3381 3989/4558/3381 3988/4556/3380 3982/4549/3380
f 3984/4552/3382 3990/4559/3382 3989/4558/3381 3983/4551/3381
f 3985/4553/3383 3991/4560/3383 3990/4559/3382 3984/4552/3382
f 3986/4548/3384 3992/4555/3384 3991/4560/3383 3985/4553/3383
f 3987/4554/3379 3993/4561/3379 3998/4562/3384 3992/4555/3384
f 3988/4556/3380 3994/4563/3380 3993/4564/3379 3987/4557/3379
f 3989/4558/3381 3995/4565/3381 3994/4563/3380 3988/4556/3380
f 3990/4559/3382 3996/4566/3382 3995/4565/3381 3989/4558/3381
f 3991/4560/3383 3997/4567/3383 3996/4566/3382 3990/4559/3382
f 3992/4555/3384 3998/4562/3384 3997/4567/3383 3991/4560/3383
o Cone.003
v 0.000000 0.984745 -2.384413
v 0.028000 0.984745 -2.356413
v 0.000000 0.984745 -2.328413
v -0.028000 0.984745 -2.356413
v 0.000000 1.040745 -2.356413
vn 0.6667 0.3333 -0.6667
vn 0.6667 0.3333 0.6667
vn -0.0000 -1.0000 -0.0000
vn -0.6667 0.3333 0.6667
vn -0.6667 0.3333 -0.6667
vt 0.250000 0.490000
vt 0.250000 0.250000
vt 0.490000 0.250000
vt 0.250000 0.010000
vt 0.750000 0.490000
vt 0.990000 0.250000
vt 0.750000 0.010000
vt 0.510000 0.250000
vt 0.010000 0.250000
s 0
usemtl Material.001
f 3999/4568/3385 4003/4569/3385 4000/4570/3385
f 4000/4570/3386 4003/4569/3386 4001/4571/3386
f 3999/4572/3387 4000/4573/3387 4001/4574/3387 4002/4575/3387
f 4001/4571/3388 4003/4569/3388 4002/4576/3388
f 4002/4576/3389 4003/4569/3389 3999/4568/3389
o NurbsPath.004
v 0.098629 -0.415782 0.514778
v 0.098629 -0.405782 0.514778
v 0.098629 -0.400782 0.523439
v 0.098629 -0.405782 0.532099
v 0.098629 -0.415782 0.532099
v 0.098629 -0.420782 0.523439
v 0.132652 -0.415782 0.514778
v 0.132652 -0.405782 0.514778
v 0.132652 -0.400782 0.523439
v 0.132652 -0.405782 0.532099
v 0.132652 -0.415782 0.532099
v 0.132652 -0.420782 0.523439
v 0.166675 -0.415782 0.514778
v 0.166675 -0.405782 0.514778
v 0.166675 -0.400782 0.523439
v 0.166675 -0.405782 0.532099
v 0.166675 -0.415782 0.532099
v 0.166675 -0.420782 0.523439
v 0.200699 -0.415782 0.514778
v 0.200699 -0.405782 0.514778
v 0.200699 -0.400782 0.523439
v 0.200699 -0.405782 0.532099
v 0.200699 -0.415782 0.532099
v 0.200699 -0.420782 0.523439
v 0.234722 -0.415782 0.514778
v 0.234722 -0.405782 0.514778
v 0.234722 -0.400782 0.523439
v 0.234722 -0.405782 0.532099
v 0.234722 -0.415782 0.532099
v 0.234722 -0.420782 0.523439
v 0.268745 -0.415782 0.514778
v 0.268745 -0.405782 0.514778
v 0.268745 -0.400782 0.523439
v 0.268745 -0.405782 0.532099
v 0.268745 -0.415782 0.532099
v 0.268745 -0.420782 0.523439
v 0.302768 -0.415782 0.514778
v 0.302768 -0.405782 0.514778
v 0.302768 -0.400782 0.523439
v 0.302768 -0.405782 0.532099
v 0.302768 -0.415782 0.532099
v 0.302768 -0.420782 0.523439
v 0.336791 -0.415782 0.514778
v 0.336791 -0.405782 0.514778
v 0.336791 -0.400782 0.523439
v 0.336791 -0.405782 0.532099
v 0.336791 -0.415782 0.532099
v 0.336791 -0.420782 0.523439
v 0.370814 -0.415782 0.514778
v 0.370814 -0.405782 0.514778
v 0.370814 -0.400782 0.523439
v 0.370814 -0.405782 0.532099
v 0.370814 -0.415782 0.532099
v 0.370814 -0.420782 0.523439
v 0.404837 -0.415782 0.514778
v 0.404837 -0.405782 0.514778
v 0.404837 -0.400782 0.523439
v 0.404837 -0.405782 0.532099
v 0.404837 -0.415782 0.532099
v 0.404837 -0.420782 0.523439
v 0.438860 -0.415782 0.514778
v 0.438860 -0.405782 0.514778
v 0.438860 -0.400782 0.523439
v 0.438860 -0.405782 0.532099
v 0.438860 -0.415782 0.532099
v 0.438860 -0.420782 0.523439
v 0.475877 -0.414786 0.514778
v 0.469889 -0.406777 0.514778
v 0.466895 -0.402773 0.523439
v 0.469889 -0.406777 0.532099
v 0.475877 -0.414786 0.532099
v 0.478871 -0.418791 0.523439
v 0.494843 -0.353808 0.514778
v 0.484946 -0.352379 0.514778
v 0.479997 -0.351664 0.523439
v 0.484946 -0.352379 0.532099
v 0.494843 -0.353808 0.532099
v 0.499792 -0.354522 0.523439
v 0.494895 -0.237716 0.514778
v 0.484895 -0.237716 0.514778
v 0.479895 -0.237716 0.523439
v 0.484895 -0.237716 0.532099
v 0.494895 -0.237716 0.532099
v 0.499895 -0.237716 0.523439
v 0.494895 -0.122338 0.514778
v 0.484895 -0.122338 0.514778
v 0.479895 -0.122338 0.523439
v 0.484895 -0.122338 0.532099
v 0.494895 -0.122338 0.532099
v 0.499895 -0.122338 0.523439
v 0.494895 -0.006960 0.514778
v 0.484895 -0.006960 0.514778
v 0.479895 -0.006960 0.523439
v 0.484895 -0.006960 0.532099
v 0.494895 -0.006960 0.532099
v 0.499895 -0.006960 0.523439
v 0.494895 0.108417 0.514778
v 0.484895 0.108417 0.514778
v 0.479895 0.108417 0.523439
v 0.484895 0.108417 0.532099
v 0.494895 0.108417 0.532099
v 0.499895 0.108417 0.523439
v 0.494895 0.223795 0.514778
v 0.484895 0.223795 0.514778
v 0.479895 0.223795 0.523439
v 0.484895 0.223795 0.532099
v 0.494895 0.223795 0.532099
v 0.499895 0.223795 0.523439
v 0.494895 0.339173 0.514778
v 0.484895 0.339173 0.514778
v 0.479895 0.339173 0.523439
v 0.484895 0.339173 0.532099
v 0.494895 0.339173 0.532099
v 0.499895 0.339173 0.523439
v 0.494895 0.454550 0.514778
v 0.484895 0.454550 0.514778
v 0.479895 0.454550 0.523439
v 0.484895 0.454550 0.532099
v 0.494895 0.454550 0.532099
v 0.499895 0.454550 0.523439
v 0.494895 0.569928 0.514778
v 0.484895 0.569928 0.514778
v 0.479895 0.569928 0.523439
v 0.484895 0.569928 0.532099
v 0.494895 0.569928 0.532099
v 0.499895 0.569928 0.523439
v 0.494895 0.685305 0.514778
v 0.484895 0.685305 0.514778
v 0.479895 0.685305 0.523439
v 0.484895 0.685305 0.532099
v 0.494895 0.685305 0.532099
v 0.499895 0.685305 0.523439
v 0.494895 0.800683 0.514778
v 0.484895 0.800683 0.514778
v 0.479895 0.800683 0.523439
v 0.484895 0.800683 0.532099
v 0.494895 0.800683 0.532099
v 0.499895 0.800683 0.523439
v 0.494895 0.916061 0.514778
v 0.484895 0.916061 0.514778
v 0.479895 0.916061 0.523439
v 0.484895 0.916061 0.532099
v 0.494895 0.916061 0.532099
v 0.499895 0.916061 0.523439
vn -0.0000 -0.5000 -0.8660
vn -0.0000 0.5000 -0.8660
vn -0.0000 1.0000 -0.0000
vn -0.0000 0.5000 0.8660
vn -0.0000 -0.5000 0.8660
vn -0.0000 -1.0000 -0.0000
vn 0.0101 -0.5115 -0.8592
vn 0.0133 0.5147 -0.8573
vn 0.0253 0.9997 -0.0000
vn 0.0133 0.5147 0.8573
vn 0.0101 -0.5115 0.8592
vn 0.0194 -0.9998 -0.0000
vn 0.3631 -0.4751 -0.8015
vn -0.1745 0.2387 -0.9553
vn -0.5861 0.8102 -0.0000
vn -0.1745 0.2387 0.9553
vn 0.3631 -0.4751 0.8015
vn 0.6044 -0.7967 -0.0000
vn 0.5358 -0.0846 -0.8401
vn -0.4712 0.0626 -0.8798
vn -0.9914 0.1306 -0.0000
vn -0.4712 0.0626 0.8798
vn 0.5358 -0.0846 0.8401
vn 0.9879 -0.1549 -0.0000
vn 0.5005 -0.0002 -0.8657
vn -0.5005 -0.0002 -0.8657
vn -1.0000 -0.0003 -0.0000
vn -0.5005 -0.0002 0.8657
vn 0.5005 -0.0002 0.8657
vn 1.0000 -0.0003 -0.0000
vn 0.5000 -0.0000 -0.8660
vn -0.5000 -0.0000 -0.8660
vn -1.0000 -0.0000 -0.0000
vn -0.5000 -0.0000 0.8660
vn 0.5000 -0.0000 0.8660
vn 1.0000 -0.0000 -0.0000
vt 0.000000 1.000000
vt 0.043478 1.000000
vt 0.043478 0.833333
vt 0.000000 0.833333
vt 0.000000 0.166667
vt 0.043478 0.166667
vt 0.043478 0.000000
vt 0.000000 0.000000
vt 0.000000 0.333333
vt 0.043478 0.333333
vt 0.000000 0.500000
vt 0.043478 0.500000
vt 0.000000 0.666667
vt 0.043478 0.666667
vt 0.086957 1.000000
vt 0.086957 0.833333
vt 0.086957 0.166667
vt 0.086957 0.000000
vt 0.086957 0.333333
vt 0.086957 0.500000
vt 0.086957 0.666667
vt 0.130435 1.000000
vt 0.130435 0.833333
vt 0.130435 0.166667
vt 0.130435 0.000000
vt 0.130435 0.333333
vt 0.130435 0.500000
vt 0.130435 0.666667
vt 0.173913 1.000000
vt 0.173913 0.833333
vt 0.173913 0.166667
vt 0.173913 0.000000
vt 0.173913 0.333333
vt 0.173913 0.500000
vt 0.173913 0.666667
vt 0.217391 1.000000
vt 0.217391 0.833333
vt 0.217391 0.166667
vt 0.217391 0.000000
vt 0.217391 0.333333
vt 0.217391 0.500000
vt 0.217391 0.666667
vt 0.260870 1.000000
vt 0.260870 0.833333
vt 0.260870 0.166667
vt 0.260870 0.000000
vt 0.260870 0.333333
vt 0.260870 0.500000
vt 0.260870 0.666667
vt 0.304348 1.000000
vt 0.304348 0.833333
vt 0.304348 0.166667
vt 0.304348 0.000000
vt 0.304348 0.333333
vt 0.304348 0.500000
vt 0.304348 0.666667
vt 0.347826 1.000000
vt 0.347826 0.833333
vt 0.347826 0.166667
vt 0.347826 0.000000
vt 0.347826 0.333333
vt 0.347826 0.500000
vt 0.347826 0.666667
vt 0.391304 1.000000
vt 0.391304 0.833333
vt 0.391304 0.166667
vt 0.391304 0.000000
vt 0.391304 0.333333
vt 0.391304 0.500000
vt 0.391304 0.666667
vt 0.434783 1.000000
vt 0.434783 0.833333
vt 0.434783 0.166667
vt 0.434783 0.000000
vt 0.434783 0.333333
vt 0.434783 0.500000
vt 0.434783 0.666667
vt 0.478261 1.000000
vt 0.478261 0.833333
vt 0.478261 0.166667
vt 0.478261 0.000000
vt 0.478261 0.333333
vt 0.478261 0.500000
vt 0.478261 0.666667
vt 0.521739 1.000000
vt 0.521739 0.833333
vt 0.521739 0.166667
vt 0.521739 0.000000
vt 0.521739 0.333333
vt 0.521739 0.500000
vt 0.521739 0.666667
vt 0.565217 1.000000
vt 0.565217 0.833333
vt 0.565217 0.166667
vt 0.565217 0.000000
vt 0.565217 0.333333
vt 0.565217 0.500000
vt 0.565217 0.666667
vt 0.608696 1.000000
vt 0.608696 0.833333
vt 0.608696 0.166667
vt 0.608696 0.000000
vt 0.608696 0.333333
vt 0.608696 0.500000
vt 0.608696 0.666667
vt 0.652174 1.000000
vt 0.652174 0.833333
vt 0.652174 0.166667
vt 0.652174 0.000000
vt 0.652174 0.333333
vt 0.652174 0.500000
vt 0.652174 0.666667
vt 0.695652 1.000000
vt 0.695652 0.833333
vt 0.695652 0.166667
vt 0.695652 0.000000
vt 0.695652 0.333333
vt 0.695652 0.500000
vt 0.695652 0.666667
vt 0.739130 1.000000
vt 0.739130 0.833333
vt 0.739130 0.166667
vt 0.739130 0.000000
vt 0.739130 0.333333
vt 0.739130 0.500000
vt 0.739130 0.666667
vt 0.782609 1.000000
vt 0.782609 0.833333
vt 0.782609 0.166667
vt 0.782609 0.000000
vt 0.782609 0.333333
vt 0.782609 0.500000
vt 0.782609 0.666667
vt 0.826087 1.000000
vt 0.826087 0.833333
vt 0.826087 0.166667
vt 0.826087 0.000000
vt 0.826087 0.333333
vt 0.826087 0.500000
vt 0.826087 0.666667
vt 0.869565 1.000000
vt 0.869565 0.833333
vt 0.869565 0.166667
vt 0.869565 0.000000
vt 0.869565 0.333333
vt 0.869565 0.500000
vt 0.869565 0.666667
vt 0.913043 1.000000
vt 0.913043 0.833333
vt 0.913043 0.166667
vt 0.913043 0.000000
vt 0.913043 0.333333
vt 0.913043 0.500000
vt 0.913043 0.666667
vt 0.956522 1.000000
vt 0.956522 0.833333
vt 0.956522 0.166667
vt 0.956522 0.000000
vt 0.956522 0.333333
vt 0.956522 0.500000
vt 0.956522 0.666667
vt 1.000000 1.000000
vt 1.000000 0.833333
vt 1.000000 0.166667
vt 1.000000 0.000000
vt 1.000000 0.333333
vt 1.000000 0.500000
vt 1.000000 0.666667
s 1
usemtl Material.001
f 4004/4577/3390 4010/4578/3390 4015/4579/3395 4009/4580/3395
f 4005/4581/3391 4011/4582/3391 4010/4583/3390 4004/4584/3390
f 4006/4585/3392 4012/4586/3392 4011/4582/3391 4005/4581/3391
f 4007/4587/3393 4013/4588/3393 4012/4586/3392 4006/4585/3392
f 4008/4589/3394 4014/4590/3394 4013/4588/3393 4007/4587/3393
f 4009/4580/3395 4015/4579/3395 4014/4590/3394 4008/4589/3394
f 4010/4578/3390 4016/4591/3390 4021/4592/3395 4015/4579/3395
f 4011/4582/3391 4017/4593/3391 4016/4594/3390 4010/4583/3390
f 4012/4586/3392 4018/4595/3392 4017/4593/3391 4011/4582/3391
f 4013/4588/3393 4019/4596/3393 4018/4595/3392 4012/4586/3392
f 4014/4590/3394 4020/4597/3394 4019/4596/3393 4013/4588/3393
f 4015/4579/3395 4021/4592/3395 4020/4597/3394 4014/4590/3394
f 4016/4591/3390 4022/4598/3390 4027/4599/3395 4021/4592/3395
f 4017/4593/3391 4023/4600/3391 4022/4601/3390 4016/4594/3390
f 4018/4595/3392 4024/4602/3392 4023/4600/3391 4017/4593/3391
f 4019/4596/3393 4025/4603/3393 4024/4602/3392 4018/4595/3392
f 4020/4597/3394 4026/4604/3394 4025/4603/3393 4019/4596/3393
f 4021/4592/3395 4027/4599/3395 4026/4604/3394 4020/4597/3394
f 4022/4598/3390 4028/4605/3390 4033/4606/3395 4027/4599/3395
f 4023/4600/3391 4029/4607/3391 4028/4608/3390 4022/4601/3390
f 4024/4602/3392 4030/4609/3392 4029/4607/3391 4023/4600/3391
f 4025/4603/3393 4031/4610/3393 4030/4609/3392 4024/4602/3392
f 4026/4604/3394 4032/4611/3394 4031/4610/3393 4025/4603/3393
f 4027/4599/3395 4033/4606/3395 4032/4611/3394 4026/4604/3394
f 4028/4605/3390 4034/4612/3390 4039/4613/3395 4033/4606/3395
f 4029/4607/3391 4035/4614/3391 4034/4615/3390 4028/4608/3390
f 4030/4609/3392 4036/4616/3392 4035/4614/3391 4029/4607/3391
f 4031/4610/3393 4037/4617/3393 4036/4616/3392 4030/4609/3392
f 4032/4611/3394 4038/4618/3394 4037/4617/3393 4031/4610/3393
f 4033/4606/3395 4039/4613/3395 4038/4618/3394 4032/4611/3394
f 4034/4612/3390 4040/4619/3390 4045/4620/3395 4039/4613/3395
f 4035/4614/3391 4041/4621/3391 4040/4622/3390 4034/4615/3390
f 4036/4616/3392 4042/4623/3392 4041/4621/3391 4035/4614/3391
f 4037/4617/3393 4043/4624/3393 4042/4623/3392 4036/4616/3392
f 4038/4618/3394 4044/4625/3394 4043/4624/3393 4037/4617/3393
f 4039/4613/3395 4045/4620/3395 4044/4625/3394 4038/4618/3394
f 4040/4619/3390 4046/4626/3390 4051/4627/3395 4045/4620/3395
f 4041/4621/3391 4047/4628/3391 4046/4629/3390 4040/4622/3390
f 4042/4623/3392 4048/4630/3392 4047/4628/3391 4041/4621/3391
f 4043/4624/3393 4049/4631/3393 4048/4630/3392 4042/4623/3392
f 4044/4625/3394 4050/4632/3394 4049/4631/3393 4043/4624/3393
f 4045/4620/3395 4051/4627/3395 4050/4632/3394 4044/4625/3394
f 4046/4626/3390 4052/4633/3390 4057/4634/3395 4051/4627/3395
f 4047/4628/3391 4053/4635/3391 4052/4636/3390 4046/4629/3390
f 4048/4630/3392 4054/4637/3392 4053/4635/3391 4047/4628/3391
f 4049/4631/3393 4055/4638/3393 4054/4637/3392 4048/4630/3392
f 4050/4632/3394 4056/4639/3394 4055/4638/3393 4049/4631/3393
f 4051/4627/3395 4057/4634/3395 4056/4639/3394 4050/4632/3394
f 4052/4633/3390 4058/4640/3390 4063/4641/3395 4057/4634/3395
f 4053/4635/3391 4059/4642/3391 4058/4643/3390 4052/4636/3390
f 4054/4637/3392 4060/4644/3392 4059/4642/3391 4053/4635/3391
f 4055/4638/3393 4061/4645/3393 4060/4644/3392 4054/4637/3392
f 4056/4639/3394 4062/4646/3394 4061/4645/3393 4055/4638/3393
f 4057/4634/3395 4063/4641/3395 4062/4646/3394 4056/4639/3394
f 4058/4640/3390 4064/4647/3396 4069/4648/3401 4063/4641/3395
f 4059/4642/3391 4065/4649/3397 4064/4650/3396 4058/4643/3390
f 4060/4644/3392 4066/4651/3398 4065/4649/3397 4059/4642/3391
f 4061/4645/3393 4067/4652/3399 4066/4651/3398 4060/4644/3392
f 4062/4646/3394 4068/4653/3400 4067/4652/3399 4061/4645/3393
f 4063/4641/3395 4069/4648/3401 4068/4653/3400 4062/4646/3394
f 4064/4647/3396 4070/4654/3402 4075/4655/3407 4069/4648/3401
f 4065/4649/3397 4071/4656/3403 4070/4657/3402 4064/4650/3396
f 4066/4651/3398 4072/4658/3404 4071/4656/3403 4065/4649/3397
f 4067/4652/3399 4073/4659/3405 4072/4658/3404 4066/4651/3398
f 4068/4653/3400 4074/4660/3406 4073/4659/3405 4067/4652/3399
f 4069/4648/3401 4075/4655/3407 4074/4660/3406 4068/4653/3400
f 4070/4654/3402 4076/4661/3408 4081/4662/3413 4075/4655/3407
f 4071/4656/3403 4077/4663/3409 4076/4664/3408 4070/4657/3402
f 4072/4658/3404 4078/4665/3410 4077/4663/3409 4071/4656/3403
f 4073/4659/3405 4079/4666/3411 4078/4665/3410 4072/4658/3404
f 4074/4660/3406 4080/4667/3412 4079/4666/3411 4073/4659/3405
f 4075/4655/3407 4081/4662/3413 4080/4667/3412 4074/4660/3406
f 4076/4661/3408 4082/4668/3414 4087/4669/3419 4081/4662/3413
f 4077/4663/3409 4083/4670/3415 4082/4671/3414 4076/4664/3408
f 4078/4665/3410 4084/4672/3416 4083/4670/3415 4077/4663/3409
f 4079/4666/3411 4085/4673/3417 4084/4672/3416 4078/4665/3410
f 4080/4667/3412 4086/4674/3418 4085/4673/3417 4079/4666/3411
f 4081/4662/3413 4087/4669/3419 4086/4674/3418 4080/4667/3412
f 4082/4668/3414 4088/4675/3420 4093/4676/3425 4087/4669/3419
f 4083/4670/3415 4089/4677/3421 4088/4678/3420 4082/4671/3414
f 4084/4672/3416 4090/4679/3422 4089/4677/3421 4083/4670/3415
f 4085/4673/3417 4091/4680/3423 4090/4679/3422 4084/4672/3416
f 4086/4674/3418 4092/4681/3424 4091/4680/3423 4085/4673/3417
f 4087/4669/3419 4093/4676/3425 4092/4681/3424 4086/4674/3418
f 4088/4675/3420 4094/4682/3420 4099/4683/3425 4093/4676/3425
f 4089/4677/3421 4095/4684/3421 4094/4685/3420 4088/4678/3420
f 4090/4679/3422 4096/4686/3422 4095/4684/3421 4089/4677/3421
f 4091/4680/3423 4097/4687/3423 4096/4686/3422 4090/4679/3422
f 4092/4681/3424 4098/4688/3424 4097/4687/3423 4091/4680/3423
f 4093/4676/3425 4099/4683/3425 4098/4688/3424 4092/4681/3424
f 4094/4682/3420 4100/4689/3420 4105/4690/3425 4099/4683/3425
f 4095/4684/3421 4101/4691/3421 4100/4692/3420 4094/4685/3420
f 4096/4686/3422 4102/4693/3422 4101/4691/3421 4095/4684/3421
f 4097/4687/3423 4103/4694/3423 4102/4693/3422 4096/4686/3422
f 4098/4688/3424 4104/4695/3424 4103/4694/3423 4097/4687/3423
f 4099/4683/3425 4105/4690/3425 4104/4695/3424 4098/4688/3424
f 4100/4689/3420 4106/4696/3420 4111/4697/3425 4105/4690/3425
f 4101/4691/3421 4107/4698/3421 4106/4699/3420 4100/4692/3420
f 4102/4693/3422 4108/4700/3422 4107/4698/3421 4101/4691/3421
f 4103/4694/3423 4109/4701/3423 4108/4700/3422 4102/4693/3422
f 4104/4695/3424 4110/4702/3424 4109/4701/3423 4103/4694/3423
f 4105/4690/3425 4111/4697/3425 4110/4702/3424 4104/4695/3424
f 4106/4696/3420 4112/4703/3420 4117/4704/3425 4111/4697/3425
f 4107/4698/3421 4113/4705/3421 4112/4706/3420 4106/4699/3420
f 4108/4700/3422 4114/4707/3422 4113/4705/3421 4107/4698/3421
f 4109/4701/3423 4115/4708/3423 4114/4707/3422 4108/4700/3422
f 4110/4702/3424 4116/4709/3424 4115/4708/3423 4109/4701/3423
f 4111/4697/3425 4117/4704/3425 4116/4709/3424 4110/4702/3424
f 4112/4703/3420 4118/4710/3420 4123/4711/3425 4117/4704/3425
f 4113/4705/3421 4119/4712/3421 4118/4713/3420 4112/4706/3420
f 4114/4707/3422 4120/4714/3422 4119/4712/3421 4113/4705/3421
f 4115/4708/3423 4121/4715/3423 4120/4714/3422 4114/4707/3422
f 4116/4709/3424 4122/4716/3424 4121/4715/3423 4115/4708/3423
f 4117/4704/3425 4123/4711/3425 4122/4716/3424 4116/4709/3424
f 4118/4710/3420 4124/4717/3420 4129/4718/3425 4123/4711/3425
f 4119/4712/3421 4125/4719/3421 4124/4720/3420 4118/4713/3420
f 4120/4714/3422 4126/4721/3422 4125/4719/3421 4119/4712/3421
f 4121/4715/3423 4127/4722/3423 4126/4721/3422 4120/4714/3422
f 4122/4716/3424 4128/4723/3424 4127/4722/3423 4121/4715/3423
f 4123/4711/3425 4129/4718/3425 4128/4723/3424 4122/4716/3424
f 4124/4717/3420 4130/4724/3420 4135/4725/3425 4129/4718/3425
f 4125/4719/3421 4131/4726/3421 4130/4727/3420 4124/4720/3420
f 4126/4721/3422 4132/4728/3422 4131/4726/3421 4125/4719/3421
f 4127/4722/3423 4133/4729/3423 4132/4728/3422 4126/4721/3422
f 4128/4723/3424 4134/4730/3424 4133/4729/3423 4127/4722/3423
f 4129/4718/3425 4135/4725/3425 4134/4730/3424 4128/4723/3424
f 4130/4724/3420 4136/4731/3420 4141/4732/3425 4135/4725/3425
f 4131/4726/3421 4137/4733/3421 4136/4734/3420 4130/4727/3420
f 4132/4728/3422 4138/4735/3422 4137/4733/3421 4131/4726/3421
f 4133/4729/3423 4139/4736/3423 4138/4735/3422 4132/4728/3422
f 4134/4730/3424 4140/4737/3424 4139/4736/3423 4133/4729/3423
f 4135/4725/3425 4141/4732/3425 4140/4737/3424 4134/4730/3424
f 4136/4731/3420 4142/4738/3420 4147/4739/3425 4141/4732/3425
f 4137/4733/3421 4143/4740/3421 4142/4741/3420 4136/4734/3420
f 4138/4735/3422 4144/4742/3422 4143/4740/3421 4137/4733/3421
f 4139/4736/3423 4145/4743/3423 4144/4742/3422 4138/4735/3422
f 4140/4737/3424 4146/4744/3424 4145/4743/3423 4139/4736/3423
f 4141/4732/3425 4147/4739/3425 4146/4744/3424 4140/4737/3424
o NurbsPath.004
v 0.098629 -0.415782 0.514778
v 0.098629 -0.405782 0.514778
v 0.098629 -0.400782 0.523439
v 0.098629 -0.405782 0.532099
v 0.098629 -0.415782 0.532099
v 0.098629 -0.420782 0.523439
v 0.132652 -0.415782 0.514778
v 0.132652 -0.405782 0.514778
v 0.132652 -0.400782 0.523439
v 0.132652 -0.405782 0.532099
v 0.132652 -0.415782 0.532099
v 0.132652 -0.420782 0.523439
v 0.166675 -0.415782 0.514778
v 0.166675 -0.405782 0.514778
v 0.166675 -0.400782 0.523439
v 0.166675 -0.405782 0.532099
v 0.166675 -0.415782 0.532099
v 0.166675 -0.420782 0.523439
v 0.200699 -0.415782 0.514778
v 0.200699 -0.405782 0.514778
v 0.200699 -0.400782 0.523439
v 0.200699 -0.405782 0.532099
v 0.200699 -0.415782 0.532099
v 0.200699 -0.420782 0.523439
v 0.234722 -0.415782 0.514778
v 0.234722 -0.405782 0.514778
v 0.234722 -0.400782 0.523439
v 0.234722 -0.405782 0.532099
v 0.234722 -0.415782 0.532099
v 0.234722 -0.420782 0.523439
v 0.268745 -0.415782 0.514778
v 0.268745 -0.405782 0.514778
v 0.268745 -0.400782 0.523439
v 0.268745 -0.405782 0.532099
v 0.268745 -0.415782 0.532099
v 0.268745 -0.420782 0.523439
v 0.302768 -0.415782 0.514778
v 0.302768 -0.405782 0.514778
v 0.302768 -0.400782 0.523439
v 0.302768 -0.405782 0.532099
v 0.302768 -0.415782 0.532099
v 0.302768 -0.420782 0.523439
v 0.336791 -0.415782 0.514778
v 0.336791 -0.405782 0.514778
v 0.336791 -0.400782 0.523439
v 0.336791 -0.405782 0.532099
v 0.336791 -0.415782 0.532099
v 0.336791 -0.420782 0.523439
v 0.370814 -0.415782 0.514778
v 0.370814 -0.405782 0.514778
v 0.370814 -0.400782 0.523439
v 0.370814 -0.405782 0.532099
v 0.370814 -0.415782 0.532099
v 0.370814 -0.420782 0.523439
v 0.404837 -0.415782 0.514778
v 0.404837 -0.405782 0.514778
v 0.404837 -0.400782 0.523439
v 0.404837 -0.405782 0.532099
v 0.404837 -0.415782 0.532099
v 0.404837 -0.420782 0.523439
v 0.438860 -0.415782 0.514778
v 0.438860 -0.405782 0.514778
v 0.438860 -0.400782 0.523439
v 0.438860 -0.405782 0.532099
v 0.438860 -0.415782 0.532099
v 0.438860 -0.420782 0.523439
v 0.475877 -0.414786 0.514778
v 0.469889 -0.406777 0.514778
v 0.466895 -0.402773 0.523439
v 0.469889 -0.406777 0.532099
v 0.475877 -0.414786 0.532099
v 0.478871 -0.418791 0.523439
v 0.494843 -0.353808 0.514778
v 0.484946 -0.352379 0.514778
v 0.479997 -0.351664 0.523439
v 0.484946 -0.352379 0.532099
v 0.494843 -0.353808 0.532099
v 0.499792 -0.354522 0.523439
v 0.494895 -0.237716 0.514778
v 0.484895 -0.237716 0.514778
v 0.479895 -0.237716 0.523439
v 0.484895 -0.237716 0.532099
v 0.494895 -0.237716 0.532099
v 0.499895 -0.237716 0.523439
v 0.494895 -0.122338 0.514778
v 0.484895 -0.122338 0.514778
v 0.479895 -0.122338 0.523439
v 0.484895 -0.122338 0.532099
v 0.494895 -0.122338 0.532099
v 0.499895 -0.122338 0.523439
v 0.494895 -0.006960 0.514778
v 0.484895 -0.006960 0.514778
v 0.479895 -0.006960 0.523439
v 0.484895 -0.006960 0.532099
v 0.494895 -0.006960 0.532099
v 0.499895 -0.006960 0.523439
v 0.494895 0.108417 0.514778
v 0.484895 0.108417 0.514778
v 0.479895 0.108417 0.523439
v 0.484895 0.108417 0.532099
v 0.494895 0.108417 0.532099
v 0.499895 0.108417 0.523439
v 0.494895 0.223795 0.514778
v 0.484895 0.223795 0.514778
v 0.479895 0.223795 0.523439
v 0.484895 0.223795 0.532099
v 0.494895 0.223795 0.532099
v 0.499895 0.223795 0.523439
v 0.494895 0.339173 0.514778
v 0.484895 0.339173 0.514778
v 0.479895 0.339173 0.523439
v 0.484895 0.339173 0.532099
v 0.494895 0.339173 0.532099
v 0.499895 0.339173 0.523439
v 0.494895 0.454550 0.514778
v 0.484895 0.454550 0.514778
v 0.479895 0.454550 0.523439
v 0.484895 0.454550 0.532099
v 0.494895 0.454550 0.532099
v 0.499895 0.454550 0.523439
v 0.494895 0.569928 0.514778
v 0.484895 0.569928 0.514778
v 0.479895 0.569928 0.523439
v 0.484895 0.569928 0.532099
v 0.494895 0.569928 0.532099
v 0.499895 0.569928 0.523439
v 0.494895 0.685305 0.514778
v 0.484895 0.685305 0.514778
v 0.479895 0.685305 0.523439
v 0.484895 0.685305 0.532099
v 0.494895 0.685305 0.532099
v 0.499895 0.685305 0.523439
v 0.494895 0.800683 0.514778
v 0.484895 0.800683 0.514778
v 0.479895 0.800683 0.523439
v 0.484895 0.800683 0.532099
v 0.494895 0.800683 0.532099
v 0.499895 0.800683 0.523439
v 0.494895 0.916061 0.514778
v 0.484895 0.916061 0.514778
v 0.479895 0.916061 0.523439
v 0.484895 0.916061 0.532099
v 0.494895 0.916061 0.532099
v 0.499895 0.916061 0.523439
vn -0.0000 -0.5000 -0.8660
vn -0.0000 0.5000 -0.8660
vn -0.0000 1.0000 -0.0000
vn -0.0000 0.5000 0.8660
vn -0.0000 -0.5000 0.8660
vn -0.0000 -1.0000 -0.0000
vn 0.0101 -0.5115 -0.8592
vn 0.0133 0.5147 -0.8573
vn 0.0253 0.9997 -0.0000
vn 0.0133 0.5147 0.8573
vn 0.0101 -0.5115 0.8592
vn 0.0194 -0.9998 -0.0000
vn 0.3631 -0.4751 -0.8015
vn -0.1745 0.2387 -0.9553
vn -0.5861 0.8102 -0.0000
vn -0.1745 0.2387 0.9553
vn 0.3631 -0.4751 0.8015
vn 0.6044 -0.7967 -0.0000
vn 0.5358 -0.0846 -0.8401
vn -0.4712 0.0626 -0.8798
vn -0.9914 0.1306 -0.0000
vn -0.4712 0.0626 0.8798
vn 0.5358 -0.0846 0.8401
vn 0.9879 -0.1549 -0.0000
vn 0.5005 -0.0002 -0.8657
vn -0.5005 -0.0002 -0.8657
vn -1.0000 -0.0003 -0.0000
vn -0.5005 -0.0002 0.8657
vn 0.5005 -0.0002 0.8657
vn 1.0000 -0.0003 -0.0000
vn 0.5000 -0.0000 -0.8660
vn -0.5000 -0.0000 -0.8660
vn -1.0000 -0.0000 -0.0000
vn -0.5000 -0.0000 0.8660
vn 0.5000 -0.0000 0.8660
vn 1.0000 -0.0000 -0.0000
vt 0.000000 1.000000
vt 0.043478 1.000000
vt 0.043478 0.833333
vt 0.000000 0.833333
vt 0.000000 0.166667
vt 0.043478 0.166667
vt 0.043478 0.000000
vt 0.000000 0.000000
vt 0.000000 0.333333
vt 0.043478 0.333333
vt 0.000000 0.500000
vt 0.043478 0.500000
vt 0.000000 0.666667
vt 0.043478 0.666667
vt 0.086957 1.000000
vt 0.086957 0.833333
vt 0.086957 0.166667
vt 0.086957 0.000000
vt 0.086957 0.333333
vt 0.086957 0.500000
vt 0.086957 0.666667
vt 0.130435 1.000000
vt 0.130435 0.833333
vt 0.130435 0.166667
vt 0.130435 0.000000
vt 0.130435 0.333333
vt 0.130435 0.500000
vt 0.130435 0.666667
vt 0.173913 1.000000
vt 0.173913 0.833333
vt 0.173913 0.166667
vt 0.173913 0.000000
vt 0.173913 0.333333
vt 0.173913 0.500000
vt 0.173913 0.666667
vt 0.217391 1.000000
vt 0.217391 0.833333
vt 0.217391 0.166667
vt 0.217391 0.000000
vt 0.217391 0.333333
vt 0.217391 0.500000
vt 0.217391 0.666667
vt 0.260870 1.000000
vt 0.260870 0.833333
vt 0.260870 0.166667
vt 0.260870 0.000000
vt 0.260870 0.333333
vt 0.260870 0.500000
vt 0.260870 0.666667
vt 0.304348 1.000000
vt 0.304348 0.833333
vt 0.304348 0.166667
vt 0.304348 0.000000
vt 0.304348 0.333333
vt 0.304348 0.500000
vt 0.304348 0.666667
vt 0.347826 1.000000
vt 0.347826 0.833333
vt 0.347826 0.166667
vt 0.347826 0.000000
vt 0.347826 0.333333
vt 0.347826 0.500000
vt 0.347826 0.666667
vt 0.391304 1.000000
vt 0.391304 0.833333
vt 0.391304 0.166667
vt 0.391304 0.000000
vt 0.391304 0.333333
vt 0.391304 0.500000
vt 0.391304 0.666667
vt 0.434783 1.000000
vt 0.434783 0.833333
vt 0.434783 0.166667
vt 0.434783 0.000000
vt 0.434783 0.333333
vt 0.434783 0.500000
vt 0.434783 0.666667
vt 0.478261 1.000000
vt 0.478261 0.833333
vt 0.478261 0.166667
vt 0.478261 0.000000
vt 0.478261 0.333333
vt 0.478261 0.500000
vt 0.478261 0.666667
vt 0.521739 1.000000
vt 0.521739 0.833333
vt 0.521739 0.166667
vt 0.521739 0.000000
vt 0.521739 0.333333
vt 0.521739 0.500000
vt 0.521739 0.666667
vt 0.565217 1.000000
vt 0.565217 0.833333
vt 0.565217 0.166667
vt 0.565217 0.000000
vt 0.565217 0.333333
vt 0.565217 0.500000
vt 0.565217 0.666667
vt 0.608696 1.000000
vt 0.608696 0.833333
vt 0.608696 0.166667
vt 0.608696 0.000000
vt 0.608696 0.333333
vt 0.608696 0.500000
vt 0.608696 0.666667
vt 0.652174 1.000000
vt 0.652174 0.833333
vt 0.652174 0.166667
vt 0.652174 0.000000
vt 0.652174 0.333333
vt 0.652174 0.500000
vt 0.652174 0.666667
vt 0.695652 1.000000
vt 0.695652 0.833333
vt 0.695652 0.166667
vt 0.695652 0.000000
vt 0.695652 0.333333
vt 0.695652 0.500000
vt 0.695652 0.666667
vt 0.739130 1.000000
vt 0.739130 0.833333
vt 0.739130 0.166667
vt 0.739130 0.000000
vt 0.739130 0.333333
vt 0.739130 0.500000
vt 0.739130 0.666667
vt 0.782609 1.000000
vt 0.782609 0.833333
vt 0.782609 0.166667
vt 0.782609 0.000000
vt 0.782609 0.333333
vt 0.782609 0.500000
vt 0.782609 0.666667
vt 0.826087 1.000000
vt 0.826087 0.833333
vt 0.826087 0.166667
vt 0.826087 0.000000
vt 0.826087 0.333333
vt 0.826087 0.500000
vt 0.826087 0.666667
vt 0.869565 1.000000
vt 0.869565 0.833333
vt 0.869565 0.166667
vt 0.869565 0.000000
vt 0.869565 0.333333
vt 0.869565 0.500000
vt 0.869565 0.666667
vt 0.913043 1.000000
vt 0.913043 0.833333
vt 0.913043 0.166667
vt 0.913043 0.000000
vt 0.913043 0.333333
vt 0.913043 0.500000
vt 0.913043 0.666667
vt 0.956522 1.000000
vt 0.956522 0.833333
vt 0.956522 0.166667
vt 0.956522 0.000000
vt 0.956522 0.333333
vt 0.956522 0.500000
vt 0.956522 0.666667
vt 1.000000 1.000000
vt 1.000000 0.833333
vt 1.000000 0.166667
vt 1.000000 0.000000
vt 1.000000 0.333333
vt 1.000000 0.500000
vt 1.000000 0.666667
s 1
usemtl Material.001
f 4148/4745/3426 4154/4746/3426 4159/4747/3431 4153/4748/3431
f 4149/4749/3427 4155/4750/3427 4154/4751/3426 4148/4752/3426
f 4150/4753/3428 4156/4754/3428 4155/4750/3427 4149/4749/3427
f 4151/4755/3429 4157/4756/3429 4156/4754/3428 4150/4753/3428
f 4152/4757/3430 4158/4758/3430 4157/4756/3429 4151/4755/3429
f 4153/4748/3431 4159/4747/3431 4158/4758/3430 4152/4757/3430
f 4154/4746/3426 4160/4759/3426 4165/4760/3431 4159/4747/3431
f 4155/4750/3427 4161/4761/3427 4160/4762/3426 4154/4751/3426
f 4156/4754/3428 4162/4763/3428 4161/4761/3427 4155/4750/3427
f 4157/4756/3429 4163/4764/3429 4162/4763/3428 4156/4754/3428
f 4158/4758/3430 4164/4765/3430 4163/4764/3429 4157/4756/3429
f 4159/4747/3431 4165/4760/3431 4164/4765/3430 4158/4758/3430
f 4160/4759/3426 4166/4766/3426 4171/4767/3431 4165/4760/3431
f 4161/4761/3427 4167/4768/3427 4166/4769/3426 4160/4762/3426
f 4162/4763/3428 4168/4770/3428 4167/4768/3427 4161/4761/3427
f 4163/4764/3429 4169/4771/3429 4168/4770/3428 4162/4763/3428
f 4164/4765/3430 4170/4772/3430 4169/4771/3429 4163/4764/3429
f 4165/4760/3431 4171/4767/3431 4170/4772/3430 4164/4765/3430
f 4166/4766/3426 4172/4773/3426 4177/4774/3431 4171/4767/3431
f 4167/4768/3427 4173/4775/3427 4172/4776/3426 4166/4769/3426
f 4168/4770/3428 4174/4777/3428 4173/4775/3427 4167/4768/3427
f 4169/4771/3429 4175/4778/3429 4174/4777/3428 4168/4770/3428
f 4170/4772/3430 4176/4779/3430 4175/4778/3429 4169/4771/3429
f 4171/4767/3431 4177/4774/3431 4176/4779/3430 4170/4772/3430
f 4172/4773/3426 4178/4780/3426 4183/4781/3431 4177/4774/3431
f 4173/4775/3427 4179/4782/3427 4178/4783/3426 4172/4776/3426
f 4174/4777/3428 4180/4784/3428 4179/4782/3427 4173/4775/3427
f 4175/4778/3429 4181/4785/3429 4180/4784/3428 4174/4777/3428
f 4176/4779/3430 4182/4786/3430 4181/4785/3429 4175/4778/3429
f 4177/4774/3431 4183/4781/3431 4182/4786/3430 4176/4779/3430
f 4178/4780/3426 4184/4787/3426 4189/4788/3431 4183/4781/3431
f 4179/4782/3427 4185/4789/3427 4184/4790/3426 4178/4783/3426
f 4180/4784/3428 4186/4791/3428 4185/4789/3427 4179/4782/3427
f 4181/4785/3429 4187/4792/3429 4186/4791/3428 4180/4784/3428
f 4182/4786/3430 4188/4793/3430 4187/4792/3429 4181/4785/3429
f 4183/4781/3431 4189/4788/3431 4188/4793/3430 4182/4786/3430
f 4184/4787/3426 4190/4794/3426 4195/4795/3431 4189/4788/3431
f 4185/4789/3427 4191/4796/3427 4190/4797/3426 4184/4790/3426
f 4186/4791/3428 4192/4798/3428 4191/4796/3427 4185/4789/3427
f 4187/4792/3429 4193/4799/3429 4192/4798/3428 4186/4791/3428
f 4188/4793/3430 4194/4800/3430 4193/4799/3429 4187/4792/3429
f 4189/4788/3431 4195/4795/3431 4194/4800/3430 4188/4793/3430
f 4190/4794/3426 4196/4801/3426 4201/4802/3431 4195/4795/3431
f 4191/4796/3427 4197/4803/3427 4196/4804/3426 4190/4797/3426
f 4192/4798/3428 4198/4805/3428 4197/4803/3427 4191/4796/3427
f 4193/4799/3429 4199/4806/3429 4198/4805/3428 4192/4798/3428
f 4194/4800/3430 4200/4807/3430 4199/4806/3429 4193/4799/3429
f 4195/4795/3431 4201/4802/3431 4200/4807/3430 4194/4800/3430
f 4196/4801/3426 4202/4808/3426 4207/4809/3431 4201/4802/3431
f 4197/4803/3427 4203/4810/3427 4202/4811/3426 4196/4804/3426
f 4198/4805/3428 4204/4812/3428 4203/4810/3427 4197/4803/3427
f 4199/4806/3429 4205/4813/3429 4204/4812/3428 4198/4805/3428
f 4200/4807/3430 4206/4814/3430 4205/4813/3429 4199/4806/3429
f 4201/4802/3431 4207/4809/3431 4206/4814/3430 4200/4807/3430
f 4202/4808/3426 4208/4815/3432 4213/4816/3437 4207/4809/3431
f 4203/4810/3427 4209/4817/3433 4208/4818/3432 4202/4811/3426
f 4204/4812/3428 4210/4819/3434 4209/4817/3433 4203/4810/3427
f 4205/4813/3429 4211/4820/3435 4210/4819/3434 4204/4812/3428
f 4206/4814/3430 4212/4821/3436 4211/4820/3435 4205/4813/3429
f 4207/4809/3431 4213/4816/3437 4212/4821/3436 4206/4814/3430
f 4208/4815/3432 4214/4822/3438 4219/4823/3443 4213/4816/3437
f 4209/4817/3433 4215/4824/3439 4214/4825/3438 4208/4818/3432
f 4210/4819/3434 4216/4826/3440 4215/4824/3439 4209/4817/3433
f 4211/4820/3435 4217/4827/3441 4216/4826/3440 4210/4819/3434
f 4212/4821/3436 4218/4828/3442 4217/4827/3441 4211/4820/3435
f 4213/4816/3437 4219/4823/3443 4218/4828/3442 4212/4821/3436
f 4214/4822/3438 4220/4829/3444 4225/4830/3449 4219/4823/3443
f 4215/4824/3439 4221/4831/3445 4220/4832/3444 4214/4825/3438
f 4216/4826/3440 4222/4833/3446 4221/4831/3445 4215/4824/3439
f 4217/4827/3441 4223/4834/3447 4222/4833/3446 4216/4826/3440
f 4218/4828/3442 4224/4835/3448 4223/4834/3447 4217/4827/3441
f 4219/4823/3443 4225/4830/3449 4224/4835/3448 4218/4828/3442
f 4220/4829/3444 4226/4836/3450 4231/4837/3455 4225/4830/3449
f 4221/4831/3445 4227/4838/3451 4226/4839/3450 4220/4832/3444
f 4222/4833/3446 4228/4840/3452 4227/4838/3451 4221/4831/3445
f 4223/4834/3447 4229/4841/3453 4228/4840/3452 4222/4833/3446
f 4224/4835/3448 4230/4842/3454 4229/4841/3453 4223/4834/3447
f 4225/4830/3449 4231/4837/3455 4230/4842/3454 4224/4835/3448
f 4226/4836/3450 4232/4843/3456 4237/4844/3461 4231/4837/3455
f 4227/4838/3451 4233/4845/3457 4232/4846/3456 4226/4839/3450
f 4228/4840/3452 4234/4847/3458 4233/4845/3457 4227/4838/3451
f 4229/4841/3453 4235/4848/3459 4234/4847/3458 4228/4840/3452
f 4230/4842/3454 4236/4849/3460 4235/4848/3459 4229/4841/3453
f 4231/4837/3455 4237/4844/3461 4236/4849/3460 4230/4842/3454
f 4232/4843/3456 4238/4850/3456 4243/4851/3461 4237/4844/3461
f 4233/4845/3457 4239/4852/3457 4238/4853/3456 4232/4846/3456
f 4234/4847/3458 4240/4854/3458 4239/4852/3457 4233/4845/3457
f 4235/4848/3459 4241/4855/3459 4240/4854/3458 4234/4847/3458
f 4236/4849/3460 4242/4856/3460 4241/4855/3459 4235/4848/3459
f 4237/4844/3461 4243/4851/3461 4242/4856/3460 4236/4849/3460
f 4238/4850/3456 4244/4857/3456 4249/4858/3461 4243/4851/3461
f 4239/4852/3457 4245/4859/3457 4244/4860/3456 4238/4853/3456
f 4240/4854/3458 4246/4861/3458 4245/4859/3457 4239/4852/3457
f 4241/4855/3459 4247/4862/3459 4246/4861/3458 4240/4854/3458
f 4242/4856/3460 4248/4863/3460 4247/4862/3459 4241/4855/3459
f 4243/4851/3461 4249/4858/3461 4248/4863/3460 4242/4856/3460
f 4244/4857/3456 4250/4864/3456 4255/4865/3461 4249/4858/3461
f 4245/4859/3457 4251/4866/3457 4250/4867/3456 4244/4860/3456
f 4246/4861/3458 4252/4868/3458 4251/4866/3457 4245/4859/3457
f 4247/4862/3459 4253/4869/3459 4252/4868/3458 4246/4861/3458
f 4248/4863/3460 4254/4870/3460 4253/4869/3459 4247/4862/3459
f 4249/4858/3461 4255/4865/3461 4254/4870/3460 4248/4863/3460
f 4250/4864/3456 4256/4871/3456 4261/4872/3461 4255/4865/3461
f 4251/4866/3457 4257/4873/3457 4256/4874/3456 4250/4867/3456
f 4252/4868/3458 4258/4875/3458 4257/4873/3457 4251/4866/3457
f 4253/4869/3459 4259/4876/3459 4258/4875/3458 4252/4868/3458
f 4254/4870/3460 4260/4877/3460 4259/4876/3459 4253/4869/3459
f 4255/4865/3461 4261/4872/3461 4260/4877/3460 4254/4870/3460
f 4256/4871/3456 4262/4878/3456 4267/4879/3461 4261/4872/3461
f 4257/4873/3457 4263/4880/3457 4262/4881/3456 4256/4874/3456
f 4258/4875/3458 4264/4882/3458 4263/4880/3457 4257/4873/3457
f 4259/4876/3459 4265/4883/3459 4264/4882/3458 4258/4875/3458
f 4260/4877/3460 4266/4884/3460 4265/4883/3459 4259/4876/3459
f 4261/4872/3461 4267/4879/3461 4266/4884/3460 4260/4877/3460
f 4262/4878/3456 4268/4885/3456 4273/4886/3461 4267/4879/3461
f 4263/4880/3457 4269/4887/3457 4268/4888/3456 4262/4881/3456
f 4264/4882/3458 4270/4889/3458 4269/4887/3457 4263/4880/3457
f 4265/4883/3459 4271/4890/3459 4270/4889/3458 4264/4882/3458
f 4266/4884/3460 4272/4891/3460 4271/4890/3459 4265/4883/3459
f 4267/4879/3461 4273/4886/3461 4272/4891/3460 4266/4884/3460
f 4268/4885/3456 4274/4892/3456 4279/4893/3461 4273/4886/3461
f 4269/4887/3457 4275/4894/3457 4274/4895/3456 4268/4888/3456
f 4270/4889/3458 4276/4896/3458 4275/4894/3457 4269/4887/3457
f 4271/4890/3459 4277/4897/3459 4276/4896/3458 4270/4889/3458
f 4272/4891/3460 4278/4898/3460 4277/4897/3459 4271/4890/3459
f 4273/4886/3461 4279/4893/3461 4278/4898/3460 4272/4891/3460
f 4274/4892/3456 4280/4899/3456 4285/4900/3461 4279/4893/3461
f 4275/4894/3457 4281/4901/3457 4280/4902/3456 4274/4895/3456
f 4276/4896/3458 4282/4903/3458 4281/4901/3457 4275/4894/3457
f 4277/4897/3459 4283/4904/3459 4282/4903/3458 4276/4896/3458
f 4278/4898/3460 4284/4905/3460 4283/4904/3459 4277/4897/3459
f 4279/4893/3461 4285/4900/3461 4284/4905/3460 4278/4898/3460
f 4280/4899/3456 4286/4906/3456 4291/4907/3461 4285/4900/3461
f 4281/4901/3457 4287/4908/3457 4286/4909/3456 4280/4902/3456
f 4282/4903/3458 4288/4910/3458 4287/4908/3457 4281/4901/3457
f 4283/4904/3459 4289/4911/3459 4288/4910/3458 4282/4903/3458
f 4284/4905/3460 4290/4912/3460 4289/4911/3459 4283/4904/3459
f 4285/4900/3461 4291/4907/3461 4290/4912/3460 4284/4905/3460
o Cone.004
v 0.489895 0.906687 0.495439
v 0.517895 0.906687 0.523439
v 0.489895 0.906687 0.551439
v 0.461895 0.906687 0.523439
v 0.489895 0.962687 0.523439
vn 0.6667 0.3333 -0.6667
vn 0.6667 0.3333 0.6667
vn -0.0000 -1.0000 -0.0000
vn -0.6667 0.3333 0.6667
vn -0.6667 0.3333 -0.6667
vt 0.250000 0.490000
vt 0.250000 0.250000
vt 0.490000 0.250000
vt 0.250000 0.010000
vt 0.750000 0.490000
vt 0.990000 0.250000
vt 0.750000 0.010000
vt 0.510000 0.250000
vt 0.010000 0.250000
s 0
usemtl Material.001
f 4292/4913/3462 4296/4914/3462 4293/4915/3462
f 4293/4915/3463 4296/4914/3463 4294/4916/3463
f 4292/4917/3464 4293/4918/3464 4294/4919/3464 4295/4920/3464
f 4294/4916/3465 4296/4914/3465 4295/4921/3465
f 4295/4921/3466 4296/4914/3466 4292/4913/3466
o NurbsPath.005
v -0.359150 -0.184040 0.305688
v -0.359150 -0.194040 0.305688
v -0.359150 -0.199040 0.314349
v -0.359150 -0.194040 0.323009
v -0.359150 -0.184040 0.323009
v -0.359150 -0.179040 0.314349
v -0.370168 -0.184040 0.305688
v -0.370168 -0.194040 0.305688
v -0.370168 -0.199040 0.314349
v -0.370168 -0.194040 0.323009
v -0.370168 -0.184040 0.323009
v -0.370168 -0.179040 0.314349
v -0.381186 -0.184040 0.305688
v -0.381186 -0.194040 0.305688
v -0.381186 -0.199040 0.314349
v -0.381186 -0.194040 0.323009
v -0.381186 -0.184040 0.323009
v -0.381186 -0.179040 0.314349
v -0.392204 -0.184040 0.305688
v -0.392204 -0.194040 0.305688
v -0.392204 -0.199040 0.314349
v -0.392204 -0.194040 0.323009
v -0.392204 -0.184040 0.323009
v -0.392204 -0.179040 0.314349
v -0.403223 -0.184040 0.305688
v -0.403223 -0.194040 0.305688
v -0.403223 -0.199040 0.314349
v -0.403223 -0.194040 0.323009
v -0.403223 -0.184040 0.323009
v -0.403223 -0.179040 0.314349
v -0.414241 -0.184040 0.305688
v -0.414241 -0.194040 0.305688
v -0.414241 -0.199040 0.314349
v -0.414241 -0.194040 0.323009
v -0.414241 -0.184040 0.323009
v -0.414241 -0.179040 0.314349
v -0.425259 -0.184040 0.305688
v -0.425259 -0.194040 0.305688
v -0.425259 -0.199040 0.314349
v -0.425259 -0.194040 0.323009
v -0.425259 -0.184040 0.323009
v -0.425259 -0.179040 0.314349
v -0.436277 -0.184040 0.305688
v -0.436277 -0.194040 0.305688
v -0.436277 -0.199040 0.314349
v -0.436277 -0.194040 0.323009
v -0.436277 -0.184040 0.323009
v -0.436277 -0.179040 0.314349
v -0.447296 -0.184040 0.305688
v -0.447296 -0.194040 0.305688
v -0.447296 -0.199040 0.314349
v -0.447296 -0.194040 0.323009
v -0.447296 -0.184040 0.323009
v -0.447296 -0.179040 0.314349
v -0.458314 -0.184040 0.305688
v -0.458314 -0.194040 0.305688
v -0.458314 -0.199040 0.314349
v -0.458314 -0.194040 0.323009
v -0.458314 -0.184040 0.323009
v -0.458314 -0.179040 0.314349
v -0.469332 -0.184040 0.305688
v -0.469332 -0.194040 0.305688
v -0.469332 -0.199040 0.314349
v -0.469332 -0.194040 0.323009
v -0.469332 -0.184040 0.323009
v -0.469332 -0.179040 0.314349
v -0.477022 -0.185308 0.305688
v -0.483678 -0.192771 0.305688
v -0.487007 -0.196503 0.314349
v -0.483678 -0.192771 0.323009
v -0.477022 -0.185308 0.323009
v -0.473694 -0.181577 0.314349
v -0.480868 -0.140707 0.305688
v -0.490851 -0.141277 0.305688
v -0.495843 -0.141562 0.314349
v -0.490851 -0.141277 0.323009
v -0.480868 -0.140707 0.323009
v -0.475876 -0.140421 0.314349
v -0.480859 -0.044896 0.305688
v -0.490859 -0.044896 0.305688
v -0.495859 -0.044896 0.314349
v -0.490859 -0.044896 0.323009
v -0.480859 -0.044896 0.323009
v -0.475859 -0.044896 0.314349
v -0.480859 0.051199 0.305688
v -0.490859 0.051199 0.305688
v -0.495859 0.051199 0.314349
v -0.490859 0.051199 0.323009
v -0.480859 0.051199 0.323009
v -0.475859 0.051199 0.314349
v -0.480859 0.147295 0.305688
v -0.490859 0.147295 0.305688
v -0.495859 0.147295 0.314349
v -0.490859 0.147295 0.323009
v -0.480859 0.147295 0.323009
v -0.475859 0.147295 0.314349
v -0.480859 0.243391 0.305688
v -0.490859 0.243391 0.305688
v -0.495859 0.243391 0.314349
v -0.490859 0.243391 0.323009
v -0.480859 0.243391 0.323009
v -0.475859 0.243391 0.314349
v -0.480859 0.339487 0.305688
v -0.490859 0.339487 0.305688
v -0.495859 0.339487 0.314349
v -0.490859 0.339487 0.323009
v -0.480859 0.339487 0.323009
v -0.475859 0.339487 0.314349
v -0.480859 0.435582 0.305688
v -0.490859 0.435582 0.305688
v -0.495859 0.435582 0.314349
v -0.490859 0.435582 0.323009
v -0.480859 0.435582 0.323009
v -0.475859 0.435582 0.314349
v -0.480859 0.531678 0.305688
v -0.490859 0.531678 0.305688
v -0.495859 0.531678 0.314349
v -0.490859 0.531678 0.323009
v -0.480859 0.531678 0.323009
v -0.475859 0.531678 0.314349
v -0.480859 0.627774 0.305688
v -0.490859 0.627774 0.305688
v -0.495859 0.627774 0.314349
v -0.490859 0.627774 0.323009
v -0.480859 0.627774 0.323009
v -0.475859 0.627774 0.314349
v -0.480859 0.723869 0.305688
v -0.490859 0.723869 0.305688
v -0.495859 0.723869 0.314349
v -0.490859 0.723869 0.323009
v -0.480859 0.723869 0.323009
v -0.475859 0.723869 0.314349
v -0.480859 0.819965 0.305688
v -0.490859 0.819965 0.305688
v -0.495859 0.819965 0.314349
v -0.490859 0.819965 0.323009
v -0.480859 0.819965 0.323009
v -0.475859 0.819965 0.314349
v -0.480859 0.916061 0.305688
v -0.490859 0.916061 0.305688
v -0.495859 0.916061 0.314349
v -0.490859 0.916061 0.323009
v -0.480859 0.916061 0.323009
v -0.475859 0.916061 0.314349
vn -0.0000 0.5000 -0.8660
vn -0.0000 -0.5000 -0.8660
vn -0.0000 -1.0000 -0.0000
vn -0.0000 -0.5000 0.8660
vn -0.0000 0.5000 0.8660
vn -0.0000 1.0000 -0.0000
vn -0.0873 0.5358 -0.8398
vn -0.0315 -0.5182 -0.8547
vn -0.0584 -0.9983 -0.0000
vn -0.0315 -0.5182 0.8547
vn -0.0873 0.5358 0.8398
vn -0.1436 0.9896 -0.0000
vn 0.1289 0.1860 -0.9741
vn -0.4229 -0.4297 -0.7978
vn -0.6887 -0.7250 -0.0000
vn -0.4229 -0.4297 0.7978
vn 0.1289 0.1860 0.9741
vn 0.5125 0.8587 -0.0000
vn 0.5026 0.0180 -0.8643
vn -0.5257 -0.0401 -0.8497
vn -0.9972 -0.0751 -0.0000
vn -0.5257 -0.0401 0.8497
vn 0.5026 0.0180 0.8643
vn 0.9994 0.0353 -0.0000
vn 0.5001 -0.0000 -0.8660
vn -0.5001 -0.0000 -0.8660
vn -1.0000 -0.0001 -0.0000
vn -0.5001 -0.0000 0.8660
vn 0.5001 -0.0000 0.8660
vn 1.0000 -0.0001 -0.0000
vn 0.5000 -0.0000 -0.8660
vn -0.5000 -0.0000 -0.8660
vn -1.0000 -0.0000 -0.0000
vn -0.5000 -0.0000 0.8660
vn 0.5000 -0.0000 0.8660
vn 1.0000 -0.0000 -0.0000
vt 0.000000 1.000000
vt 0.043478 1.000000
vt 0.043478 0.833333
vt 0.000000 0.833333
vt 0.000000 0.166667
vt 0.043478 0.166667
vt 0.043478 0.000000
vt 0.000000 0.000000
vt 0.000000 0.333333
vt 0.043478 0.333333
vt 0.000000 0.500000
vt 0.043478 0.500000
vt 0.000000 0.666667
vt 0.043478 0.666667
vt 0.086957 1.000000
vt 0.086957 0.833333
vt 0.086957 0.166667
vt 0.086957 0.000000
vt 0.086957 0.333333
vt 0.086957 0.500000
vt 0.086957 0.666667
vt 0.130435 1.000000
vt 0.130435 0.833333
vt 0.130435 0.166667
vt 0.130435 0.000000
vt 0.130435 0.333333
vt 0.130435 0.500000
vt 0.130435 0.666667
vt 0.173913 1.000000
vt 0.173913 0.833333
vt 0.173913 0.166667
vt 0.173913 0.000000
vt 0.173913 0.333333
vt 0.173913 0.500000
vt 0.173913 0.666667
vt 0.217391 1.000000
vt 0.217391 0.833333
vt 0.217391 0.166667
vt 0.217391 0.000000
vt 0.217391 0.333333
vt 0.217391 0.500000
vt 0.217391 0.666667
vt 0.260870 1.000000
vt 0.260870 0.833333
vt 0.260870 0.166667
vt 0.260870 0.000000
vt 0.260870 0.333333
vt 0.260870 0.500000
vt 0.260870 0.666667
vt 0.304348 1.000000
vt 0.304348 0.833333
vt 0.304348 0.166667
vt 0.304348 0.000000
vt 0.304348 0.333333
vt 0.304348 0.500000
vt 0.304348 0.666667
vt 0.347826 1.000000
vt 0.347826 0.833333
vt 0.347826 0.166667
vt 0.347826 0.000000
vt 0.347826 0.333333
vt 0.347826 0.500000
vt 0.347826 0.666667
vt 0.391304 1.000000
vt 0.391304 0.833333
vt 0.391304 0.166667
vt 0.391304 0.000000
vt 0.391304 0.333333
vt 0.391304 0.500000
vt 0.391304 0.666667
vt 0.434783 1.000000
vt 0.434783 0.833333
vt 0.434783 0.166667
vt 0.434783 0.000000
vt 0.434783 0.333333
vt 0.434783 0.500000
vt 0.434783 0.666667
vt 0.478261 1.000000
vt 0.478261 0.833333
vt 0.478261 0.166667
vt 0.478261 0.000000
vt 0.478261 0.333333
vt 0.478261 0.500000
vt 0.478261 0.666667
vt 0.521739 1.000000
vt 0.521739 0.833333
vt 0.521739 0.166667
vt 0.521739 0.000000
vt 0.521739 0.333333
vt 0.521739 0.500000
vt 0.521739 0.666667
vt 0.565217 1.000000
vt 0.565217 0.833333
vt 0.565217 0.166667
vt 0.565217 0.000000
vt 0.565217 0.333333
vt 0.565217 0.500000
vt 0.565217 0.666667
vt 0.608696 1.000000
vt 0.608696 0.833333
vt 0.608696 0.166667
vt 0.608696 0.000000
vt 0.608696 0.333333
vt 0.608696 0.500000
vt 0.608696 0.666667
vt 0.652174 1.000000
vt 0.652174 0.833333
vt 0.652174 0.166667
vt 0.652174 0.000000
vt 0.652174 0.333333
vt 0.652174 0.500000
vt 0.652174 0.666667
vt 0.695652 1.000000
vt 0.695652 0.833333
vt 0.695652 0.166667
vt 0.695652 0.000000
vt 0.695652 0.333333
vt 0.695652 0.500000
vt 0.695652 0.666667
vt 0.739130 1.000000
vt 0.739130 0.833333
vt 0.739130 0.166667
vt 0.739130 0.000000
vt 0.739130 0.333333
vt 0.739130 0.500000
vt 0.739130 0.666667
vt 0.782609 1.000000
vt 0.782609 0.833333
vt 0.782609 0.166667
vt 0.782609 0.000000
vt 0.782609 0.333333
vt 0.782609 0.500000
vt 0.782609 0.666667
vt 0.826087 1.000000
vt 0.826087 0.833333
vt 0.826087 0.166667
vt 0.826087 0.000000
vt 0.826087 0.333333
vt 0.826087 0.500000
vt 0.826087 0.666667
vt 0.869565 1.000000
vt 0.869565 0.833333
vt 0.869565 0.166667
vt 0.869565 0.000000
vt 0.869565 0.333333
vt 0.869565 0.500000
vt 0.869565 0.666667
vt 0.913043 1.000000
vt 0.913043 0.833333
vt 0.913043 0.166667
vt 0.913043 0.000000
vt 0.913043 0.333333
vt 0.913043 0.500000
vt 0.913043 0.666667
vt 0.956522 1.000000
vt 0.956522 0.833333
vt 0.956522 0.166667
vt 0.956522 0.000000
vt 0.956522 0.333333
vt 0.956522 0.500000
vt 0.956522 0.666667
vt 1.000000 1.000000
vt 1.000000 0.833333
vt 1.000000 0.166667
vt 1.000000 0.000000
vt 1.000000 0.333333
vt 1.000000 0.500000
vt 1.000000 0.666667
s 1
usemtl Material.001
f 4297/4922/3467 4303/4923/3467 4308/4924/3472 4302/4925/3472
f 4298/4926/3468 4304/4927/3468 4303/4928/3467 4297/4929/3467
f 4299/4930/3469 4305/4931/3469 4304/4927/3468 4298/4926/3468
f 4300/4932/3470 4306/4933/3470 4305/4931/3469 4299/4930/3469
f 4301/4934/3471 4307/4935/3471 4306/4933/3470 4300/4932/3470
f 4302/4925/3472 4308/4924/3472 4307/4935/3471 4301/4934/3471
f 4303/4923/3467 4309/4936/3467 4314/4937/3472 4308/4924/3472
f 4304/4927/3468 4310/4938/3468 4309/4939/3467 4303/4928/3467
f 4305/4931/3469 4311/4940/3469 4310/4938/3468 4304/4927/3468
f 4306/4933/3470 4312/4941/3470 4311/4940/3469 4305/4931/3469
f 4307/4935/3471 4313/4942/3471 4312/4941/3470 4306/4933/3470
f 4308/4924/3472 4314/4937/3472 4313/4942/3471 4307/4935/3471
f 4309/4936/3467 4315/4943/3467 4320/4944/3472 4314/4937/3472
f 4310/4938/3468 4316/4945/3468 4315/4946/3467 4309/4939/3467
f 4311/4940/3469 4317/4947/3469 4316/4945/3468 4310/4938/3468
f 4312/4941/3470 4318/4948/3470 4317/4947/3469 4311/4940/3469
f 4313/4942/3471 4319/4949/3471 4318/4948/3470 4312/4941/3470
f 4314/4937/3472 4320/4944/3472 4319/4949/3471 4313/4942/3471
f 4315/4943/3467 4321/4950/3467 4326/4951/3472 4320/4944/3472
f 4316/4945/3468 4322/4952/3468 4321/4953/3467 4315/4946/3467
f 4317/4947/3469 4323/4954/3469 4322/4952/3468 4316/4945/3468
f 4318/4948/3470 4324/4955/3470 4323/4954/3469 4317/4947/3469
f 4319/4949/3471 4325/4956/3471 4324/4955/3470 4318/4948/3470
f 4320/4944/3472 4326/4951/3472 4325/4956/3471 4319/4949/3471
f 4321/4950/3467 4327/4957/3467 4332/4958/3472 4326/4951/3472
f 4322/4952/3468 4328/4959/3468 4327/4960/3467 4321/4953/3467
f 4323/4954/3469 4329/4961/3469 4328/4959/3468 4322/4952/3468
f 4324/4955/3470 4330/4962/3470 4329/4961/3469 4323/4954/3469
f 4325/4956/3471 4331/4963/3471 4330/4962/3470 4324/4955/3470
f 4326/4951/3472 4332/4958/3472 4331/4963/3471 4325/4956/3471
f 4327/4957/3467 4333/4964/3467 4338/4965/3472 4332/4958/3472
f 4328/4959/3468 4334/4966/3468 4333/4967/3467 4327/4960/3467
f 4329/4961/3469 4335/4968/3469 4334/4966/3468 4328/4959/3468
f 4330/4962/3470 4336/4969/3470 4335/4968/3469 4329/4961/3469
f 4331/4963/3471 4337/4970/3471 4336/4969/3470 4330/4962/3470
f 4332/4958/3472 4338/4965/3472 4337/4970/3471 4331/4963/3471
f 4333/4964/3467 4339/4971/3467 4344/4972/3472 4338/4965/3472
f 4334/4966/3468 4340/4973/3468 4339/4974/3467 4333/4967/3467
f 4335/4968/3469 4341/4975/3469 4340/4973/3468 4334/4966/3468
f 4336/4969/3470 4342/4976/3470 4341/4975/3469 4335/4968/3469
f 4337/4970/3471 4343/4977/3471 4342/4976/3470 4336/4969/3470
f 4338/4965/3472 4344/4972/3472 4343/4977/3471 4337/4970/3471
f 4339/4971/3467 4345/4978/3467 4350/4979/3472 4344/4972/3472
f 4340/4973/3468 4346/4980/3468 4345/4981/3467 4339/4974/3467
f 4341/4975/3469 4347/4982/3469 4346/4980/3468 4340/4973/3468
f 4342/4976/3470 4348/4983/3470 4347/4982/3469 4341/4975/3469
f 4343/4977/3471 4349/4984/3471 4348/4983/3470 4342/4976/3470
f 4344/4972/3472 4350/4979/3472 4349/4984/3471 4343/4977/3471
f 4345/4978/3467 4351/4985/3467 4356/4986/3472 4350/4979/3472
f 4346/4980/3468 4352/4987/3468 4351/4988/3467 4345/4981/3467
f 4347/4982/3469 4353/4989/3469 4352/4987/3468 4346/4980/3468
f 4348/4983/3470 4354/4990/3470 4353/4989/3469 4347/4982/3469
f 4349/4984/3471 4355/4991/3471 4354/4990/3470 4348/4983/3470
f 4350/4979/3472 4356/4986/3472 4355/4991/3471 4349/4984/3471
f 4351/4985/3467 4357/4992/3473 4362/4993/3478 4356/4986/3472
f 4352/4987/3468 4358/4994/3474 4357/4995/3473 4351/4988/3467
f 4353/4989/3469 4359/4996/3475 4358/4994/3474 4352/4987/3468
f 4354/4990/3470 4360/4997/3476 4359/4996/3475 4353/4989/3469
f 4355/4991/3471 4361/4998/3477 4360/4997/3476 4354/4990/3470
f 4356/4986/3472 4362/4993/3478 4361/4998/3477 4355/4991/3471
f 4357/4992/3473 4363/4999/3479 4368/5000/3484 4362/4993/3478
f 4358/4994/3474 4364/5001/3480 4363/5002/3479 4357/4995/3473
f 4359/4996/3475 4365/5003/3481 4364/5001/3480 4358/4994/3474
f 4360/4997/3476 4366/5004/3482 4365/5003/3481 4359/4996/3475
f 4361/4998/3477 4367/5005/3483 4366/5004/3482 4360/4997/3476
f 4362/4993/3478 4368/5000/3484 4367/5005/3483 4361/4998/3477
f 4363/4999/3479 4369/5006/3485 4374/5007/3490 4368/5000/3484
f 4364/5001/3480 4370/5008/3486 4369/5009/3485 4363/5002/3479
f 4365/5003/3481 4371/5010/3487 4370/5008/3486 4364/5001/3480
f 4366/5004/3482 4372/5011/3488 4371/5010/3487 4365/5003/3481
f 4367/5005/3483 4373/5012/3489 4372/5011/3488 4366/5004/3482
f 4368/5000/3484 4374/5007/3490 4373/5012/3489 4367/5005/3483
f 4369/5006/3485 4375/5013/3491 4380/5014/3496 4374/5007/3490
f 4370/5008/3486 4376/5015/3492 4375/5016/3491 4369/5009/3485
f 4371/5010/3487 4377/5017/3493 4376/5015/3492 4370/5008/3486
f 4372/5011/3488 4378/5018/3494 4377/5017/3493 4371/5010/3487
f 4373/5012/3489 4379/5019/3495 4378/5018/3494 4372/5011/3488
f 4374/5007/3490 4380/5014/3496 4379/5019/3495 4373/5012/3489
f 4375/5013/3491 4381/5020/3497 4386/5021/3502 4380/5014/3496
f 4376/5015/3492 4382/5022/3498 4381/5023/3497 4375/5016/3491
f 4377/5017/3493 4383/5024/3499 4382/5022/3498 4376/5015/3492
f 4378/5018/3494 4384/5025/3500 4383/5024/3499 4377/5017/3493
f 4379/5019/3495 4385/5026/3501 4384/5025/3500 4378/5018/3494
f 4380/5014/3496 4386/5021/3502 4385/5026/3501 4379/5019/3495
f 4381/5020/3497 4387/5027/3497 4392/5028/3502 4386/5021/3502
f 4382/5022/3498 4388/5029/3498 4387/5030/3497 4381/5023/3497
f 4383/5024/3499 4389/5031/3499 4388/5029/3498 4382/5022/3498
f 4384/5025/3500 4390/5032/3500 4389/5031/3499 4383/5024/3499
f 4385/5026/3501 4391/5033/3501 4390/5032/3500 4384/5025/3500
f 4386/5021/3502 4392/5028/3502 4391/5033/3501 4385/5026/3501
f 4387/5027/3497 4393/5034/3497 4398/5035/3502 4392/5028/3502
f 4388/5029/3498 4394/5036/3498 4393/5037/3497 4387/5030/3497
f 4389/5031/3499 4395/5038/3499 4394/5036/3498 4388/5029/3498
f 4390/5032/3500 4396/5039/3500 4395/5038/3499 4389/5031/3499
f 4391/5033/3501 4397/5040/3501 4396/5039/3500 4390/5032/3500
f 4392/5028/3502 4398/5035/3502 4397/5040/3501 4391/5033/3501
f 4393/5034/3497 4399/5041/3497 4404/5042/3502 4398/5035/3502
f 4394/5036/3498 4400/5043/3498 4399/5044/3497 4393/5037/3497
f 4395/5038/3499 4401/5045/3499 4400/5043/3498 4394/5036/3498
f 4396/5039/3500 4402/5046/3500 4401/5045/3499 4395/5038/3499
f 4397/5040/3501 4403/5047/3501 4402/5046/3500 4396/5039/3500
f 4398/5035/3502 4404/5042/3502 4403/5047/3501 4397/5040/3501
f 4399/5041/3497 4405/5048/3497 4410/5049/3502 4404/5042/3502
f 4400/5043/3498 4406/5050/3498 4405/5051/3497 4399/5044/3497
f 4401/5045/3499 4407/5052/3499 4406/5050/3498 4400/5043/3498
f 4402/5046/3500 4408/5053/3500 4407/5052/3499 4401/5045/3499
f 4403/5047/3501 4409/5054/3501 4408/5053/3500 4402/5046/3500
f 4404/5042/3502 4410/5049/3502 4409/5054/3501 4403/5047/3501
f 4405/5048/3497 4411/5055/3497 4416/5056/3502 4410/5049/3502
f 4406/5050/3498 4412/5057/3498 4411/5058/3497 4405/5051/3497
f 4407/5052/3499 4413/5059/3499 4412/5057/3498 4406/5050/3498
f 4408/5053/3500 4414/5060/3500 4413/5059/3499 4407/5052/3499
f 4409/5054/3501 4415/5061/3501 4414/5060/3500 4408/5053/3500
f 4410/5049/3502 4416/5056/3502 4415/5061/3501 4409/5054/3501
f 4411/5055/3497 4417/5062/3497 4422/5063/3502 4416/5056/3502
f 4412/5057/3498 4418/5064/3498 4417/5065/3497 4411/5058/3497
f 4413/5059/3499 4419/5066/3499 4418/5064/3498 4412/5057/3498
f 4414/5060/3500 4420/5067/3500 4419/5066/3499 4413/5059/3499
f 4415/5061/3501 4421/5068/3501 4420/5067/3500 4414/5060/3500
f 4416/5056/3502 4422/5063/3502 4421/5068/3501 4415/5061/3501
f 4417/5062/3497 4423/5069/3497 4428/5070/3502 4422/5063/3502
f 4418/5064/3498 4424/5071/3498 4423/5072/3497 4417/5065/3497
f 4419/5066/3499 4425/5073/3499 4424/5071/3498 4418/5064/3498
f 4420/5067/3500 4426/5074/3500 4425/5073/3499 4419/5066/3499
f 4421/5068/3501 4427/5075/3501 4426/5074/3500 4420/5067/3500
f 4422/5063/3502 4428/5070/3502 4427/5075/3501 4421/5068/3501
f 4423/5069/3497 4429/5076/3497 4434/5077/3502 4428/5070/3502
f 4424/5071/3498 4430/5078/3498 4429/5079/3497 4423/5072/3497
f 4425/5073/3499 4431/5080/3499 4430/5078/3498 4424/5071/3498
f 4426/5074/3500 4432/5081/3500 4431/5080/3499 4425/5073/3499
f 4427/5075/3501 4433/5082/3501 4432/5081/3500 4426/5074/3500
f 4428/5070/3502 4434/5077/3502 4433/5082/3501 4427/5075/3501
f 4429/5076/3497 4435/5083/3497 4440/5084/3502 4434/5077/3502
f 4430/5078/3498 4436/5085/3498 4435/5086/3497 4429/5079/3497
f 4431/5080/3499 4437/5087/3499 4436/5085/3498 4430/5078/3498
f 4432/5081/3500 4438/5088/3500 4437/5087/3499 4431/5080/3499
f 4433/5082/3501 4439/5089/3501 4438/5088/3500 4432/5081/3500
f 4434/5077/3502 4440/5084/3502 4439/5089/3501 4433/5082/3501
o NurbsPath.005
v -0.359150 -0.184040 0.305688
v -0.359150 -0.194040 0.305688
v -0.359150 -0.199040 0.314349
v -0.359150 -0.194040 0.323009
v -0.359150 -0.184040 0.323009
v -0.359150 -0.179040 0.314349
v -0.370168 -0.184040 0.305688
v -0.370168 -0.194040 0.305688
v -0.370168 -0.199040 0.314349
v -0.370168 -0.194040 0.323009
v -0.370168 -0.184040 0.323009
v -0.370168 -0.179040 0.314349
v -0.381186 -0.184040 0.305688
v -0.381186 -0.194040 0.305688
v -0.381186 -0.199040 0.314349
v -0.381186 -0.194040 0.323009
v -0.381186 -0.184040 0.323009
v -0.381186 -0.179040 0.314349
v -0.392204 -0.184040 0.305688
v -0.392204 -0.194040 0.305688
v -0.392204 -0.199040 0.314349
v -0.392204 -0.194040 0.323009
v -0.392204 -0.184040 0.323009
v -0.392204 -0.179040 0.314349
v -0.403223 -0.184040 0.305688
v -0.403223 -0.194040 0.305688
v -0.403223 -0.199040 0.314349
v -0.403223 -0.194040 0.323009
v -0.403223 -0.184040 0.323009
v -0.403223 -0.179040 0.314349
v -0.414241 -0.184040 0.305688
v -0.414241 -0.194040 0.305688
v -0.414241 -0.199040 0.314349
v -0.414241 -0.194040 0.323009
v -0.414241 -0.184040 0.323009
v -0.414241 -0.179040 0.314349
v -0.425259 -0.184040 0.305688
v -0.425259 -0.194040 0.305688
v -0.425259 -0.199040 0.314349
v -0.425259 -0.194040 0.323009
v -0.425259 -0.184040 0.323009
v -0.425259 -0.179040 0.314349
v -0.436277 -0.184040 0.305688
v -0.436277 -0.194040 0.305688
v -0.436277 -0.199040 0.314349
v -0.436277 -0.194040 0.323009
v -0.436277 -0.184040 0.323009
v -0.436277 -0.179040 0.314349
v -0.447296 -0.184040 0.305688
v -0.447296 -0.194040 0.305688
v -0.447296 -0.199040 0.314349
v -0.447296 -0.194040 0.323009
v -0.447296 -0.184040 0.323009
v -0.447296 -0.179040 0.314349
v -0.458314 -0.184040 0.305688
v -0.458314 -0.194040 0.305688
v -0.458314 -0.199040 0.314349
v -0.458314 -0.194040 0.323009
v -0.458314 -0.184040 0.323009
v -0.458314 -0.179040 0.314349
v -0.469332 -0.184040 0.305688
v -0.469332 -0.194040 0.305688
v -0.469332 -0.199040 0.314349
v -0.469332 -0.194040 0.323009
v -0.469332 -0.184040 0.323009
v -0.469332 -0.179040 0.314349
v -0.477022 -0.185308 0.305688
v -0.483678 -0.192771 0.305688
v -0.487007 -0.196503 0.314349
v -0.483678 -0.192771 0.323009
v -0.477022 -0.185308 0.323009
v -0.473694 -0.181577 0.314349
v -0.480868 -0.140707 0.305688
v -0.490851 -0.141277 0.305688
v -0.495843 -0.141562 0.314349
v -0.490851 -0.141277 0.323009
v -0.480868 -0.140707 0.323009
v -0.475876 -0.140421 0.314349
v -0.480859 -0.044896 0.305688
v -0.490859 -0.044896 0.305688
v -0.495859 -0.044896 0.314349
v -0.490859 -0.044896 0.323009
v -0.480859 -0.044896 0.323009
v -0.475859 -0.044896 0.314349
v -0.480859 0.051199 0.305688
v -0.490859 0.051199 0.305688
v -0.495859 0.051199 0.314349
v -0.490859 0.051199 0.323009
v -0.480859 0.051199 0.323009
v -0.475859 0.051199 0.314349
v -0.480859 0.147295 0.305688
v -0.490859 0.147295 0.305688
v -0.495859 0.147295 0.314349
v -0.490859 0.147295 0.323009
v -0.480859 0.147295 0.323009
v -0.475859 0.147295 0.314349
v -0.480859 0.243391 0.305688
v -0.490859 0.243391 0.305688
v -0.495859 0.243391 0.314349
v -0.490859 0.243391 0.323009
v -0.480859 0.243391 0.323009
v -0.475859 0.243391 0.314349
v -0.480859 0.339487 0.305688
v -0.490859 0.339487 0.305688
v -0.495859 0.339487 0.314349
v -0.490859 0.339487 0.323009
v -0.480859 0.339487 0.323009
v -0.475859 0.339487 0.314349
v -0.480859 0.435582 0.305688
v -0.490859 0.435582 0.305688
v -0.495859 0.435582 0.314349
v -0.490859 0.435582 0.323009
v -0.480859 0.435582 0.323009
v -0.475859 0.435582 0.314349
v -0.480859 0.531678 0.305688
v -0.490859 0.531678 0.305688
v -0.495859 0.531678 0.314349
v -0.490859 0.531678 0.323009
v -0.480859 0.531678 0.323009
v -0.475859 0.531678 0.314349
v -0.480859 0.627774 0.305688
v -0.490859 0.627774 0.305688
v -0.495859 0.627774 0.314349
v -0.490859 0.627774 0.323009
v -0.480859 0.627774 0.323009
v -0.475859 0.627774 0.314349
v -0.480859 0.723869 0.305688
v -0.490859 0.723869 0.305688
v -0.495859 0.723869 0.314349
v -0.490859 0.723869 0.323009
v -0.480859 0.723869 0.323009
v -0.475859 0.723869 0.314349
v -0.480859 0.819965 0.305688
v -0.490859 0.819965 0.305688
v -0.495859 0.819965 0.314349
v -0.490859 0.819965 0.323009
v -0.480859 0.819965 0.323009
v -0.475859 0.819965 0.314349
v -0.480859 0.916061 0.305688
v -0.490859 0.916061 0.305688
v -0.495859 0.916061 0.314349
v -0.490859 0.916061 0.323009
v -0.480859 0.916061 0.323009
v -0.475859 0.916061 0.314349
vn -0.0000 0.5000 -0.8660
vn -0.0000 -0.5000 -0.8660
vn -0.0000 -1.0000 -0.0000
vn -0.0000 -0.5000 0.8660
vn -0.0000 0.5000 0.8660
vn -0.0000 1.0000 -0.0000
vn -0.0873 0.5358 -0.8398
vn -0.0315 -0.5182 -0.8547
vn -0.0584 -0.9983 -0.0000
vn -0.0315 -0.5182 0.8547
vn -0.0873 0.5358 0.8398
vn -0.1436 0.9896 -0.0000
vn 0.1289 0.1860 -0.9741
vn -0.4229 -0.4297 -0.7978
vn -0.6887 -0.7250 -0.0000
vn -0.4229 -0.4297 0.7978
vn 0.1289 0.1860 0.9741
vn 0.5125 0.8587 -0.0000
vn 0.5026 0.0180 -0.8643
vn -0.5257 -0.0401 -0.8497
vn -0.9972 -0.0751 -0.0000
vn -0.5257 -0.0401 0.8497
vn 0.5026 0.0180 0.8643
vn 0.9994 0.0353 -0.0000
vn 0.5001 -0.0000 -0.8660
vn -0.5001 -0.0000 -0.8660
vn -1.0000 -0.0001 -0.0000
vn -0.5001 -0.0000 0.8660
vn 0.5001 -0.0000 0.8660
vn 1.0000 -0.0001 -0.0000
vn 0.5000 -0.0000 -0.8660
vn -0.5000 -0.0000 -0.8660
vn -1.0000 -0.0000 -0.0000
vn -0.5000 -0.0000 0.8660
vn 0.5000 -0.0000 0.8660
vn 1.0000 -0.0000 -0.0000
vt 0.000000 1.000000
vt 0.043478 1.000000
vt 0.043478 0.833333
vt 0.000000 0.833333
vt 0.000000 0.166667
vt 0.043478 0.166667
vt 0.043478 0.000000
vt 0.000000 0.000000
vt 0.000000 0.333333
vt 0.043478 0.333333
vt 0.000000 0.500000
vt 0.043478 0.500000
vt 0.000000 0.666667
vt 0.043478 0.666667
vt 0.086957 1.000000
vt 0.086957 0.833333
vt 0.086957 0.166667
vt 0.086957 0.000000
vt 0.086957 0.333333
vt 0.086957 0.500000
vt 0.086957 0.666667
vt 0.130435 1.000000
vt 0.130435 0.833333
vt 0.130435 0.166667
vt 0.130435 0.000000
vt 0.130435 0.333333
vt 0.130435 0.500000
vt 0.130435 0.666667
vt 0.173913 1.000000
vt 0.173913 0.833333
vt 0.173913 0.166667
vt 0.173913 0.000000
vt 0.173913 0.333333
vt 0.173913 0.500000
vt 0.173913 0.666667
vt 0.217391 1.000000
vt 0.217391 0.833333
vt 0.217391 0.166667
vt 0.217391 0.000000
vt 0.217391 0.333333
vt 0.217391 0.500000
vt 0.217391 0.666667
vt 0.260870 1.000000
vt 0.260870 0.833333
vt 0.260870 0.166667
vt 0.260870 0.000000
vt 0.260870 0.333333
vt 0.260870 0.500000
vt 0.260870 0.666667
vt 0.304348 1.000000
vt 0.304348 0.833333
vt 0.304348 0.166667
vt 0.304348 0.000000
vt 0.304348 0.333333
vt 0.304348 0.500000
vt 0.304348 0.666667
vt 0.347826 1.000000
vt 0.347826 0.833333
vt 0.347826 0.166667
vt 0.347826 0.000000
vt 0.347826 0.333333
vt 0.347826 0.500000
vt 0.347826 0.666667
vt 0.391304 1.000000
vt 0.391304 0.833333
vt 0.391304 0.166667
vt 0.391304 0.000000
vt 0.391304 0.333333
vt 0.391304 0.500000
vt 0.391304 0.666667
vt 0.434783 1.000000
vt 0.434783 0.833333
vt 0.434783 0.166667
vt 0.434783 0.000000
vt 0.434783 0.333333
vt 0.434783 0.500000
vt 0.434783 0.666667
vt 0.478261 1.000000
vt 0.478261 0.833333
vt 0.478261 0.166667
vt 0.478261 0.000000
vt 0.478261 0.333333
vt 0.478261 0.500000
vt 0.478261 0.666667
vt 0.521739 1.000000
vt 0.521739 0.833333
vt 0.521739 0.166667
vt 0.521739 0.000000
vt 0.521739 0.333333
vt 0.521739 0.500000
vt 0.521739 0.666667
vt 0.565217 1.000000
vt 0.565217 0.833333
vt 0.565217 0.166667
vt 0.565217 0.000000
vt 0.565217 0.333333
vt 0.565217 0.500000
vt 0.565217 0.666667
vt 0.608696 1.000000
vt 0.608696 0.833333
vt 0.608696 0.166667
vt 0.608696 0.000000
vt 0.608696 0.333333
vt 0.608696 0.500000
vt 0.608696 0.666667
vt 0.652174 1.000000
vt 0.652174 0.833333
vt 0.652174 0.166667
vt 0.652174 0.000000
vt 0.652174 0.333333
vt 0.652174 0.500000
vt 0.652174 0.666667
vt 0.695652 1.000000
vt 0.695652 0.833333
vt 0.695652 0.166667
vt 0.695652 0.000000
vt 0.695652 0.333333
vt 0.695652 0.500000
vt 0.695652 0.666667
vt 0.739130 1.000000
vt 0.739130 0.833333
vt 0.739130 0.166667
vt 0.739130 0.000000
vt 0.739130 0.333333
vt 0.739130 0.500000
vt 0.739130 0.666667
vt 0.782609 1.000000
vt 0.782609 0.833333
vt 0.782609 0.166667
vt 0.782609 0.000000
vt 0.782609 0.333333
vt 0.782609 0.500000
vt 0.782609 0.666667
vt 0.826087 1.000000
vt 0.826087 0.833333
vt 0.826087 0.166667
vt 0.826087 0.000000
vt 0.826087 0.333333
vt 0.826087 0.500000
vt 0.826087 0.666667
vt 0.869565 1.000000
vt 0.869565 0.833333
vt 0.869565 0.166667
vt 0.869565 0.000000
vt 0.869565 0.333333
vt 0.869565 0.500000
vt 0.869565 0.666667
vt 0.913043 1.000000
vt 0.913043 0.833333
vt 0.913043 0.166667
vt 0.913043 0.000000
vt 0.913043 0.333333
vt 0.913043 0.500000
vt 0.913043 0.666667
vt 0.956522 1.000000
vt 0.956522 0.833333
vt 0.956522 0.166667
vt 0.956522 0.000000
vt 0.956522 0.333333
vt 0.956522 0.500000
vt 0.956522 0.666667
vt 1.000000 1.000000
vt 1.000000 0.833333
vt 1.000000 0.166667
vt 1.000000 0.000000
vt 1.000000 0.333333
vt 1.000000 0.500000
vt 1.000000 0.666667
s 1
usemtl Material.001
f 4441/5090/3503 4447/5091/3503 4452/5092/3508 4446/5093/3508
f 4442/5094/3504 4448/5095/3504 4447/5096/3503 4441/5097/3503
f 4443/5098/3505 4449/5099/3505 4448/5095/3504 4442/5094/3504
f 4444/5100/3506 4450/5101/3506 4449/5099/3505 4443/5098/3505
f 4445/5102/3507 4451/5103/3507 4450/5101/3506 4444/5100/3506
f 4446/5093/3508 4452/5092/3508 4451/5103/3507 4445/5102/3507
f 4447/5091/3503 4453/5104/3503 4458/5105/3508 4452/5092/3508
f 4448/5095/3504 4454/5106/3504 4453/5107/3503 4447/5096/3503
f 4449/5099/3505 4455/5108/3505 4454/5106/3504 4448/5095/3504
f 4450/5101/3506 4456/5109/3506 4455/5108/3505 4449/5099/3505
f 4451/5103/3507 4457/5110/3507 4456/5109/3506 4450/5101/3506
f 4452/5092/3508 4458/5105/3508 4457/5110/3507 4451/5103/3507
f 4453/5104/3503 4459/5111/3503 4464/5112/3508 4458/5105/3508
f 4454/5106/3504 4460/5113/3504 4459/5114/3503 4453/5107/3503
f 4455/5108/3505 4461/5115/3505 4460/5113/3504 4454/5106/3504
f 4456/5109/3506 4462/5116/3506 4461/5115/3505 4455/5108/3505
f 4457/5110/3507 4463/5117/3507 4462/5116/3506 4456/5109/3506
f 4458/5105/3508 4464/5112/3508 4463/5117/3507 4457/5110/3507
f 4459/5111/3503 4465/5118/3503 4470/5119/3508 4464/5112/3508
f 4460/5113/3504 4466/5120/3504 4465/5121/3503 4459/5114/3503
f 4461/5115/3505 4467/5122/3505 4466/5120/3504 4460/5113/3504
f 4462/5116/3506 4468/5123/3506 4467/5122/3505 4461/5115/3505
f 4463/5117/3507 4469/5124/3507 4468/5123/3506 4462/5116/3506
f 4464/5112/3508 4470/5119/3508 4469/5124/3507 4463/5117/3507
f 4465/5118/3503 4471/5125/3503 4476/5126/3508 4470/5119/3508
f 4466/5120/3504 4472/5127/3504 4471/5128/3503 4465/5121/3503
f 4467/5122/3505 4473/5129/3505 4472/5127/3504 4466/5120/3504
f 4468/5123/3506 4474/5130/3506 4473/5129/3505 4467/5122/3505
f 4469/5124/3507 4475/5131/3507 4474/5130/3506 4468/5123/3506
f 4470/5119/3508 4476/5126/3508 4475/5131/3507 4469/5124/3507
f 4471/5125/3503 4477/5132/3503 4482/5133/3508 4476/5126/3508
f 4472/5127/3504 4478/5134/3504 4477/5135/3503 4471/5128/3503
f 4473/5129/3505 4479/5136/3505 4478/5134/3504 4472/5127/3504
f 4474/5130/3506 4480/5137/3506 4479/5136/3505 4473/5129/3505
f 4475/5131/3507 4481/5138/3507 4480/5137/3506 4474/5130/3506
f 4476/5126/3508 4482/5133/3508 4481/5138/3507 4475/5131/3507
f 4477/5132/3503 4483/5139/3503 4488/5140/3508 4482/5133/3508
f 4478/5134/3504 4484/5141/3504 4483/5142/3503 4477/5135/3503
f 4479/5136/3505 4485/5143/3505 4484/5141/3504 4478/5134/3504
f 4480/5137/3506 4486/5144/3506 4485/5143/3505 4479/5136/3505
f 4481/5138/3507 4487/5145/3507 4486/5144/3506 4480/5137/3506
f 4482/5133/3508 4488/5140/3508 4487/5145/3507 4481/5138/3507
f 4483/5139/3503 4489/5146/3503 4494/5147/3508 4488/5140/3508
f 4484/5141/3504 4490/5148/3504 4489/5149/3503 4483/5142/3503
f 4485/5143/3505 4491/5150/3505 4490/5148/3504 4484/5141/3504
f 4486/5144/3506 4492/5151/3506 4491/5150/3505 4485/5143/3505
f 4487/5145/3507 4493/5152/3507 4492/5151/3506 4486/5144/3506
f 4488/5140/3508 4494/5147/3508 4493/5152/3507 4487/5145/3507
f 4489/5146/3503 4495/5153/3503 4500/5154/3508 4494/5147/3508
f 4490/5148/3504 4496/5155/3504 4495/5156/3503 4489/5149/3503
f 4491/5150/3505 4497/5157/3505 4496/5155/3504 4490/5148/3504
f 4492/5151/3506 4498/5158/3506 4497/5157/3505 4491/5150/3505
f 4493/5152/3507 4499/5159/3507 4498/5158/3506 4492/5151/3506
f 4494/5147/3508 4500/5154/3508 4499/5159/3507 4493/5152/3507
f 4495/5153/3503 4501/5160/3509 4506/5161/3514 4500/5154/3508
f 4496/5155/3504 4502/5162/3510 4501/5163/3509 4495/5156/3503
f 4497/5157/3505 4503/5164/3511 4502/5162/3510 4496/5155/3504
f 4498/5158/3506 4504/5165/3512 4503/5164/3511 4497/5157/3505
f 4499/5159/3507 4505/5166/3513 4504/5165/3512 4498/5158/3506
f 4500/5154/3508 4506/5161/3514 4505/5166/3513 4499/5159/3507
f 4501/5160/3509 4507/5167/3515 4512/5168/3520 4506/5161/3514
f 4502/5162/3510 4508/5169/3516 4507/5170/3515 4501/5163/3509
f 4503/5164/3511 4509/5171/3517 4508/5169/3516 4502/5162/3510
f 4504/5165/3512 4510/5172/3518 4509/5171/3517 4503/5164/3511
f 4505/5166/3513 4511/5173/3519 4510/5172/3518 4504/5165/3512
f 4506/5161/3514 4512/5168/3520 4511/5173/3519 4505/5166/3513
f 4507/5167/3515 4513/5174/3521 4518/5175/3526 4512/5168/3520
f 4508/5169/3516 4514/5176/3522 4513/5177/3521 4507/5170/3515
f 4509/5171/3517 4515/5178/3523 4514/5176/3522 4508/5169/3516
f 4510/5172/3518 4516/5179/3524 4515/5178/3523 4509/5171/3517
f 4511/5173/3519 4517/5180/3525 4516/5179/3524 4510/5172/3518
f 4512/5168/3520 4518/5175/3526 4517/5180/3525 4511/5173/3519
f 4513/5174/3521 4519/5181/3527 4524/5182/3532 4518/5175/3526
f 4514/5176/3522 4520/5183/3528 4519/5184/3527 4513/5177/3521
f 4515/5178/3523 4521/5185/3529 4520/5183/3528 4514/5176/3522
f 4516/5179/3524 4522/5186/3530 4521/5185/3529 4515/5178/3523
f 4517/5180/3525 4523/5187/3531 4522/5186/3530 4516/5179/3524
f 4518/5175/3526 4524/5182/3532 4523/5187/3531 4517/5180/3525
f 4519/5181/3527 4525/5188/3533 4530/5189/3538 4524/5182/3532
f 4520/5183/3528 4526/5190/3534 4525/5191/3533 4519/5184/3527
f 4521/5185/3529 4527/5192/3535 4526/5190/3534 4520/5183/3528
f 4522/5186/3530 4528/5193/3536 4527/5192/3535 4521/5185/3529
f 4523/5187/3531 4529/5194/3537 4528/5193/3536 4522/5186/3530
f 4524/5182/3532 4530/5189/3538 4529/5194/3537 4523/5187/3531
f 4525/5188/3533 4531/5195/3533 4536/5196/3538 4530/5189/3538
f 4526/5190/3534 4532/5197/3534 4531/5198/3533 4525/5191/3533
f 4527/5192/3535 4533/5199/3535 4532/5197/3534 4526/5190/3534
f 4528/5193/3536 4534/5200/3536 4533/5199/3535 4527/5192/3535
f 4529/5194/3537 4535/5201/3537 4534/5200/3536 4528/5193/3536
f 4530/5189/3538 4536/5196/3538 4535/5201/3537 4529/5194/3537
f 4531/5195/3533 4537/5202/3533 4542/5203/3538 4536/5196/3538
f 4532/5197/3534 4538/5204/3534 4537/5205/3533 4531/5198/3533
f 4533/5199/3535 4539/5206/3535 4538/5204/3534 4532/5197/3534
f 4534/5200/3536 4540/5207/3536 4539/5206/3535 4533/5199/3535
f 4535/5201/3537 4541/5208/3537 4540/5207/3536 4534/5200/3536
f 4536/5196/3538 4542/5203/3538 4541/5208/3537 4535/5201/3537
f 4537/5202/3533 4543/5209/3533 4548/5210/3538 4542/5203/3538
f 4538/5204/3534 4544/5211/3534 4543/5212/3533 4537/5205/3533
f 4539/5206/3535 4545/5213/3535 4544/5211/3534 4538/5204/3534
f 4540/5207/3536 4546/5214/3536 4545/5213/3535 4539/5206/3535
f 4541/5208/3537 4547/5215/3537 4546/5214/3536 4540/5207/3536
f 4542/5203/3538 4548/5210/3538 4547/5215/3537 4541/5208/3537
f 4543/5209/3533 4549/5216/3533 4554/5217/3538 4548/5210/3538
f 4544/5211/3534 4550/5218/3534 4549/5219/3533 4543/5212/3533
f 4545/5213/3535 4551/5220/3535 4550/5218/3534 4544/5211/3534
f 4546/5214/3536 4552/5221/3536 4551/5220/3535 4545/5213/3535
f 4547/5215/3537 4553/5222/3537 4552/5221/3536 4546/5214/3536
f 4548/5210/3538 4554/5217/3538 4553/5222/3537 4547/5215/3537
f 4549/5216/3533 4555/5223/3533 4560/5224/3538 4554/5217/3538
f 4550/5218/3534 4556/5225/3534 4555/5226/3533 4549/5219/3533
f 4551/5220/3535 4557/5227/3535 4556/5225/3534 4550/5218/3534
f 4552/5221/3536 4558/5228/3536 4557/5227/3535 4551/5220/3535
f 4553/5222/3537 4559/5229/3537 4558/5228/3536 4552/5221/3536
f 4554/5217/3538 4560/5224/3538 4559/5229/3537 4553/5222/3537
f 4555/5223/3533 4561/5230/3533 4566/5231/3538 4560/5224/3538
f 4556/5225/3534 4562/5232/3534 4561/5233/3533 4555/5226/3533
f 4557/5227/3535 4563/5234/3535 4562/5232/3534 4556/5225/3534
f 4558/5228/3536 4564/5235/3536 4563/5234/3535 4557/5227/3535
f 4559/5229/3537 4565/5236/3537 4564/5235/3536 4558/5228/3536
f 4560/5224/3538 4566/5231/3538 4565/5236/3537 4559/5229/3537
f 4561/5230/3533 4567/5237/3533 4572/5238/3538 4566/5231/3538
f 4562/5232/3534 4568/5239/3534 4567/5240/3533 4561/5233/3533
f 4563/5234/3535 4569/5241/3535 4568/5239/3534 4562/5232/3534
f 4564/5235/3536 4570/5242/3536 4569/5241/3535 4563/5234/3535
f 4565/5236/3537 4571/5243/3537 4570/5242/3536 4564/5235/3536
f 4566/5231/3538 4572/5238/3538 4571/5243/3537 4565/5236/3537
f 4567/5237/3533 4573/5244/3533 4578/5245/3538 4572/5238/3538
f 4568/5239/3534 4574/5246/3534 4573/5247/3533 4567/5240/3533
f 4569/5241/3535 4575/5248/3535 4574/5246/3534 4568/5239/3534
f 4570/5242/3536 4576/5249/3536 4575/5248/3535 4569/5241/3535
f 4571/5243/3537 4577/5250/3537 4576/5249/3536 4570/5242/3536
f 4572/5238/3538 4578/5245/3538 4577/5250/3537 4571/5243/3537
f 4573/5244/3533 4579/5251/3533 4584/5252/3538 4578/5245/3538
f 4574/5246/3534 4580/5253/3534 4579/5254/3533 4573/5247/3533
f 4575/5248/3535 4581/5255/3535 4580/5253/3534 4574/5246/3534
f 4576/5249/3536 4582/5256/3536 4581/5255/3535 4575/5248/3535
f 4577/5250/3537 4583/5257/3537 4582/5256/3536 4576/5249/3536
f 4578/5245/3538 4584/5252/3538 4583/5257/3537 4577/5250/3537
o Cone.005
v -0.485859 0.906687 0.286349
v -0.457859 0.906687 0.314349
v -0.485859 0.906687 0.342349
v -0.513859 0.906687 0.314349
v -0.485859 0.962687 0.314349
vn 0.6667 0.3333 -0.6667
vn 0.6667 0.3333 0.6667
vn -0.0000 -1.0000 -0.0000
vn -0.6667 0.3333 0.6667
vn -0.6667 0.3333 -0.6667
vt 0.250000 0.490000
vt 0.250000 0.250000
vt 0.490000 0.250000
vt 0.250000 0.010000
vt 0.750000 0.490000
vt 0.990000 0.250000
vt 0.750000 0.010000
vt 0.510000 0.250000
vt 0.010000 0.250000
s 0
usemtl Material.001
f 4585/5258/3539 4589/5259/3539 4586/5260/3539
f 4586/5260/3540 4589/5259/3540 4587/5261/3540
f 4585/5262/3541 4586/5263/3541 4587/5264/3541 4588/5265/3541
f 4587/5261/3542 4589/5259/3542 4588/5266/3542
f 4588/5266/3543 4589/5259/3543 4585/5258/3543
o NurbsPath.006
v -0.004524 -0.310803 -1.307293
v -0.004524 -0.320803 -1.307293
v -0.004524 -0.325803 -1.298633
v -0.004524 -0.320803 -1.289973
v -0.004524 -0.310803 -1.289973
v -0.004524 -0.305803 -1.298633
v -0.030791 -0.310803 -1.307293
v -0.030791 -0.320803 -1.307293
v -0.030791 -0.325803 -1.298633
v -0.030791 -0.320803 -1.289973
v -0.030791 -0.310803 -1.289973
v -0.030791 -0.305803 -1.298633
v -0.057059 -0.310803 -1.307293
v -0.057059 -0.320803 -1.307293
v -0.057059 -0.325803 -1.298633
v -0.057059 -0.320803 -1.289973
v -0.057059 -0.310803 -1.289973
v -0.057059 -0.305803 -1.298633
v -0.083326 -0.310803 -1.307293
v -0.083326 -0.320803 -1.307293
v -0.083326 -0.325803 -1.298633
v -0.083326 -0.320803 -1.289973
v -0.083326 -0.310803 -1.289973
v -0.083326 -0.305803 -1.298633
v -0.109593 -0.310803 -1.307293
v -0.109593 -0.320803 -1.307293
v -0.109593 -0.325803 -1.298633
v -0.109593 -0.320803 -1.289973
v -0.109593 -0.310803 -1.289973
v -0.109593 -0.305803 -1.298633
v -0.135860 -0.310803 -1.307293
v -0.135860 -0.320803 -1.307293
v -0.135860 -0.325803 -1.298633
v -0.135860 -0.320803 -1.289973
v -0.135860 -0.310803 -1.289973
v -0.135860 -0.305803 -1.298633
v -0.162128 -0.310803 -1.307293
v -0.162128 -0.320803 -1.307293
v -0.162128 -0.325803 -1.298633
v -0.162128 -0.320803 -1.289973
v -0.162128 -0.310803 -1.289973
v -0.162128 -0.305803 -1.298633
v -0.188395 -0.310803 -1.307293
v -0.188395 -0.320803 -1.307293
v -0.188395 -0.325803 -1.298633
v -0.188395 -0.320803 -1.289973
v -0.188395 -0.310803 -1.289973
v -0.188395 -0.305803 -1.298633
v -0.214662 -0.310803 -1.307293
v -0.214662 -0.320803 -1.307293
v -0.214662 -0.325803 -1.298633
v -0.214662 -0.320803 -1.289973
v -0.214662 -0.310803 -1.289973
v -0.214662 -0.305803 -1.298633
v -0.240929 -0.310803 -1.307293
v -0.240929 -0.320803 -1.307293
v -0.240929 -0.325803 -1.298633
v -0.240929 -0.320803 -1.289973
v -0.240929 -0.310803 -1.289973
v -0.240929 -0.305803 -1.298633
v -0.267197 -0.310803 -1.307293
v -0.267197 -0.320803 -1.307293
v -0.267197 -0.325803 -1.298633
v -0.267197 -0.320803 -1.289973
v -0.267197 -0.310803 -1.289973
v -0.267197 -0.305803 -1.298633
v -0.290378 -0.311869 -1.307293
v -0.296550 -0.319737 -1.307293
v -0.299636 -0.323671 -1.298633
v -0.296550 -0.319737 -1.289973
v -0.290378 -0.311869 -1.289973
v -0.287292 -0.307935 -1.298633
v -0.301634 -0.261644 -1.307293
v -0.311562 -0.262843 -1.307293
v -0.316525 -0.263443 -1.298633
v -0.311562 -0.262843 -1.289973
v -0.301634 -0.261644 -1.289973
v -0.296670 -0.261044 -1.298633
v -0.301598 -0.155125 -1.307293
v -0.311598 -0.155125 -1.307293
v -0.316598 -0.155125 -1.298633
v -0.311598 -0.155125 -1.289973
v -0.301598 -0.155125 -1.289973
v -0.296598 -0.155125 -1.298633
v -0.301598 -0.048007 -1.307293
v -0.311598 -0.048007 -1.307293
v -0.316598 -0.048007 -1.298633
v -0.311598 -0.048007 -1.289973
v -0.301598 -0.048007 -1.289973
v -0.296598 -0.048007 -1.298633
v -0.301598 0.059112 -1.307293
v -0.311598 0.059112 -1.307293
v -0.316598 0.059112 -1.298633
v -0.311598 0.059112 -1.289973
v -0.301598 0.059112 -1.289973
v -0.296598 0.059112 -1.298633
v -0.301598 0.166231 -1.307293
v -0.311598 0.166231 -1.307293
v -0.316598 0.166231 -1.298633
v -0.311598 0.166231 -1.289973
v -0.301598 0.166231 -1.289973
v -0.296598 0.166231 -1.298633
v -0.301597 0.273349 -1.307293
v -0.311597 0.273349 -1.307293
v -0.316597 0.273349 -1.298633
v -0.311597 0.273349 -1.289973
v -0.301597 0.273349 -1.289973
v -0.296597 0.273349 -1.298633
v -0.301597 0.380468 -1.307293
v -0.311597 0.380468 -1.307293
v -0.316597 0.380468 -1.298633
v -0.311597 0.380468 -1.289973
v -0.301597 0.380468 -1.289973
v -0.296597 0.380468 -1.298633
v -0.301597 0.487586 -1.307293
v -0.311597 0.487586 -1.307293
v -0.316597 0.487586 -1.298633
v -0.311597 0.487586 -1.289973
v -0.301597 0.487586 -1.289973
v -0.296597 0.487586 -1.298633
v -0.301597 0.594705 -1.307293
v -0.311597 0.594705 -1.307293
v -0.316597 0.594705 -1.298633
v -0.311597 0.594705 -1.289973
v -0.301597 0.594705 -1.289973
v -0.296597 0.594705 -1.298633
v -0.301597 0.701824 -1.307293
v -0.311597 0.701824 -1.307293
v -0.316597 0.701824 -1.298633
v -0.311597 0.701824 -1.289973
v -0.301597 0.701824 -1.289973
v -0.296597 0.701824 -1.298633
v -0.301597 0.808942 -1.307293
v -0.311597 0.808942 -1.307293
v -0.316597 0.808942 -1.298633
v -0.311597 0.808942 -1.289973
v -0.301597 0.808942 -1.289973
v -0.296597 0.808942 -1.298633
v -0.301597 0.916061 -1.307293
v -0.311597 0.916061 -1.307293
v -0.316597 0.916061 -1.298633
v -0.311597 0.916061 -1.289973
v -0.301597 0.916061 -1.289973
v -0.296597 0.916061 -1.298633
vn -0.0000 0.5000 -0.8660
vn -0.0000 -0.5000 -0.8660
vn -0.0000 -1.0000 -0.0000
vn -0.0000 -0.5000 0.8660
vn -0.0000 0.5000 0.8660
vn -0.0000 1.0000 -0.0000
vn -0.0195 0.5177 -0.8553
vn -0.0135 -0.5129 -0.8584
vn -0.0259 -0.9997 -0.0000
vn -0.0135 -0.5129 0.8584
vn -0.0195 0.5177 0.8553
vn -0.0368 0.9993 -0.0000
vn 0.1707 0.2263 -0.9590
vn -0.3772 -0.4657 -0.8005
vn -0.6252 -0.7805 -0.0000
vn -0.3772 -0.4657 0.8005
vn 0.1707 0.2263 0.9590
vn 0.5947 0.8040 -0.0000
vn 0.4802 0.0512 -0.8757
vn -0.5336 -0.0726 -0.8426
vn -0.9910 -0.1337 -0.0000
vn -0.5336 -0.0726 0.8426
vn 0.4802 0.0512 0.8757
vn 0.9945 0.1050 -0.0000
vn 0.5004 -0.0001 -0.8658
vn -0.5004 -0.0001 -0.8658
vn -1.0000 -0.0003 -0.0000
vn -0.5004 -0.0001 0.8658
vn 0.5004 -0.0001 0.8658
vn 1.0000 -0.0003 -0.0000
vn 0.5000 -0.0000 -0.8660
vn -0.5000 -0.0000 -0.8660
vn -1.0000 -0.0000 -0.0000
vn -0.5000 -0.0000 0.8660
vn 0.5000 -0.0000 0.8660
vn 1.0000 -0.0000 -0.0000
vt 0.000000 1.000000
vt 0.043478 1.000000
vt 0.043478 0.833333
vt 0.000000 0.833333
vt 0.000000 0.166667
vt 0.043478 0.166667
vt 0.043478 0.000000
vt 0.000000 0.000000
vt 0.000000 0.333333
vt 0.043478 0.333333
vt 0.000000 0.500000
vt 0.043478 0.500000
vt 0.000000 0.666667
vt 0.043478 0.666667
vt 0.086957 1.000000
vt 0.086957 0.833333
vt 0.086957 0.166667
vt 0.086957 0.000000
vt 0.086957 0.333333
vt 0.086957 0.500000
vt 0.086957 0.666667
vt 0.130435 1.000000
vt 0.130435 0.833333
vt 0.130435 0.166667
vt 0.130435 0.000000
vt 0.130435 0.333333
vt 0.130435 0.500000
vt 0.130435 0.666667
vt 0.173913 1.000000
vt 0.173913 0.833333
vt 0.173913 0.166667
vt 0.173913 0.000000
vt 0.173913 0.333333
vt 0.173913 0.500000
vt 0.173913 0.666667
vt 0.217391 1.000000
vt 0.217391 0.833333
vt 0.217391 0.166667
vt 0.217391 0.000000
vt 0.217391 0.333333
vt 0.217391 0.500000
vt 0.217391 0.666667
vt 0.260870 1.000000
vt 0.260870 0.833333
vt 0.260870 0.166667
vt 0.260870 0.000000
vt 0.260870 0.333333
vt 0.260870 0.500000
vt 0.260870 0.666667
vt 0.304348 1.000000
vt 0.304348 0.833333
vt 0.304348 0.166667
vt 0.304348 0.000000
vt 0.304348 0.333333
vt 0.304348 0.500000
vt 0.304348 0.666667
vt 0.347826 1.000000
vt 0.347826 0.833333
vt 0.347826 0.166667
vt 0.347826 0.000000
vt 0.347826 0.333333
vt 0.347826 0.500000
vt 0.347826 0.666667
vt 0.391304 1.000000
vt 0.391304 0.833333
vt 0.391304 0.166667
vt 0.391304 0.000000
vt 0.391304 0.333333
vt 0.391304 0.500000
vt 0.391304 0.666667
vt 0.434783 1.000000
vt 0.434783 0.833333
vt 0.434783 0.166667
vt 0.434783 0.000000
vt 0.434783 0.333333
vt 0.434783 0.500000
vt 0.434783 0.666667
vt 0.478261 1.000000
vt 0.478261 0.833333
vt 0.478261 0.166667
vt 0.478261 0.000000
vt 0.478261 0.333333
vt 0.478261 0.500000
vt 0.478261 0.666667
vt 0.521739 1.000000
vt 0.521739 0.833333
vt 0.521739 0.166667
vt 0.521739 0.000000
vt 0.521739 0.333333
vt 0.521739 0.500000
vt 0.521739 0.666667
vt 0.565217 1.000000
vt 0.565217 0.833333
vt 0.565217 0.166667
vt 0.565217 0.000000
vt 0.565217 0.333333
vt 0.565217 0.500000
vt 0.565217 0.666667
vt 0.608696 1.000000
vt 0.608696 0.833333
vt 0.608696 0.166667
vt 0.608696 0.000000
vt 0.608696 0.333333
vt 0.608696 0.500000
vt 0.608696 0.666667
vt 0.652174 1.000000
vt 0.652174 0.833333
vt 0.652174 0.166667
vt 0.652174 0.000000
vt 0.652174 0.333333
vt 0.652174 0.500000
vt 0.652174 0.666667
vt 0.695652 1.000000
vt 0.695652 0.833333
vt 0.695652 0.166667
vt 0.695652 0.000000
vt 0.695652 0.333333
vt 0.695652 0.500000
vt 0.695652 0.666667
vt 0.739130 1.000000
vt 0.739130 0.833333
vt 0.739130 0.166667
vt 0.739130 0.000000
vt 0.739130 0.333333
vt 0.739130 0.500000
vt 0.739130 0.666667
vt 0.782609 1.000000
vt 0.782609 0.833333
vt 0.782609 0.166667
vt 0.782609 0.000000
vt 0.782609 0.333333
vt 0.782609 0.500000
vt 0.782609 0.666667
vt 0.826087 1.000000
vt 0.826087 0.833333
vt 0.826087 0.166667
vt 0.826087 0.000000
vt 0.826087 0.333333
vt 0.826087 0.500000
vt 0.826087 0.666667
vt 0.869565 1.000000
vt 0.869565 0.833333
vt 0.869565 0.166667
vt 0.869565 0.000000
vt 0.869565 0.333333
vt 0.869565 0.500000
vt 0.869565 0.666667
vt 0.913043 1.000000
vt 0.913043 0.833333
vt 0.913043 0.166667
vt 0.913043 0.000000
vt 0.913043 0.333333
vt 0.913043 0.500000
vt 0.913043 0.666667
vt 0.956522 1.000000
vt 0.956522 0.833333
vt 0.956522 0.166667
vt 0.956522 0.000000
vt 0.956522 0.333333
vt 0.956522 0.500000
vt 0.956522 0.666667
vt 1.000000 1.000000
vt 1.000000 0.833333
vt 1.000000 0.166667
vt 1.000000 0.000000
vt 1.000000 0.333333
vt 1.000000 0.500000
vt 1.000000 0.666667
s 1
usemtl Material.001
f 4590/5267/3544 4596/5268/3544 4601/5269/3549 4595/5270/3549
f 4591/5271/3545 4597/5272/3545 4596/5273/3544 4590/5274/3544
f 4592/5275/3546 4598/5276/3546 4597/5272/3545 4591/5271/3545
f 4593/5277/3547 4599/5278/3547 4598/5276/3546 4592/5275/3546
f 4594/5279/3548 4600/5280/3548 4599/5278/3547 4593/5277/3547
f 4595/5270/3549 4601/5269/3549 4600/5280/3548 4594/5279/3548
f 4596/5268/3544 4602/5281/3544 4607/5282/3549 4601/5269/3549
f 4597/5272/3545 4603/5283/3545 4602/5284/3544 4596/5273/3544
f 4598/5276/3546 4604/5285/3546 4603/5283/3545 4597/5272/3545
f 4599/5278/3547 4605/5286/3547 4604/5285/3546 4598/5276/3546
f 4600/5280/3548 4606/5287/3548 4605/5286/3547 4599/5278/3547
f 4601/5269/3549 4607/5282/3549 4606/5287/3548 4600/5280/3548
f 4602/5281/3544 4608/5288/3544 4613/5289/3549 4607/5282/3549
f 4603/5283/3545 4609/5290/3545 4608/5291/3544 4602/5284/3544
f 4604/5285/3546 4610/5292/3546 4609/5290/3545 4603/5283/3545
f 4605/5286/3547 4611/5293/3547 4610/5292/3546 4604/5285/3546
f 4606/5287/3548 4612/5294/3548 4611/5293/3547 4605/5286/3547
f 4607/5282/3549 4613/5289/3549 4612/5294/3548 4606/5287/3548
f 4608/5288/3544 4614/5295/3544 4619/5296/3549 4613/5289/3549
f 4609/5290/3545 4615/5297/3545 4614/5298/3544 4608/5291/3544
f 4610/5292/3546 4616/5299/3546 4615/5297/3545 4609/5290/3545
f 4611/5293/3547 4617/5300/3547 4616/5299/3546 4610/5292/3546
f 4612/5294/3548 4618/5301/3548 4617/5300/3547 4611/5293/3547
f 4613/5289/3549 4619/5296/3549 4618/5301/3548 4612/5294/3548
f 4614/5295/3544 4620/5302/3544 4625/5303/3549 4619/5296/3549
f 4615/5297/3545 4621/5304/3545 4620/5305/3544 4614/5298/3544
f 4616/5299/3546 4622/5306/3546 4621/5304/3545 4615/5297/3545
f 4617/5300/3547 4623/5307/3547 4622/5306/3546 4616/5299/3546
f 4618/5301/3548 4624/5308/3548 4623/5307/3547 4617/5300/3547
f 4619/5296/3549 4625/5303/3549 4624/5308/3548 4618/5301/3548
f 4620/5302/3544 4626/5309/3544 4631/5310/3549 4625/5303/3549
f 4621/5304/3545 4627/5311/3545 4626/5312/3544 4620/5305/3544
f 4622/5306/3546 4628/5313/3546 4627/5311/3545 4621/5304/3545
f 4623/5307/3547 4629/5314/3547 4628/5313/3546 4622/5306/3546
f 4624/5308/3548 4630/5315/3548 4629/5314/3547 4623/5307/3547
f 4625/5303/3549 4631/5310/3549 4630/5315/3548 4624/5308/3548
f 4626/5309/3544 4632/5316/3544 4637/5317/3549 4631/5310/3549
f 4627/5311/3545 4633/5318/3545 4632/5319/3544 4626/5312/3544
f 4628/5313/3546 4634/5320/3546 4633/5318/3545 4627/5311/3545
f 4629/5314/3547 4635/5321/3547 4634/5320/3546 4628/5313/3546
f 4630/5315/3548 4636/5322/3548 4635/5321/3547 4629/5314/3547
f 4631/5310/3549 4637/5317/3549 4636/5322/3548 4630/5315/3548
f 4632/5316/3544 4638/5323/3544 4643/5324/3549 4637/5317/3549
f 4633/5318/3545 4639/5325/3545 4638/5326/3544 4632/5319/3544
f 4634/5320/3546 4640/5327/3546 4639/5325/3545 4633/5318/3545
f 4635/5321/3547 4641/5328/3547 4640/5327/3546 4634/5320/3546
f 4636/5322/3548 4642/5329/3548 4641/5328/3547 4635/5321/3547
f 4637/5317/3549 4643/5324/3549 4642/5329/3548 4636/5322/3548
f 4638/5323/3544 4644/5330/3544 4649/5331/3549 4643/5324/3549
f 4639/5325/3545 4645/5332/3545 4644/5333/3544 4638/5326/3544
f 4640/5327/3546 4646/5334/3546 4645/5332/3545 4639/5325/3545
f 4641/5328/3547 4647/5335/3547 4646/5334/3546 4640/5327/3546
f 4642/5329/3548 4648/5336/3548 4647/5335/3547 4641/5328/3547
f 4643/5324/3549 4649/5331/3549 4648/5336/3548 4642/5329/3548
f 4644/5330/3544 4650/5337/3550 4655/5338/3555 4649/5331/3549
f 4645/5332/3545 4651/5339/3551 4650/5340/3550 4644/5333/3544
f 4646/5334/3546 4652/5341/3552 4651/5339/3551 4645/5332/3545
f 4647/5335/3547 4653/5342/3553 4652/5341/3552 4646/5334/3546
f 4648/5336/3548 4654/5343/3554 4653/5342/3553 4647/5335/3547
f 4649/5331/3549 4655/5338/3555 4654/5343/3554 4648/5336/3548
f 4650/5337/3550 4656/5344/3556 4661/5345/3561 4655/5338/3555
f 4651/5339/3551 4657/5346/3557 4656/5347/3556 4650/5340/3550
f 4652/5341/3552 4658/5348/3558 4657/5346/3557 4651/5339/3551
f 4653/5342/3553 4659/5349/3559 4658/5348/3558 4652/5341/3552
f 4654/5343/3554 4660/5350/3560 4659/5349/3559 4653/5342/3553
f 4655/5338/3555 4661/5345/3561 4660/5350/3560 4654/5343/3554
f 4656/5344/3556 4662/5351/3562 4667/5352/3567 4661/5345/3561
f 4657/5346/3557 4663/5353/3563 4662/5354/3562 4656/5347/3556
f 4658/5348/3558 4664/5355/3564 4663/5353/3563 4657/5346/3557
f 4659/5349/3559 4665/5356/3565 4664/5355/3564 4658/5348/3558
f 4660/5350/3560 4666/5357/3566 4665/5356/3565 4659/5349/3559
f 4661/5345/3561 4667/5352/3567 4666/5357/3566 4660/5350/3560
f 4662/5351/3562 4668/5358/3568 4673/5359/3573 4667/5352/3567
f 4663/5353/3563 4669/5360/3569 4668/5361/3568 4662/5354/3562
f 4664/5355/3564 4670/5362/3570 4669/5360/3569 4663/5353/3563
f 4665/5356/3565 4671/5363/3571 4670/5362/3570 4664/5355/3564
f 4666/5357/3566 4672/5364/3572 4671/5363/3571 4665/5356/3565
f 4667/5352/3567 4673/5359/3573 4672/5364/3572 4666/5357/3566
f 4668/5358/3568 4674/5365/3574 4679/5366/3579 4673/5359/3573
f 4669/5360/3569 4675/5367/3575 4674/5368/3574 4668/5361/3568
f 4670/5362/3570 4676/5369/3576 4675/5367/3575 4669/5360/3569
f 4671/5363/3571 4677/5370/3577 4676/5369/3576 4670/5362/3570
f 4672/5364/3572 4678/5371/3578 4677/5370/3577 4671/5363/3571
f 4673/5359/3573 4679/5366/3579 4678/5371/3578 4672/5364/3572
f 4674/5365/3574 4680/5372/3574 4685/5373/3579 4679/5366/3579
f 4675/5367/3575 4681/5374/3575 4680/5375/3574 4674/5368/3574
f 4676/5369/3576 4682/5376/3576 4681/5374/3575 4675/5367/3575
f 4677/5370/3577 4683/5377/3577 4682/5376/3576 4676/5369/3576
f 4678/5371/3578 4684/5378/3578 4683/5377/3577 4677/5370/3577
f 4679/5366/3579 4685/5373/3579 4684/5378/3578 4678/5371/3578
f 4680/5372/3574 4686/5379/3574 4691/5380/3579 4685/5373/3579
f 4681/5374/3575 4687/5381/3575 4686/5382/3574 4680/5375/3574
f 4682/5376/3576 4688/5383/3576 4687/5381/3575 4681/5374/3575
f 4683/5377/3577 4689/5384/3577 4688/5383/3576 4682/5376/3576
f 4684/5378/3578 4690/5385/3578 4689/5384/3577 4683/5377/3577
f 4685/5373/3579 4691/5380/3579 4690/5385/3578 4684/5378/3578
f 4686/5379/3574 4692/5386/3574 4697/5387/3579 4691/5380/3579
f 4687/5381/3575 4693/5388/3575 4692/5389/3574 4686/5382/3574
f 4688/5383/3576 4694/5390/3576 4693/5388/3575 4687/5381/3575
f 4689/5384/3577 4695/5391/3577 4694/5390/3576 4688/5383/3576
f 4690/5385/3578 4696/5392/3578 4695/5391/3577 4689/5384/3577
f 4691/5380/3579 4697/5387/3579 4696/5392/3578 4690/5385/3578
f 4692/5386/3574 4698/5393/3574 4703/5394/3579 4697/5387/3579
f 4693/5388/3575 4699/5395/3575 4698/5396/3574 4692/5389/3574
f 4694/5390/3576 4700/5397/3576 4699/5395/3575 4693/5388/3575
f 4695/5391/3577 4701/5398/3577 4700/5397/3576 4694/5390/3576
f 4696/5392/3578 4702/5399/3578 4701/5398/3577 4695/5391/3577
f 4697/5387/3579 4703/5394/3579 4702/5399/3578 4696/5392/3578
f 4698/5393/3574 4704/5400/3574 4709/5401/3579 4703/5394/3579
f 4699/5395/3575 4705/5402/3575 4704/5403/3574 4698/5396/3574
f 4700/5397/3576 4706/5404/3576 4705/5402/3575 4699/5395/3575
f 4701/5398/3577 4707/5405/3577 4706/5404/3576 4700/5397/3576
f 4702/5399/3578 4708/5406/3578 4707/5405/3577 4701/5398/3577
f 4703/5394/3579 4709/5401/3579 4708/5406/3578 4702/5399/3578
f 4704/5400/3574 4710/5407/3574 4715/5408/3579 4709/5401/3579
f 4705/5402/3575 4711/5409/3575 4710/5410/3574 4704/5403/3574
f 4706/5404/3576 4712/5411/3576 4711/5409/3575 4705/5402/3575
f 4707/5405/3577 4713/5412/3577 4712/5411/3576 4706/5404/3576
f 4708/5406/3578 4714/5413/3578 4713/5412/3577 4707/5405/3577
f 4709/5401/3579 4715/5408/3579 4714/5413/3578 4708/5406/3578
f 4710/5407/3574 4716/5414/3574 4721/5415/3579 4715/5408/3579
f 4711/5409/3575 4717/5416/3575 4716/5417/3574 4710/5410/3574
f 4712/5411/3576 4718/5418/3576 4717/5416/3575 4711/5409/3575
f 4713/5412/3577 4719/5419/3577 4718/5418/3576 4712/5411/3576
f 4714/5413/3578 4720/5420/3578 4719/5419/3577 4713/5412/3577
f 4715/5408/3579 4721/5415/3579 4720/5420/3578 4714/5413/3578
f 4716/5414/3574 4722/5421/3574 4727/5422/3579 4721/5415/3579
f 4717/5416/3575 4723/5423/3575 4722/5424/3574 4716/5417/3574
f 4718/5418/3576 4724/5425/3576 4723/5423/3575 4717/5416/3575
f 4719/5419/3577 4725/5426/3577 4724/5425/3576 4718/5418/3576
f 4720/5420/3578 4726/5427/3578 4725/5426/3577 4719/5419/3577
f 4721/5415/3579 4727/5422/3579 4726/5427/3578 4720/5420/3578
f 4722/5421/3574 4728/5428/3574 4733/5429/3579 4727/5422/3579
f 4723/5423/3575 4729/5430/3575 4728/5431/3574 4722/5424/3574
f 4724/5425/3576 4730/5432/3576 4729/5430/3575 4723/5423/3575
f 4725/5426/3577 4731/5433/3577 4730/5432/3576 4724/5425/3576
f 4726/5427/3578 4732/5434/3578 4731/5433/3577 4725/5426/3577
f 4727/5422/3579 4733/5429/3579 4732/5434/3578 4726/5427/3578
o NurbsPath.006
v -0.004524 -0.310803 -1.307293
v -0.004524 -0.320803 -1.307293
v -0.004524 -0.325803 -1.298633
v -0.004524 -0.320803 -1.289973
v -0.004524 -0.310803 -1.289973
v -0.004524 -0.305803 -1.298633
v -0.030791 -0.310803 -1.307293
v -0.030791 -0.320803 -1.307293
v -0.030791 -0.325803 -1.298633
v -0.030791 -0.320803 -1.289973
v -0.030791 -0.310803 -1.289973
v -0.030791 -0.305803 -1.298633
v -0.057059 -0.310803 -1.307293
v -0.057059 -0.320803 -1.307293
v -0.057059 -0.325803 -1.298633
v -0.057059 -0.320803 -1.289973
v -0.057059 -0.310803 -1.289973
v -0.057059 -0.305803 -1.298633
v -0.083326 -0.310803 -1.307293
v -0.083326 -0.320803 -1.307293
v -0.083326 -0.325803 -1.298633
v -0.083326 -0.320803 -1.289973
v -0.083326 -0.310803 -1.289973
v -0.083326 -0.305803 -1.298633
v -0.109593 -0.310803 -1.307293
v -0.109593 -0.320803 -1.307293
v -0.109593 -0.325803 -1.298633
v -0.109593 -0.320803 -1.289973
v -0.109593 -0.310803 -1.289973
v -0.109593 -0.305803 -1.298633
v -0.135860 -0.310803 -1.307293
v -0.135860 -0.320803 -1.307293
v -0.135860 -0.325803 -1.298633
v -0.135860 -0.320803 -1.289973
v -0.135860 -0.310803 -1.289973
v -0.135860 -0.305803 -1.298633
v -0.162128 -0.310803 -1.307293
v -0.162128 -0.320803 -1.307293
v -0.162128 -0.325803 -1.298633
v -0.162128 -0.320803 -1.289973
v -0.162128 -0.310803 -1.289973
v -0.162128 -0.305803 -1.298633
v -0.188395 -0.310803 -1.307293
v -0.188395 -0.320803 -1.307293
v -0.188395 -0.325803 -1.298633
v -0.188395 -0.320803 -1.289973
v -0.188395 -0.310803 -1.289973
v -0.188395 -0.305803 -1.298633
v -0.214662 -0.310803 -1.307293
v -0.214662 -0.320803 -1.307293
v -0.214662 -0.325803 -1.298633
v -0.214662 -0.320803 -1.289973
v -0.214662 -0.310803 -1.289973
v -0.214662 -0.305803 -1.298633
v -0.240929 -0.310803 -1.307293
v -0.240929 -0.320803 -1.307293
v -0.240929 -0.325803 -1.298633
v -0.240929 -0.320803 -1.289973
v -0.240929 -0.310803 -1.289973
v -0.240929 -0.305803 -1.298633
v -0.267197 -0.310803 -1.307293
v -0.267197 -0.320803 -1.307293
v -0.267197 -0.325803 -1.298633
v -0.267197 -0.320803 -1.289973
v -0.267197 -0.310803 -1.289973
v -0.267197 -0.305803 -1.298633
v -0.290378 -0.311869 -1.307293
v -0.296550 -0.319737 -1.307293
v -0.299636 -0.323671 -1.298633
v -0.296550 -0.319737 -1.289973
v -0.290378 -0.311869 -1.289973
v -0.287292 -0.307935 -1.298633
v -0.301634 -0.261644 -1.307293
v -0.311562 -0.262843 -1.307293
v -0.316525 -0.263443 -1.298633
v -0.311562 -0.262843 -1.289973
v -0.301634 -0.261644 -1.289973
v -0.296670 -0.261044 -1.298633
v -0.301598 -0.155125 -1.307293
v -0.311598 -0.155125 -1.307293
v -0.316598 -0.155125 -1.298633
v -0.311598 -0.155125 -1.289973
v -0.301598 -0.155125 -1.289973
v -0.296598 -0.155125 -1.298633
v -0.301598 -0.048007 -1.307293
v -0.311598 -0.048007 -1.307293
v -0.316598 -0.048007 -1.298633
v -0.311598 -0.048007 -1.289973
v -0.301598 -0.048007 -1.289973
v -0.296598 -0.048007 -1.298633
v -0.301598 0.059112 -1.307293
v -0.311598 0.059112 -1.307293
v -0.316598 0.059112 -1.298633
v -0.311598 0.059112 -1.289973
v -0.301598 0.059112 -1.289973
v -0.296598 0.059112 -1.298633
v -0.301598 0.166231 -1.307293
v -0.311598 0.166231 -1.307293
v -0.316598 0.166231 -1.298633
v -0.311598 0.166231 -1.289973
v -0.301598 0.166231 -1.289973
v -0.296598 0.166231 -1.298633
v -0.301597 0.273349 -1.307293
v -0.311597 0.273349 -1.307293
v -0.316597 0.273349 -1.298633
v -0.311597 0.273349 -1.289973
v -0.301597 0.273349 -1.289973
v -0.296597 0.273349 -1.298633
v -0.301597 0.380468 -1.307293
v -0.311597 0.380468 -1.307293
v -0.316597 0.380468 -1.298633
v -0.311597 0.380468 -1.289973
v -0.301597 0.380468 -1.289973
v -0.296597 0.380468 -1.298633
v -0.301597 0.487586 -1.307293
v -0.311597 0.487586 -1.307293
v -0.316597 0.487586 -1.298633
v -0.311597 0.487586 -1.289973
v -0.301597 0.487586 -1.289973
v -0.296597 0.487586 -1.298633
v -0.301597 0.594705 -1.307293
v -0.311597 0.594705 -1.307293
v -0.316597 0.594705 -1.298633
v -0.311597 0.594705 -1.289973
v -0.301597 0.594705 -1.289973
v -0.296597 0.594705 -1.298633
v -0.301597 0.701824 -1.307293
v -0.311597 0.701824 -1.307293
v -0.316597 0.701824 -1.298633
v -0.311597 0.701824 -1.289973
v -0.301597 0.701824 -1.289973
v -0.296597 0.701824 -1.298633
v -0.301597 0.808942 -1.307293
v -0.311597 0.808942 -1.307293
v -0.316597 0.808942 -1.298633
v -0.311597 0.808942 -1.289973
v -0.301597 0.808942 -1.289973
v -0.296597 0.808942 -1.298633
v -0.301597 0.916061 -1.307293
v -0.311597 0.916061 -1.307293
v -0.316597 0.916061 -1.298633
v -0.311597 0.916061 -1.289973
v -0.301597 0.916061 -1.289973
v -0.296597 0.916061 -1.298633
vn -0.0000 0.5000 -0.8660
vn -0.0000 -0.5000 -0.8660
vn -0.0000 -1.0000 -0.0000
vn -0.0000 -0.5000 0.8660
vn -0.0000 0.5000 0.8660
vn -0.0000 1.0000 -0.0000
vn -0.0195 0.5177 -0.8553
vn -0.0135 -0.5129 -0.8584
vn -0.0259 -0.9997 -0.0000
vn -0.0135 -0.5129 0.8584
vn -0.0195 0.5177 0.8553
vn -0.0368 0.9993 -0.0000
vn 0.1707 0.2263 -0.9590
vn -0.3772 -0.4657 -0.8005
vn -0.6252 -0.7805 -0.0000
vn -0.3772 -0.4657 0.8005
vn 0.1707 0.2263 0.9590
vn 0.5947 0.8040 -0.0000
vn 0.4802 0.0512 -0.8757
vn -0.5336 -0.0726 -0.8426
vn -0.9910 -0.1337 -0.0000
vn -0.5336 -0.0726 0.8426
vn 0.4802 0.0512 0.8757
vn 0.9945 0.1050 -0.0000
vn 0.5004 -0.0001 -0.8658
vn -0.5004 -0.0001 -0.8658
vn -1.0000 -0.0003 -0.0000
vn -0.5004 -0.0001 0.8658
vn 0.5004 -0.0001 0.8658
vn 1.0000 -0.0003 -0.0000
vn 0.5000 -0.0000 -0.8660
vn -0.5000 -0.0000 -0.8660
vn -1.0000 -0.0000 -0.0000
vn -0.5000 -0.0000 0.8660
vn 0.5000 -0.0000 0.8660
vn 1.0000 -0.0000 -0.0000
vt 0.000000 1.000000
vt 0.043478 1.000000
vt 0.043478 0.833333
vt 0.000000 0.833333
vt 0.000000 0.166667
vt 0.043478 0.166667
vt 0.043478 0.000000
vt 0.000000 0.000000
vt 0.000000 0.333333
vt 0.043478 0.333333
vt 0.000000 0.500000
vt 0.043478 0.500000
vt 0.000000 0.666667
vt 0.043478 0.666667
vt 0.086957 1.000000
vt 0.086957 0.833333
vt 0.086957 0.166667
vt 0.086957 0.000000
vt 0.086957 0.333333
vt 0.086957 0.500000
vt 0.086957 0.666667
vt 0.130435 1.000000
vt 0.130435 0.833333
vt 0.130435 0.166667
vt 0.130435 0.000000
vt 0.130435 0.333333
vt 0.130435 0.500000
vt 0.130435 0.666667
vt 0.173913 1.000000
vt 0.173913 0.833333
vt 0.173913 0.166667
vt 0.173913 0.000000
vt 0.173913 0.333333
vt 0.173913 0.500000
vt 0.173913 0.666667
vt 0.217391 1.000000
vt 0.217391 0.833333
vt 0.217391 0.166667
vt 0.217391 0.000000
vt 0.217391 0.333333
vt 0.217391 0.500000
vt 0.217391 0.666667
vt 0.260870 1.000000
vt 0.260870 0.833333
vt 0.260870 0.166667
vt 0.260870 0.000000
vt 0.260870 0.333333
vt 0.260870 0.500000
vt 0.260870 0.666667
vt 0.304348 1.000000
vt 0.304348 0.833333
vt 0.304348 0.166667
vt 0.304348 0.000000
vt 0.304348 0.333333
vt 0.304348 0.500000
vt 0.304348 0.666667
vt 0.347826 1.000000
vt 0.347826 0.833333
vt 0.347826 0.166667
vt 0.347826 0.000000
vt 0.347826 0.333333
vt 0.347826 0.500000
vt 0.347826 0.666667
vt 0.391304 1.000000
vt 0.391304 0.833333
vt 0.391304 0.166667
vt 0.391304 0.000000
vt 0.391304 0.333333
vt 0.391304 0.500000
vt 0.391304 0.666667
vt 0.434783 1.000000
vt 0.434783 0.833333
vt 0.434783 0.166667
vt 0.434783 0.000000
vt 0.434783 0.333333
vt 0.434783 0.500000
vt 0.434783 0.666667
vt 0.478261 1.000000
vt 0.478261 0.833333
vt 0.478261 0.166667
vt 0.478261 0.000000
vt 0.478261 0.333333
vt 0.478261 0.500000
vt 0.478261 0.666667
vt 0.521739 1.000000
vt 0.521739 0.833333
vt 0.521739 0.166667
vt 0.521739 0.000000
vt 0.521739 0.333333
vt 0.521739 0.500000
vt 0.521739 0.666667
vt 0.565217 1.000000
vt 0.565217 0.833333
vt 0.565217 0.166667
vt 0.565217 0.000000
vt 0.565217 0.333333
vt 0.565217 0.500000
vt 0.565217 0.666667
vt 0.608696 1.000000
vt 0.608696 0.833333
vt 0.608696 0.166667
vt 0.608696 0.000000
vt 0.608696 0.333333
vt 0.608696 0.500000
vt 0.608696 0.666667
vt 0.652174 1.000000
vt 0.652174 0.833333
vt 0.652174 0.166667
vt 0.652174 0.000000
vt 0.652174 0.333333
vt 0.652174 0.500000
vt 0.652174 0.666667
vt 0.695652 1.000000
vt 0.695652 0.833333
vt 0.695652 0.166667
vt 0.695652 0.000000
vt 0.695652 0.333333
vt 0.695652 0.500000
vt 0.695652 0.666667
vt 0.739130 1.000000
vt 0.739130 0.833333
vt 0.739130 0.166667
vt 0.739130 0.000000
vt 0.739130 0.333333
vt 0.739130 0.500000
vt 0.739130 0.666667
vt 0.782609 1.000000
vt 0.782609 0.833333
vt 0.782609 0.166667
vt 0.782609 0.000000
vt 0.782609 0.333333
vt 0.782609 0.500000
vt 0.782609 0.666667
vt 0.826087 1.000000
vt 0.826087 0.833333
vt 0.826087 0.166667
vt 0.826087 0.000000
vt 0.826087 0.333333
vt 0.826087 0.500000
vt 0.826087 0.666667
vt 0.869565 1.000000
vt 0.869565 0.833333
vt 0.869565 0.166667
vt 0.869565 0.000000
vt 0.869565 0.333333
vt 0.869565 0.500000
vt 0.869565 0.666667
vt 0.913043 1.000000
vt 0.913043 0.833333
vt 0.913043 0.166667
vt 0.913043 0.000000
vt 0.913043 0.333333
vt 0.913043 0.500000
vt 0.913043 0.666667
vt 0.956522 1.000000
vt 0.956522 0.833333
vt 0.956522 0.166667
vt 0.956522 0.000000
vt 0.956522 0.333333
vt 0.956522 0.500000
vt 0.956522 0.666667
vt 1.000000 1.000000
vt 1.000000 0.833333
vt 1.000000 0.166667
vt 1.000000 0.000000
vt 1.000000 0.333333
vt 1.000000 0.500000
vt 1.000000 0.666667
s 1
usemtl Material.001
f 4734/5435/3580 4740/5436/3580 4745/5437/3585 4739/5438/3585
f 4735/5439/3581 4741/5440/3581 4740/5441/3580 4734/5442/3580
f 4736/5443/3582 4742/5444/3582 4741/5440/3581 4735/5439/3581
f 4737/5445/3583 4743/5446/3583 4742/5444/3582 4736/5443/3582
f 4738/5447/3584 4744/5448/3584 4743/5446/3583 4737/5445/3583
f 4739/5438/3585 4745/5437/3585 4744/5448/3584 4738/5447/3584
f 4740/5436/3580 4746/5449/3580 4751/5450/3585 4745/5437/3585
f 4741/5440/3581 4747/5451/3581 4746/5452/3580 4740/5441/3580
f 4742/5444/3582 4748/5453/3582 4747/5451/3581 4741/5440/3581
f 4743/5446/3583 4749/5454/3583 4748/5453/3582 4742/5444/3582
f 4744/5448/3584 4750/5455/3584 4749/5454/3583 4743/5446/3583
f 4745/5437/3585 4751/5450/3585 4750/5455/3584 4744/5448/3584
f 4746/5449/3580 4752/5456/3580 4757/5457/3585 4751/5450/3585
f 4747/5451/3581 4753/5458/3581 4752/5459/3580 4746/5452/3580
f 4748/5453/3582 4754/5460/3582 4753/5458/3581 4747/5451/3581
f 4749/5454/3583 4755/5461/3583 4754/5460/3582 4748/5453/3582
f 4750/5455/3584 4756/5462/3584 4755/5461/3583 4749/5454/3583
f 4751/5450/3585 4757/5457/3585 4756/5462/3584 4750/5455/3584
f 4752/5456/3580 4758/5463/3580 4763/5464/3585 4757/5457/3585
f 4753/5458/3581 4759/5465/3581 4758/5466/3580 4752/5459/3580
f 4754/5460/3582 4760/5467/3582 4759/5465/3581 4753/5458/3581
f 4755/5461/3583 4761/5468/3583 4760/5467/3582 4754/5460/3582
f 4756/5462/3584 4762/5469/3584 4761/5468/3583 4755/5461/3583
f 4757/5457/3585 4763/5464/3585 4762/5469/3584 4756/5462/3584
f 4758/5463/3580 4764/5470/3580 4769/5471/3585 4763/5464/3585
f 4759/5465/3581 4765/5472/3581 4764/5473/3580 4758/5466/3580
f 4760/5467/3582 4766/5474/3582 4765/5472/3581 4759/5465/3581
f 4761/5468/3583 4767/5475/3583 4766/5474/3582 4760/5467/3582
f 4762/5469/3584 4768/5476/3584 4767/5475/3583 4761/5468/3583
f 4763/5464/3585 4769/5471/3585 4768/5476/3584 4762/5469/3584
f 4764/5470/3580 4770/5477/3580 4775/5478/3585 4769/5471/3585
f 4765/5472/3581 4771/5479/3581 4770/5480/3580 4764/5473/3580
f 4766/5474/3582 4772/5481/3582 4771/5479/3581 4765/5472/3581
f 4767/5475/3583 4773/5482/3583 4772/5481/3582 4766/5474/3582
f 4768/5476/3584 4774/5483/3584 4773/5482/3583 4767/5475/3583
f 4769/5471/3585 4775/5478/3585 4774/5483/3584 4768/5476/3584
f 4770/5477/3580 4776/5484/3580 4781/5485/3585 4775/5478/3585
f 4771/5479/3581 4777/5486/3581 4776/5487/3580 4770/5480/3580
f 4772/5481/3582 4778/5488/3582 4777/5486/3581 4771/5479/3581
f 4773/5482/3583 4779/5489/3583 4778/5488/3582 4772/5481/3582
f 4774/5483/3584 4780/5490/3584 4779/5489/3583 4773/5482/3583
f 4775/5478/3585 4781/5485/3585 4780/5490/3584 4774/5483/3584
f 4776/5484/3580 4782/5491/3580 4787/5492/3585 4781/5485/3585
f 4777/5486/3581 4783/5493/3581 4782/5494/3580 4776/5487/3580
f 4778/5488/3582 4784/5495/3582 4783/5493/3581 4777/5486/3581
f 4779/5489/3583 4785/5496/3583 4784/5495/3582 4778/5488/3582
f 4780/5490/3584 4786/5497/3584 4785/5496/3583 4779/5489/3583
f 4781/5485/3585 4787/5492/3585 4786/5497/3584 4780/5490/3584
f 4782/5491/3580 4788/5498/3580 4793/5499/3585 4787/5492/3585
f 4783/5493/3581 4789/5500/3581 4788/5501/3580 4782/5494/3580
f 4784/5495/3582 4790/5502/3582 4789/5500/3581 4783/5493/3581
f 4785/5496/3583 4791/5503/3583 4790/5502/3582 4784/5495/3582
f 4786/5497/3584 4792/5504/3584 4791/5503/3583 4785/5496/3583
f 4787/5492/3585 4793/5499/3585 4792/5504/3584 4786/5497/3584
f 4788/5498/3580 4794/5505/3586 4799/5506/3591 4793/5499/3585
f 4789/5500/3581 4795/5507/3587 4794/5508/3586 4788/5501/3580
f 4790/5502/3582 4796/5509/3588 4795/5507/3587 4789/5500/3581
f 4791/5503/3583 4797/5510/3589 4796/5509/3588 4790/5502/3582
f 4792/5504/3584 4798/5511/3590 4797/5510/3589 4791/5503/3583
f 4793/5499/3585 4799/5506/3591 4798/5511/3590 4792/5504/3584
f 4794/5505/3586 4800/5512/3592 4805/5513/3597 4799/5506/3591
f 4795/5507/3587 4801/5514/3593 4800/5515/3592 4794/5508/3586
f 4796/5509/3588 4802/5516/3594 4801/5514/3593 4795/5507/3587
f 4797/5510/3589 4803/5517/3595 4802/5516/3594 4796/5509/3588
f 4798/5511/3590 4804/5518/3596 4803/5517/3595 4797/5510/3589
f 4799/5506/3591 4805/5513/3597 4804/5518/3596 4798/5511/3590
f 4800/5512/3592 4806/5519/3598 4811/5520/3603 4805/5513/3597
f 4801/5514/3593 4807/5521/3599 4806/5522/3598 4800/5515/3592
f 4802/5516/3594 4808/5523/3600 4807/5521/3599 4801/5514/3593
f 4803/5517/3595 4809/5524/3601 4808/5523/3600 4802/5516/3594
f 4804/5518/3596 4810/5525/3602 4809/5524/3601 4803/5517/3595
f 4805/5513/3597 4811/5520/3603 4810/5525/3602 4804/5518/3596
f 4806/5519/3598 4812/5526/3604 4817/5527/3609 4811/5520/3603
f 4807/5521/3599 4813/5528/3605 4812/5529/3604 4806/5522/3598
f 4808/5523/3600 4814/5530/3606 4813/5528/3605 4807/5521/3599
f 4809/5524/3601 4815/5531/3607 4814/5530/3606 4808/5523/3600
f 4810/5525/3602 4816/5532/3608 4815/5531/3607 4809/5524/3601
f 4811/5520/3603 4817/5527/3609 4816/5532/3608 4810/5525/3602
f 4812/5526/3604 4818/5533/3610 4823/5534/3615 4817/5527/3609
f 4813/5528/3605 4819/5535/3611 4818/5536/3610 4812/5529/3604
f 4814/5530/3606 4820/5537/3612 4819/5535/3611 4813/5528/3605
f 4815/5531/3607 4821/5538/3613 4820/5537/3612 4814/5530/3606
f 4816/5532/3608 4822/5539/3614 4821/5538/3613 4815/5531/3607
f 4817/5527/3609 4823/5534/3615 4822/5539/3614 4816/5532/3608
f 4818/5533/3610 4824/5540/3610 4829/5541/3615 4823/5534/3615
f 4819/5535/3611 4825/5542/3611 4824/5543/3610 4818/5536/3610
f 4820/5537/3612 4826/5544/3612 4825/5542/3611 4819/5535/3611
f 4821/5538/3613 4827/5545/3613 4826/5544/3612 4820/5537/3612
f 4822/5539/3614 4828/5546/3614 4827/5545/3613 4821/5538/3613
f 4823/5534/3615 4829/5541/3615 4828/5546/3614 4822/5539/3614
f 4824/5540/3610 4830/5547/3610 4835/5548/3615 4829/5541/3615
f 4825/5542/3611 4831/5549/3611 4830/5550/3610 4824/5543/3610
f 4826/5544/3612 4832/5551/3612 4831/5549/3611 4825/5542/3611
f 4827/5545/3613 4833/5552/3613 4832/5551/3612 4826/5544/3612
f 4828/5546/3614 4834/5553/3614 4833/5552/3613 4827/5545/3613
f 4829/5541/3615 4835/5548/3615 4834/5553/3614 4828/5546/3614
f 4830/5547/3610 4836/5554/3610 4841/5555/3615 4835/5548/3615
f 4831/5549/3611 4837/5556/3611 4836/5557/3610 4830/5550/3610
f 4832/5551/3612 4838/5558/3612 4837/5556/3611 4831/5549/3611
f 4833/5552/3613 4839/5559/3613 4838/5558/3612 4832/5551/3612
f 4834/5553/3614 4840/5560/3614 4839/5559/3613 4833/5552/3613
f 4835/5548/3615 4841/5555/3615 4840/5560/3614 4834/5553/3614
f 4836/5554/3610 4842/5561/3610 4847/5562/3615 4841/5555/3615
f 4837/5556/3611 4843/5563/3611 4842/5564/3610 4836/5557/3610
f 4838/5558/3612 4844/5565/3612 4843/5563/3611 4837/5556/3611
f 4839/5559/3613 4845/5566/3613 4844/5565/3612 4838/5558/3612
f 4840/5560/3614 4846/5567/3614 4845/5566/3613 4839/5559/3613
f 4841/5555/3615 4847/5562/3615 4846/5567/3614 4840/5560/3614
f 4842/5561/3610 4848/5568/3610 4853/5569/3615 4847/5562/3615
f 4843/5563/3611 4849/5570/3611 4848/5571/3610 4842/5564/3610
f 4844/5565/3612 4850/5572/3612 4849/5570/3611 4843/5563/3611
f 4845/5566/3613 4851/5573/3613 4850/5572/3612 4844/5565/3612
f 4846/5567/3614 4852/5574/3614 4851/5573/3613 4845/5566/3613
f 4847/5562/3615 4853/5569/3615 4852/5574/3614 4846/5567/3614
f 4848/5568/3610 4854/5575/3610 4859/5576/3615 4853/5569/3615
f 4849/5570/3611 4855/5577/3611 4854/5578/3610 4848/5571/3610
f 4850/5572/3612 4856/5579/3612 4855/5577/3611 4849/5570/3611
f 4851/5573/3613 4857/5580/3613 4856/5579/3612 4850/5572/3612
f 4852/5574/3614 4858/5581/3614 4857/5580/3613 4851/5573/3613
f 4853/5569/3615 4859/5576/3615 4858/5581/3614 4852/5574/3614
f 4854/5575/3610 4860/5582/3610 4865/5583/3615 4859/5576/3615
f 4855/5577/3611 4861/5584/3611 4860/5585/3610 4854/5578/3610
f 4856/5579/3612 4862/5586/3612 4861/5584/3611 4855/5577/3611
f 4857/5580/3613 4863/5587/3613 4862/5586/3612 4856/5579/3612
f 4858/5581/3614 4864/5588/3614 4863/5587/3613 4857/5580/3613
f 4859/5576/3615 4865/5583/3615 4864/5588/3614 4858/5581/3614
f 4860/5582/3610 4866/5589/3610 4871/5590/3615 4865/5583/3615
f 4861/5584/3611 4867/5591/3611 4866/5592/3610 4860/5585/3610
f 4862/5586/3612 4868/5593/3612 4867/5591/3611 4861/5584/3611
f 4863/5587/3613 4869/5594/3613 4868/5593/3612 4862/5586/3612
f 4864/5588/3614 4870/5595/3614 4869/5594/3613 4863/5587/3613
f 4865/5583/3615 4871/5590/3615 4870/5595/3614 4864/5588/3614
f 4866/5589/3610 4872/5596/3610 4877/5597/3615 4871/5590/3615
f 4867/5591/3611 4873/5598/3611 4872/5599/3610 4866/5592/3610
f 4868/5593/3612 4874/5600/3612 4873/5598/3611 4867/5591/3611
f 4869/5594/3613 4875/5601/3613 4874/5600/3612 4868/5593/3612
f 4870/5595/3614 4876/5602/3614 4875/5601/3613 4869/5594/3613
f 4871/5590/3615 4877/5597/3615 4876/5602/3614 4870/5595/3614
o Cone.006
v -0.306598 0.906687 -1.326633
v -0.278598 0.906687 -1.298633
v -0.306598 0.906687 -1.270633
v -0.334598 0.906687 -1.298633
v -0.306598 0.962687 -1.298633
vn 0.6667 0.3333 -0.6667
vn 0.6667 0.3333 0.6667
vn -0.0000 -1.0000 -0.0000
vn -0.6667 0.3333 0.6667
vn -0.6667 0.3333 -0.6667
vt 0.250000 0.490000
vt 0.250000 0.250000
vt 0.490000 0.250000
vt 0.250000 0.010000
vt 0.750000 0.490000
vt 0.990000 0.250000
vt 0.750000 0.010000
vt 0.510000 0.250000
vt 0.010000 0.250000
s 0
usemtl Material.001
f 4878/5603/3616 4882/5604/3616 4879/5605/3616
f 4879/5605/3617 4882/5604/3617 4880/5606/3617
f 4878/5607/3618 4879/5608/3618 4880/5609/3618 4881/5610/3618
f 4880/5606/3619 4882/5604/3619 4881/5611/3619
f 4881/5611/3620 4882/5604/3620 4878/5603/3620
o NurbsPath.007
v 0.143320 0.073260 -0.603556
v 0.143320 0.083260 -0.603556
v 0.143320 0.088260 -0.594895
v 0.143320 0.083260 -0.586235
v 0.143320 0.073260 -0.586235
v 0.143320 0.068260 -0.594895
v 0.160989 0.073260 -0.603556
v 0.160989 0.083260 -0.603556
v 0.160989 0.088260 -0.594895
v 0.160989 0.083260 -0.586235
v 0.160989 0.073260 -0.586235
v 0.160989 0.068260 -0.594895
v 0.178659 0.073260 -0.603556
v 0.178659 0.083260 -0.603556
v 0.178659 0.088260 -0.594895
v 0.178659 0.083260 -0.586235
v 0.178659 0.073260 -0.586235
v 0.178659 0.068260 -0.594895
v 0.196328 0.073260 -0.603556
v 0.196328 0.083260 -0.603556
v 0.196328 0.088260 -0.594895
v 0.196328 0.083260 -0.586235
v 0.196328 0.073260 -0.586235
v 0.196328 0.068260 -0.594895
v 0.213998 0.073260 -0.603556
v 0.213998 0.083260 -0.603556
v 0.213998 0.088260 -0.594895
v 0.213998 0.083260 -0.586235
v 0.213998 0.073260 -0.586235
v 0.213998 0.068260 -0.594895
v 0.231667 0.073260 -0.603556
v 0.231667 0.083260 -0.603556
v 0.231667 0.088260 -0.594895
v 0.231667 0.083260 -0.586235
v 0.231667 0.073260 -0.586235
v 0.231667 0.068260 -0.594895
v 0.249337 0.073260 -0.603556
v 0.249337 0.083260 -0.603556
v 0.249337 0.088260 -0.594895
v 0.249337 0.083260 -0.586235
v 0.249337 0.073260 -0.586235
v 0.249337 0.068260 -0.594895
v 0.267006 0.073260 -0.603556
v 0.267006 0.083260 -0.603556
v 0.267006 0.088260 -0.594895
v 0.267006 0.083260 -0.586235
v 0.267006 0.073260 -0.586235
v 0.267006 0.068260 -0.594895
v 0.284675 0.073260 -0.603556
v 0.284675 0.083260 -0.603556
v 0.284675 0.088260 -0.594895
v 0.284675 0.083260 -0.586235
v 0.284675 0.073260 -0.586235
v 0.284675 0.068260 -0.594895
v 0.302345 0.073260 -0.603556
v 0.302345 0.083260 -0.603556
v 0.302345 0.088260 -0.594895
v 0.302345 0.083260 -0.586235
v 0.302345 0.073260 -0.586235
v 0.302345 0.068260 -0.594895
v 0.320014 0.073260 -0.603556
v 0.320014 0.083260 -0.603556
v 0.320014 0.088260 -0.594895
v 0.320014 0.083260 -0.586235
v 0.320014 0.073260 -0.586235
v 0.320014 0.068260 -0.594895
v 0.340861 0.074399 -0.603556
v 0.334507 0.082121 -0.603556
v 0.331330 0.085982 -0.594895
v 0.334507 0.082121 -0.586235
v 0.340861 0.074399 -0.586235
v 0.344038 0.070538 -0.594895
v 0.351495 0.122788 -0.603556
v 0.341542 0.123756 -0.603556
v 0.336565 0.124240 -0.594895
v 0.341542 0.123756 -0.586235
v 0.351495 0.122788 -0.586235
v 0.356472 0.122305 -0.594895
v 0.351519 0.213297 -0.603556
v 0.341519 0.213297 -0.603556
v 0.336519 0.213297 -0.594895
v 0.341519 0.213297 -0.586235
v 0.351519 0.213297 -0.586235
v 0.356519 0.213297 -0.594895
v 0.351519 0.303321 -0.603556
v 0.341519 0.303321 -0.603556
v 0.336519 0.303321 -0.594895
v 0.341519 0.303321 -0.586235
v 0.351519 0.303321 -0.586235
v 0.356519 0.303321 -0.594895
v 0.351519 0.393345 -0.603556
v 0.341519 0.393346 -0.603556
v 0.336519 0.393346 -0.594895
v 0.341519 0.393346 -0.586235
v 0.351519 0.393345 -0.586235
v 0.356519 0.393345 -0.594895
v 0.351519 0.483370 -0.603556
v 0.341519 0.483370 -0.603556
v 0.336519 0.483370 -0.594895
v 0.341519 0.483370 -0.586235
v 0.351519 0.483370 -0.586235
v 0.356519 0.483370 -0.594895
v 0.351519 0.573394 -0.603556
v 0.341519 0.573394 -0.603556
v 0.336519 0.573394 -0.594895
v 0.341519 0.573394 -0.586235
v 0.351519 0.573394 -0.586235
v 0.356519 0.573394 -0.594895
v 0.351519 0.663419 -0.603556
v 0.341519 0.663419 -0.603556
v 0.336519 0.663419 -0.594895
v 0.341519 0.663419 -0.586235
v 0.351519 0.663419 -0.586235
v 0.356519 0.663419 -0.594895
v 0.351519 0.753443 -0.603556
v 0.341519 0.753443 -0.603556
v 0.336519 0.753443 -0.594895
v 0.341519 0.753443 -0.586235
v 0.351519 0.753443 -0.586235
v 0.356519 0.753443 -0.594895
v 0.351519 0.843468 -0.603556
v 0.341519 0.843468 -0.603556
v 0.336519 0.843468 -0.594895
v 0.341519 0.843468 -0.586235
v 0.351519 0.843468 -0.586235
v 0.356519 0.843468 -0.594895
v 0.351519 0.933492 -0.603556
v 0.341519 0.933492 -0.603556
v 0.336519 0.933492 -0.594895
v 0.341519 0.933492 -0.586235
v 0.351519 0.933492 -0.586235
v 0.356519 0.933492 -0.594895
v 0.351519 1.023517 -0.603556
v 0.341519 1.023517 -0.603556
v 0.336519 1.023517 -0.594895
v 0.341519 1.023517 -0.586235
v 0.351519 1.023517 -0.586235
v 0.356519 1.023517 -0.594895
v 0.351519 1.113541 -0.603556
v 0.341519 1.113541 -0.603556
v 0.336519 1.113541 -0.594895
v 0.341519 1.113541 -0.586235
v 0.351519 1.113541 -0.586235
v 0.356519 1.113541 -0.594895
vn -0.0000 -0.5000 -0.8660
vn -0.0000 0.5000 -0.8660
vn -0.0000 1.0000 -0.0000
vn -0.0000 0.5000 0.8660
vn -0.0000 -0.5000 0.8660
vn -0.0000 -1.0000 -0.0000
vn 0.0200 -0.5148 -0.8571
vn 0.0356 0.5235 -0.8513
vn 0.0649 0.9979 -0.0000
vn 0.0356 0.5235 0.8513
vn 0.0200 -0.5148 0.8571
vn 0.0378 -0.9993 -0.0000
vn 0.3935 -0.4539 -0.7995
vn -0.1601 0.2117 -0.9641
vn -0.5862 0.8101 -0.0000
vn -0.1601 0.2117 0.9641
vn 0.3935 -0.4539 0.7995
vn 0.6481 -0.7615 -0.0000
vn 0.5311 -0.0615 -0.8451
vn -0.4896 0.0380 -0.8711
vn -0.9971 0.0764 -0.0000
vn -0.4896 0.0380 0.8711
vn 0.5311 -0.0615 0.8451
vn 0.9935 -0.1138 -0.0000
vn 0.5002 -0.0001 -0.8659
vn -0.5003 -0.0001 -0.8659
vn -1.0000 -0.0002 -0.0000
vn -0.5003 -0.0001 0.8659
vn 0.5002 -0.0001 0.8659
vn 1.0000 -0.0002 -0.0000
vn 0.5000 -0.0000 -0.8660
vn -0.5000 -0.0000 -0.8660
vn -1.0000 -0.0000 -0.0000
vn -0.5000 -0.0000 0.8660
vn 0.5000 -0.0000 0.8660
vn 1.0000 -0.0000 -0.0000
vt 0.000000 1.000000
vt 0.043478 1.000000
vt 0.043478 0.833333
vt 0.000000 0.833333
vt 0.000000 0.166667
vt 0.043478 0.166667
vt 0.043478 0.000000
vt 0.000000 0.000000
vt 0.000000 0.333333
vt 0.043478 0.333333
vt 0.000000 0.500000
vt 0.043478 0.500000
vt 0.000000 0.666667
vt 0.043478 0.666667
vt 0.086957 1.000000
vt 0.086957 0.833333
vt 0.086957 0.166667
vt 0.086957 0.000000
vt 0.086957 0.333333
vt 0.086957 0.500000
vt 0.086957 0.666667
vt 0.130435 1.000000
vt 0.130435 0.833333
vt 0.130435 0.166667
vt 0.130435 0.000000
vt 0.130435 0.333333
vt 0.130435 0.500000
vt 0.130435 0.666667
vt 0.173913 1.000000
vt 0.173913 0.833333
vt 0.173913 0.166667
vt 0.173913 0.000000
vt 0.173913 0.333333
vt 0.173913 0.500000
vt 0.173913 0.666667
vt 0.217391 1.000000
vt 0.217391 0.833333
vt 0.217391 0.166667
vt 0.217391 0.000000
vt 0.217391 0.333333
vt 0.217391 0.500000
vt 0.217391 0.666667
vt 0.260870 1.000000
vt 0.260870 0.833333
vt 0.260870 0.166667
vt 0.260870 0.000000
vt 0.260870 0.333333
vt 0.260870 0.500000
vt 0.260870 0.666667
vt 0.304348 1.000000
vt 0.304348 0.833333
vt 0.304348 0.166667
vt 0.304348 0.000000
vt 0.304348 0.333333
vt 0.304348 0.500000
vt 0.304348 0.666667
vt 0.347826 1.000000
vt 0.347826 0.833333
vt 0.347826 0.166667
vt 0.347826 0.000000
vt 0.347826 0.333333
vt 0.347826 0.500000
vt 0.347826 0.666667
vt 0.391304 1.000000
vt 0.391304 0.833333
vt 0.391304 0.166667
vt 0.391304 0.000000
vt 0.391304 0.333333
vt 0.391304 0.500000
vt 0.391304 0.666667
vt 0.434783 1.000000
vt 0.434783 0.833333
vt 0.434783 0.166667
vt 0.434783 0.000000
vt 0.434783 0.333333
vt 0.434783 0.500000
vt 0.434783 0.666667
vt 0.478261 1.000000
vt 0.478261 0.833333
vt 0.478261 0.166667
vt 0.478261 0.000000
vt 0.478261 0.333333
vt 0.478261 0.500000
vt 0.478261 0.666667
vt 0.521739 1.000000
vt 0.521739 0.833333
vt 0.521739 0.166667
vt 0.521739 0.000000
vt 0.521739 0.333333
vt 0.521739 0.500000
vt 0.521739 0.666667
vt 0.565217 1.000000
vt 0.565217 0.833333
vt 0.565217 0.166667
vt 0.565217 0.000000
vt 0.565217 0.333333
vt 0.565217 0.500000
vt 0.565217 0.666667
vt 0.608696 1.000000
vt 0.608696 0.833333
vt 0.608696 0.166667
vt 0.608696 0.000000
vt 0.608696 0.333333
vt 0.608696 0.500000
vt 0.608696 0.666667
vt 0.652174 1.000000
vt 0.652174 0.833333
vt 0.652174 0.166667
vt 0.652174 0.000000
vt 0.652174 0.333333
vt 0.652174 0.500000
vt 0.652174 0.666667
vt 0.695652 1.000000
vt 0.695652 0.833333
vt 0.695652 0.166667
vt 0.695652 0.000000
vt 0.695652 0.333333
vt 0.695652 0.500000
vt 0.695652 0.666667
vt 0.739130 1.000000
vt 0.739130 0.833333
vt 0.739130 0.166667
vt 0.739130 0.000000
vt 0.739130 0.333333
vt 0.739130 0.500000
vt 0.739130 0.666667
vt 0.782609 1.000000
vt 0.782609 0.833333
vt 0.782609 0.166667
vt 0.782609 0.000000
vt 0.782609 0.333333
vt 0.782609 0.500000
vt 0.782609 0.666667
vt 0.826087 1.000000
vt 0.826087 0.833333
vt 0.826087 0.166667
vt 0.826087 0.000000
vt 0.826087 0.333333
vt 0.826087 0.500000
vt 0.826087 0.666667
vt 0.869565 1.000000
vt 0.869565 0.833333
vt 0.869565 0.166667
vt 0.869565 0.000000
vt 0.869565 0.333333
vt 0.869565 0.500000
vt 0.869565 0.666667
vt 0.913043 1.000000
vt 0.913043 0.833333
vt 0.913043 0.166667
vt 0.913043 0.000000
vt 0.913043 0.333333
vt 0.913043 0.500000
vt 0.913043 0.666667
vt 0.956522 1.000000
vt 0.956522 0.833333
vt 0.956522 0.166667
vt 0.956522 0.000000
vt 0.956522 0.333333
vt 0.956522 0.500000
vt 0.956522 0.666667
vt 1.000000 1.000000
vt 1.000000 0.833333
vt 1.000000 0.166667
vt 1.000000 0.000000
vt 1.000000 0.333333
vt 1.000000 0.500000
vt 1.000000 0.666667
s 1
usemtl Material.001
f 4883/5612/3621 4889/5613/3621 4894/5614/3626 4888/5615/3626
f 4884/5616/3622 4890/5617/3622 4889/5618/3621 4883/5619/3621
f 4885/5620/3623 4891/5621/3623 4890/5617/3622 4884/5616/3622
f 4886/5622/3624 4892/5623/3624 4891/5621/3623 4885/5620/3623
f 4887/5624/3625 4893/5625/3625 4892/5623/3624 4886/5622/3624
f 4888/5615/3626 4894/5614/3626 4893/5625/3625 4887/5624/3625
f 4889/5613/3621 4895/5626/3621 4900/5627/3626 4894/5614/3626
f 4890/5617/3622 4896/5628/3622 4895/5629/3621 4889/5618/3621
f 4891/5621/3623 4897/5630/3623 4896/5628/3622 4890/5617/3622
f 4892/5623/3624 4898/5631/3624 4897/5630/3623 4891/5621/3623
f 4893/5625/3625 4899/5632/3625 4898/5631/3624 4892/5623/3624
f 4894/5614/3626 4900/5627/3626 4899/5632/3625 4893/5625/3625
f 4895/5626/3621 4901/5633/3621 4906/5634/3626 4900/5627/3626
f 4896/5628/3622 4902/5635/3622 4901/5636/3621 4895/5629/3621
f 4897/5630/3623 4903/5637/3623 4902/5635/3622 4896/5628/3622
f 4898/5631/3624 4904/5638/3624 4903/5637/3623 4897/5630/3623
f 4899/5632/3625 4905/5639/3625 4904/5638/3624 4898/5631/3624
f 4900/5627/3626 4906/5634/3626 4905/5639/3625 4899/5632/3625
f 4901/5633/3621 4907/5640/3621 4912/5641/3626 4906/5634/3626
f 4902/5635/3622 4908/5642/3622 4907/5643/3621 4901/5636/3621
f 4903/5637/3623 4909/5644/3623 4908/5642/3622 4902/5635/3622
f 4904/5638/3624 4910/5645/3624 4909/5644/3623 4903/5637/3623
f 4905/5639/3625 4911/5646/3625 4910/5645/3624 4904/5638/3624
f 4906/5634/3626 4912/5641/3626 4911/5646/3625 4905/5639/3625
f 4907/5640/3621 4913/5647/3621 4918/5648/3626 4912/5641/3626
f 4908/5642/3622 4914/5649/3622 4913/5650/3621 4907/5643/3621
f 4909/5644/3623 4915/5651/3623 4914/5649/3622 4908/5642/3622
f 4910/5645/3624 4916/5652/3624 4915/5651/3623 4909/5644/3623
f 4911/5646/3625 4917/5653/3625 4916/5652/3624 4910/5645/3624
f 4912/5641/3626 4918/5648/3626 4917/5653/3625 4911/5646/3625
f 4913/5647/3621 4919/5654/3621 4924/5655/3626 4918/5648/3626
f 4914/5649/3622 4920/5656/3622 4919/5657/3621 4913/5650/3621
f 4915/5651/3623 4921/5658/3623 4920/5656/3622 4914/5649/3622
f 4916/5652/3624 4922/5659/3624 4921/5658/3623 4915/5651/3623
f 4917/5653/3625 4923/5660/3625 4922/5659/3624 4916/5652/3624
f 4918/5648/3626 4924/5655/3626 4923/5660/3625 4917/5653/3625
f 4919/5654/3621 4925/5661/3621 4930/5662/3626 4924/5655/3626
f 4920/5656/3622 4926/5663/3622 4925/5664/3621 4919/5657/3621
f 4921/5658/3623 4927/5665/3623 4926/5663/3622 4920/5656/3622
f 4922/5659/3624 4928/5666/3624 4927/5665/3623 4921/5658/3623
f 4923/5660/3625 4929/5667/3625 4928/5666/3624 4922/5659/3624
f 4924/5655/3626 4930/5662/3626 4929/5667/3625 4923/5660/3625
f 4925/5661/3621 4931/5668/3621 4936/5669/3626 4930/5662/3626
f 4926/5663/3622 4932/5670/3622 4931/5671/3621 4925/5664/3621
f 4927/5665/3623 4933/5672/3623 4932/5670/3622 4926/5663/3622
f 4928/5666/3624 4934/5673/3624 4933/5672/3623 4927/5665/3623
f 4929/5667/3625 4935/5674/3625 4934/5673/3624 4928/5666/3624
f 4930/5662/3626 4936/5669/3626 4935/5674/3625 4929/5667/3625
f 4931/5668/3621 4937/5675/3621 4942/5676/3626 4936/5669/3626
f 4932/5670/3622 4938/5677/3622 4937/5678/3621 4931/5671/3621
f 4933/5672/3623 4939/5679/3623 4938/5677/3622 4932/5670/3622
f 4934/5673/3624 4940/5680/3624 4939/5679/3623 4933/5672/3623
f 4935/5674/3625 4941/5681/3625 4940/5680/3624 4934/5673/3624
f 4936/5669/3626 4942/5676/3626 4941/5681/3625 4935/5674/3625
f 4937/5675/3621 4943/5682/3627 4948/5683/3632 4942/5676/3626
f 4938/5677/3622 4944/5684/3628 4943/5685/3627 4937/5678/3621
f 4939/5679/3623 4945/5686/3629 4944/5684/3628 4938/5677/3622
f 4940/5680/3624 4946/5687/3630 4945/5686/3629 4939/5679/3623
f 4941/5681/3625 4947/5688/3631 4946/5687/3630 4940/5680/3624
f 4942/5676/3626 4948/5683/3632 4947/5688/3631 4941/5681/3625
f 4943/5682/3627 4949/5689/3633 4954/5690/3638 4948/5683/3632
f 4944/5684/3628 4950/5691/3634 4949/5692/3633 4943/5685/3627
f 4945/5686/3629 4951/5693/3635 4950/5691/3634 4944/5684/3628
f 4946/5687/3630 4952/5694/3636 4951/5693/3635 4945/5686/3629
f 4947/5688/3631 4953/5695/3637 4952/5694/3636 4946/5687/3630
f 4948/5683/3632 4954/5690/3638 4953/5695/3637 4947/5688/3631
f 4949/5689/3633 4955/5696/3639 4960/5697/3644 4954/5690/3638
f 4950/5691/3634 4956/5698/3640 4955/5699/3639 4949/5692/3633
f 4951/5693/3635 4957/5700/3641 4956/5698/3640 4950/5691/3634
f 4952/5694/3636 4958/5701/3642 4957/5700/3641 4951/5693/3635
f 4953/5695/3637 4959/5702/3643 4958/5701/3642 4952/5694/3636
f 4954/5690/3638 4960/5697/3644 4959/5702/3643 4953/5695/3637
f 4955/5696/3639 4961/5703/3645 4966/5704/3650 4960/5697/3644
f 4956/5698/3640 4962/5705/3646 4961/5706/3645 4955/5699/3639
f 4957/5700/3641 4963/5707/3647 4962/5705/3646 4956/5698/3640
f 4958/5701/3642 4964/5708/3648 4963/5707/3647 4957/5700/3641
f 4959/5702/3643 4965/5709/3649 4964/5708/3648 4958/5701/3642
f 4960/5697/3644 4966/5704/3650 4965/5709/3649 4959/5702/3643
f 4961/5703/3645 4967/5710/3651 4972/5711/3656 4966/5704/3650
f 4962/5705/3646 4968/5712/3652 4967/5713/3651 4961/5706/3645
f 4963/5707/3647 4969/5714/3653 4968/5712/3652 4962/5705/3646
f 4964/5708/3648 4970/5715/3654 4969/5714/3653 4963/5707/3647
f 4965/5709/3649 4971/5716/3655 4970/5715/3654 4964/5708/3648
f 4966/5704/3650 4972/5711/3656 4971/5716/3655 4965/5709/3649
f 4967/5710/3651 4973/5717/3651 4978/5718/3656 4972/5711/3656
f 4968/5712/3652 4974/5719/3652 4973/5720/3651 4967/5713/3651
f 4969/5714/3653 4975/5721/3653 4974/5719/3652 4968/5712/3652
f 4970/5715/3654 4976/5722/3654 4975/5721/3653 4969/5714/3653
f 4971/5716/3655 4977/5723/3655 4976/5722/3654 4970/5715/3654
f 4972/5711/3656 4978/5718/3656 4977/5723/3655 4971/5716/3655
f 4973/5717/3651 4979/5724/3651 4984/5725/3656 4978/5718/3656
f 4974/5719/3652 4980/5726/3652 4979/5727/3651 4973/5720/3651
f 4975/5721/3653 4981/5728/3653 4980/5726/3652 4974/5719/3652
f 4976/5722/3654 4982/5729/3654 4981/5728/3653 4975/5721/3653
f 4977/5723/3655 4983/5730/3655 4982/5729/3654 4976/5722/3654
f 4978/5718/3656 4984/5725/3656 4983/5730/3655 4977/5723/3655
f 4979/5724/3651 4985/5731/3651 4990/5732/3656 4984/5725/3656
f 4980/5726/3652 4986/5733/3652 4985/5734/3651 4979/5727/3651
f 4981/5728/3653 4987/5735/3653 4986/5733/3652 4980/5726/3652
f 4982/5729/3654 4988/5736/3654 4987/5735/3653 4981/5728/3653
f 4983/5730/3655 4989/5737/3655 4988/5736/3654 4982/5729/3654
f 4984/5725/3656 4990/5732/3656 4989/5737/3655 4983/5730/3655
f 4985/5731/3651 4991/5738/3651 4996/5739/3656 4990/5732/3656
f 4986/5733/3652 4992/5740/3652 4991/5741/3651 4985/5734/3651
f 4987/5735/3653 4993/5742/3653 4992/5740/3652 4986/5733/3652
f 4988/5736/3654 4994/5743/3654 4993/5742/3653 4987/5735/3653
f 4989/5737/3655 4995/5744/3655 4994/5743/3654 4988/5736/3654
f 4990/5732/3656 4996/5739/3656 4995/5744/3655 4989/5737/3655
f 4991/5738/3651 4997/5745/3651 5002/5746/3656 4996/5739/3656
f 4992/5740/3652 4998/5747/3652 4997/5748/3651 4991/5741/3651
f 4993/5742/3653 4999/5749/3653 4998/5747/3652 4992/5740/3652
f 4994/5743/3654 5000/5750/3654 4999/5749/3653 4993/5742/3653
f 4995/5744/3655 5001/5751/3655 5000/5750/3654 4994/5743/3654
f 4996/5739/3656 5002/5746/3656 5001/5751/3655 4995/5744/3655
f 4997/5745/3651 5003/5752/3651 5008/5753/3656 5002/5746/3656
f 4998/5747/3652 5004/5754/3652 5003/5755/3651 4997/5748/3651
f 4999/5749/3653 5005/5756/3653 5004/5754/3652 4998/5747/3652
f 5000/5750/3654 5006/5757/3654 5005/5756/3653 4999/5749/3653
f 5001/5751/3655 5007/5758/3655 5006/5757/3654 5000/5750/3654
f 5002/5746/3656 5008/5753/3656 5007/5758/3655 5001/5751/3655
f 5003/5752/3651 5009/5759/3651 5014/5760/3656 5008/5753/3656
f 5004/5754/3652 5010/5761/3652 5009/5762/3651 5003/5755/3651
f 5005/5756/3653 5011/5763/3653 5010/5761/3652 5004/5754/3652
f 5006/5757/3654 5012/5764/3654 5011/5763/3653 5005/5756/3653
f 5007/5758/3655 5013/5765/3655 5012/5764/3654 5006/5757/3654
f 5008/5753/3656 5014/5760/3656 5013/5765/3655 5007/5758/3655
f 5009/5759/3651 5015/5766/3651 5020/5767/3656 5014/5760/3656
f 5010/5761/3652 5016/5768/3652 5015/5769/3651 5009/5762/3651
f 5011/5763/3653 5017/5770/3653 5016/5768/3652 5010/5761/3652
f 5012/5764/3654 5018/5771/3654 5017/5770/3653 5011/5763/3653
f 5013/5765/3655 5019/5772/3655 5018/5771/3654 5012/5764/3654
f 5014/5760/3656 5020/5767/3656 5019/5772/3655 5013/5765/3655
f 5015/5766/3651 5021/5773/3651 5026/5774/3656 5020/5767/3656
f 5016/5768/3652 5022/5775/3652 5021/5776/3651 5015/5769/3651
f 5017/5770/3653 5023/5777/3653 5022/5775/3652 5016/5768/3652
f 5018/5771/3654 5024/5778/3654 5023/5777/3653 5017/5770/3653
f 5019/5772/3655 5025/5779/3655 5024/5778/3654 5018/5771/3654
f 5020/5767/3656 5026/5774/3656 5025/5779/3655 5019/5772/3655
o NurbsPath.007
v 0.143320 0.073260 -0.603556
v 0.143320 0.083260 -0.603556
v 0.143320 0.088260 -0.594895
v 0.143320 0.083260 -0.586235
v 0.143320 0.073260 -0.586235
v 0.143320 0.068260 -0.594895
v 0.160989 0.073260 -0.603556
v 0.160989 0.083260 -0.603556
v 0.160989 0.088260 -0.594895
v 0.160989 0.083260 -0.586235
v 0.160989 0.073260 -0.586235
v 0.160989 0.068260 -0.594895
v 0.178659 0.073260 -0.603556
v 0.178659 0.083260 -0.603556
v 0.178659 0.088260 -0.594895
v 0.178659 0.083260 -0.586235
v 0.178659 0.073260 -0.586235
v 0.178659 0.068260 -0.594895
v 0.196328 0.073260 -0.603556
v 0.196328 0.083260 -0.603556
v 0.196328 0.088260 -0.594895
v 0.196328 0.083260 -0.586235
v 0.196328 0.073260 -0.586235
v 0.196328 0.068260 -0.594895
v 0.213998 0.073260 -0.603556
v 0.213998 0.083260 -0.603556
v 0.213998 0.088260 -0.594895
v 0.213998 0.083260 -0.586235
v 0.213998 0.073260 -0.586235
v 0.213998 0.068260 -0.594895
v 0.231667 0.073260 -0.603556
v 0.231667 0.083260 -0.603556
v 0.231667 0.088260 -0.594895
v 0.231667 0.083260 -0.586235
v 0.231667 0.073260 -0.586235
v 0.231667 0.068260 -0.594895
v 0.249337 0.073260 -0.603556
v 0.249337 0.083260 -0.603556
v 0.249337 0.088260 -0.594895
v 0.249337 0.083260 -0.586235
v 0.249337 0.073260 -0.586235
v 0.249337 0.068260 -0.594895
v 0.267006 0.073260 -0.603556
v 0.267006 0.083260 -0.603556
v 0.267006 0.088260 -0.594895
v 0.267006 0.083260 -0.586235
v 0.267006 0.073260 -0.586235
v 0.267006 0.068260 -0.594895
v 0.284675 0.073260 -0.603556
v 0.284675 0.083260 -0.603556
v 0.284675 0.088260 -0.594895
v 0.284675 0.083260 -0.586235
v 0.284675 0.073260 -0.586235
v 0.284675 0.068260 -0.594895
v 0.302345 0.073260 -0.603556
v 0.302345 0.083260 -0.603556
v 0.302345 0.088260 -0.594895
v 0.302345 0.083260 -0.586235
v 0.302345 0.073260 -0.586235
v 0.302345 0.068260 -0.594895
v 0.320014 0.073260 -0.603556
v 0.320014 0.083260 -0.603556
v 0.320014 0.088260 -0.594895
v 0.320014 0.083260 -0.586235
v 0.320014 0.073260 -0.586235
v 0.320014 0.068260 -0.594895
v 0.340861 0.074399 -0.603556
v 0.334507 0.082121 -0.603556
v 0.331330 0.085982 -0.594895
v 0.334507 0.082121 -0.586235
v 0.340861 0.074399 -0.586235
v 0.344038 0.070538 -0.594895
v 0.351495 0.122788 -0.603556
v 0.341542 0.123756 -0.603556
v 0.336565 0.124240 -0.594895
v 0.341542 0.123756 -0.586235
v 0.351495 0.122788 -0.586235
v 0.356472 0.122305 -0.594895
v 0.351519 0.213297 -0.603556
v 0.341519 0.213297 -0.603556
v 0.336519 0.213297 -0.594895
v 0.341519 0.213297 -0.586235
v 0.351519 0.213297 -0.586235
v 0.356519 0.213297 -0.594895
v 0.351519 0.303321 -0.603556
v 0.341519 0.303321 -0.603556
v 0.336519 0.303321 -0.594895
v 0.341519 0.303321 -0.586235
v 0.351519 0.303321 -0.586235
v 0.356519 0.303321 -0.594895
v 0.351519 0.393345 -0.603556
v 0.341519 0.393346 -0.603556
v 0.336519 0.393346 -0.594895
v 0.341519 0.393346 -0.586235
v 0.351519 0.393345 -0.586235
v 0.356519 0.393345 -0.594895
v 0.351519 0.483370 -0.603556
v 0.341519 0.483370 -0.603556
v 0.336519 0.483370 -0.594895
v 0.341519 0.483370 -0.586235
v 0.351519 0.483370 -0.586235
v 0.356519 0.483370 -0.594895
v 0.351519 0.573394 -0.603556
v 0.341519 0.573394 -0.603556
v 0.336519 0.573394 -0.594895
v 0.341519 0.573394 -0.586235
v 0.351519 0.573394 -0.586235
v 0.356519 0.573394 -0.594895
v 0.351519 0.663419 -0.603556
v 0.341519 0.663419 -0.603556
v 0.336519 0.663419 -0.594895
v 0.341519 0.663419 -0.586235
v 0.351519 0.663419 -0.586235
v 0.356519 0.663419 -0.594895
v 0.351519 0.753443 -0.603556
v 0.341519 0.753443 -0.603556
v 0.336519 0.753443 -0.594895
v 0.341519 0.753443 -0.586235
v 0.351519 0.753443 -0.586235
v 0.356519 0.753443 -0.594895
v 0.351519 0.843468 -0.603556
v 0.341519 0.843468 -0.603556
v 0.336519 0.843468 -0.594895
v 0.341519 0.843468 -0.586235
v 0.351519 0.843468 -0.586235
v 0.356519 0.843468 -0.594895
v 0.351519 0.933492 -0.603556
v 0.341519 0.933492 -0.603556
v 0.336519 0.933492 -0.594895
v 0.341519 0.933492 -0.586235
v 0.351519 0.933492 -0.586235
v 0.356519 0.933492 -0.594895
v 0.351519 1.023517 -0.603556
v 0.341519 1.023517 -0.603556
v 0.336519 1.023517 -0.594895
v 0.341519 1.023517 -0.586235
v 0.351519 1.023517 -0.586235
v 0.356519 1.023517 -0.594895
v 0.351519 1.113541 -0.603556
v 0.341519 1.113541 -0.603556
v 0.336519 1.113541 -0.594895
v 0.341519 1.113541 -0.586235
v 0.351519 1.113541 -0.586235
v 0.356519 1.113541 -0.594895
vn -0.0000 -0.5000 -0.8660
vn -0.0000 0.5000 -0.8660
vn -0.0000 1.0000 -0.0000
vn -0.0000 0.5000 0.8660
vn -0.0000 -0.5000 0.8660
vn -0.0000 -1.0000 -0.0000
vn 0.0200 -0.5148 -0.8571
vn 0.0356 0.5235 -0.8513
vn 0.0649 0.9979 -0.0000
vn 0.0356 0.5235 0.8513
vn 0.0200 -0.5148 0.8571
vn 0.0378 -0.9993 -0.0000
vn 0.3935 -0.4539 -0.7995
vn -0.1601 0.2117 -0.9641
vn -0.5862 0.8101 -0.0000
vn -0.1601 0.2117 0.9641
vn 0.3935 -0.4539 0.7995
vn 0.6481 -0.7615 -0.0000
vn 0.5311 -0.0615 -0.8451
vn -0.4896 0.0380 -0.8711
vn -0.9971 0.0764 -0.0000
vn -0.4896 0.0380 0.8711
vn 0.5311 -0.0615 0.8451
vn 0.9935 -0.1138 -0.0000
vn 0.5002 -0.0001 -0.8659
vn -0.5003 -0.0001 -0.8659
vn -1.0000 -0.0002 -0.0000
vn -0.5003 -0.0001 0.8659
vn 0.5002 -0.0001 0.8659
vn 1.0000 -0.0002 -0.0000
vn 0.5000 -0.0000 -0.8660
vn -0.5000 -0.0000 -0.8660
vn -1.0000 -0.0000 -0.0000
vn -0.5000 -0.0000 0.8660
vn 0.5000 -0.0000 0.8660
vn 1.0000 -0.0000 -0.0000
vt 0.000000 1.000000
vt 0.043478 1.000000
vt 0.043478 0.833333
vt 0.000000 0.833333
vt 0.000000 0.166667
vt 0.043478 0.166667
vt 0.043478 0.000000
vt 0.000000 0.000000
vt 0.000000 0.333333
vt 0.043478 0.333333
vt 0.000000 0.500000
vt 0.043478 0.500000
vt 0.000000 0.666667
vt 0.043478 0.666667
vt 0.086957 1.000000
vt 0.086957 0.833333
vt 0.086957 0.166667
vt 0.086957 0.000000
vt 0.086957 0.333333
vt 0.086957 0.500000
vt 0.086957 0.666667
vt 0.130435 1.000000
vt 0.130435 0.833333
vt 0.130435 0.166667
vt 0.130435 0.000000
vt 0.130435 0.333333
vt 0.130435 0.500000
vt 0.130435 0.666667
vt 0.173913 1.000000
vt 0.173913 0.833333
vt 0.173913 0.166667
vt 0.173913 0.000000
vt 0.173913 0.333333
vt 0.173913 0.500000
vt 0.173913 0.666667
vt 0.217391 1.000000
vt 0.217391 0.833333
vt 0.217391 0.166667
vt 0.217391 0.000000
vt 0.217391 0.333333
vt 0.217391 0.500000
vt 0.217391 0.666667
vt 0.260870 1.000000
vt 0.260870 0.833333
vt 0.260870 0.166667
vt 0.260870 0.000000
vt 0.260870 0.333333
vt 0.260870 0.500000
vt 0.260870 0.666667
vt 0.304348 1.000000
vt 0.304348 0.833333
vt 0.304348 0.166667
vt 0.304348 0.000000
vt 0.304348 0.333333
vt 0.304348 0.500000
vt 0.304348 0.666667
vt 0.347826 1.000000
vt 0.347826 0.833333
vt 0.347826 0.166667
vt 0.347826 0.000000
vt 0.347826 0.333333
vt 0.347826 0.500000
vt 0.347826 0.666667
vt 0.391304 1.000000
vt 0.391304 0.833333
vt 0.391304 0.166667
vt 0.391304 0.000000
vt 0.391304 0.333333
vt 0.391304 0.500000
vt 0.391304 0.666667
vt 0.434783 1.000000
vt 0.434783 0.833333
vt 0.434783 0.166667
vt 0.434783 0.000000
vt 0.434783 0.333333
vt 0.434783 0.500000
vt 0.434783 0.666667
vt 0.478261 1.000000
vt 0.478261 0.833333
vt 0.478261 0.166667
vt 0.478261 0.000000
vt 0.478261 0.333333
vt 0.478261 0.500000
vt 0.478261 0.666667
vt 0.521739 1.000000
vt 0.521739 0.833333
vt 0.521739 0.166667
vt 0.521739 0.000000
vt 0.521739 0.333333
vt 0.521739 0.500000
vt 0.521739 0.666667
vt 0.565217 1.000000
vt 0.565217 0.833333
vt 0.565217 0.166667
vt 0.565217 0.000000
vt 0.565217 0.333333
vt 0.565217 0.500000
vt 0.565217 0.666667
vt 0.608696 1.000000
vt 0.608696 0.833333
vt 0.608696 0.166667
vt 0.608696 0.000000
vt 0.608696 0.333333
vt 0.608696 0.500000
vt 0.608696 0.666667
vt 0.652174 1.000000
vt 0.652174 0.833333
vt 0.652174 0.166667
vt 0.652174 0.000000
vt 0.652174 0.333333
vt 0.652174 0.500000
vt 0.652174 0.666667
vt 0.695652 1.000000
vt 0.695652 0.833333
vt 0.695652 0.166667
vt 0.695652 0.000000
vt 0.695652 0.333333
vt 0.695652 0.500000
vt 0.695652 0.666667
vt 0.739130 1.000000
vt 0.739130 0.833333
vt 0.739130 0.166667
vt 0.739130 0.000000
vt 0.739130 0.333333
vt 0.739130 0.500000
vt 0.739130 0.666667
vt 0.782609 1.000000
vt 0.782609 0.833333
vt 0.782609 0.166667
vt 0.782609 0.000000
vt 0.782609 0.333333
vt 0.782609 0.500000
vt 0.782609 0.666667
vt 0.826087 1.000000
vt 0.826087 0.833333
vt 0.826087 0.166667
vt 0.826087 0.000000
vt 0.826087 0.333333
vt 0.826087 0.500000
vt 0.826087 0.666667
vt 0.869565 1.000000
vt 0.869565 0.833333
vt 0.869565 0.166667
vt 0.869565 0.000000
vt 0.869565 0.333333
vt 0.869565 0.500000
vt 0.869565 0.666667
vt 0.913043 1.000000
vt 0.913043 0.833333
vt 0.913043 0.166667
vt 0.913043 0.000000
vt 0.913043 0.333333
vt 0.913043 0.500000
vt 0.913043 0.666667
vt 0.956522 1.000000
vt 0.956522 0.833333
vt 0.956522 0.166667
vt 0.956522 0.000000
vt 0.956522 0.333333
vt 0.956522 0.500000
vt 0.956522 0.666667
vt 1.000000 1.000000
vt 1.000000 0.833333
vt 1.000000 0.166667
vt 1.000000 0.000000
vt 1.000000 0.333333
vt 1.000000 0.500000
vt 1.000000 0.666667
s 1
usemtl Material.001
f 5027/5780/3657 5033/5781/3657 5038/5782/3662 5032/5783/3662
f 5028/5784/3658 5034/5785/3658 5033/5786/3657 5027/5787/3657
f 5029/5788/3659 5035/5789/3659 5034/5785/3658 5028/5784/3658
f 5030/5790/3660 5036/5791/3660 5035/5789/3659 5029/5788/3659
f 5031/5792/3661 5037/5793/3661 5036/5791/3660 5030/5790/3660
f 5032/5783/3662 5038/5782/3662 5037/5793/3661 5031/5792/3661
f 5033/5781/3657 5039/5794/3657 5044/5795/3662 5038/5782/3662
f 5034/5785/3658 5040/5796/3658 5039/5797/3657 5033/5786/3657
f 5035/5789/3659 5041/5798/3659 5040/5796/3658 5034/5785/3658
f 5036/5791/3660 5042/5799/3660 5041/5798/3659 5035/5789/3659
f 5037/5793/3661 5043/5800/3661 5042/5799/3660 5036/5791/3660
f 5038/5782/3662 5044/5795/3662 5043/5800/3661 5037/5793/3661
f 5039/5794/3657 5045/5801/3657 5050/5802/3662 5044/5795/3662
f 5040/5796/3658 5046/5803/3658 5045/5804/3657 5039/5797/3657
f 5041/5798/3659 5047/5805/3659 5046/5803/3658 5040/5796/3658
f 5042/5799/3660 5048/5806/3660 5047/5805/3659 5041/5798/3659
f 5043/5800/3661 5049/5807/3661 5048/5806/3660 5042/5799/3660
f 5044/5795/3662 5050/5802/3662 5049/5807/3661 5043/5800/3661
f 5045/5801/3657 5051/5808/3657 5056/5809/3662 5050/5802/3662
f 5046/5803/3658 5052/5810/3658 5051/5811/3657 5045/5804/3657
f 5047/5805/3659 5053/5812/3659 5052/5810/3658 5046/5803/3658
f 5048/5806/3660 5054/5813/3660 5053/5812/3659 5047/5805/3659
f 5049/5807/3661 5055/5814/3661 5054/5813/3660 5048/5806/3660
f 5050/5802/3662 5056/5809/3662 5055/5814/3661 5049/5807/3661
f 5051/5808/3657 5057/5815/3657 5062/5816/3662 5056/5809/3662
f 5052/5810/3658 5058/5817/3658 5057/5818/3657 5051/5811/3657
f 5053/5812/3659 5059/5819/3659 5058/5817/3658 5052/5810/3658
f 5054/5813/3660 5060/5820/3660 5059/5819/3659 5053/5812/3659
f 5055/5814/3661 5061/5821/3661 5060/5820/3660 5054/5813/3660
f 5056/5809/3662 5062/5816/3662 5061/5821/3661 5055/5814/3661
f 5057/5815/3657 5063/5822/3657 5068/5823/3662 5062/5816/3662
f 5058/5817/3658 5064/5824/3658 5063/5825/3657 5057/5818/3657
f 5059/5819/3659 5065/5826/3659 5064/5824/3658 5058/5817/3658
f 5060/5820/3660 5066/5827/3660 5065/5826/3659 5059/5819/3659
f 5061/5821/3661 5067/5828/3661 5066/5827/3660 5060/5820/3660
f 5062/5816/3662 5068/5823/3662 5067/5828/3661 5061/5821/3661
f 5063/5822/3657 5069/5829/3657 5074/5830/3662 5068/5823/3662
f 5064/5824/3658 5070/5831/3658 5069/5832/3657 5063/5825/3657
f 5065/5826/3659 5071/5833/3659 5070/5831/3658 5064/5824/3658
f 5066/5827/3660 5072/5834/3660 5071/5833/3659 5065/5826/3659
f 5067/5828/3661 5073/5835/3661 5072/5834/3660 5066/5827/3660
f 5068/5823/3662 5074/5830/3662 5073/5835/3661 5067/5828/3661
f 5069/5829/3657 5075/5836/3657 5080/5837/3662 5074/5830/3662
f 5070/5831/3658 5076/5838/3658 5075/5839/3657 5069/5832/3657
f 5071/5833/3659 5077/5840/3659 5076/5838/3658 5070/5831/3658
f 5072/5834/3660 5078/5841/3660 5077/5840/3659 5071/5833/3659
f 5073/5835/3661 5079/5842/3661 5078/5841/3660 5072/5834/3660
f 5074/5830/3662 5080/5837/3662 5079/5842/3661 5073/5835/3661
f 5075/5836/3657 5081/5843/3657 5086/5844/3662 5080/5837/3662
f 5076/5838/3658 5082/5845/3658 5081/5846/3657 5075/5839/3657
f 5077/5840/3659 5083/5847/3659 5082/5845/3658 5076/5838/3658
f 5078/5841/3660 5084/5848/3660 5083/5847/3659 5077/5840/3659
f 5079/5842/3661 5085/5849/3661 5084/5848/3660 5078/5841/3660
f 5080/5837/3662 5086/5844/3662 5085/5849/3661 5079/5842/3661
f 5081/5843/3657 5087/5850/3663 5092/5851/3668 5086/5844/3662
f 5082/5845/3658 5088/5852/3664 5087/5853/3663 5081/5846/3657
f 5083/5847/3659 5089/5854/3665 5088/5852/3664 5082/5845/3658
f 5084/5848/3660 5090/5855/3666 5089/5854/3665 5083/5847/3659
f 5085/5849/3661 5091/5856/3667 5090/5855/3666 5084/5848/3660
f 5086/5844/3662 5092/5851/3668 5091/5856/3667 5085/5849/3661
f 5087/5850/3663 5093/5857/3669 5098/5858/3674 5092/5851/3668
f 5088/5852/3664 5094/5859/3670 5093/5860/3669 5087/5853/3663
f 5089/5854/3665 5095/5861/3671 5094/5859/3670 5088/5852/3664
f 5090/5855/3666 5096/5862/3672 5095/5861/3671 5089/5854/3665
f 5091/5856/3667 5097/5863/3673 5096/5862/3672 5090/5855/3666
f 5092/5851/3668 5098/5858/3674 5097/5863/3673 5091/5856/3667
f 5093/5857/3669 5099/5864/3675 5104/5865/3680 5098/5858/3674
f 5094/5859/3670 5100/5866/3676 5099/5867/3675 5093/5860/3669
f 5095/5861/3671 5101/5868/3677 5100/5866/3676 5094/5859/3670
f 5096/5862/3672 5102/5869/3678 5101/5868/3677 5095/5861/3671
f 5097/5863/3673 5103/5870/3679 5102/5869/3678 5096/5862/3672
f 5098/5858/3674 5104/5865/3680 5103/5870/3679 5097/5863/3673
f 5099/5864/3675 5105/5871/3681 5110/5872/3686 5104/5865/3680
f 5100/5866/3676 5106/5873/3682 5105/5874/3681 5099/5867/3675
f 5101/5868/3677 5107/5875/3683 5106/5873/3682 5100/5866/3676
f 5102/5869/3678 5108/5876/3684 5107/5875/3683 5101/5868/3677
f 5103/5870/3679 5109/5877/3685 5108/5876/3684 5102/5869/3678
f 5104/5865/3680 5110/5872/3686 5109/5877/3685 5103/5870/3679
f 5105/5871/3681 5111/5878/3687 5116/5879/3692 5110/5872/3686
f 5106/5873/3682 5112/5880/3688 5111/5881/3687 5105/5874/3681
f 5107/5875/3683 5113/5882/3689 5112/5880/3688 5106/5873/3682
f 5108/5876/3684 5114/5883/3690 5113/5882/3689 5107/5875/3683
f 5109/5877/3685 5115/5884/3691 5114/5883/3690 5108/5876/3684
f 5110/5872/3686 5116/5879/3692 5115/5884/3691 5109/5877/3685
f 5111/5878/3687 5117/5885/3687 5122/5886/3692 5116/5879/3692
f 5112/5880/3688 5118/5887/3688 5117/5888/3687 5111/5881/3687
f 5113/5882/3689 5119/5889/3689 5118/5887/3688 5112/5880/3688
f 5114/5883/3690 5120/5890/3690 5119/5889/3689 5113/5882/3689
f 5115/5884/3691 5121/5891/3691 5120/5890/3690 5114/5883/3690
f 5116/5879/3692 5122/5886/3692 5121/5891/3691 5115/5884/3691
f 5117/5885/3687 5123/5892/3687 5128/5893/3692 5122/5886/3692
f 5118/5887/3688 5124/5894/3688 5123/5895/3687 5117/5888/3687
f 5119/5889/3689 5125/5896/3689 5124/5894/3688 5118/5887/3688
f 5120/5890/3690 5126/5897/3690 5125/5896/3689 5119/5889/3689
f 5121/5891/3691 5127/5898/3691 5126/5897/3690 5120/5890/3690
f 5122/5886/3692 5128/5893/3692 5127/5898/3691 5121/5891/3691
f 5123/5892/3687 5129/5899/3687 5134/5900/3692 5128/5893/3692
f 5124/5894/3688 5130/5901/3688 5129/5902/3687 5123/5895/3687
f 5125/5896/3689 5131/5903/3689 5130/5901/3688 5124/5894/3688
f 5126/5897/3690 5132/5904/3690 5131/5903/3689 5125/5896/3689
f 5127/5898/3691 5133/5905/3691 5132/5904/3690 5126/5897/3690
f 5128/5893/3692 5134/5900/3692 5133/5905/3691 5127/5898/3691
f 5129/5899/3687 5135/5906/3687 5140/5907/3692 5134/5900/3692
f 5130/5901/3688 5136/5908/3688 5135/5909/3687 5129/5902/3687
f 5131/5903/3689 5137/5910/3689 5136/5908/3688 5130/5901/3688
f 5132/5904/3690 5138/5911/3690 5137/5910/3689 5131/5903/3689
f 5133/5905/3691 5139/5912/3691 5138/5911/3690 5132/5904/3690
f 5134/5900/3692 5140/5907/3692 5139/5912/3691 5133/5905/3691
f 5135/5906/3687 5141/5913/3687 5146/5914/3692 5140/5907/3692
f 5136/5908/3688 5142/5915/3688 5141/5916/3687 5135/5909/3687
f 5137/5910/3689 5143/5917/3689 5142/5915/3688 5136/5908/3688
f 5138/5911/3690 5144/5918/3690 5143/5917/3689 5137/5910/3689
f 5139/5912/3691 5145/5919/3691 5144/5918/3690 5138/5911/3690
f 5140/5907/3692 5146/5914/3692 5145/5919/3691 5139/5912/3691
f 5141/5913/3687 5147/5920/3687 5152/5921/3692 5146/5914/3692
f 5142/5915/3688 5148/5922/3688 5147/5923/3687 5141/5916/3687
f 5143/5917/3689 5149/5924/3689 5148/5922/3688 5142/5915/3688
f 5144/5918/3690 5150/5925/3690 5149/5924/3689 5143/5917/3689
f 5145/5919/3691 5151/5926/3691 5150/5925/3690 5144/5918/3690
f 5146/5914/3692 5152/5921/3692 5151/5926/3691 5145/5919/3691
f 5147/5920/3687 5153/5927/3687 5158/5928/3692 5152/5921/3692
f 5148/5922/3688 5154/5929/3688 5153/5930/3687 5147/5923/3687
f 5149/5924/3689 5155/5931/3689 5154/5929/3688 5148/5922/3688
f 5150/5925/3690 5156/5932/3690 5155/5931/3689 5149/5924/3689
f 5151/5926/3691 5157/5933/3691 5156/5932/3690 5150/5925/3690
f 5152/5921/3692 5158/5928/3692 5157/5933/3691 5151/5926/3691
f 5153/5927/3687 5159/5934/3687 5164/5935/3692 5158/5928/3692
f 5154/5929/3688 5160/5936/3688 5159/5937/3687 5153/5930/3687
f 5155/5931/3689 5161/5938/3689 5160/5936/3688 5154/5929/3688
f 5156/5932/3690 5162/5939/3690 5161/5938/3689 5155/5931/3689
f 5157/5933/3691 5163/5940/3691 5162/5939/3690 5156/5932/3690
f 5158/5928/3692 5164/5935/3692 5163/5940/3691 5157/5933/3691
f 5159/5934/3687 5165/5941/3687 5170/5942/3692 5164/5935/3692
f 5160/5936/3688 5166/5943/3688 5165/5944/3687 5159/5937/3687
f 5161/5938/3689 5167/5945/3689 5166/5943/3688 5160/5936/3688
f 5162/5939/3690 5168/5946/3690 5167/5945/3689 5161/5938/3689
f 5163/5940/3691 5169/5947/3691 5168/5946/3690 5162/5939/3690
f 5164/5935/3692 5170/5942/3692 5169/5947/3691 5163/5940/3691
o Cone.007
v 0.346519 1.104168 -0.622895
v 0.374519 1.104168 -0.594895
v 0.346519 1.104168 -0.566895
v 0.318519 1.104168 -0.594895
v 0.346519 1.160168 -0.594895
vn 0.6667 0.3333 -0.6667
vn 0.6667 0.3333 0.6667
vn -0.0000 -1.0000 -0.0000
vn -0.6667 0.3333 0.6667
vn -0.6667 0.3333 -0.6667
vt 0.250000 0.490000
vt 0.250000 0.250000
vt 0.490000 0.250000
vt 0.250000 0.010000
vt 0.750000 0.490000
vt 0.990000 0.250000
vt 0.750000 0.010000
vt 0.510000 0.250000
vt 0.010000 0.250000
s 0
usemtl Material.001
f 5171/5948/3693 5175/5949/3693 5172/5950/3693
f 5172/5950/3694 5175/5949/3694 5173/5951/3694
f 5171/5952/3695 5172/5953/3695 5173/5954/3695 5174/5955/3695
f 5173/5951/3696 5175/5949/3696 5174/5956/3696
f 5174/5956/3697 5175/5949/3697 5171/5948/3697
